date,roster_id,team,player_value,pick_value,total_value,pv_ktc_actual,pv_forward_fill,pv_rookie_realized,pk_ktc_actual,pk_backcast,n_players_no_ktc
2024-08-14,1,208 Ferrari Way,61165,27443,88608,61165,0,0,8757,18686,5
2024-08-14,2,The Federal Reserve,77508,26327,103835,77508,0,0,8757,17570,5
2024-08-14,3,Golden Hour,66111,28811,94922,66111,0,0,8757,20054,6
2024-08-14,4,Lisan al-Caleb,66268,31848,98116,66268,0,0,11048,20800,3
2024-08-14,5,Mommy Rainier,46084,33216,79300,46084,0,0,11048,22168,8
2024-08-14,6,Mostly Washed,61724,28306,90030,61724,0,0,9786,18520,6
2024-08-14,7,Cártel de Breece y Puka,63240,27443,90683,63240,0,0,8757,18686,5
2024-08-14,8,Loading…,65901,33216,99117,65901,0,0,11048,22168,6
2024-08-14,9,Gaeta Spur FC,72567,28306,100873,72567,0,0,9786,18520,2
2024-08-14,10,Rashid Shaheed Truthers,66160,28306,94466,66160,0,0,9786,18520,5
2024-08-14,11,All You Need Is LOVE,65355,33216,98571,65355,0,0,11048,22168,5
2024-08-14,12,Omar Comin,56804,29422,86226,56804,0,0,9786,19636,8
2024-08-15,1,208 Ferrari Way,61348,27045,88393,61348,0,0,8595,18450,5
2024-08-15,2,The Federal Reserve,77403,25841,103244,77403,0,0,8595,17246,5
2024-08-15,3,Golden Hour,66363,28484,94847,66363,0,0,8595,19889,6
2024-08-15,4,Lisan al-Caleb,66505,31735,98240,66505,0,0,11034,20701,4
2024-08-15,5,Mommy Rainier,46432,33174,79606,46432,0,0,11034,22140,12
2024-08-15,6,Mostly Washed,61760,27977,89737,61760,0,0,9706,18271,6
2024-08-15,7,Cártel de Breece y Puka,63093,27045,90138,63093,0,0,8595,18450,5
2024-08-15,8,Loading…,66101,33174,99275,66101,0,0,11034,22140,6
2024-08-15,9,Gaeta Spur FC,72463,27977,100440,72463,0,0,9706,18271,2
2024-08-15,10,Rashid Shaheed Truthers,65643,27977,93620,65643,0,0,9706,18271,5
2024-08-15,11,All You Need Is LOVE,65508,33174,98682,65508,0,0,11034,22140,5
2024-08-15,12,Omar Comin,56812,29181,85993,56812,0,0,9706,19475,8
2024-08-16,1,208 Ferrari Way,61532,27475,89007,61532,0,0,8849,18626,5
2024-08-16,2,The Federal Reserve,77524,26605,104129,77524,0,0,8849,17756,5
2024-08-16,3,Golden Hour,66081,29094,95175,66081,0,0,8849,20245,6
2024-08-16,4,Lisan al-Caleb,66958,31890,98848,66958,0,0,11145,20745,4
2024-08-16,5,Mommy Rainier,46409,33509,79918,46409,0,0,11145,22364,12
2024-08-16,6,Mostly Washed,61955,28149,90104,61955,0,0,9652,18497,6
2024-08-16,7,Cártel de Breece y Puka,62990,27475,90465,62990,0,0,8849,18626,5
2024-08-16,8,Loading…,65949,33509,99458,65949,0,0,11145,22364,6
2024-08-16,9,Gaeta Spur FC,72436,28149,100585,72436,0,0,9652,18497,2
2024-08-16,10,Rashid Shaheed Truthers,65261,28149,93410,65261,0,0,9652,18497,5
2024-08-16,11,All You Need Is LOVE,65595,33509,99104,65595,0,0,11145,22364,5
2024-08-16,12,Omar Comin,56755,29019,85774,56755,0,0,9652,19367,8
2024-08-17,1,208 Ferrari Way,61445,27578,89023,61445,0,0,8823,18755,5
2024-08-17,2,The Federal Reserve,77674,26525,104199,77674,0,0,8823,17702,5
2024-08-17,3,Golden Hour,66205,29078,95283,66205,0,0,8823,20255,6
2024-08-17,4,Lisan al-Caleb,66781,32104,98885,66781,0,0,11177,20927,4
2024-08-17,5,Mommy Rainier,46293,33604,79897,46293,0,0,11177,22427,12
2024-08-17,6,Mostly Washed,61909,28391,90300,61909,0,0,9793,18598,6
2024-08-17,7,Cártel de Breece y Puka,62974,27578,90552,62974,0,0,8823,18755,5
2024-08-17,8,Loading…,65758,33604,99362,65758,0,0,11177,22427,6
2024-08-17,9,Gaeta Spur FC,72851,28391,101242,72851,0,0,9793,18598,2
2024-08-17,10,Rashid Shaheed Truthers,65422,28391,93813,65422,0,0,9793,18598,5
2024-08-17,11,All You Need Is LOVE,65444,33604,99048,65444,0,0,11177,22427,5
2024-08-17,12,Omar Comin,56791,29444,86235,56791,0,0,9793,19651,8
2024-08-18,1,208 Ferrari Way,61550,27375,88925,61550,0,0,8755,18620,5
2024-08-18,2,The Federal Reserve,77798,26321,104119,77798,0,0,8755,17566,5
2024-08-18,3,Golden Hour,66069,29067,95136,66069,0,0,8755,20312,6
2024-08-18,4,Lisan al-Caleb,66767,32243,99010,66767,0,0,11287,20956,4
2024-08-18,5,Mommy Rainier,46494,33935,80429,46494,0,0,11287,22648,12
2024-08-18,6,Mostly Washed,61741,28191,89932,61741,0,0,9727,18464,6
2024-08-18,7,Cártel de Breece y Puka,62925,27375,90300,62925,0,0,8755,18620,5
2024-08-18,8,Loading…,65810,33935,99745,65810,0,0,11287,22648,6
2024-08-18,9,Gaeta Spur FC,72796,28191,100987,72796,0,0,9727,18464,2
2024-08-18,10,Rashid Shaheed Truthers,65515,28191,93706,65515,0,0,9727,18464,5
2024-08-18,11,All You Need Is LOVE,65449,33935,99384,65449,0,0,11287,22648,5
2024-08-18,12,Omar Comin,56815,29245,86060,56815,0,0,9727,19518,8
2024-08-19,1,208 Ferrari Way,61791,27329,89120,61791,0,0,8751,18578,5
2024-08-19,2,The Federal Reserve,77928,26310,104238,77928,0,0,8751,17559,5
2024-08-19,3,Golden Hour,65888,29113,95001,65888,0,0,8751,20362,6
2024-08-19,4,Lisan al-Caleb,66862,32301,99163,66862,0,0,11337,20964,4
2024-08-19,5,Mommy Rainier,46253,34085,80338,46253,0,0,11337,22748,12
2024-08-19,6,Mostly Washed,62143,28119,90262,62143,0,0,9692,18427,6
2024-08-19,7,Cártel de Breece y Puka,62861,27329,90190,62861,0,0,8751,18578,5
2024-08-19,8,Loading…,65600,34085,99685,65600,0,0,11337,22748,6
2024-08-19,9,Gaeta Spur FC,73029,28119,101148,73029,0,0,9692,18427,2
2024-08-19,10,Rashid Shaheed Truthers,65366,28119,93485,65366,0,0,9692,18427,5
2024-08-19,11,All You Need Is LOVE,64919,34085,99004,64919,0,0,11337,22748,5
2024-08-19,12,Omar Comin,57000,29138,86138,57000,0,0,9692,19446,8
2024-08-20,1,208 Ferrari Way,61722,27501,89223,61722,0,0,8821,18680,5
2024-08-20,2,The Federal Reserve,78117,26520,104637,78117,0,0,8821,17699,5
2024-08-20,3,Golden Hour,65587,29167,94754,65587,0,0,8821,20346,6
2024-08-20,4,Lisan al-Caleb,67480,32197,99677,67480,0,0,11263,20934,4
2024-08-20,5,Mommy Rainier,46197,33863,80060,46197,0,0,11263,22600,12
2024-08-20,6,Mostly Washed,62297,28261,90558,62297,0,0,9726,18535,6
2024-08-20,7,Cártel de Breece y Puka,62911,27501,90412,62911,0,0,8821,18680,5
2024-08-20,8,Loading…,65536,33863,99399,65536,0,0,11263,22600,6
2024-08-20,9,Gaeta Spur FC,73571,28261,101832,73571,0,0,9726,18535,2
2024-08-20,10,Rashid Shaheed Truthers,65201,28261,93462,65201,0,0,9726,18535,5
2024-08-20,11,All You Need Is LOVE,64691,33863,98554,64691,0,0,11263,22600,5
2024-08-20,12,Omar Comin,56868,29242,86110,56868,0,0,9726,19516,8
2024-08-21,1,208 Ferrari Way,61552,27613,89165,61552,0,0,8868,18745,5
2024-08-21,2,The Federal Reserve,78578,26663,105241,78578,0,0,8868,17795,5
2024-08-21,3,Golden Hour,65674,29348,95022,65674,0,0,8868,20480,8
2024-08-21,4,Lisan al-Caleb,67769,32375,100144,67769,0,0,11346,21029,4
2024-08-21,5,Mommy Rainier,46197,34110,80307,46197,0,0,11346,22764,12
2024-08-21,6,Mostly Washed,62500,28348,90848,62500,0,0,9745,18603,6
2024-08-21,7,Cártel de Breece y Puka,62948,27613,90561,62948,0,0,8868,18745,5
2024-08-21,8,Loading…,65621,34110,99731,65621,0,0,11346,22764,6
2024-08-21,9,Gaeta Spur FC,73391,28348,101739,73391,0,0,9745,18603,2
2024-08-21,10,Rashid Shaheed Truthers,66716,28348,95064,66716,0,0,9745,18603,5
2024-08-21,11,All You Need Is LOVE,64384,34110,98494,64384,0,0,11346,22764,5
2024-08-21,12,Omar Comin,56738,29298,86036,56738,0,0,9745,19553,8
2024-08-22,1,208 Ferrari Way,61898,27600,89498,61898,0,0,8902,18698,5
2024-08-22,2,The Federal Reserve,78809,26763,105572,78809,0,0,8902,17861,5
2024-08-22,3,Golden Hour,65550,29306,94856,65550,0,0,8902,20404,8
2024-08-22,4,Lisan al-Caleb,67983,32110,100093,67983,0,0,11248,20862,4
2024-08-22,5,Mommy Rainier,46171,33816,79987,46171,0,0,11248,22568,12
2024-08-22,6,Mostly Washed,63735,28245,91980,63735,0,0,9673,18572,6
2024-08-22,7,Cártel de Breece y Puka,62868,27600,90468,62868,0,0,8902,18698,5
2024-08-22,8,Loading…,65523,33816,99339,65523,0,0,11248,22568,6
2024-08-22,9,Gaeta Spur FC,73517,28245,101762,73517,0,0,9673,18572,2
2024-08-22,10,Rashid Shaheed Truthers,66732,28245,94977,66732,0,0,9673,18572,5
2024-08-22,11,All You Need Is LOVE,64246,33816,98062,64246,0,0,11248,22568,5
2024-08-22,12,Omar Comin,56859,29082,85941,56859,0,0,9673,19409,8
2024-08-23,1,208 Ferrari Way,61813,27716,89529,61813,0,0,8967,18749,5
2024-08-23,2,The Federal Reserve,78627,26961,105588,78627,0,0,8967,17994,5
2024-08-23,3,Golden Hour,65705,29419,95124,65705,0,0,8967,20452,8
2024-08-23,4,Lisan al-Caleb,68391,32075,100466,68391,0,0,11235,20840,4
2024-08-23,5,Mommy Rainier,45978,33778,79756,45978,0,0,11235,22543,12
2024-08-23,6,Mostly Washed,64262,28300,92562,64262,0,0,9664,18636,6
2024-08-23,7,Cártel de Breece y Puka,62980,27716,90696,62980,0,0,8967,18749,5
2024-08-23,8,Loading…,65530,33778,99308,65530,0,0,11235,22543,6
2024-08-23,9,Gaeta Spur FC,73269,28300,101569,73269,0,0,9664,18636,2
2024-08-23,10,Rashid Shaheed Truthers,66483,28300,94783,66483,0,0,9664,18636,5
2024-08-23,11,All You Need Is LOVE,64217,33778,97995,64217,0,0,11235,22543,5
2024-08-23,12,Omar Comin,56871,29055,85926,56871,0,0,9664,19391,8
2024-08-24,1,208 Ferrari Way,61831,27704,89535,61831,0,0,8960,18744,5
2024-08-24,2,The Federal Reserve,78641,26939,105580,78641,0,0,8960,17979,5
2024-08-24,3,Golden Hour,65962,29379,95341,65962,0,0,8960,20419,8
2024-08-24,4,Lisan al-Caleb,68433,32028,100461,68433,0,0,11210,20818,4
2024-08-24,5,Mommy Rainier,46002,33703,79705,46002,0,0,11210,22493,12
2024-08-24,6,Mostly Washed,65074,28292,93366,65074,0,0,9665,18627,6
2024-08-24,7,Cártel de Breece y Puka,62852,27704,90556,62852,0,0,8960,18744,5
2024-08-24,8,Loading…,65410,33703,99113,65410,0,0,11210,22493,6
2024-08-24,9,Gaeta Spur FC,72980,28292,101272,72980,0,0,9665,18627,2
2024-08-24,10,Rashid Shaheed Truthers,66231,28292,94523,66231,0,0,9665,18627,5
2024-08-24,11,All You Need Is LOVE,64001,33703,97704,64001,0,0,11210,22493,5
2024-08-24,12,Omar Comin,57012,29057,86069,57012,0,0,9665,19392,7
2024-08-25,1,208 Ferrari Way,61879,27644,89523,61879,0,0,8944,18700,5
2024-08-25,2,The Federal Reserve,78593,26890,105483,78593,0,0,8944,17946,5
2024-08-25,3,Golden Hour,65760,29267,95027,65760,0,0,8944,20323,8
2024-08-25,4,Lisan al-Caleb,68564,31857,100421,68564,0,0,11136,20721,4
2024-08-25,5,Mommy Rainier,46013,33480,79493,46013,0,0,11136,22344,12
2024-08-25,6,Mostly Washed,64905,28226,93131,64905,0,0,9639,18587,6
2024-08-25,7,Cártel de Breece y Puka,62692,27644,90336,62692,0,0,8944,18700,5
2024-08-25,8,Loading…,65453,33480,98933,65453,0,0,11136,22344,6
2024-08-25,9,Gaeta Spur FC,71467,32616,104083,71467,0,0,9639,22977,2
2024-08-25,10,Rashid Shaheed Truthers,66564,28226,94790,66564,0,0,9639,18587,5
2024-08-25,11,All You Need Is LOVE,64255,33480,97735,64255,0,0,11136,22344,5
2024-08-25,12,Omar Comin,58629,24590,83219,58629,0,0,9639,14951,8
2024-08-26,1,208 Ferrari Way,61639,27874,89513,61639,0,0,9013,18861,5
2024-08-26,2,The Federal Reserve,78871,27098,105969,78871,0,0,9013,18085,5
2024-08-26,3,Golden Hour,65848,29354,95202,65848,0,0,9013,20341,8
2024-08-26,4,Lisan al-Caleb,68447,31876,100323,68447,0,0,11095,20781,4
2024-08-26,5,Mommy Rainier,46145,33356,79501,46145,0,0,11095,22261,12
2024-08-26,6,Mostly Washed,65073,28477,93550,65073,0,0,9730,18747,6
2024-08-26,7,Cártel de Breece y Puka,62526,27874,90400,62526,0,0,9013,18861,5
2024-08-26,8,Loading…,65736,33356,99092,65736,0,0,11095,22261,6
2024-08-26,9,Gaeta Spur FC,71510,32982,104492,71510,0,0,9730,23252,2
2024-08-26,10,Rashid Shaheed Truthers,66468,28477,94945,66468,0,0,9730,18747,5
2024-08-26,11,All You Need Is LOVE,64056,33356,97412,64056,0,0,11095,22261,5
2024-08-26,12,Omar Comin,58510,24748,83258,58510,0,0,9730,15018,8
2024-08-27,1,208 Ferrari Way,61416,27844,89260,61416,0,0,8961,18883,5
2024-08-27,2,The Federal Reserve,78725,26941,105666,78725,0,0,8961,17980,5
2024-08-27,3,Golden Hour,65684,29270,94954,65684,0,0,8961,20309,8
2024-08-27,4,Lisan al-Caleb,68373,31976,100349,68373,0,0,11110,20866,4
2024-08-27,5,Mommy Rainier,46675,33402,80077,46675,0,0,11110,22292,12
2024-08-27,6,Mostly Washed,65187,28543,93730,65187,0,0,9794,18749,6
2024-08-27,7,Cártel de Breece y Puka,62435,27844,90279,62435,0,0,8961,18883,5
2024-08-27,8,Loading…,65720,33402,99122,65720,0,0,11110,22292,6
2024-08-27,9,Gaeta Spur FC,71542,33070,104612,71542,0,0,9794,23276,2
2024-08-27,10,Rashid Shaheed Truthers,66621,28543,95164,66621,0,0,9794,18749,5
2024-08-27,11,All You Need Is LOVE,64116,33402,97518,64116,0,0,11110,22292,5
2024-08-27,12,Omar Comin,58538,24919,83457,58538,0,0,9794,15125,8
2024-08-28,1,208 Ferrari Way,62040,28126,90166,62040,0,0,9036,19090,5
2024-08-28,2,The Federal Reserve,78711,27168,105879,78711,0,0,9036,18132,5
2024-08-28,3,Golden Hour,65345,29514,94859,65345,0,0,9036,20478,8
2024-08-28,4,Lisan al-Caleb,69515,32290,101805,69515,0,0,11202,21088,3
2024-08-28,5,Mommy Rainier,46973,33678,80651,46973,0,0,11202,22476,12
2024-08-28,6,Mostly Washed,64988,28867,93855,64988,0,0,9920,18947,6
2024-08-28,7,Cártel de Breece y Puka,62530,28126,90656,62530,0,0,9036,19090,5
2024-08-28,8,Loading…,64142,33678,97820,64142,0,0,11202,22476,7
2024-08-28,9,Gaeta Spur FC,71777,33396,105173,71777,0,0,9920,23476,2
2024-08-28,10,Rashid Shaheed Truthers,66360,28867,95227,66360,0,0,9920,18947,5
2024-08-28,11,All You Need Is LOVE,63782,33678,97460,63782,0,0,11202,22476,5
2024-08-28,12,Omar Comin,58637,25296,83933,58637,0,0,9920,15376,8
2024-08-29,1,208 Ferrari Way,62482,28137,90619,62482,0,0,9012,19125,5
2024-08-29,2,The Federal Reserve,78704,27095,105799,78704,0,0,9012,18083,5
2024-08-29,3,Golden Hour,65379,29514,94893,65379,0,0,9012,20502,8
2024-08-29,4,Lisan al-Caleb,69912,32428,102340,69912,0,0,11244,21184,3
2024-08-29,5,Mommy Rainier,46974,33805,80779,46974,0,0,11244,22561,12
2024-08-29,6,Mostly Washed,64910,28944,93854,64910,0,0,9974,18970,6
2024-08-29,7,Cártel de Breece y Puka,62861,28137,90998,62861,0,0,9012,19125,5
2024-08-29,8,Loading…,64304,33805,98109,64304,0,0,11244,22561,8
2024-08-29,9,Gaeta Spur FC,71658,33528,105186,71658,0,0,9974,23554,2
2024-08-29,10,Rashid Shaheed Truthers,66309,28944,95253,66309,0,0,9974,18970,6
2024-08-29,11,All You Need Is LOVE,63508,33805,97313,63508,0,0,11244,22561,5
2024-08-29,12,Omar Comin,58409,25402,83811,58409,0,0,9974,15428,8
2024-08-30,1,208 Ferrari Way,62834,28101,90935,62834,0,0,8998,19103,5
2024-08-30,2,The Federal Reserve,78403,27052,105455,78403,0,0,8998,18054,5
2024-08-30,3,Golden Hour,67431,29399,96830,67431,0,0,8998,20401,7
2024-08-30,4,Lisan al-Caleb,69628,32261,101889,69628,0,0,11162,21099,3
2024-08-30,5,Mommy Rainier,47170,33559,80729,47170,0,0,11162,22397,12
2024-08-30,6,Mostly Washed,64552,28908,93460,64552,0,0,9964,18944,6
2024-08-30,7,Cártel de Breece y Puka,62540,28101,90641,62540,0,0,8998,19103,5
2024-08-30,8,Loading…,64803,33559,98362,64803,0,0,11162,22397,9
2024-08-30,9,Gaeta Spur FC,71809,33550,105359,71809,0,0,9964,23586,2
2024-08-30,10,Rashid Shaheed Truthers,66172,28908,95080,66172,0,0,9964,18944,6
2024-08-30,11,All You Need Is LOVE,63867,33559,97426,63867,0,0,11162,22397,5
2024-08-30,12,Omar Comin,58623,25315,83938,58623,0,0,9964,15351,8
2024-08-31,1,208 Ferrari Way,62737,28306,91043,62737,0,0,17479,10827,5
2024-08-31,2,The Federal Reserve,78389,27294,105683,78389,0,0,17479,9815,5
2024-08-31,3,Golden Hour,67496,29598,97094,67496,0,0,17479,12119,7
2024-08-31,4,Lisan al-Caleb,69700,32486,102186,69700,0,0,21659,10827,3
2024-08-31,5,Mommy Rainier,47123,33778,80901,47123,0,0,21659,12119,12
2024-08-31,6,Mostly Washed,64437,28944,93381,64437,0,0,19129,9815,6
2024-08-31,7,Cártel de Breece y Puka,62596,28306,90902,62596,0,0,17479,10827,5
2024-08-31,8,Loading…,64865,33778,98643,64865,0,0,21659,12119,9
2024-08-31,9,Gaeta Spur FC,71761,33619,105380,71761,0,0,19129,14490,2
2024-08-31,10,Rashid Shaheed Truthers,66380,28944,95324,66380,0,0,19129,9815,6
2024-08-31,11,All You Need Is LOVE,64077,33778,97855,64077,0,0,21659,12119,5
2024-08-31,12,Omar Comin,58316,25281,83597,58316,0,0,19129,6152,8
2024-09-01,1,208 Ferrari Way,63072,28326,91398,63072,0,0,17457,10869,5
2024-09-01,2,The Federal Reserve,78244,27356,105600,78244,0,0,17457,9899,5
2024-09-01,3,Golden Hour,67433,29603,97036,67433,0,0,17457,12146,7
2024-09-01,4,Lisan al-Caleb,70029,32327,102356,70029,0,0,21458,10869,3
2024-09-01,5,Mommy Rainier,47044,33604,80648,47044,0,0,21458,12146,12
2024-09-01,6,Mostly Washed,64059,28951,93010,64059,0,0,19052,9899,6
2024-09-01,7,Cártel de Breece y Puka,62655,28326,90981,62655,0,0,17457,10869,5
2024-09-01,8,Loading…,64957,33604,98561,64957,0,0,21458,12146,9
2024-09-01,9,Gaeta Spur FC,71812,33673,105485,71812,0,0,19052,14621,2
2024-09-01,10,Rashid Shaheed Truthers,66217,28951,95168,66217,0,0,19052,9899,6
2024-09-01,11,All You Need Is LOVE,64307,33604,97911,64307,0,0,21458,12146,5
2024-09-01,12,Omar Comin,58280,25199,83479,58280,0,0,19052,6147,8
2024-09-02,1,208 Ferrari Way,63065,28277,91342,63065,0,0,17495,10782,5
2024-09-02,2,The Federal Reserve,77871,27485,105356,77871,0,0,17495,9990,5
2024-09-02,3,Golden Hour,67462,29663,97125,67462,0,0,17495,12168,7
2024-09-02,4,Lisan al-Caleb,70209,32221,102430,70209,0,0,21439,10782,3
2024-09-02,5,Mommy Rainier,47103,33607,80710,47103,0,0,21439,12168,12
2024-09-02,6,Mostly Washed,63975,29033,93008,63975,0,0,19043,9990,6
2024-09-02,7,Cártel de Breece y Puka,62827,28277,91104,62827,0,0,17495,10782,5
2024-09-02,8,Loading…,65054,33607,98661,65054,0,0,21439,12168,9
2024-09-02,9,Gaeta Spur FC,71752,33786,105538,71752,0,0,19043,14743,2
2024-09-02,10,Rashid Shaheed Truthers,66278,29033,95311,66278,0,0,19043,9990,6
2024-09-02,11,All You Need Is LOVE,64387,33607,97994,64387,0,0,21439,12168,5
2024-09-02,12,Omar Comin,58263,25072,83335,58263,0,0,19043,6029,8
2024-09-03,1,208 Ferrari Way,62970,28251,91221,62970,0,0,17503,10748,5
2024-09-03,2,The Federal Reserve,77914,27461,105375,77914,0,0,17503,9958,5
2024-09-03,3,Golden Hour,67152,29741,96893,67152,0,0,17503,12238,7
2024-09-03,4,Lisan al-Caleb,70381,32159,102540,70381,0,0,21411,10748,3
2024-09-03,5,Mommy Rainier,47159,33649,80808,47159,0,0,21411,12238,12
2024-09-03,6,Mostly Washed,63949,28911,92860,63949,0,0,18953,9958,6
2024-09-03,7,Cártel de Breece y Puka,62746,28251,90997,62746,0,0,17503,10748,5
2024-09-03,8,Loading…,65234,33649,98883,65234,0,0,21411,12238,9
2024-09-03,9,Gaeta Spur FC,71847,33631,105478,71847,0,0,18953,14678,2
2024-09-03,10,Rashid Shaheed Truthers,66306,28911,95217,66306,0,0,18953,9958,6
2024-09-03,11,All You Need Is LOVE,64187,33649,97836,64187,0,0,21411,12238,5
2024-09-03,12,Omar Comin,58657,24981,83638,58657,0,0,18953,6028,8
2024-09-04,1,208 Ferrari Way,62962,28486,91448,62962,0,0,17609,10877,5
2024-09-04,2,The Federal Reserve,78158,27649,105807,78158,0,0,17609,10040,5
2024-09-04,3,Golden Hour,67413,29853,97266,67413,0,0,17609,12244,8
2024-09-04,4,Lisan al-Caleb,70236,32191,102427,70236,0,0,21314,10877,3
2024-09-04,5,Mommy Rainier,47352,33558,80910,47352,0,0,21314,12244,12
2024-09-04,6,Mostly Washed,64180,29134,93314,64180,0,0,19094,10040,6
2024-09-04,7,Cártel de Breece y Puka,62641,28486,91127,62641,0,0,17609,10877,5
2024-09-04,8,Loading…,65154,33558,98712,65154,0,0,21314,12244,9
2024-09-04,9,Gaeta Spur FC,71743,33892,105635,71743,0,0,19094,14798,2
2024-09-04,10,Rashid Shaheed Truthers,66316,29134,95450,66316,0,0,19094,10040,6
2024-09-04,11,All You Need Is LOVE,63722,33558,97280,63722,0,0,21314,12244,5
2024-09-04,12,Omar Comin,58720,25213,83933,58720,0,0,19094,6119,8
2024-09-05,1,208 Ferrari Way,62833,28502,91335,62833,0,0,17632,10870,5
2024-09-05,2,The Federal Reserve,78072,27650,105722,78072,0,0,17632,10018,5
2024-09-05,3,Golden Hour,67721,30101,97822,67721,0,0,17632,12469,8
2024-09-05,4,Lisan al-Caleb,70631,32333,102964,70631,0,0,21463,10870,3
2024-09-05,5,Mommy Rainier,47194,33932,81126,47194,0,0,21463,12469,12
2024-09-05,6,Mostly Washed,64080,29130,93210,64080,0,0,19112,10018,6
2024-09-05,7,Cártel de Breece y Puka,62612,28502,91114,62612,0,0,17632,10870,5
2024-09-05,8,Loading…,65099,33932,99031,65099,0,0,21463,12469,9
2024-09-05,9,Gaeta Spur FC,71688,33877,105565,71688,0,0,19112,14765,2
2024-09-05,10,Rashid Shaheed Truthers,66472,29130,95602,66472,0,0,19112,10018,6
2024-09-05,11,All You Need Is LOVE,63674,33932,97606,63674,0,0,21463,12469,6
2024-09-05,12,Omar Comin,58926,25235,84161,58926,0,0,19112,6123,8
2024-09-06,1,208 Ferrari Way,62973,28542,91515,62973,0,0,17593,10949,5
2024-09-06,2,The Federal Reserve,79421,27625,107046,79421,0,0,17593,10032,5
2024-09-06,3,Golden Hour,67823,30109,97932,67823,0,0,17593,12516,8
2024-09-06,4,Lisan al-Caleb,70664,32358,103022,70664,0,0,21409,10949,3
2024-09-06,5,Mommy Rainier,47404,33925,81329,47404,0,0,21409,12516,12
2024-09-06,6,Mostly Washed,63931,29211,93142,63931,0,0,19179,10032,6
2024-09-06,7,Cártel de Breece y Puka,62787,28542,91329,62787,0,0,17593,10949,5
2024-09-06,8,Loading…,65411,33925,99336,65411,0,0,21409,12516,9
2024-09-06,9,Gaeta Spur FC,71535,33947,105482,71535,0,0,19179,14768,2
2024-09-06,10,Rashid Shaheed Truthers,66613,29211,95824,66613,0,0,19179,10032,6
2024-09-06,11,All You Need Is LOVE,63502,33925,97427,63502,0,0,21409,12516,6
2024-09-06,12,Omar Comin,58785,25392,84177,58785,0,0,19179,6213,8
2024-09-07,1,208 Ferrari Way,63176,28441,91617,63176,0,0,17470,10971,5
2024-09-07,2,The Federal Reserve,79562,27503,107065,79562,0,0,17470,10033,5
2024-09-07,3,Golden Hour,67897,29940,97837,67897,0,0,17470,12470,8
2024-09-07,4,Lisan al-Caleb,70901,32410,103311,70901,0,0,21439,10971,3
2024-09-07,5,Mommy Rainier,47402,33909,81311,47402,0,0,21439,12470,12
2024-09-07,6,Mostly Washed,63600,29180,92780,63600,0,0,19147,10033,6
2024-09-07,7,Cártel de Breece y Puka,63194,28441,91635,63194,0,0,17470,10971,5
2024-09-07,8,Loading…,65496,33909,99405,65496,0,0,21439,12470,9
2024-09-07,9,Gaeta Spur FC,71319,33927,105246,71319,0,0,19147,14780,2
2024-09-07,10,Rashid Shaheed Truthers,66418,29180,95598,66418,0,0,19147,10033,6
2024-09-07,11,All You Need Is LOVE,63507,33909,97416,63507,0,0,21439,12470,6
2024-09-07,12,Omar Comin,59497,25371,84868,59497,0,0,19147,6224,8
2024-09-08,1,208 Ferrari Way,63405,28417,91822,63405,0,0,17369,11048,5
2024-09-08,2,The Federal Reserve,79391,27378,106769,79391,0,0,17369,10009,5
2024-09-08,3,Golden Hour,67879,29879,97758,67879,0,0,17369,12510,8
2024-09-08,4,Lisan al-Caleb,70838,32494,103332,70838,0,0,21446,11048,3
2024-09-08,5,Mommy Rainier,47437,33956,81393,47437,0,0,21446,12510,12
2024-09-08,6,Mostly Washed,63711,29228,92939,63711,0,0,19219,10009,6
2024-09-08,7,Cártel de Breece y Puka,63149,28417,91566,63149,0,0,17369,11048,5
2024-09-08,8,Loading…,65690,33956,99646,65690,0,0,21446,12510,9
2024-09-08,9,Gaeta Spur FC,71280,34002,105282,71280,0,0,19219,14783,2
2024-09-08,10,Rashid Shaheed Truthers,66287,29228,95515,66287,0,0,19219,10009,6
2024-09-08,11,All You Need Is LOVE,63475,33956,97431,63475,0,0,21446,12510,6
2024-09-08,12,Omar Comin,59663,25493,85156,59663,0,0,19219,6274,8
2024-09-09,1,208 Ferrari Way,63401,28580,91981,63401,0,0,17505,11075,5
2024-09-09,2,The Federal Reserve,79377,27574,106951,79377,0,0,17505,10069,5
2024-09-09,3,Golden Hour,67574,30055,97629,67574,0,0,17505,12550,8
2024-09-09,4,Lisan al-Caleb,70607,32542,103149,70607,0,0,21467,11075,3
2024-09-09,5,Mommy Rainier,47465,34017,81482,47465,0,0,21467,12550,12
2024-09-09,6,Mostly Washed,63780,29315,93095,63780,0,0,19246,10069,6
2024-09-09,7,Cártel de Breece y Puka,63269,28580,91849,63269,0,0,17505,11075,5
2024-09-09,8,Loading…,65634,34017,99651,65634,0,0,21467,12550,9
2024-09-09,9,Gaeta Spur FC,71239,34143,105382,71239,0,0,19246,14897,2
2024-09-09,10,Rashid Shaheed Truthers,66317,29315,95632,66317,0,0,19246,10069,6
2024-09-09,11,All You Need Is LOVE,63675,34017,97692,63675,0,0,21467,12550,6
2024-09-09,12,Omar Comin,59929,25493,85422,59929,0,0,19246,6247,8
2024-09-10,1,208 Ferrari Way,63297,28648,91945,63297,0,0,17594,11054,5
2024-09-10,2,The Federal Reserve,80162,27768,107930,80162,0,0,17594,10174,5
2024-09-10,3,Golden Hour,67249,30212,97461,67249,0,0,17594,12618,7
2024-09-10,4,Lisan al-Caleb,70524,32600,103124,70524,0,0,21546,11054,3
2024-09-10,5,Mommy Rainier,47581,34164,81745,47581,0,0,21546,12618,12
2024-09-10,6,Mostly Washed,63301,29474,92775,63301,0,0,19300,10174,6
2024-09-10,7,Cártel de Breece y Puka,63615,28648,92263,63615,0,0,17594,11054,5
2024-09-10,8,Loading…,65206,34164,99370,65206,0,0,21546,12618,9
2024-09-10,9,Gaeta Spur FC,71331,34286,105617,71331,0,0,19300,14986,2
2024-09-10,10,Rashid Shaheed Truthers,66696,29474,96170,66696,0,0,19300,10174,6
2024-09-10,11,All You Need Is LOVE,64653,34164,98817,64653,0,0,21546,12618,6
2024-09-10,12,Omar Comin,59707,25542,85249,59707,0,0,19300,6242,8
2024-09-11,1,208 Ferrari Way,62968,28540,91508,62968,0,0,17513,11027,5
2024-09-11,2,The Federal Reserve,82218,27659,109877,82218,0,0,17513,10146,4
2024-09-11,3,Golden Hour,67762,30207,97969,67762,0,0,17513,12694,6
2024-09-11,4,Lisan al-Caleb,70881,32742,103623,70881,0,0,21715,11027,3
2024-09-11,5,Mommy Rainier,47580,34409,81989,47580,0,0,21715,12694,12
2024-09-11,6,Mostly Washed,63289,29425,92714,63289,0,0,19279,10146,6
2024-09-11,7,Cártel de Breece y Puka,64548,28540,93088,64548,0,0,17513,11027,5
2024-09-11,8,Loading…,66675,34409,101084,66675,0,0,21715,12694,8
2024-09-11,9,Gaeta Spur FC,72374,34174,106548,72374,0,0,19279,14895,1
2024-09-11,10,Rashid Shaheed Truthers,66923,29425,96348,66923,0,0,19279,10146,6
2024-09-11,11,All You Need Is LOVE,66096,34409,100505,66096,0,0,21715,12694,6
2024-09-11,12,Omar Comin,59613,25557,85170,59613,0,0,19279,6278,8
2024-09-12,1,208 Ferrari Way,62756,28856,91612,62756,0,0,17707,11149,6
2024-09-12,2,The Federal Reserve,84853,27863,112716,84853,0,0,17707,10156,4
2024-09-12,3,Golden Hour,67755,30494,98249,67755,0,0,17707,12787,6
2024-09-12,4,Lisan al-Caleb,71496,32863,104359,71496,0,0,21714,11149,3
2024-09-12,5,Mommy Rainier,47192,34501,81693,47192,0,0,21714,12787,12
2024-09-12,6,Mostly Washed,63383,29555,92938,63383,0,0,19399,10156,6
2024-09-12,7,Cártel de Breece y Puka,64726,28856,93582,64726,0,0,17707,11149,5
2024-09-12,8,Loading…,66130,34501,100631,66130,0,0,21714,12787,8
2024-09-12,9,Gaeta Spur FC,72353,34322,106675,72353,0,0,19399,14923,1
2024-09-12,10,Rashid Shaheed Truthers,67049,29555,96604,67049,0,0,19399,10156,6
2024-09-12,11,All You Need Is LOVE,65714,34501,100215,65714,0,0,21714,12787,6
2024-09-12,12,Omar Comin,59441,25781,85222,59441,0,0,19399,6382,8
2024-09-13,1,208 Ferrari Way,62567,28557,91124,62567,0,0,17469,11088,6
2024-09-13,2,The Federal Reserve,84864,27557,112421,84864,0,0,17469,10088,4
2024-09-13,3,Golden Hour,67526,30107,97633,67526,0,0,17469,12638,6
2024-09-13,4,Lisan al-Caleb,71886,32652,104538,71886,0,0,21564,11088,3
2024-09-13,5,Mommy Rainier,47905,34202,82107,47905,0,0,21564,12638,11
2024-09-13,6,Mostly Washed,63536,29344,92880,63536,0,0,19256,10088,6
2024-09-13,7,Cártel de Breece y Puka,66451,28557,95008,66451,0,0,17469,11088,5
2024-09-13,8,Loading…,65733,34202,99935,65733,0,0,21564,12638,8
2024-09-13,9,Gaeta Spur FC,72542,34062,106604,72542,0,0,19256,14806,1
2024-09-13,10,Rashid Shaheed Truthers,67191,29344,96535,67191,0,0,19256,10088,6
2024-09-13,11,All You Need Is LOVE,65892,34202,100094,65892,0,0,21564,12638,6
2024-09-13,12,Omar Comin,59605,25626,85231,59605,0,0,19256,6370,8
2024-09-14,1,208 Ferrari Way,62670,28652,91322,62670,0,0,17473,11179,6
2024-09-14,2,The Federal Reserve,85379,27571,112950,85379,0,0,17473,10098,4
2024-09-14,3,Golden Hour,67792,30096,97888,67792,0,0,17473,12623,6
2024-09-14,4,Lisan al-Caleb,72607,32783,105390,72607,0,0,21604,11179,3
2024-09-14,5,Mommy Rainier,47921,34227,82148,47921,0,0,21604,12623,11
2024-09-14,6,Mostly Washed,63652,29369,93021,63652,0,0,19271,10098,6
2024-09-14,7,Cártel de Breece y Puka,66511,28652,95163,66511,0,0,17473,11179,5
2024-09-14,8,Loading…,65640,34227,99867,65640,0,0,21604,12623,8
2024-09-14,9,Gaeta Spur FC,71797,34042,105839,71797,0,0,19271,14771,1
2024-09-14,10,Rashid Shaheed Truthers,67117,29369,96486,67117,0,0,19271,10098,6
2024-09-14,11,All You Need Is LOVE,66031,34227,100258,66031,0,0,21604,12623,6
2024-09-14,12,Omar Comin,59104,25777,84881,59104,0,0,19271,6506,8
2024-09-15,1,208 Ferrari Way,62853,28681,91534,62853,0,0,17363,11318,6
2024-09-15,2,The Federal Reserve,85219,27385,112604,85219,0,0,17363,10022,4
2024-09-15,3,Golden Hour,67719,30085,97804,67719,0,0,17363,12722,6
2024-09-15,4,Lisan al-Caleb,72714,33021,105735,72714,0,0,21703,11318,3
2024-09-15,5,Mommy Rainier,47934,34425,82359,47934,0,0,21703,12722,11
2024-09-15,6,Mostly Washed,63564,29335,92899,63564,0,0,19313,10022,6
2024-09-15,7,Cártel de Breece y Puka,66593,28681,95274,66593,0,0,17363,11318,5
2024-09-15,8,Loading…,65712,34425,100137,65712,0,0,21703,12722,8
2024-09-15,9,Gaeta Spur FC,71449,34095,105544,71449,0,0,19313,14782,1
2024-09-15,10,Rashid Shaheed Truthers,67054,29335,96389,67054,0,0,19313,10022,6
2024-09-15,11,All You Need Is LOVE,65849,34425,100274,65849,0,0,21703,12722,6
2024-09-15,12,Omar Comin,59190,25871,85061,59190,0,0,19313,6558,8
2024-09-16,1,208 Ferrari Way,63049,28664,91713,63049,0,0,17336,11328,6
2024-09-16,2,The Federal Reserve,85272,27375,112647,85272,0,0,17336,10039,4
2024-09-16,3,Golden Hour,67558,30056,97614,67558,0,0,17336,12720,6
2024-09-16,4,Lisan al-Caleb,73183,33120,106303,73183,0,0,21792,11328,3
2024-09-16,5,Mommy Rainier,47813,34512,82325,47813,0,0,21792,12720,11
2024-09-16,6,Mostly Washed,63452,29287,92739,63452,0,0,19248,10039,6
2024-09-16,7,Cártel de Breece y Puka,66476,28664,95140,66476,0,0,17336,11328,5
2024-09-16,8,Loading…,65616,34512,100128,65616,0,0,21792,12720,8
2024-09-16,9,Gaeta Spur FC,71131,34064,105195,71131,0,0,19248,14816,1
2024-09-16,10,Rashid Shaheed Truthers,67178,29287,96465,67178,0,0,19248,10039,6
2024-09-16,11,All You Need Is LOVE,66132,34512,100644,66132,0,0,21792,12720,6
2024-09-16,12,Omar Comin,57089,25799,82888,57089,0,0,19248,6551,9
2024-09-17,1,208 Ferrari Way,62575,29070,91645,62575,0,0,17612,11458,6
2024-09-17,2,The Federal Reserve,85118,27929,113047,85118,0,0,17612,10317,4
2024-09-17,3,Golden Hour,66785,30321,97106,66785,0,0,17612,12709,6
2024-09-17,4,Lisan al-Caleb,73377,33290,106667,73377,0,0,21832,11458,3
2024-09-17,5,Mommy Rainier,47677,34541,82218,47677,0,0,21832,12709,11
2024-09-17,6,Mostly Washed,63216,29949,93165,63216,0,0,19632,10317,6
2024-09-17,7,Cártel de Breece y Puka,67055,29070,96125,67055,0,0,17612,11458,5
2024-09-17,8,Loading…,66226,34541,100767,66226,0,0,21832,12709,8
2024-09-17,9,Gaeta Spur FC,71334,34825,106159,71334,0,0,19632,15193,1
2024-09-17,10,Rashid Shaheed Truthers,68264,29949,98213,68264,0,0,19632,10317,6
2024-09-17,11,All You Need Is LOVE,65753,34541,100294,65753,0,0,21832,12709,6
2024-09-17,12,Omar Comin,56210,26214,82424,56210,0,0,19632,6582,9
2024-09-18,1,208 Ferrari Way,62765,29172,91937,62765,0,0,17745,11427,6
2024-09-18,2,The Federal Reserve,85031,28130,113161,85031,0,0,17745,10385,4
2024-09-18,3,Golden Hour,66306,30473,96779,66306,0,0,17745,12728,6
2024-09-18,4,Lisan al-Caleb,74117,33476,107593,74117,0,0,22049,11427,3
2024-09-18,5,Mommy Rainier,47812,34777,82589,47812,0,0,22049,12728,11
2024-09-18,6,Mostly Washed,63679,30139,93818,63679,0,0,19754,10385,6
2024-09-18,7,Cártel de Breece y Puka,67321,29172,96493,67321,0,0,17745,11427,5
2024-09-18,8,Loading…,66343,34777,101120,66343,0,0,22049,12728,8
2024-09-18,9,Gaeta Spur FC,70957,35038,105995,70957,0,0,19754,15284,2
2024-09-18,10,Rashid Shaheed Truthers,68460,30139,98599,68460,0,0,19754,10385,6
2024-09-18,11,All You Need Is LOVE,64699,34777,99476,64699,0,0,22049,12728,6
2024-09-18,12,Omar Comin,55442,26282,81724,55442,0,0,19754,6528,9
2024-09-19,1,208 Ferrari Way,64859,27209,92068,64859,0,0,17800,9409,7
2024-09-19,2,The Federal Reserve,83620,27024,110644,83620,0,0,16677,10347,4
2024-09-19,3,Golden Hour,65993,30579,96572,65993,0,0,17800,12779,6
2024-09-19,4,Lisan al-Caleb,74988,33724,108712,74988,0,0,22103,11621,3
2024-09-19,5,Mommy Rainier,48556,34882,83438,48556,0,0,22103,12779,11
2024-09-19,6,Mostly Washed,63678,30234,93912,63678,0,0,19938,10296,6
2024-09-19,7,Cártel de Breece y Puka,65671,29421,95092,65671,0,0,17800,11621,6
2024-09-19,8,Loading…,66738,34882,101620,66738,0,0,22103,12779,8
2024-09-19,9,Gaeta Spur FC,70862,35271,106133,70862,0,0,19938,15333,2
2024-09-19,10,Rashid Shaheed Truthers,68291,30234,98525,68291,0,0,19938,10296,5
2024-09-19,11,All You Need Is LOVE,63606,38166,101772,63606,0,0,23226,14940,6
2024-09-19,12,Omar Comin,54604,26522,81126,54604,0,0,19938,6584,9
2024-09-20,1,208 Ferrari Way,65331,27322,92653,65331,0,0,17847,9475,7
2024-09-20,2,The Federal Reserve,83421,27032,110453,83421,0,0,16698,10334,4
2024-09-20,3,Golden Hour,66142,30715,96857,66142,0,0,17847,12868,6
2024-09-20,4,Lisan al-Caleb,74746,33939,108685,74746,0,0,22273,11666,3
2024-09-20,5,Mommy Rainier,49020,35141,84161,49020,0,0,22273,12868,11
2024-09-20,6,Mostly Washed,63369,30449,93818,63369,0,0,20072,10377,6
2024-09-20,7,Cártel de Breece y Puka,65403,29513,94916,65403,0,0,17847,11666,6
2024-09-20,8,Loading…,66917,35141,102058,66917,0,0,22273,12868,8
2024-09-20,9,Gaeta Spur FC,70353,35491,105844,70353,0,0,20072,15419,2
2024-09-20,10,Rashid Shaheed Truthers,68190,30449,98639,68190,0,0,20072,10377,5
2024-09-20,11,All You Need Is LOVE,63810,38524,102334,63810,0,0,23422,15102,6
2024-09-20,12,Omar Comin,54549,26696,81245,54549,0,0,20072,6624,9
2024-09-21,1,208 Ferrari Way,65049,27381,92430,65049,0,0,17989,9392,7
2024-09-21,2,The Federal Reserve,83716,27166,110882,83716,0,0,16825,10341,4
2024-09-21,3,Golden Hour,65812,30740,96552,65812,0,0,17989,12751,6
2024-09-21,4,Lisan al-Caleb,75161,33727,108888,75161,0,0,22126,11601,3
2024-09-21,5,Mommy Rainier,48980,34877,83857,48980,0,0,22126,12751,11
2024-09-21,6,Mostly Washed,63393,30371,93764,63393,0,0,20027,10344,6
2024-09-21,7,Cártel de Breece y Puka,65659,29590,95249,65659,0,0,17989,11601,6
2024-09-21,8,Loading…,67114,34877,101991,67114,0,0,22126,12751,8
2024-09-21,9,Gaeta Spur FC,70236,35420,105656,70236,0,0,20027,15393,2
2024-09-21,10,Rashid Shaheed Truthers,68047,30371,98418,68047,0,0,20027,10344,5
2024-09-21,11,All You Need Is LOVE,63861,38253,102114,63861,0,0,23290,14963,6
2024-09-21,12,Omar Comin,54183,26579,80762,54183,0,0,20027,6552,9
2024-09-22,1,208 Ferrari Way,64906,27442,92348,64906,0,0,18100,9342,7
2024-09-22,2,The Federal Reserve,83836,27304,111140,83836,0,0,16985,10319,4
2024-09-22,3,Golden Hour,65738,30846,96584,65738,0,0,18100,12746,6
2024-09-22,4,Lisan al-Caleb,75123,33673,108796,75123,0,0,22146,11527,3
2024-09-22,5,Mommy Rainier,49048,34892,83940,49048,0,0,22146,12746,11
2024-09-22,6,Mostly Washed,63633,30443,94076,63633,0,0,20040,10403,6
2024-09-22,7,Cártel de Breece y Puka,65613,29627,95240,65613,0,0,18100,11527,6
2024-09-22,8,Loading…,67240,34892,102132,67240,0,0,22146,12746,8
2024-09-22,9,Gaeta Spur FC,70312,35453,105765,70312,0,0,20040,15413,2
2024-09-22,10,Rashid Shaheed Truthers,68032,30443,98475,68032,0,0,20040,10403,5
2024-09-22,11,All You Need Is LOVE,63451,38276,101727,63451,0,0,23261,15015,6
2024-09-22,12,Omar Comin,53952,26557,80509,53952,0,0,20040,6517,9
2024-09-23,1,208 Ferrari Way,64934,27546,92480,64934,0,0,18208,9338,7
2024-09-23,2,The Federal Reserve,83897,27473,111370,83897,0,0,17066,10407,4
2024-09-23,3,Golden Hour,65646,31076,96722,65646,0,0,18208,12868,6
2024-09-23,4,Lisan al-Caleb,75143,33843,108986,75143,0,0,22308,11535,3
2024-09-23,5,Mommy Rainier,49169,35176,84345,49169,0,0,22308,12868,11
2024-09-23,6,Mostly Washed,63455,30606,94061,63455,0,0,20176,10430,6
2024-09-23,7,Cártel de Breece y Puka,65704,29743,95447,65704,0,0,18208,11535,6
2024-09-23,8,Loading…,67054,35176,102230,67054,0,0,22308,12868,8
2024-09-23,9,Gaeta Spur FC,70265,35622,105887,70265,0,0,20176,15446,2
2024-09-23,10,Rashid Shaheed Truthers,68112,30606,98718,68112,0,0,20176,10430,5
2024-09-23,11,All You Need Is LOVE,63547,38538,102085,63547,0,0,23450,15088,6
2024-09-23,12,Omar Comin,53904,26695,80599,53904,0,0,20176,6519,9
2024-09-24,1,208 Ferrari Way,67720,27630,95350,67720,0,0,18298,9332,6
2024-09-24,2,The Federal Reserve,84551,27689,112240,84551,0,0,17152,10537,4
2024-09-24,3,Golden Hour,65671,31265,96936,65671,0,0,18298,12967,6
2024-09-24,4,Lisan al-Caleb,72852,34039,106891,72852,0,0,22481,11558,4
2024-09-24,5,Mommy Rainier,48966,35448,84414,48966,0,0,22481,12967,11
2024-09-24,6,Mostly Washed,63472,30659,94131,63472,0,0,20168,10491,6
2024-09-24,7,Cártel de Breece y Puka,65546,29856,95402,65546,0,0,18298,11558,6
2024-09-24,8,Loading…,66765,35448,102213,66765,0,0,22481,12967,8
2024-09-24,9,Gaeta Spur FC,69944,35714,105658,69944,0,0,20168,15546,2
2024-09-24,10,Rashid Shaheed Truthers,68451,30659,99110,68451,0,0,20168,10491,5
2024-09-24,11,All You Need Is LOVE,63299,38774,102073,63299,0,0,23627,15147,6
2024-09-24,12,Omar Comin,53480,26671,80151,53480,0,0,20168,6503,9
2024-09-25,1,208 Ferrari Way,68468,27758,96226,68468,0,0,18403,9355,7
2024-09-25,2,The Federal Reserve,84018,27765,111783,84018,0,0,17217,10548,5
2024-09-25,3,Golden Hour,67199,31531,98730,67199,0,0,18403,13128,5
2024-09-25,4,Lisan al-Caleb,72896,34324,107220,72896,0,0,22766,11558,4
2024-09-25,5,Mommy Rainier,48319,35894,84213,48319,0,0,22766,13128,11
2024-09-25,6,Mostly Washed,63892,30664,94556,63892,0,0,20034,10630,6
2024-09-25,7,Cártel de Breece y Puka,64490,29961,94451,64490,0,0,18403,11558,6
2024-09-25,8,Loading…,66641,35894,102535,66641,0,0,22766,13128,8
2024-09-25,9,Gaeta Spur FC,70296,35694,105990,70296,0,0,20034,15660,2
2024-09-25,10,Rashid Shaheed Truthers,68951,30664,99615,68951,0,0,20034,10630,6
2024-09-25,11,All You Need Is LOVE,62508,39365,101873,62508,0,0,23952,15413,6
2024-09-25,12,Omar Comin,53031,26562,79593,53031,0,0,20034,6528,9
2024-09-26,1,208 Ferrari Way,68880,28089,96969,68880,0,0,18643,9446,7
2024-09-26,2,The Federal Reserve,84562,28009,112571,84562,0,0,17469,10540,5
2024-09-26,3,Golden Hour,67142,31838,98980,67142,0,0,18643,13195,5
2024-09-26,4,Lisan al-Caleb,72653,34499,107152,72653,0,0,22857,11642,4
2024-09-26,5,Mommy Rainier,48201,36052,84253,48201,0,0,22857,13195,11
2024-09-26,6,Mostly Washed,64105,31080,95185,64105,0,0,20217,10863,6
2024-09-26,7,Cártel de Breece y Puka,63888,30285,94173,63888,0,0,18643,11642,6
2024-09-26,8,Loading…,66138,36052,102190,66138,0,0,22857,13195,8
2024-09-26,9,Gaeta Spur FC,69986,36166,106152,69986,0,0,20217,15949,2
2024-09-26,10,Rashid Shaheed Truthers,69225,31080,100305,69225,0,0,20217,10863,6
2024-09-26,11,All You Need Is LOVE,62809,39745,102554,62809,0,0,24031,15714,6
2024-09-26,12,Omar Comin,52466,26773,79239,52466,0,0,20217,6556,9
2024-09-27,1,208 Ferrari Way,69138,28021,97159,69138,0,0,18476,9545,7
2024-09-27,2,The Federal Reserve,83063,27793,110856,83063,0,0,17321,10472,6
2024-09-27,3,Golden Hour,67153,31684,98837,67153,0,0,18476,13208,5
2024-09-27,4,Lisan al-Caleb,72466,34432,106898,72466,0,0,22662,11770,4
2024-09-27,5,Mommy Rainier,47849,35870,83719,47849,0,0,22662,13208,11
2024-09-27,6,Mostly Washed,64033,30933,94966,64033,0,0,20215,10718,6
2024-09-27,7,Cártel de Breece y Puka,63916,30246,94162,63916,0,0,18476,11770,6
2024-09-27,8,Loading…,65818,35870,101688,65818,0,0,22662,13208,8
2024-09-27,9,Gaeta Spur FC,70196,36025,106221,70196,0,0,20215,15810,2
2024-09-27,10,Rashid Shaheed Truthers,69489,30933,100422,69489,0,0,20215,10718,6
2024-09-27,11,All You Need Is LOVE,63315,39496,102811,63315,0,0,23817,15679,6
2024-09-27,12,Omar Comin,52408,26893,79301,52408,0,0,20215,6678,9
2024-09-28,1,208 Ferrari Way,69096,28073,97169,69096,0,0,18468,9605,7
2024-09-28,2,The Federal Reserve,83340,27840,111180,83340,0,0,17319,10521,6
2024-09-28,3,Golden Hour,66966,31639,98605,66966,0,0,18468,13171,5
2024-09-28,4,Lisan al-Caleb,72283,34452,106735,72283,0,0,22668,11784,4
2024-09-28,5,Mommy Rainier,48005,35839,83844,48005,0,0,22668,13171,11
2024-09-28,6,Mostly Washed,64026,31074,95100,64026,0,0,20333,10741,6
2024-09-28,7,Cártel de Breece y Puka,63706,30252,93958,63706,0,0,18468,11784,6
2024-09-28,8,Loading…,65625,35839,101464,65625,0,0,22668,13171,8
2024-09-28,9,Gaeta Spur FC,70073,36131,106204,70073,0,0,20333,15798,2
2024-09-28,10,Rashid Shaheed Truthers,69670,31074,100744,69670,0,0,20333,10741,6
2024-09-28,11,All You Need Is LOVE,63429,39387,102816,63429,0,0,23817,15570,6
2024-09-28,12,Omar Comin,52478,27060,79538,52478,0,0,20333,6727,9
2024-09-29,1,208 Ferrari Way,69004,28144,97148,69004,0,0,18635,9509,7
2024-09-29,2,The Federal Reserve,83482,27973,111455,83482,0,0,17430,10543,6
2024-09-29,3,Golden Hour,67136,31857,98993,67136,0,0,18635,13222,5
2024-09-29,4,Lisan al-Caleb,72326,34258,106584,72326,0,0,22597,11661,4
2024-09-29,5,Mommy Rainier,47986,35819,83805,47986,0,0,22597,13222,11
2024-09-29,6,Mostly Washed,63814,31080,94894,63814,0,0,20304,10776,6
2024-09-29,7,Cártel de Breece y Puka,63923,30296,94219,63923,0,0,18635,11661,6
2024-09-29,8,Loading…,65535,35819,101354,65535,0,0,22597,13222,8
2024-09-29,9,Gaeta Spur FC,70206,36099,106305,70206,0,0,20304,15795,2
2024-09-29,10,Rashid Shaheed Truthers,69479,31080,100559,69479,0,0,20304,10776,6
2024-09-29,11,All You Need Is LOVE,63625,39409,103034,63625,0,0,23802,15607,6
2024-09-29,12,Omar Comin,52542,26946,79488,52542,0,0,20304,6642,9
2024-09-30,1,208 Ferrari Way,68630,28205,96835,68630,0,0,18677,9528,7
2024-09-30,2,The Federal Reserve,83735,27966,111701,83735,0,0,17496,10470,6
2024-09-30,3,Golden Hour,66992,31803,98795,66992,0,0,18677,13126,5
2024-09-30,4,Lisan al-Caleb,72215,34180,106395,72215,0,0,22531,11649,4
2024-09-30,5,Mommy Rainier,47978,35657,83635,47978,0,0,22531,13126,11
2024-09-30,6,Mostly Washed,64053,31059,95112,64053,0,0,20327,10732,6
2024-09-30,7,Cártel de Breece y Puka,63911,30326,94237,63911,0,0,18677,11649,6
2024-09-30,8,Loading…,65619,35657,101276,65619,0,0,22531,13126,8
2024-09-30,9,Gaeta Spur FC,70328,36054,106382,70328,0,0,20327,15727,2
2024-09-30,10,Rashid Shaheed Truthers,69594,31059,100653,69594,0,0,20327,10732,6
2024-09-30,11,All You Need Is LOVE,63808,39221,103029,63808,0,0,23712,15509,6
2024-09-30,12,Omar Comin,52250,26981,79231,52250,0,0,20327,6654,9
2024-10-01,1,208 Ferrari Way,68244,28117,96361,68244,0,0,18514,9603,7
2024-10-01,2,The Federal Reserve,84478,27738,112216,84478,0,0,17344,10394,6
2024-10-01,3,Golden Hour,66992,31670,98662,66992,0,0,18514,13156,5
2024-10-01,4,Lisan al-Caleb,72044,34281,106325,72044,0,0,22665,11616,4
2024-10-01,5,Mommy Rainier,47891,35821,83712,47891,0,0,22665,13156,11
2024-10-01,6,Mostly Washed,64574,30933,95507,64574,0,0,20256,10677,6
2024-10-01,7,Cártel de Breece y Puka,63444,30130,93574,63444,0,0,18514,11616,6
2024-10-01,8,Loading…,65192,35821,101013,65192,0,0,22665,13156,8
2024-10-01,9,Gaeta Spur FC,70782,35845,106627,70782,0,0,20256,15589,2
2024-10-01,10,Rashid Shaheed Truthers,70095,30933,101028,70095,0,0,20256,10677,6
2024-10-01,11,All You Need Is LOVE,63813,39287,103100,63813,0,0,23835,15452,6
2024-10-01,12,Omar Comin,52267,26960,79227,52267,0,0,20256,6704,9
2024-10-02,1,208 Ferrari Way,69241,27776,97017,69241,0,0,18283,9493,6
2024-10-02,2,The Federal Reserve,84890,27423,112313,84890,0,0,17160,10263,6
2024-10-02,3,Golden Hour,67074,31577,98651,67074,0,0,18283,13294,5
2024-10-02,4,Lisan al-Caleb,71709,34247,105956,71709,0,0,22741,11506,4
2024-10-02,5,Mommy Rainier,47880,36035,83915,47880,0,0,22741,13294,11
2024-10-02,6,Mostly Washed,64939,30680,95619,64939,0,0,20166,10514,6
2024-10-02,7,Cártel de Breece y Puka,60930,30543,91473,60930,0,0,18283,12260,7
2024-10-02,8,Loading…,66051,36035,102086,66051,0,0,22741,13294,7
2024-10-02,9,Gaeta Spur FC,71271,35559,106830,71271,0,0,20166,15393,2
2024-10-02,10,Rashid Shaheed Truthers,70685,30680,101365,70685,0,0,20166,10514,6
2024-10-02,11,All You Need Is LOVE,63377,39422,102799,63377,0,0,23864,15558,6
2024-10-02,12,Omar Comin,54275,26039,80314,54275,0,0,20166,5873,8
2024-10-03,1,208 Ferrari Way,68655,27954,96609,68655,0,0,18408,9546,6
2024-10-03,2,The Federal Reserve,88775,27604,116379,88775,0,0,17234,10370,5
2024-10-03,3,Golden Hour,66989,31570,98559,66989,0,0,18408,13162,5
2024-10-03,4,Lisan al-Caleb,71483,34347,105830,71483,0,0,22724,11623,4
2024-10-03,5,Mommy Rainier,47900,35886,83786,47900,0,0,22724,13162,11
2024-10-03,6,Mostly Washed,65356,30719,96075,65356,0,0,20168,10551,6
2024-10-03,7,Cártel de Breece y Puka,60673,30725,91398,60673,0,0,18408,12317,7
2024-10-03,8,Loading…,66050,35886,101936,66050,0,0,22724,13162,7
2024-10-03,9,Gaeta Spur FC,67960,35673,103633,67960,0,0,20168,15505,3
2024-10-03,10,Rashid Shaheed Truthers,70758,30719,101477,70758,0,0,20168,10551,6
2024-10-03,11,All You Need Is LOVE,63096,39318,102414,63096,0,0,23898,15420,6
2024-10-03,12,Omar Comin,54326,26143,80469,54326,0,0,20168,5975,8
2024-10-04,1,208 Ferrari Way,68628,27511,96139,68628,0,0,18163,9348,6
2024-10-04,2,The Federal Reserve,89302,27431,116733,89302,0,0,17003,10428,5
2024-10-04,3,Golden Hour,65348,31500,96848,65348,0,0,18163,13337,6
2024-10-04,4,Lisan al-Caleb,71337,34378,105715,71337,0,0,22841,11537,4
2024-10-04,5,Mommy Rainier,47622,36178,83800,47622,0,0,22841,13337,11
2024-10-04,6,Mostly Washed,65583,30474,96057,65583,0,0,20062,10412,6
2024-10-04,7,Cártel de Breece y Puka,60573,30316,90889,60573,0,0,18163,12153,7
2024-10-04,8,Loading…,65820,36178,101998,65820,0,0,22841,13337,7
2024-10-04,9,Gaeta Spur FC,66033,35448,101481,66033,0,0,20062,15386,4
2024-10-04,10,Rashid Shaheed Truthers,70914,30474,101388,70914,0,0,20062,10412,6
2024-10-04,11,All You Need Is LOVE,62779,39511,102290,62779,0,0,24001,15510,6
2024-10-04,12,Omar Comin,54171,26009,80180,54171,0,0,20062,5947,8
2024-10-05,1,208 Ferrari Way,68796,27614,96410,68796,0,0,18237,9377,5
2024-10-05,2,The Federal Reserve,89306,27508,116814,89306,0,0,17070,10438,5
2024-10-05,3,Golden Hour,65646,31464,97110,65646,0,0,18237,13227,6
2024-10-05,4,Lisan al-Caleb,71290,34399,105689,71290,0,0,22820,11579,4
2024-10-05,5,Mommy Rainier,47584,36047,83631,47584,0,0,22820,13227,11
2024-10-05,6,Mostly Washed,65918,30523,96441,65918,0,0,20055,10468,6
2024-10-05,7,Cártel de Breece y Puka,60520,30426,90946,60520,0,0,18237,12189,7
2024-10-05,8,Loading…,65557,36047,101604,65557,0,0,22820,13227,7
2024-10-05,9,Gaeta Spur FC,66183,35534,101717,66183,0,0,20055,15479,4
2024-10-05,10,Rashid Shaheed Truthers,70874,30523,101397,70874,0,0,20055,10468,6
2024-10-05,11,All You Need Is LOVE,62534,39446,101980,62534,0,0,23987,15459,6
2024-10-05,12,Omar Comin,53935,26013,79948,53935,0,0,20055,5958,8
2024-10-06,1,208 Ferrari Way,68627,27642,96269,68627,0,0,18281,9361,5
2024-10-06,2,The Federal Reserve,89072,27471,116543,89072,0,0,17089,10382,5
2024-10-06,3,Golden Hour,65817,31457,97274,65817,0,0,18281,13176,6
2024-10-06,4,Lisan al-Caleb,71216,34155,105371,71216,0,0,22615,11540,4
2024-10-06,5,Mommy Rainier,47671,35791,83462,47671,0,0,22615,13176,11
2024-10-06,6,Mostly Washed,66205,30570,96775,66205,0,0,20109,10461,6
2024-10-06,7,Cártel de Breece y Puka,60551,30486,91037,60551,0,0,18281,12205,7
2024-10-06,8,Loading…,65800,35791,101591,65800,0,0,22615,13176,7
2024-10-06,9,Gaeta Spur FC,66212,35576,101788,66212,0,0,20109,15467,4
2024-10-06,10,Rashid Shaheed Truthers,70959,30570,101529,70959,0,0,20109,10461,6
2024-10-06,11,All You Need Is LOVE,60690,39241,99931,60690,0,0,23807,15434,6
2024-10-06,12,Omar Comin,54038,25978,80016,54038,0,0,20109,5869,8
2024-10-07,1,208 Ferrari Way,68672,27846,96518,68672,0,0,18423,9423,5
2024-10-07,2,The Federal Reserve,89009,27652,116661,89009,0,0,17210,10442,5
2024-10-07,3,Golden Hour,65853,31524,97377,65853,0,0,18423,13101,6
2024-10-07,4,Lisan al-Caleb,71276,34256,105532,71276,0,0,22688,11568,4
2024-10-07,5,Mommy Rainier,47588,35789,83377,47588,0,0,22688,13101,11
2024-10-07,6,Mostly Washed,66480,30706,97186,66480,0,0,20095,10611,6
2024-10-07,7,Cártel de Breece y Puka,60424,30621,91045,60424,0,0,18423,12198,7
2024-10-07,8,Loading…,65679,35789,101468,65679,0,0,22688,13101,7
2024-10-07,9,Gaeta Spur FC,66257,35704,101961,66257,0,0,20095,15609,4
2024-10-07,10,Rashid Shaheed Truthers,70730,30706,101436,70730,0,0,20095,10611,6
2024-10-07,11,All You Need Is LOVE,60796,39316,100112,60796,0,0,23901,15415,6
2024-10-07,12,Omar Comin,53823,26035,79858,53823,0,0,20095,5940,8
2024-10-08,1,208 Ferrari Way,69569,27699,97268,69569,0,0,18250,9449,5
2024-10-08,2,The Federal Reserve,89847,27468,117315,89847,0,0,17076,10392,5
2024-10-08,3,Golden Hour,65444,31351,96795,65444,0,0,18250,13101,6
2024-10-08,4,Lisan al-Caleb,71647,34417,106064,71647,0,0,22821,11596,4
2024-10-08,5,Mommy Rainier,47626,35922,83548,47626,0,0,22821,13101,11
2024-10-08,6,Mostly Washed,66251,30730,96981,66251,0,0,20125,10605,6
2024-10-08,7,Cártel de Breece y Puka,59911,30550,90461,59911,0,0,18250,12300,7
2024-10-08,8,Loading…,65297,35922,101219,65297,0,0,22821,13101,7
2024-10-08,9,Gaeta Spur FC,66435,35739,102174,66435,0,0,20125,15614,4
2024-10-08,10,Rashid Shaheed Truthers,70484,30730,101214,70484,0,0,20125,10605,6
2024-10-08,11,All You Need Is LOVE,61729,39456,101185,61729,0,0,23995,15461,6
2024-10-08,12,Omar Comin,53509,26008,79517,53509,0,0,20125,5883,8
2024-10-09,1,208 Ferrari Way,71580,27637,99217,71580,0,0,18264,9373,5
2024-10-09,2,The Federal Reserve,92592,27614,120206,92592,0,0,17101,10513,4
2024-10-09,3,Golden Hour,62237,31444,93681,62237,0,0,18264,13180,7
2024-10-09,4,Lisan al-Caleb,72132,34396,106528,72132,0,0,22805,11591,4
2024-10-09,5,Mommy Rainier,47720,35985,83705,47720,0,0,22805,13180,11
2024-10-09,6,Mostly Washed,65835,30807,96642,65835,0,0,20243,10564,6
2024-10-09,7,Cártel de Breece y Puka,59322,30589,89911,59322,0,0,18264,12325,7
2024-10-09,8,Loading…,65423,35985,101408,65423,0,0,22805,13180,7
2024-10-09,9,Gaeta Spur FC,67782,35876,103658,67782,0,0,20243,15633,3
2024-10-09,10,Rashid Shaheed Truthers,70691,30807,101498,70691,0,0,20243,10564,6
2024-10-09,11,All You Need Is LOVE,62373,39417,101790,62373,0,0,23968,15449,6
2024-10-09,12,Omar Comin,53117,26031,79148,53117,0,0,20243,5788,8
2024-10-10,1,208 Ferrari Way,72012,27881,99893,72012,0,0,18390,9491,5
2024-10-10,2,The Federal Reserve,92699,27777,120476,92699,0,0,17245,10532,4
2024-10-10,3,Golden Hour,62073,31735,93808,62073,0,0,18390,13345,7
2024-10-10,4,Lisan al-Caleb,72184,34822,107006,72184,0,0,23044,11778,4
2024-10-10,5,Mommy Rainier,48148,36389,84537,48148,0,0,23044,13345,11
2024-10-10,6,Mostly Washed,65281,31077,96358,65281,0,0,20501,10576,6
2024-10-10,7,Cártel de Breece y Puka,59347,30958,90305,59347,0,0,18390,12568,7
2024-10-10,8,Loading…,65379,36389,101768,65379,0,0,23044,13345,7
2024-10-10,9,Gaeta Spur FC,68036,36205,104241,68036,0,0,20501,15704,3
2024-10-10,10,Rashid Shaheed Truthers,70882,31077,101959,70882,0,0,20501,10576,6
2024-10-10,11,All You Need Is LOVE,62373,39865,102238,62373,0,0,24189,15676,6
2024-10-10,12,Omar Comin,52618,26361,78979,52618,0,0,20501,5860,8
2024-10-11,1,208 Ferrari Way,72206,27878,100084,72206,0,0,18323,9555,5
2024-10-11,2,The Federal Reserve,92819,27704,120523,92819,0,0,17197,10507,4
2024-10-11,3,Golden Hour,62123,31684,93807,62123,0,0,18323,13361,7
2024-10-11,4,Lisan al-Caleb,72127,34869,106996,72127,0,0,23036,11833,4
2024-10-11,5,Mommy Rainier,48137,36397,84534,48137,0,0,23036,13361,11
2024-10-11,6,Mostly Washed,65302,31032,96334,65302,0,0,20478,10554,6
2024-10-11,7,Cártel de Breece y Puka,59294,31008,90302,59294,0,0,18323,12685,7
2024-10-11,8,Loading…,65455,36397,101852,65455,0,0,23036,13361,7
2024-10-11,9,Gaeta Spur FC,68416,36147,104563,68416,0,0,20478,15669,3
2024-10-11,10,Rashid Shaheed Truthers,70568,31032,101600,70568,0,0,20478,10554,6
2024-10-11,11,All You Need Is LOVE,62724,39848,102572,62724,0,0,24162,15686,6
2024-10-11,12,Omar Comin,52408,26344,78752,52408,0,0,20478,5866,8
2024-10-12,1,208 Ferrari Way,72443,27681,100124,72443,0,0,18184,9497,5
2024-10-12,2,The Federal Reserve,92820,27629,120449,92820,0,0,17076,10553,5
2024-10-12,3,Golden Hour,62149,31439,93588,62149,0,0,18184,13255,7
2024-10-12,4,Lisan al-Caleb,71943,34848,106791,71943,0,0,22933,11915,4
2024-10-12,5,Mommy Rainier,48284,36188,84472,48284,0,0,22933,13255,11
2024-10-12,6,Mostly Washed,65224,31030,96254,65224,0,0,20631,10399,6
2024-10-12,7,Cártel de Breece y Puka,59426,30927,90353,59426,0,0,18184,12743,7
2024-10-12,8,Loading…,64068,36188,100256,64068,0,0,22933,13255,7
2024-10-12,9,Gaeta Spur FC,68503,36247,104750,68503,0,0,20631,15616,3
2024-10-12,10,Rashid Shaheed Truthers,70688,31030,101718,70688,0,0,20631,10399,6
2024-10-12,11,All You Need Is LOVE,61574,39560,101134,61574,0,0,24041,15519,6
2024-10-12,12,Omar Comin,52335,26501,78836,52335,0,0,20631,5870,8
2024-10-13,1,208 Ferrari Way,72459,27594,100053,72459,0,0,18152,9442,5
2024-10-13,2,The Federal Reserve,92911,27548,120459,92911,0,0,17040,10508,5
2024-10-13,3,Golden Hour,62059,31476,93535,62059,0,0,18152,13324,7
2024-10-13,4,Lisan al-Caleb,71898,34799,106697,71898,0,0,22958,11841,4
2024-10-13,5,Mommy Rainier,48125,36282,84407,48125,0,0,22958,13324,11
2024-10-13,6,Mostly Washed,65392,30866,96258,65392,0,0,20462,10404,6
2024-10-13,7,Cártel de Breece y Puka,59509,30849,90358,59509,0,0,18152,12697,7
2024-10-13,8,Loading…,64172,36282,100454,64172,0,0,22958,13324,7
2024-10-13,9,Gaeta Spur FC,68669,36035,104704,68669,0,0,20462,15573,3
2024-10-13,10,Rashid Shaheed Truthers,70710,30866,101576,70710,0,0,20462,10404,6
2024-10-13,11,All You Need Is LOVE,61354,39689,101043,61354,0,0,24070,15619,6
2024-10-13,12,Omar Comin,52362,26278,78640,52362,0,0,20462,5816,8
2024-10-14,1,208 Ferrari Way,72341,27660,100001,72341,0,0,18232,9428,5
2024-10-14,2,The Federal Reserve,92883,27652,120535,92883,0,0,17121,10531,5
2024-10-14,3,Golden Hour,61938,31512,93450,61938,0,0,18232,13280,7
2024-10-14,4,Lisan al-Caleb,71935,34675,106610,71935,0,0,22895,11780,4
2024-10-14,5,Mommy Rainier,48109,36175,84284,48109,0,0,22895,13280,11
2024-10-14,6,Mostly Washed,65551,30862,96413,65551,0,0,20384,10478,6
2024-10-14,7,Cártel de Breece y Puka,59518,30802,90320,59518,0,0,18232,12570,7
2024-10-14,8,Loading…,64224,36175,100399,64224,0,0,22895,13280,7
2024-10-14,9,Gaeta Spur FC,68900,36006,104906,68900,0,0,20384,15622,3
2024-10-14,10,Rashid Shaheed Truthers,70832,30862,101694,70832,0,0,20384,10478,6
2024-10-14,11,All You Need Is LOVE,61126,39585,100711,61126,0,0,24006,15579,6
2024-10-14,12,Omar Comin,52391,26230,78621,52391,0,0,20384,5846,8
2024-10-15,1,208 Ferrari Way,72253,27697,99950,72253,0,0,18181,9516,5
2024-10-15,2,The Federal Reserve,92983,27592,120575,92983,0,0,17063,10529,5
2024-10-15,3,Golden Hour,61942,31526,93468,61942,0,0,18181,13345,7
2024-10-15,4,Lisan al-Caleb,72147,34752,106899,72147,0,0,22931,11821,4
2024-10-15,5,Mommy Rainier,47881,36276,84157,47881,0,0,22931,13345,11
2024-10-15,6,Mostly Washed,65947,30841,96788,65947,0,0,20387,10454,6
2024-10-15,7,Cártel de Breece y Puka,59368,30785,90153,59368,0,0,18181,12604,7
2024-10-15,8,Loading…,64207,36276,100483,64207,0,0,22931,13345,7
2024-10-15,9,Gaeta Spur FC,69199,35985,105184,69199,0,0,20387,15598,3
2024-10-15,10,Rashid Shaheed Truthers,70863,30841,101704,70863,0,0,20387,10454,6
2024-10-15,11,All You Need Is LOVE,60913,39624,100537,60913,0,0,24049,15575,6
2024-10-15,12,Omar Comin,52368,26281,78649,52368,0,0,20387,5894,8
2024-10-16,1,208 Ferrari Way,73825,27815,101640,73825,0,0,18300,9515,4
2024-10-16,2,The Federal Reserve,92721,27766,120487,92721,0,0,17169,10597,5
2024-10-16,3,Golden Hour,61787,31567,93354,61787,0,0,18300,13267,8
2024-10-16,4,Lisan al-Caleb,72124,34637,106761,72124,0,0,22836,11801,4
2024-10-16,5,Mommy Rainier,47573,36103,83676,47573,0,0,22836,13267,11
2024-10-16,6,Mostly Washed,66270,31008,97278,66270,0,0,20448,10560,6
2024-10-16,7,Cártel de Breece y Puka,61252,30898,92150,61252,0,0,18300,12598,7
2024-10-16,8,Loading…,65506,36103,101609,65506,0,0,22836,13267,6
2024-10-16,9,Gaeta Spur FC,67379,36211,103590,67379,0,0,20448,15763,3
2024-10-16,10,Rashid Shaheed Truthers,70729,31008,101737,70729,0,0,20448,10560,6
2024-10-16,11,All You Need Is LOVE,60771,39483,100254,60771,0,0,23967,15516,6
2024-10-16,12,Omar Comin,53532,26249,79781,53532,0,0,20448,5801,7
2024-10-17,1,208 Ferrari Way,73593,27552,101145,73593,0,0,18174,9378,4
2024-10-17,2,The Federal Reserve,92739,27590,120329,92739,0,0,17021,10569,5
2024-10-17,3,Golden Hour,61681,31398,93079,61681,0,0,18174,13224,8
2024-10-17,4,Lisan al-Caleb,72639,34515,107154,72639,0,0,22803,11712,4
2024-10-17,5,Mommy Rainier,47619,36027,83646,47619,0,0,22803,13224,11
2024-10-17,6,Mostly Washed,66435,30786,97221,66435,0,0,20287,10499,6
2024-10-17,7,Cártel de Breece y Puka,61995,30586,92581,61995,0,0,18174,12412,7
2024-10-17,8,Loading…,65664,36027,101691,65664,0,0,22803,13224,6
2024-10-17,9,Gaeta Spur FC,67050,35937,102987,67050,0,0,20287,15650,3
2024-10-17,10,Rashid Shaheed Truthers,70708,30786,101494,70708,0,0,20287,10499,6
2024-10-17,11,All You Need Is LOVE,60633,39444,100077,60633,0,0,23956,15488,6
2024-10-17,12,Omar Comin,53339,26148,79487,53339,0,0,20287,5861,7
2024-10-18,1,208 Ferrari Way,73577,27733,101310,73577,0,0,18305,9428,4
2024-10-18,2,The Federal Reserve,92587,27620,120207,92587,0,0,17142,10478,5
2024-10-18,3,Golden Hour,61645,31485,93130,61645,0,0,18305,13180,8
2024-10-18,4,Lisan al-Caleb,72713,34503,107216,72713,0,0,22830,11673,4
2024-10-18,5,Mommy Rainier,47532,36010,83542,47532,0,0,22830,13180,11
2024-10-18,6,Mostly Washed,66600,30826,97426,66600,0,0,20275,10551,6
2024-10-18,7,Cártel de Breece y Puka,62019,30647,92666,62019,0,0,18305,12342,7
2024-10-18,8,Loading…,65635,36010,101645,65635,0,0,22830,13180,6
2024-10-18,9,Gaeta Spur FC,67060,35921,102981,67060,0,0,20275,15646,5
2024-10-18,10,Rashid Shaheed Truthers,70639,30826,101465,70639,0,0,20275,10551,6
2024-10-18,11,All You Need Is LOVE,60602,39491,100093,60602,0,0,23993,15498,6
2024-10-18,12,Omar Comin,53483,26184,79667,53483,0,0,20275,5909,7
2024-10-19,1,208 Ferrari Way,73394,27794,101188,73394,0,0,18372,9422,4
2024-10-19,2,The Federal Reserve,92427,27703,120130,92427,0,0,17209,10494,5
2024-10-19,3,Golden Hour,61674,31632,93306,61674,0,0,18372,13260,8
2024-10-19,4,Lisan al-Caleb,72686,34523,107209,72686,0,0,22876,11647,4
2024-10-19,5,Mommy Rainier,47614,36136,83750,47614,0,0,22876,13260,11
2024-10-19,6,Mostly Washed,66770,30830,97600,66770,0,0,20265,10565,6
2024-10-19,7,Cártel de Breece y Puka,61957,30677,92634,61957,0,0,18372,12305,7
2024-10-19,8,Loading…,65806,36136,101942,65806,0,0,22876,13260,6
2024-10-19,9,Gaeta Spur FC,67281,35935,103216,67281,0,0,20265,15670,5
2024-10-19,10,Rashid Shaheed Truthers,70711,30830,101541,70711,0,0,20265,10565,6
2024-10-19,11,All You Need Is LOVE,60759,39595,100354,60759,0,0,24039,15556,6
2024-10-19,12,Omar Comin,53246,26149,79395,53246,0,0,20265,5884,7
2024-10-20,1,208 Ferrari Way,73416,27806,101222,73416,0,0,18383,9423,4
2024-10-20,2,The Federal Reserve,92402,27786,120188,92402,0,0,17207,10579,4
2024-10-20,3,Golden Hour,61631,31638,93269,61631,0,0,18383,13255,8
2024-10-20,4,Lisan al-Caleb,72660,34588,107248,72660,0,0,22879,11709,4
2024-10-20,5,Mommy Rainier,47625,36134,83759,47625,0,0,22879,13255,11
2024-10-20,6,Mostly Washed,66850,30924,97774,66850,0,0,20294,10630,6
2024-10-20,7,Cártel de Breece y Puka,61994,30743,92737,61994,0,0,18383,12360,7
2024-10-20,8,Loading…,65747,36134,101881,65747,0,0,22879,13255,6
2024-10-20,9,Gaeta Spur FC,67149,36090,103239,67149,0,0,20294,15796,5
2024-10-20,10,Rashid Shaheed Truthers,70760,30924,101684,70760,0,0,20294,10630,6
2024-10-20,11,All You Need Is LOVE,60775,39647,100422,60775,0,0,24055,15592,6
2024-10-20,12,Omar Comin,53266,26186,79452,53266,0,0,20294,5892,7
2024-10-21,1,208 Ferrari Way,73488,27887,101375,73488,0,0,18380,9507,4
2024-10-21,2,The Federal Reserve,92477,27730,120207,92477,0,0,17198,10532,4
2024-10-21,3,Golden Hour,61525,31607,93132,61525,0,0,18380,13227,8
2024-10-21,4,Lisan al-Caleb,72586,34700,107286,72586,0,0,22964,11736,4
2024-10-21,5,Mommy Rainier,47598,36191,83789,47598,0,0,22964,13227,11
2024-10-21,6,Mostly Washed,66983,30965,97948,66983,0,0,20335,10630,6
2024-10-21,7,Cártel de Breece y Puka,61997,30764,92761,61997,0,0,18380,12384,7
2024-10-21,8,Loading…,65803,36191,101994,65803,0,0,22964,13227,6
2024-10-21,9,Gaeta Spur FC,67231,36093,103324,67231,0,0,20335,15758,5
2024-10-21,10,Rashid Shaheed Truthers,70704,30965,101669,70704,0,0,20335,10630,6
2024-10-21,11,All You Need Is LOVE,60726,39700,100426,60726,0,0,24146,15554,6
2024-10-21,12,Omar Comin,53203,26295,79498,53203,0,0,20335,5960,7
2024-10-22,1,208 Ferrari Way,73358,27741,101099,73358,0,0,18273,9468,4
2024-10-22,2,The Federal Reserve,92457,27631,120088,92457,0,0,17067,10564,4
2024-10-22,3,Golden Hour,61528,31561,93089,61528,0,0,18273,13288,8
2024-10-22,4,Lisan al-Caleb,72885,34866,107751,72885,0,0,23145,11721,4
2024-10-22,5,Mommy Rainier,47638,36433,84071,47638,0,0,23145,13288,11
2024-10-22,6,Mostly Washed,67225,30869,98094,67225,0,0,20289,10580,6
2024-10-22,7,Cártel de Breece y Puka,62092,30690,92782,62092,0,0,18273,12417,7
2024-10-22,8,Loading…,65594,36433,102027,65594,0,0,23145,13288,6
2024-10-22,9,Gaeta Spur FC,67428,36005,103433,67428,0,0,20289,15716,5
2024-10-22,10,Rashid Shaheed Truthers,70759,30869,101628,70759,0,0,20289,10580,6
2024-10-22,11,All You Need Is LOVE,60504,39908,100412,60504,0,0,24351,15557,6
2024-10-22,12,Omar Comin,52574,26178,78752,52574,0,0,20289,5889,7
2024-10-23,1,208 Ferrari Way,70325,32116,102441,70325,0,0,18346,13770,3
2024-10-23,2,The Federal Reserve,92685,27676,120361,92685,0,0,17184,10492,3
2024-10-23,3,Golden Hour,59911,31547,91458,59911,0,0,18346,13201,8
2024-10-23,4,Lisan al-Caleb,72700,34834,107534,72700,0,0,23094,11740,4
2024-10-23,5,Mommy Rainier,47717,36295,84012,47717,0,0,23094,13201,11
2024-10-23,6,Mostly Washed,67732,31044,98776,67732,0,0,20412,10632,6
2024-10-23,7,Cártel de Breece y Puka,66493,26471,92964,66493,0,0,18346,8125,7
2024-10-23,8,Loading…,65116,36295,101411,65116,0,0,23094,13201,7
2024-10-23,9,Gaeta Spur FC,67823,36182,104005,67823,0,0,20412,15770,5
2024-10-23,10,Rashid Shaheed Truthers,70873,31044,101917,70873,0,0,20412,10632,6
2024-10-23,11,All You Need Is LOVE,60361,39824,100185,60361,0,0,24256,15568,7
2024-10-23,12,Omar Comin,52348,26372,78720,52348,0,0,20412,5960,7
2024-10-24,1,208 Ferrari Way,70376,31924,102300,70376,0,0,18302,13622,3
2024-10-24,2,The Federal Reserve,92866,27683,120549,92866,0,0,17159,10524,3
2024-10-24,3,Golden Hour,59903,31502,91405,59903,0,0,18302,13200,9
2024-10-24,4,Lisan al-Caleb,72510,34761,107271,72510,0,0,23084,11677,4
2024-10-24,5,Mommy Rainier,47406,36284,83690,47406,0,0,23084,13200,11
2024-10-24,6,Mostly Washed,67778,31034,98812,67778,0,0,20426,10608,6
2024-10-24,7,Cártel de Breece y Puka,64732,26384,91116,64732,0,0,18302,8082,7
2024-10-24,8,Loading…,64769,36284,101053,64769,0,0,23084,13200,6
2024-10-24,9,Gaeta Spur FC,68359,36198,104557,68359,0,0,20426,15772,5
2024-10-24,10,Rashid Shaheed Truthers,70768,31034,101802,70768,0,0,20426,10608,7
2024-10-24,11,All You Need Is LOVE,60358,39782,100140,60358,0,0,24227,15555,7
2024-10-24,12,Omar Comin,52258,26318,78576,52258,0,0,20426,5892,7
2024-10-25,1,208 Ferrari Way,70526,31821,102347,70526,0,0,18260,13561,3
2024-10-25,2,The Federal Reserve,93012,27654,120666,93012,0,0,17105,10549,3
2024-10-25,3,Golden Hour,60143,31475,91618,60143,0,0,18260,13215,9
2024-10-25,4,Lisan al-Caleb,72145,34717,106862,72145,0,0,23054,11663,4
2024-10-25,5,Mommy Rainier,47295,36269,83564,47295,0,0,23054,13215,11
2024-10-25,6,Mostly Washed,67879,30967,98846,67879,0,0,20376,10591,6
2024-10-25,7,Cártel de Breece y Puka,64681,26336,91017,64681,0,0,18260,8076,7
2024-10-25,8,Loading…,64560,36269,100829,64560,0,0,23054,13215,6
2024-10-25,9,Gaeta Spur FC,68531,36141,104672,68531,0,0,20376,15765,5
2024-10-25,10,Rashid Shaheed Truthers,70994,30967,101961,70994,0,0,20376,10591,7
2024-10-25,11,All You Need Is LOVE,60264,39788,100052,60264,0,0,24209,15579,7
2024-10-25,12,Omar Comin,52355,26232,78587,52355,0,0,20376,5856,7
2024-10-26,1,208 Ferrari Way,70762,31962,102724,70762,0,0,18363,13599,3
2024-10-26,2,The Federal Reserve,93046,27787,120833,93046,0,0,17183,10604,3
2024-10-26,3,Golden Hour,60172,31607,91779,60172,0,0,18363,13244,9
2024-10-26,4,Lisan al-Caleb,71906,34773,106679,71906,0,0,23075,11698,4
2024-10-26,5,Mommy Rainier,46585,36319,82904,46585,0,0,23075,13244,11
2024-10-26,6,Mostly Washed,67821,31029,98850,67821,0,0,20429,10600,6
2024-10-26,7,Cártel de Breece y Puka,65648,26436,92084,65648,0,0,18363,8073,7
2024-10-26,8,Loading…,64374,36319,100693,64374,0,0,23075,13244,6
2024-10-26,9,Gaeta Spur FC,68654,36222,104876,68654,0,0,20429,15793,5
2024-10-26,10,Rashid Shaheed Truthers,71042,31029,102071,71042,0,0,20429,10600,7
2024-10-26,11,All You Need Is LOVE,58988,39872,98860,58988,0,0,24255,15617,8
2024-10-26,12,Omar Comin,52294,26281,78575,52294,0,0,20429,5852,7
2024-10-27,1,208 Ferrari Way,70668,32043,102711,70668,0,0,18434,13609,3
2024-10-27,2,The Federal Reserve,92983,27900,120883,92983,0,0,17254,10646,3
2024-10-27,3,Golden Hour,60317,31669,91986,60317,0,0,18434,13235,9
2024-10-27,4,Lisan al-Caleb,71855,34829,106684,71855,0,0,23097,11732,4
2024-10-27,5,Mommy Rainier,46555,36332,82887,46555,0,0,23097,13235,10
2024-10-27,6,Mostly Washed,67806,31074,98880,67806,0,0,20462,10612,6
2024-10-27,7,Cártel de Breece y Puka,67404,26533,93937,67404,0,0,18434,8099,7
2024-10-27,8,Loading…,64213,36332,100545,64213,0,0,23097,13235,6
2024-10-27,9,Gaeta Spur FC,68786,36286,105072,68786,0,0,20462,15824,4
2024-10-27,10,Rashid Shaheed Truthers,71144,31074,102218,71144,0,0,20462,10612,7
2024-10-27,11,All You Need Is LOVE,59068,39891,98959,59068,0,0,24277,15614,9
2024-10-27,12,Omar Comin,52142,26325,78467,52142,0,0,20462,5863,7
2024-10-28,1,208 Ferrari Way,70683,32049,102732,70683,0,0,18463,13586,3
2024-10-28,2,The Federal Reserve,92908,27927,120835,92908,0,0,17286,10641,3
2024-10-28,3,Golden Hour,60384,31713,92097,60384,0,0,18463,13250,9
2024-10-28,4,Lisan al-Caleb,71809,34819,106628,71809,0,0,23107,11712,4
2024-10-28,5,Mommy Rainier,46599,36357,82956,46599,0,0,23107,13250,10
2024-10-28,6,Mostly Washed,67740,31083,98823,67740,0,0,20461,10622,6
2024-10-28,7,Cártel de Breece y Puka,67525,26562,94087,67525,0,0,18463,8099,7
2024-10-28,8,Loading…,63980,36357,100337,63980,0,0,23107,13250,6
2024-10-28,9,Gaeta Spur FC,69007,36279,105286,69007,0,0,20461,15818,4
2024-10-28,10,Rashid Shaheed Truthers,71332,31083,102415,71332,0,0,20461,10622,7
2024-10-28,11,All You Need Is LOVE,58898,39900,98798,58898,0,0,24284,15616,9
2024-10-28,12,Omar Comin,52259,26331,78590,52259,0,0,20461,5870,7
2024-10-29,1,208 Ferrari Way,71214,31872,103086,71214,0,0,18386,13486,3
2024-10-29,2,The Federal Reserve,93077,27771,120848,93077,0,0,17212,10559,3
2024-10-29,3,Golden Hour,60765,31487,92252,60765,0,0,18386,13101,9
2024-10-29,4,Lisan al-Caleb,71649,34626,106275,71649,0,0,23062,11564,4
2024-10-29,5,Mommy Rainier,46356,36163,82519,46356,0,0,23062,13101,10
2024-10-29,6,Mostly Washed,67618,30829,98447,67618,0,0,20223,10606,6
2024-10-29,7,Cártel de Breece y Puka,67587,26448,94035,67587,0,0,18386,8062,7
2024-10-29,8,Loading…,63894,36163,100057,63894,0,0,23062,13101,6
2024-10-29,9,Gaeta Spur FC,69038,35965,105003,69038,0,0,20223,15742,4
2024-10-29,10,Rashid Shaheed Truthers,71706,30829,102535,71706,0,0,20223,10606,7
2024-10-29,11,All You Need Is LOVE,58611,39714,98325,58611,0,0,24236,15478,9
2024-10-29,12,Omar Comin,52509,25901,78410,52509,0,0,20223,5678,7
2024-10-30,1,208 Ferrari Way,71413,31993,103406,71413,0,0,18403,13590,3
2024-10-30,2,The Federal Reserve,93863,27722,121585,93863,0,0,17238,10484,3
2024-10-30,3,Golden Hour,61064,31525,92589,61064,0,0,18403,13122,8
2024-10-30,4,Lisan al-Caleb,71463,34641,106104,71463,0,0,23035,11606,4
2024-10-30,5,Mommy Rainier,46096,36157,82253,46096,0,0,23035,13122,10
2024-10-30,6,Mostly Washed,68239,30894,99133,68239,0,0,20303,10591,6
2024-10-30,7,Cártel de Breece y Puka,68907,26534,95441,68907,0,0,18403,8131,6
2024-10-30,8,Loading…,63619,36157,99776,63619,0,0,23035,13122,6
2024-10-30,9,Gaeta Spur FC,69202,35989,105191,69202,0,0,20303,15686,4
2024-10-30,10,Rashid Shaheed Truthers,71929,30894,102823,71929,0,0,20303,10591,7
2024-10-30,11,All You Need Is LOVE,59528,39680,99208,59528,0,0,24200,15480,8
2024-10-30,12,Omar Comin,52882,26054,78936,52882,0,0,20303,5751,7
2024-10-31,1,208 Ferrari Way,71436,31834,103270,71436,0,0,18334,13500,3
2024-10-31,2,The Federal Reserve,93487,27702,121189,93487,0,0,17185,10517,3
2024-10-31,3,Golden Hour,61348,31527,92875,61348,0,0,18334,13193,8
2024-10-31,4,Lisan al-Caleb,71620,34713,106333,71620,0,0,23082,11631,4
2024-10-31,5,Mommy Rainier,46001,36275,82276,46001,0,0,23082,13193,10
2024-10-31,6,Mostly Washed,68741,30861,99602,68741,0,0,20316,10545,6
2024-10-31,7,Cártel de Breece y Puka,69189,26523,95712,69189,0,0,18334,8189,6
2024-10-31,8,Loading…,63674,36275,99949,63674,0,0,23082,13193,6
2024-10-31,9,Gaeta Spur FC,69226,35957,105183,69226,0,0,20316,15641,4
2024-10-31,10,Rashid Shaheed Truthers,71836,30861,102697,71836,0,0,20316,10545,7
2024-10-31,11,All You Need Is LOVE,59302,39736,99038,59302,0,0,24231,15505,8
2024-10-31,12,Omar Comin,52827,26140,78967,52827,0,0,20316,5824,7
2024-11-01,1,208 Ferrari Way,71535,31753,103288,71535,0,0,18301,13452,3
2024-11-01,2,The Federal Reserve,93390,27747,121137,93390,0,0,17136,10611,3
2024-11-01,3,Golden Hour,61573,31513,93086,61573,0,0,18301,13212,8
2024-11-01,4,Lisan al-Caleb,71622,34812,106434,71622,0,0,23131,11681,5
2024-11-01,5,Mommy Rainier,45855,36343,82198,45855,0,0,23131,13212,10
2024-11-01,6,Mostly Washed,68722,30880,99602,68722,0,0,20377,10503,6
2024-11-01,7,Cártel de Breece y Puka,69346,26486,95832,69346,0,0,18301,8185,6
2024-11-01,8,Loading…,63618,36343,99961,63618,0,0,23131,13212,6
2024-11-01,9,Gaeta Spur FC,69125,36047,105172,69125,0,0,20377,15670,5
2024-11-01,10,Rashid Shaheed Truthers,72015,30880,102895,72015,0,0,20377,10503,7
2024-11-01,11,All You Need Is LOVE,59194,39762,98956,59194,0,0,24296,15466,8
2024-11-01,12,Omar Comin,52843,26254,79097,52843,0,0,20377,5877,7
2024-11-02,1,208 Ferrari Way,71649,31852,103501,71649,0,0,18295,13557,3
2024-11-02,2,The Federal Reserve,93239,27745,120984,93239,0,0,17165,10580,3
2024-11-02,3,Golden Hour,61683,31510,93193,61683,0,0,18295,13215,8
2024-11-02,4,Lisan al-Caleb,71599,34837,106436,71599,0,0,23089,11748,5
2024-11-02,5,Mommy Rainier,45749,36304,82053,45749,0,0,23089,13215,10
2024-11-02,6,Mostly Washed,68878,30909,99787,68878,0,0,20438,10471,6
2024-11-02,7,Cártel de Breece y Puka,67612,26505,94117,67612,0,0,18295,8210,7
2024-11-02,8,Loading…,63935,36304,100239,63935,0,0,23089,13215,6
2024-11-02,9,Gaeta Spur FC,69035,36085,105120,69035,0,0,20438,15647,5
2024-11-02,10,Rashid Shaheed Truthers,72030,30909,102939,72030,0,0,20438,10471,7
2024-11-02,11,All You Need Is LOVE,59058,39680,98738,59058,0,0,24219,15461,8
2024-11-02,12,Omar Comin,52995,26384,79379,52995,0,0,20438,5946,7
2024-11-03,1,208 Ferrari Way,71758,31822,103580,71758,0,0,18275,13547,3
2024-11-03,2,The Federal Reserve,93272,27697,120969,93272,0,0,17141,10556,3
2024-11-03,3,Golden Hour,61753,31507,93260,61753,0,0,18275,13232,9
2024-11-03,4,Lisan al-Caleb,71523,34806,106329,71523,0,0,23042,11764,5
2024-11-03,5,Mommy Rainier,45567,36274,81841,45567,0,0,23042,13232,10
2024-11-03,6,Mostly Washed,68911,30940,99851,68911,0,0,20424,10516,6
2024-11-03,7,Cártel de Breece y Puka,67648,26537,94185,67648,0,0,18275,8262,7
2024-11-03,8,Loading…,63927,36274,100201,63927,0,0,23042,13232,6
2024-11-03,9,Gaeta Spur FC,69224,36098,105322,69224,0,0,20424,15674,5
2024-11-03,10,Rashid Shaheed Truthers,72015,30940,102955,72015,0,0,20424,10516,7
2024-11-03,11,All You Need Is LOVE,59091,39708,98799,59091,0,0,24176,15532,8
2024-11-03,12,Omar Comin,52989,26409,79398,52989,0,0,20424,5985,7
2024-11-04,1,208 Ferrari Way,71868,31746,103614,71868,0,0,18245,13501,3
2024-11-04,2,The Federal Reserve,93132,27677,120809,93132,0,0,17092,10585,3
2024-11-04,3,Golden Hour,61519,31539,93058,61519,0,0,18245,13294,9
2024-11-04,4,Lisan al-Caleb,71363,34783,106146,71363,0,0,23043,11740,5
2024-11-04,5,Mommy Rainier,44032,36337,80369,44032,0,0,23043,13294,11
2024-11-04,6,Mostly Washed,69081,30892,99973,69081,0,0,20399,10493,6
2024-11-04,7,Cártel de Breece y Puka,67600,26484,94084,67600,0,0,18245,8239,7
2024-11-04,8,Loading…,63989,36337,100326,63989,0,0,23043,13294,6
2024-11-04,9,Gaeta Spur FC,69242,36051,105293,69242,0,0,20399,15652,5
2024-11-04,10,Rashid Shaheed Truthers,72003,30892,102895,72003,0,0,20399,10493,7
2024-11-04,11,All You Need Is LOVE,59130,39741,98871,59130,0,0,24196,15545,8
2024-11-04,12,Omar Comin,54623,26377,81000,54623,0,0,20399,5978,7
2024-11-05,1,208 Ferrari Way,71721,31814,103535,71721,0,0,18301,13513,3
2024-11-05,2,The Federal Reserve,92843,27758,120601,92843,0,0,17126,10632,3
2024-11-05,3,Golden Hour,61339,31607,92946,61339,0,0,18301,13306,9
2024-11-05,4,Lisan al-Caleb,71505,34822,106327,71505,0,0,23068,11754,5
2024-11-05,5,Mommy Rainier,43964,36374,80338,43964,0,0,23068,13306,10
2024-11-05,6,Mostly Washed,69422,30946,100368,69422,0,0,20442,10504,6
2024-11-05,7,Cártel de Breece y Puka,67430,26550,93980,67430,0,0,18301,8249,7
2024-11-05,8,Loading…,64254,36374,100628,64254,0,0,23068,13306,6
2024-11-05,9,Gaeta Spur FC,69138,36100,105238,69138,0,0,20442,15658,5
2024-11-05,10,Rashid Shaheed Truthers,72281,30946,103227,72281,0,0,20442,10504,7
2024-11-05,11,All You Need Is LOVE,59016,39780,98796,59016,0,0,24243,15537,8
2024-11-05,12,Omar Comin,54745,26429,81174,54745,0,0,20442,5987,7
2024-11-06,1,208 Ferrari Way,71729,32002,103731,71729,0,0,18275,13727,4
2024-11-06,2,The Federal Reserve,93655,27703,121358,93655,0,0,17075,10628,3
2024-11-06,3,Golden Hour,61269,31509,92778,61269,0,0,18275,13234,9
2024-11-06,4,Lisan al-Caleb,72611,34875,107486,72611,0,0,23052,11823,4
2024-11-06,5,Mommy Rainier,43906,36286,80192,43906,0,0,23052,13234,10
2024-11-06,6,Mostly Washed,69630,31085,100715,69630,0,0,20517,10568,6
2024-11-06,7,Cártel de Breece y Puka,67260,26574,93834,67260,0,0,18275,8299,7
2024-11-06,8,Loading…,64504,36286,100790,64504,0,0,23052,13234,6
2024-11-06,9,Gaeta Spur FC,69431,36225,105656,69431,0,0,20517,15708,5
2024-11-06,10,Rashid Shaheed Truthers,72298,31085,103383,72298,0,0,20517,10568,7
2024-11-06,11,All You Need Is LOVE,59069,39748,98817,59069,0,0,24252,15496,8
2024-11-06,12,Omar Comin,54810,26498,81308,54810,0,0,20517,5981,7
2024-11-07,1,208 Ferrari Way,71413,31916,103329,71413,0,0,18180,13736,4
2024-11-07,2,The Federal Reserve,93606,27626,121232,93606,0,0,16997,10629,3
2024-11-07,3,Golden Hour,59557,31418,90975,59557,0,0,18180,13238,9
2024-11-07,4,Lisan al-Caleb,72347,34894,107241,72347,0,0,23042,11852,4
2024-11-07,5,Mommy Rainier,43831,36280,80111,43831,0,0,23042,13238,10
2024-11-07,6,Mostly Washed,69772,31030,100802,69772,0,0,20540,10490,7
2024-11-07,7,Cártel de Breece y Puka,67185,26496,93681,67185,0,0,18180,8316,7
2024-11-07,8,Loading…,65006,36280,101286,65006,0,0,23042,13238,6
2024-11-07,9,Gaeta Spur FC,70350,36197,106547,70350,0,0,20540,15657,4
2024-11-07,10,Rashid Shaheed Truthers,72408,31030,103438,72408,0,0,20540,10490,7
2024-11-07,11,All You Need Is LOVE,59229,39665,98894,59229,0,0,24225,15440,8
2024-11-07,12,Omar Comin,54597,26536,81133,54597,0,0,20540,5996,7
2024-11-08,1,208 Ferrari Way,71112,31980,103092,71112,0,0,18176,13804,4
2024-11-08,2,The Federal Reserve,93348,27703,121051,93348,0,0,17006,10697,3
2024-11-08,3,Golden Hour,59303,31462,90765,59303,0,0,18176,13286,9
2024-11-08,4,Lisan al-Caleb,72039,34954,106993,72039,0,0,23045,11909,4
2024-11-08,5,Mommy Rainier,43994,36331,80325,43994,0,0,23045,13286,10
2024-11-08,6,Mostly Washed,70031,31149,101180,70031,0,0,20662,10487,7
2024-11-08,7,Cártel de Breece y Puka,66980,26460,93440,66980,0,0,18176,8284,7
2024-11-08,8,Loading…,65663,36331,101994,65663,0,0,23045,13286,5
2024-11-08,9,Gaeta Spur FC,70399,36372,106771,70399,0,0,20662,15710,4
2024-11-08,10,Rashid Shaheed Truthers,72422,31149,103571,72422,0,0,20662,10487,7
2024-11-08,11,All You Need Is LOVE,59190,39702,98892,59190,0,0,24215,15487,8
2024-11-08,12,Omar Comin,54715,26667,81382,54715,0,0,20662,6005,7
2024-11-09,1,208 Ferrari Way,68304,33151,101455,68304,0,0,18156,14995,5
2024-11-09,2,The Federal Reserve,93407,27669,121076,93407,0,0,16980,10689,3
2024-11-09,3,Golden Hour,56016,36022,92038,56016,0,0,18156,17866,8
2024-11-09,4,Lisan al-Caleb,71897,34929,106826,71897,0,0,23058,11871,4
2024-11-09,5,Mommy Rainier,44045,36353,80398,44045,0,0,23058,13295,10
2024-11-09,6,Mostly Washed,72711,29815,102526,72711,0,0,20599,9216,6
2024-11-09,7,Cártel de Breece y Puka,66787,26448,93235,66787,0,0,18156,8292,7
2024-11-09,8,Loading…,65686,36353,102039,65686,0,0,23058,13295,5
2024-11-09,9,Gaeta Spur FC,72979,31724,104703,72979,0,0,20599,11125,4
2024-11-09,10,Rashid Shaheed Truthers,72263,31090,103353,72263,0,0,20599,10491,7
2024-11-09,11,All You Need Is LOVE,59257,39754,99011,59257,0,0,24234,15520,8
2024-11-09,12,Omar Comin,54782,26572,81354,54782,0,0,20599,5973,7
2024-11-10,1,208 Ferrari Way,68176,33082,101258,68176,0,0,18095,14987,5
2024-11-10,2,The Federal Reserve,93651,27606,121257,93651,0,0,16933,10673,3
2024-11-10,3,Golden Hour,56042,36008,92050,56042,0,0,18095,17913,10
2024-11-10,4,Lisan al-Caleb,71799,34962,106761,71799,0,0,23073,11889,4
2024-11-10,5,Mommy Rainier,44931,36393,81324,44931,0,0,23073,13320,9
2024-11-10,6,Mostly Washed,72711,29810,102521,72711,0,0,20586,9224,6
2024-11-10,7,Cártel de Breece y Puka,66793,26416,93209,66793,0,0,18095,8321,7
2024-11-10,8,Loading…,65859,36393,102252,65859,0,0,23073,13320,5
2024-11-10,9,Gaeta Spur FC,72838,31670,104508,72838,0,0,20586,11084,4
2024-11-10,10,Rashid Shaheed Truthers,72185,31070,103255,72185,0,0,20586,10484,7
2024-11-10,11,All You Need Is LOVE,59382,39796,99178,59382,0,0,24235,15561,8
2024-11-10,12,Omar Comin,54935,26582,81517,54935,0,0,20586,5996,7
2024-11-11,1,208 Ferrari Way,68072,33229,101301,68072,0,0,18201,15028,5
2024-11-11,2,The Federal Reserve,93737,27711,121448,93737,0,0,17018,10693,3
2024-11-11,3,Golden Hour,56147,36088,92235,56147,0,0,18201,17887,10
2024-11-11,4,Lisan al-Caleb,71571,34945,106516,71571,0,0,23057,11888,4
2024-11-11,5,Mommy Rainier,44886,36352,81238,44886,0,0,23057,13295,9
2024-11-11,6,Mostly Washed,72880,29889,102769,72880,0,0,20620,9269,6
2024-11-11,7,Cártel de Breece y Puka,66662,26575,93237,66662,0,0,18201,8374,7
2024-11-11,8,Loading…,65946,36352,102298,65946,0,0,23057,13295,5
2024-11-11,9,Gaeta Spur FC,72954,31728,104682,72954,0,0,20620,11108,4
2024-11-11,10,Rashid Shaheed Truthers,72117,31171,103288,72117,0,0,20620,10551,7
2024-11-11,11,All You Need Is LOVE,59418,39773,99191,59418,0,0,24240,15533,8
2024-11-11,12,Omar Comin,54706,26635,81341,54706,0,0,20620,6015,7
2024-11-12,1,208 Ferrari Way,67865,33340,101205,67865,0,0,18319,15021,5
2024-11-12,2,The Federal Reserve,94051,27902,121953,94051,0,0,17126,10776,3
2024-11-12,3,Golden Hour,56207,36238,92445,56207,0,0,18319,17919,10
2024-11-12,4,Lisan al-Caleb,72309,29789,102098,72309,0,0,23142,6647,3
2024-11-12,5,Mommy Rainier,44878,36459,81337,44878,0,0,23142,13317,9
2024-11-12,6,Mostly Washed,72956,30034,102990,72956,0,0,20651,9383,6
2024-11-12,7,Cártel de Breece y Puka,66513,26531,93044,66513,0,0,18319,8212,7
2024-11-12,8,Loading…,66132,36459,102591,66132,0,0,23142,13317,5
2024-11-12,9,Gaeta Spur FC,72764,31881,104645,72764,0,0,20651,11230,4
2024-11-12,10,Rashid Shaheed Truthers,73324,28239,101563,73324,0,0,20651,7588,7
2024-11-12,11,All You Need Is LOVE,57976,42978,100954,57976,0,0,24335,18643,8
2024-11-12,12,Omar Comin,53850,31782,85632,53850,0,0,20651,11131,7
2024-11-13,1,208 Ferrari Way,67632,33240,100872,67632,0,0,18274,14966,5
2024-11-13,2,The Federal Reserve,94623,27819,122442,94623,0,0,17099,10720,2
2024-11-13,3,Golden Hour,56311,36255,92566,56311,0,0,18274,17981,11
2024-11-13,4,Lisan al-Caleb,72327,29973,102300,72327,0,0,23269,6704,3
2024-11-13,5,Mommy Rainier,45006,30526,75532,45006,0,0,23269,7257,9
2024-11-13,6,Mostly Washed,72901,30074,102975,72901,0,0,20727,9347,6
2024-11-13,7,Cártel de Breece y Puka,68364,24398,92762,68364,0,0,18274,6124,6
2024-11-13,8,Loading…,66271,36664,102935,66271,0,0,23269,13395,5
2024-11-13,9,Gaeta Spur FC,71670,34036,105706,71670,0,0,20727,13309,4
2024-11-13,10,Rashid Shaheed Truthers,73126,28320,101446,73126,0,0,20727,7593,7
2024-11-13,11,All You Need Is LOVE,57847,43106,100953,57847,0,0,24444,18662,8
2024-11-13,12,Omar Comin,55202,38005,93207,55202,0,0,20727,17278,8
2024-11-14,1,208 Ferrari Way,67494,33296,100790,67494,0,0,18280,15016,5
2024-11-14,2,The Federal Reserve,93591,27796,121387,93591,0,0,17089,10707,2
2024-11-14,3,Golden Hour,56462,36335,92797,56462,0,0,18280,18055,11
2024-11-14,4,Lisan al-Caleb,72043,29987,102030,72043,0,0,23241,6746,3
2024-11-14,5,Mommy Rainier,45106,30597,75703,45106,0,0,23241,7356,9
2024-11-14,6,Mostly Washed,73189,30046,103235,73189,0,0,20705,9341,6
2024-11-14,7,Cártel de Breece y Puka,68332,24442,92774,68332,0,0,18280,6162,6
2024-11-14,8,Loading…,66413,36713,103126,66413,0,0,23241,13472,5
2024-11-14,9,Gaeta Spur FC,71528,34026,105554,71528,0,0,20705,13321,4
2024-11-14,10,Rashid Shaheed Truthers,72927,28312,101239,72927,0,0,20705,7607,7
2024-11-14,11,All You Need Is LOVE,57808,43159,100967,57808,0,0,24432,18727,8
2024-11-14,12,Omar Comin,55087,37967,93054,55087,0,0,20705,17262,8
2024-11-15,1,208 Ferrari Way,67468,33449,100917,67468,0,0,18367,15082,5
2024-11-15,2,The Federal Reserve,93675,27822,121497,93675,0,0,17155,10667,2
2024-11-15,3,Golden Hour,56500,36424,92924,56500,0,0,18367,18057,11
2024-11-15,4,Lisan al-Caleb,72120,29974,102094,72120,0,0,23210,6764,3
2024-11-15,5,Mommy Rainier,45289,30563,75852,45289,0,0,23210,7353,9
2024-11-15,6,Mostly Washed,73152,30118,103270,73152,0,0,20780,9338,6
2024-11-15,7,Cártel de Breece y Puka,68279,24513,92792,68279,0,0,18367,6146,6
2024-11-15,8,Loading…,66221,36682,102903,66221,0,0,23210,13472,5
2024-11-15,9,Gaeta Spur FC,71567,34122,105689,71567,0,0,20780,13342,4
2024-11-15,10,Rashid Shaheed Truthers,72715,28429,101144,72715,0,0,20780,7649,7
2024-11-15,11,All You Need Is LOVE,57555,43160,100715,57555,0,0,24422,18738,8
2024-11-15,12,Omar Comin,55009,38044,93053,55009,0,0,20780,17264,8
2024-11-16,1,208 Ferrari Way,67361,33488,100849,67361,0,0,18385,15103,5
2024-11-16,2,The Federal Reserve,93835,27867,121702,93835,0,0,17175,10692,2
2024-11-16,3,Golden Hour,56412,36532,92944,56412,0,0,18385,18147,10
2024-11-16,4,Lisan al-Caleb,72064,30069,102133,72064,0,0,23313,6756,3
2024-11-16,5,Mommy Rainier,48190,24896,73086,48190,0,0,23313,1583,9
2024-11-16,6,Mostly Washed,73153,30165,103318,73153,0,0,20770,9395,6
2024-11-16,7,Cártel de Breece y Puka,65977,32712,98689,65977,0,0,18385,14327,5
2024-11-16,8,Loading…,70248,31027,101275,70248,0,0,23313,7714,4
2024-11-16,9,Gaeta Spur FC,71537,34153,105690,71537,0,0,20770,13383,4
2024-11-16,10,Rashid Shaheed Truthers,72591,28442,101033,72591,0,0,20770,7672,7
2024-11-16,11,All You Need Is LOVE,57638,43367,101005,57638,0,0,24523,18844,8
2024-11-16,12,Omar Comin,53523,41494,95017,53523,0,0,20770,20724,8
2024-11-17,1,208 Ferrari Way,67348,33477,100825,67348,0,0,18334,15143,5
2024-11-17,2,The Federal Reserve,93786,27845,121631,93786,0,0,17136,10709,2
2024-11-17,3,Golden Hour,56426,36362,92788,56426,0,0,18334,18028,10
2024-11-17,4,Lisan al-Caleb,72092,30066,102158,72092,0,0,23258,6808,3
2024-11-17,5,Mommy Rainier,48150,24809,72959,48150,0,0,23258,1551,9
2024-11-17,6,Mostly Washed,73270,30225,103495,73270,0,0,20828,9397,6
2024-11-17,7,Cártel de Breece y Puka,65900,32620,98520,65900,0,0,18334,14286,5
2024-11-17,8,Loading…,70210,30941,101151,70210,0,0,23258,7683,4
2024-11-17,9,Gaeta Spur FC,71570,34259,105829,71570,0,0,20828,13431,4
2024-11-17,10,Rashid Shaheed Truthers,72592,28489,101081,72592,0,0,20828,7661,7
2024-11-17,11,All You Need Is LOVE,57696,43214,100910,57696,0,0,24456,18758,8
2024-11-17,12,Omar Comin,53502,41637,95139,53502,0,0,20828,20809,8
2024-11-18,1,208 Ferrari Way,67267,33497,100764,67267,0,0,18340,15157,5
2024-11-18,2,The Federal Reserve,91009,27921,118930,91009,0,0,17135,10786,3
2024-11-18,3,Golden Hour,56394,36363,92757,56394,0,0,18340,18023,10
2024-11-18,4,Lisan al-Caleb,72013,30138,102151,72013,0,0,23348,6790,3
2024-11-18,5,Mommy Rainier,48148,24931,73079,48148,0,0,23348,1583,9
2024-11-18,6,Mostly Washed,73137,30185,103322,73137,0,0,20823,9362,6
2024-11-18,7,Cártel de Breece y Puka,65516,34109,99625,65516,0,0,18340,15769,5
2024-11-18,8,Loading…,70949,31079,102028,70949,0,0,23348,7731,4
2024-11-18,9,Gaeta Spur FC,71592,34310,105902,71592,0,0,20823,13487,4
2024-11-18,10,Rashid Shaheed Truthers,72346,28550,100896,72346,0,0,20823,7727,7
2024-11-18,11,All You Need Is LOVE,57612,43206,100818,57612,0,0,24553,18653,8
2024-11-18,12,Omar Comin,56609,40167,96776,56609,0,0,20823,19344,6
2024-11-19,1,208 Ferrari Way,67337,33454,100791,67337,0,0,18372,15082,5
2024-11-19,2,The Federal Reserve,90651,27967,118618,90651,0,0,17165,10802,3
2024-11-19,3,Golden Hour,56161,36459,92620,56161,0,0,18372,18087,10
2024-11-19,4,Lisan al-Caleb,71862,30040,101902,71862,0,0,23347,6693,3
2024-11-19,5,Mommy Rainier,48278,24890,73168,48278,0,0,23347,1543,9
2024-11-19,6,Mostly Washed,73068,30109,103177,73068,0,0,20712,9397,6
2024-11-19,7,Cártel de Breece y Puka,66140,34148,100288,66140,0,0,18372,15776,4
2024-11-19,8,Loading…,70835,31059,101894,70835,0,0,23347,7712,4
2024-11-19,9,Gaeta Spur FC,71874,34174,106048,71874,0,0,20712,13462,4
2024-11-19,10,Rashid Shaheed Truthers,72161,28425,100586,72161,0,0,20712,7713,7
2024-11-19,11,All You Need Is LOVE,56970,43281,100251,56970,0,0,24554,18727,8
2024-11-19,12,Omar Comin,57244,40022,97266,57244,0,0,20712,19310,6
2024-11-20,1,208 Ferrari Way,65649,33538,99187,65649,0,0,18459,15079,6
2024-11-20,2,The Federal Reserve,88798,28047,116845,88798,0,0,17280,10767,4
2024-11-20,3,Golden Hour,56065,36559,92624,56065,0,0,18459,18100,11
2024-11-20,4,Lisan al-Caleb,71538,29958,101496,71538,0,0,23261,6697,3
2024-11-20,5,Mommy Rainier,48220,24811,73031,48220,0,0,23261,1550,9
2024-11-20,6,Mostly Washed,73018,30133,103151,73018,0,0,20708,9425,6
2024-11-20,7,Cártel de Breece y Puka,66686,34195,100881,66686,0,0,18459,15736,4
2024-11-20,8,Loading…,70612,30954,101566,70612,0,0,23261,7693,4
2024-11-20,9,Gaeta Spur FC,71855,34175,106030,71855,0,0,20708,13467,4
2024-11-20,10,Rashid Shaheed Truthers,71879,28401,100280,71879,0,0,20708,7693,7
2024-11-20,11,All You Need Is LOVE,57117,43213,100330,57117,0,0,24440,18773,8
2024-11-20,12,Omar Comin,57621,39980,97601,57621,0,0,20708,19272,7
2024-11-21,1,208 Ferrari Way,65635,33588,99223,65635,0,0,18464,15124,6
2024-11-21,2,The Federal Reserve,88641,28029,116670,88641,0,0,17290,10739,4
2024-11-21,3,Golden Hour,55830,36520,92350,55830,0,0,18464,18056,11
2024-11-21,4,Lisan al-Caleb,71371,29944,101315,71371,0,0,23226,6718,3
2024-11-21,5,Mommy Rainier,48157,24771,72928,48157,0,0,23226,1545,9
2024-11-21,6,Mostly Washed,73037,30205,103242,73037,0,0,20721,9484,6
2024-11-21,7,Cártel de Breece y Puka,67158,34178,101336,67158,0,0,18464,15714,4
2024-11-21,8,Loading…,70400,30875,101275,70400,0,0,23226,7649,4
2024-11-21,9,Gaeta Spur FC,71814,34211,106025,71814,0,0,20721,13490,4
2024-11-21,10,Rashid Shaheed Truthers,71758,28431,100189,71758,0,0,20721,7710,7
2024-11-21,11,All You Need Is LOVE,57207,43175,100382,57207,0,0,24400,18775,8
2024-11-21,12,Omar Comin,58004,39937,97941,58004,0,0,20721,19216,7
2024-11-22,1,208 Ferrari Way,65555,33465,99020,65555,0,0,18481,14984,6
2024-11-22,2,The Federal Reserve,88634,28034,116668,88634,0,0,17297,10737,4
2024-11-22,3,Golden Hour,55781,36477,92258,55781,0,0,18481,17996,11
2024-11-22,4,Lisan al-Caleb,71459,29865,101324,71459,0,0,23204,6661,3
2024-11-22,5,Mommy Rainier,48039,24764,72803,48039,0,0,23204,1560,9
2024-11-22,6,Mostly Washed,74543,30114,104657,74543,0,0,20620,9494,5
2024-11-22,7,Cártel de Breece y Puka,67321,34201,101522,67321,0,0,18481,15720,4
2024-11-22,8,Loading…,70279,30787,101066,70279,0,0,23204,7583,4
2024-11-22,9,Gaeta Spur FC,72091,34032,106123,72091,0,0,20620,13412,4
2024-11-22,10,Rashid Shaheed Truthers,71635,28347,99982,71635,0,0,20620,7727,7
2024-11-22,11,All You Need Is LOVE,57307,43091,100398,57307,0,0,24388,18703,8
2024-11-22,12,Omar Comin,58211,39699,97910,58211,0,0,20620,19079,7
2024-11-23,1,208 Ferrari Way,65430,33565,98995,65430,0,0,18532,15033,6
2024-11-23,2,The Federal Reserve,88404,28052,116456,88404,0,0,17346,10706,4
2024-11-23,3,Golden Hour,55759,36545,92304,55759,0,0,18532,18013,11
2024-11-23,4,Lisan al-Caleb,71406,29905,101311,71406,0,0,23265,6640,3
2024-11-23,5,Mommy Rainier,48396,24823,73219,48396,0,0,23265,1558,9
2024-11-23,6,Mostly Washed,74495,30073,104568,74495,0,0,20587,9486,5
2024-11-23,7,Cártel de Breece y Puka,67476,34111,101587,67476,0,0,18532,15579,4
2024-11-23,8,Loading…,70175,30912,101087,70175,0,0,23265,7647,4
2024-11-23,9,Gaeta Spur FC,72064,34021,106085,72064,0,0,20587,13434,4
2024-11-23,10,Rashid Shaheed Truthers,71681,28312,99993,71681,0,0,20587,7725,7
2024-11-23,11,All You Need Is LOVE,57325,43194,100519,57325,0,0,24451,18743,8
2024-11-23,12,Omar Comin,58403,39683,98086,58403,0,0,20587,19096,7
2024-11-24,1,208 Ferrari Way,65473,33450,98923,65473,0,0,18499,14951,6
2024-11-24,2,The Federal Reserve,88316,28030,116346,88316,0,0,17304,10726,4
2024-11-24,3,Golden Hour,55720,36536,92256,55720,0,0,18499,18037,11
2024-11-24,4,Lisan al-Caleb,71321,29960,101281,71321,0,0,23357,6603,3
2024-11-24,5,Mommy Rainier,48394,24896,73290,48394,0,0,23357,1539,9
2024-11-24,6,Mostly Washed,74445,30015,104460,74445,0,0,20546,9469,5
2024-11-24,7,Cártel de Breece y Puka,67543,34116,101659,67543,0,0,18499,15617,4
2024-11-24,8,Loading…,70125,31001,101126,70125,0,0,23357,7644,4
2024-11-24,9,Gaeta Spur FC,72025,33950,105975,72025,0,0,20546,13404,4
2024-11-24,10,Rashid Shaheed Truthers,71724,28254,99978,71724,0,0,20546,7708,7
2024-11-24,11,All You Need Is LOVE,57326,43321,100647,57326,0,0,24552,18769,8
2024-11-24,12,Omar Comin,59622,39671,99293,59622,0,0,20546,19125,7
2024-11-25,1,208 Ferrari Way,65359,33432,98791,65359,0,0,18517,14915,6
2024-11-25,2,The Federal Reserve,88190,28013,116203,88190,0,0,17313,10700,4
2024-11-25,3,Golden Hour,55867,36529,92396,55867,0,0,18517,18012,11
2024-11-25,4,Lisan al-Caleb,71276,29946,101222,71276,0,0,23376,6570,3
2024-11-25,5,Mommy Rainier,48482,24927,73409,48482,0,0,23376,1551,9
2024-11-25,6,Mostly Washed,74574,29968,104542,74574,0,0,20488,9480,5
2024-11-25,7,Cártel de Breece y Puka,67630,34053,101683,67630,0,0,18517,15536,4
2024-11-25,8,Loading…,70054,31035,101089,70054,0,0,23376,7659,4
2024-11-25,9,Gaeta Spur FC,71953,33867,105820,71953,0,0,20488,13379,4
2024-11-25,10,Rashid Shaheed Truthers,71731,28229,99960,71731,0,0,20488,7741,7
2024-11-25,11,All You Need Is LOVE,57362,43313,100675,57362,0,0,24580,18733,8
2024-11-25,12,Omar Comin,59676,39524,99200,59676,0,0,20488,19036,7
2024-11-26,1,208 Ferrari Way,65448,33427,98875,65448,0,0,18620,14807,6
2024-11-26,2,The Federal Reserve,88155,28106,116261,88155,0,0,17419,10687,4
2024-11-26,3,Golden Hour,56164,36651,92815,56164,0,0,18620,18031,11
2024-11-26,4,Lisan al-Caleb,71232,29923,101155,71232,0,0,23368,6555,3
2024-11-26,5,Mommy Rainier,48428,24941,73369,48428,0,0,23368,1573,9
2024-11-26,6,Mostly Washed,74458,29962,104420,74458,0,0,20517,9445,5
2024-11-26,7,Cártel de Breece y Puka,67796,34237,102033,67796,0,0,18620,15617,4
2024-11-26,8,Loading…,69819,31023,100842,69819,0,0,23368,7655,4
2024-11-26,9,Gaeta Spur FC,72149,33796,105945,72149,0,0,20517,13279,4
2024-11-26,10,Rashid Shaheed Truthers,71552,28235,99787,71552,0,0,20517,7718,7
2024-11-26,11,All You Need Is LOVE,57233,43273,100506,57233,0,0,24569,18704,8
2024-11-26,12,Omar Comin,59842,39506,99348,59842,0,0,20517,18989,7
2024-11-27,1,208 Ferrari Way,65416,33478,98894,65416,0,0,18643,14835,5
2024-11-27,2,The Federal Reserve,88112,28107,116219,88112,0,0,17433,10674,4
2024-11-27,3,Golden Hour,56379,36626,93005,56379,0,0,18643,17983,11
2024-11-27,4,Lisan al-Caleb,71390,29942,101332,71390,0,0,23366,6576,3
2024-11-27,5,Mommy Rainier,48270,24919,73189,48270,0,0,23366,1553,9
2024-11-27,6,Mostly Washed,74410,29939,104349,74410,0,0,20503,9436,5
2024-11-27,7,Cártel de Breece y Puka,65915,34254,100169,65915,0,0,18643,15611,4
2024-11-27,8,Loading…,69581,30995,100576,69581,0,0,23366,7629,4
2024-11-27,9,Gaeta Spur FC,72310,33786,106096,72310,0,0,20503,13283,4
2024-11-27,10,Rashid Shaheed Truthers,71463,28221,99684,71463,0,0,20503,7718,7
2024-11-27,11,All You Need Is LOVE,57331,43229,100560,57331,0,0,24576,18653,8
2024-11-27,12,Omar Comin,59020,39448,98468,59020,0,0,20503,18945,8
2024-11-28,1,208 Ferrari Way,65520,33481,99001,65520,0,0,18583,14898,5
2024-11-28,2,The Federal Reserve,88025,28055,116080,88025,0,0,17363,10692,4
2024-11-28,3,Golden Hour,56433,36555,92988,56433,0,0,18583,17972,11
2024-11-28,4,Lisan al-Caleb,71482,29990,101472,71482,0,0,23398,6592,3
2024-11-28,5,Mommy Rainier,48103,24932,73035,48103,0,0,23398,1534,9
2024-11-28,6,Mostly Washed,74328,29931,104259,74328,0,0,20520,9411,5
2024-11-28,7,Cártel de Breece y Puka,65994,34240,100234,65994,0,0,18583,15657,4
2024-11-28,8,Loading…,69310,31016,100326,69310,0,0,23398,7618,4
2024-11-28,9,Gaeta Spur FC,72410,33846,106256,72410,0,0,20520,13326,4
2024-11-28,10,Rashid Shaheed Truthers,71421,28228,99649,71421,0,0,20520,7708,7
2024-11-28,11,All You Need Is LOVE,57240,43266,100506,57240,0,0,24618,18648,8
2024-11-28,12,Omar Comin,59198,39564,98762,59198,0,0,20520,19044,8
2024-11-29,1,208 Ferrari Way,65475,33453,98928,65475,0,0,18571,14882,5
2024-11-29,2,The Federal Reserve,88018,28036,116054,88018,0,0,17342,10694,4
2024-11-29,3,Golden Hour,58477,36540,95017,58477,0,0,18571,17969,10
2024-11-29,4,Lisan al-Caleb,71524,29971,101495,71524,0,0,23400,6571,3
2024-11-29,5,Mommy Rainier,47930,24945,72875,47930,0,0,23400,1545,9
2024-11-29,6,Mostly Washed,74228,29900,104128,74228,0,0,20513,9387,5
2024-11-29,7,Cártel de Breece y Puka,66043,34180,100223,66043,0,0,18571,15609,4
2024-11-29,8,Loading…,69196,31033,100229,69196,0,0,23400,7633,4
2024-11-29,9,Gaeta Spur FC,72472,33842,106314,72472,0,0,20513,13329,4
2024-11-29,10,Rashid Shaheed Truthers,71483,28240,99723,71483,0,0,20513,7727,7
2024-11-29,11,All You Need Is LOVE,57302,43247,100549,57302,0,0,24629,18618,8
2024-11-29,12,Omar Comin,59299,39525,98824,59299,0,0,20513,19012,8
2024-11-30,1,208 Ferrari Way,65534,33547,99081,65534,0,0,18668,14879,5
2024-11-30,2,The Federal Reserve,88027,28127,116154,88027,0,0,17443,10684,4
2024-11-30,3,Golden Hour,58536,36636,95172,58536,0,0,18668,17968,10
2024-11-30,4,Lisan al-Caleb,71551,29999,101550,71551,0,0,23441,6558,3
2024-11-30,5,Mommy Rainier,47939,24986,72925,47939,0,0,23441,1545,9
2024-11-30,6,Mostly Washed,74206,29897,104103,74206,0,0,20493,9404,5
2024-11-30,7,Cártel de Breece y Puka,66009,34279,100288,66009,0,0,18668,15611,4
2024-11-30,8,Loading…,69188,31053,100241,69188,0,0,23441,7612,4
2024-11-30,9,Gaeta Spur FC,72446,33831,106277,72446,0,0,20493,13338,4
2024-11-30,10,Rashid Shaheed Truthers,71458,28227,99685,71458,0,0,20493,7734,7
2024-11-30,11,All You Need Is LOVE,57158,43305,100463,57158,0,0,24666,18639,8
2024-11-30,12,Omar Comin,57743,39529,97272,57743,0,0,20493,19036,9
2024-12-01,1,208 Ferrari Way,65582,33645,99227,65582,0,0,18718,14927,5
2024-12-01,2,The Federal Reserve,88259,28180,116439,88259,0,0,17493,10687,4
2024-12-01,3,Golden Hour,58577,36649,95226,58577,0,0,18718,17931,10
2024-12-01,4,Lisan al-Caleb,71618,30005,101623,71618,0,0,23403,6602,3
2024-12-01,5,Mommy Rainier,47875,24931,72806,47875,0,0,23403,1528,9
2024-12-01,6,Mostly Washed,74108,29944,104052,74108,0,0,20526,9418,5
2024-12-01,7,Cártel de Breece y Puka,65937,34317,100254,65937,0,0,18718,15599,4
2024-12-01,8,Loading…,69260,30999,100259,69260,0,0,23403,7596,4
2024-12-01,9,Gaeta Spur FC,72484,33896,106380,72484,0,0,20526,13370,4
2024-12-01,10,Rashid Shaheed Truthers,71305,28244,99549,71305,0,0,20526,7718,7
2024-12-01,11,All You Need Is LOVE,57158,43269,100427,57158,0,0,24628,18641,8
2024-12-01,12,Omar Comin,57751,39553,97304,57751,0,0,20526,19027,9
2024-12-02,1,208 Ferrari Way,65548,33721,99269,65548,0,0,18774,14947,5
2024-12-02,2,The Federal Reserve,88274,28232,116506,88274,0,0,17528,10704,4
2024-12-02,3,Golden Hour,58677,36689,95366,58677,0,0,18774,17915,10
2024-12-02,4,Lisan al-Caleb,71686,30041,101727,71686,0,0,23418,6623,3
2024-12-02,5,Mommy Rainier,47803,24935,72738,47803,0,0,23418,1517,9
2024-12-02,6,Mostly Washed,73987,29931,103918,73987,0,0,20509,9422,5
2024-12-02,7,Cártel de Breece y Puka,65946,34393,100339,65946,0,0,18774,15619,4
2024-12-02,8,Loading…,69295,30987,100282,69295,0,0,23418,7569,4
2024-12-02,9,Gaeta Spur FC,72476,33895,106371,72476,0,0,20509,13386,4
2024-12-02,10,Rashid Shaheed Truthers,71235,28241,99476,71235,0,0,20509,7732,7
2024-12-02,11,All You Need Is LOVE,57164,43305,100469,57164,0,0,24664,18641,8
2024-12-02,12,Omar Comin,57904,39526,97430,57904,0,0,20509,19017,9
2024-12-03,1,208 Ferrari Way,65949,33711,99660,65949,0,0,18750,14961,5
2024-12-03,2,The Federal Reserve,88086,28233,116319,88086,0,0,17525,10708,4
2024-12-03,3,Golden Hour,58786,36723,95509,58786,0,0,18750,17973,10
2024-12-03,4,Lisan al-Caleb,71821,30135,101956,71821,0,0,23463,6672,3
2024-12-03,5,Mommy Rainier,46842,25009,71851,46842,0,0,23463,1546,9
2024-12-03,6,Mostly Washed,74093,29923,104016,74093,0,0,20493,9430,5
2024-12-03,7,Cártel de Breece y Puka,65930,34466,100396,65930,0,0,18750,15716,4
2024-12-03,8,Loading…,69311,31063,100374,69311,0,0,23463,7600,4
2024-12-03,9,Gaeta Spur FC,72829,33871,106700,72829,0,0,20493,13378,4
2024-12-03,10,Rashid Shaheed Truthers,71197,28226,99423,71197,0,0,20493,7733,7
2024-12-03,11,All You Need Is LOVE,57247,43364,100611,57247,0,0,24688,18676,8
2024-12-03,12,Omar Comin,58146,39588,97734,58146,0,0,20493,19095,9
2024-12-04,1,208 Ferrari Way,65927,33493,99420,65927,0,0,18645,14848,5
2024-12-04,2,The Federal Reserve,88155,28102,116257,88155,0,0,17457,10645,4
2024-12-04,3,Golden Hour,58873,36611,95484,58873,0,0,18645,17966,10
2024-12-04,4,Lisan al-Caleb,71930,30189,102119,71930,0,0,23538,6651,3
2024-12-04,5,Mommy Rainier,44531,25097,69628,44531,0,0,23538,1559,10
2024-12-04,6,Mostly Washed,74231,29871,104102,74231,0,0,20485,9386,5
2024-12-04,7,Cártel de Breece y Puka,65805,34304,100109,65805,0,0,18645,15659,5
2024-12-04,8,Loading…,68994,31170,100164,68994,0,0,23538,7632,4
2024-12-04,9,Gaeta Spur FC,74422,33770,108192,74422,0,0,20485,13285,3
2024-12-04,10,Rashid Shaheed Truthers,71919,28153,100072,71919,0,0,20485,7668,7
2024-12-04,11,All You Need Is LOVE,57452,43401,100853,57452,0,0,24726,18675,8
2024-12-04,12,Omar Comin,58323,39595,97918,58323,0,0,20485,19110,9
2024-12-05,1,208 Ferrari Way,66064,33461,99525,66064,0,0,18613,14848,5
2024-12-05,2,The Federal Reserve,88118,28109,116227,88118,0,0,17427,10682,4
2024-12-05,3,Golden Hour,58821,36617,95438,58821,0,0,18613,18004,10
2024-12-05,4,Lisan al-Caleb,71969,30187,102156,71969,0,0,23496,6691,3
2024-12-05,5,Mommy Rainier,44387,25072,69459,44387,0,0,23496,1576,10
2024-12-05,6,Mostly Washed,74190,30025,104215,74190,0,0,20594,9431,5
2024-12-05,7,Cártel de Breece y Puka,65903,34345,100248,65903,0,0,18613,15732,5
2024-12-05,8,Loading…,68854,31183,100037,68854,0,0,23496,7687,4
2024-12-05,9,Gaeta Spur FC,74575,33929,108504,74575,0,0,20594,13335,3
2024-12-05,10,Rashid Shaheed Truthers,71810,28305,100115,71810,0,0,20594,7711,7
2024-12-05,11,All You Need Is LOVE,57576,43399,100975,57576,0,0,24682,18717,8
2024-12-05,12,Omar Comin,58437,39776,98213,58437,0,0,20594,19182,9
2024-12-06,1,208 Ferrari Way,66171,33655,99826,66171,0,0,18712,14943,5
2024-12-06,2,The Federal Reserve,88118,28188,116306,88118,0,0,17533,10655,4
2024-12-06,3,Golden Hour,59793,36727,96520,59793,0,0,18712,18015,9
2024-12-06,4,Lisan al-Caleb,71930,30198,102128,71930,0,0,23490,6708,4
2024-12-06,5,Mommy Rainier,44248,25040,69288,44248,0,0,23490,1550,10
2024-12-06,6,Mostly Washed,74108,30116,104224,74108,0,0,20634,9482,5
2024-12-06,7,Cártel de Breece y Puka,65940,34377,100317,65940,0,0,18712,15665,5
2024-12-06,8,Loading…,68706,31158,99864,68706,0,0,23490,7668,4
2024-12-06,9,Gaeta Spur FC,74540,34020,108560,74540,0,0,20634,13386,3
2024-12-06,10,Rashid Shaheed Truthers,71735,28333,100068,71735,0,0,20634,7699,7
2024-12-06,11,All You Need Is LOVE,57684,43464,101148,57684,0,0,24669,18795,8
2024-12-06,12,Omar Comin,58574,39800,98374,58574,0,0,20634,19166,9
2024-12-07,1,208 Ferrari Way,66158,33666,99824,66158,0,0,18728,14938,5
2024-12-07,2,The Federal Reserve,88112,28202,116314,88112,0,0,17552,10650,4
2024-12-07,3,Golden Hour,59938,36733,96671,59938,0,0,18728,18005,9
2024-12-07,4,Lisan al-Caleb,71993,30246,102239,71993,0,0,23523,6723,4
2024-12-07,5,Mommy Rainier,44126,25076,69202,44126,0,0,23523,1553,11
2024-12-07,6,Mostly Washed,74213,30172,104385,74213,0,0,20700,9472,5
2024-12-07,7,Cártel de Breece y Puka,65858,34428,100286,65858,0,0,18728,15700,5
2024-12-07,8,Loading…,68608,31182,99790,68608,0,0,23523,7659,4
2024-12-07,9,Gaeta Spur FC,74511,34085,108596,74511,0,0,20700,13385,3
2024-12-07,10,Rashid Shaheed Truthers,71647,28401,100048,71647,0,0,20700,7701,7
2024-12-07,11,All You Need Is LOVE,57802,43469,101271,57802,0,0,24699,18770,8
2024-12-07,12,Omar Comin,58537,39868,98405,58537,0,0,20700,19168,9
2024-12-08,1,208 Ferrari Way,66199,33788,99987,66199,0,0,18731,15057,5
2024-12-08,2,The Federal Reserve,88027,28227,116254,88027,0,0,17534,10693,4
2024-12-08,3,Golden Hour,60093,36747,96840,60093,0,0,18731,18016,8
2024-12-08,4,Lisan al-Caleb,72071,30228,102299,72071,0,0,23492,6736,4
2024-12-08,5,Mommy Rainier,43996,25053,69049,43996,0,0,23492,1561,11
2024-12-08,6,Mostly Washed,74223,30201,104424,74223,0,0,20726,9475,5
2024-12-08,7,Cártel de Breece y Puka,65835,34425,100260,65835,0,0,18731,15694,5
2024-12-08,8,Loading…,68517,31179,99696,68517,0,0,23492,7687,4
2024-12-08,9,Gaeta Spur FC,74593,34198,108791,74593,0,0,20726,13472,3
2024-12-08,10,Rashid Shaheed Truthers,71608,28478,100086,71608,0,0,20726,7752,7
2024-12-08,11,All You Need Is LOVE,57864,43441,101305,57864,0,0,24689,18752,8
2024-12-08,12,Omar Comin,58558,39935,98493,58558,0,0,20726,19209,9
2024-12-09,1,208 Ferrari Way,66157,33754,99911,66157,0,0,18714,15040,5
2024-12-09,2,The Federal Reserve,87879,28171,116050,87879,0,0,17510,10661,4
2024-12-09,3,Golden Hour,60205,36704,96909,60205,0,0,18714,17990,8
2024-12-09,4,Lisan al-Caleb,72198,30175,102373,72198,0,0,23447,6728,4
2024-12-09,5,Mommy Rainier,43967,25005,68972,43967,0,0,23447,1558,11
2024-12-09,6,Mostly Washed,74096,30198,104294,74096,0,0,20732,9466,5
2024-12-09,7,Cártel de Breece y Puka,65975,34372,100347,65975,0,0,18714,15658,5
2024-12-09,8,Loading…,68444,31116,99560,68444,0,0,23447,7669,4
2024-12-09,9,Gaeta Spur FC,74621,34185,108806,74621,0,0,20732,13453,3
2024-12-09,10,Rashid Shaheed Truthers,71686,28479,100165,71686,0,0,20732,7747,7
2024-12-09,11,All You Need Is LOVE,57935,43409,101344,57935,0,0,24651,18758,8
2024-12-09,12,Omar Comin,58589,39948,98537,58589,0,0,20732,19216,9
2024-12-10,1,208 Ferrari Way,66092,33797,99889,66092,0,0,18777,15020,5
2024-12-10,2,The Federal Reserve,87714,28219,115933,87714,0,0,17572,10647,4
2024-12-10,3,Golden Hour,60271,36844,97115,60271,0,0,18777,18067,8
2024-12-10,4,Lisan al-Caleb,72104,30207,102311,72104,0,0,23493,6714,4
2024-12-10,5,Mommy Rainier,43956,25053,69009,43956,0,0,23493,1560,11
2024-12-10,6,Mostly Washed,73996,30154,104150,73996,0,0,20688,9466,5
2024-12-10,7,Cártel de Breece y Puka,66476,34469,100945,66476,0,0,18777,15692,5
2024-12-10,8,Loading…,67715,31157,98872,67715,0,0,23493,7664,4
2024-12-10,9,Gaeta Spur FC,74732,34118,108850,74732,0,0,20688,13430,3
2024-12-10,10,Rashid Shaheed Truthers,71891,28427,100318,71891,0,0,20688,7739,7
2024-12-10,11,All You Need Is LOVE,58114,43539,101653,58114,0,0,24698,18841,8
2024-12-10,12,Omar Comin,58564,39924,98488,58564,0,0,20688,19236,9
2024-12-11,1,208 Ferrari Way,66039,33904,99943,66039,0,0,18835,15069,5
2024-12-11,2,The Federal Reserve,87786,28317,116103,87786,0,0,17612,10705,4
2024-12-11,3,Golden Hour,60189,36975,97164,60189,0,0,18835,18140,8
2024-12-11,4,Lisan al-Caleb,72006,30285,102291,72006,0,0,23547,6738,4
2024-12-11,5,Mommy Rainier,43925,25104,69029,43925,0,0,23547,1557,12
2024-12-11,6,Mostly Washed,73898,30219,104117,73898,0,0,20721,9498,5
2024-12-11,7,Cártel de Breece y Puka,67801,34580,102381,67801,0,0,18835,15745,4
2024-12-11,8,Loading…,67511,31256,98767,67511,0,0,23547,7709,4
2024-12-11,9,Gaeta Spur FC,74804,34201,109005,74804,0,0,20721,13480,3
2024-12-11,10,Rashid Shaheed Truthers,71885,28488,100373,71885,0,0,20721,7767,7
2024-12-11,11,All You Need Is LOVE,59366,43694,103060,59366,0,0,24770,18924,7
2024-12-11,12,Omar Comin,58550,40029,98579,58550,0,0,20721,19308,9
2024-12-12,1,208 Ferrari Way,66006,33843,99849,66006,0,0,18817,15026,5
2024-12-12,2,The Federal Reserve,87839,28293,116132,87839,0,0,17611,10682,4
2024-12-12,3,Golden Hour,60259,36968,97227,60259,0,0,18817,18151,8
2024-12-12,4,Lisan al-Caleb,72000,30299,102299,72000,0,0,23567,6732,4
2024-12-12,5,Mommy Rainier,43803,25120,68923,43803,0,0,23567,1553,12
2024-12-12,6,Mostly Washed,73963,30248,104211,73963,0,0,20762,9486,5
2024-12-12,7,Cártel de Breece y Puka,67917,34564,102481,67917,0,0,18817,15747,4
2024-12-12,8,Loading…,67408,31289,98697,67408,0,0,23567,7722,4
2024-12-12,9,Gaeta Spur FC,74877,34204,109081,74877,0,0,20762,13442,3
2024-12-12,10,Rashid Shaheed Truthers,71810,28501,100311,71810,0,0,20762,7739,7
2024-12-12,11,All You Need Is LOVE,59485,43707,103192,59485,0,0,24773,18934,7
2024-12-12,12,Omar Comin,58496,40092,98588,58496,0,0,20762,19330,9
2024-12-13,1,208 Ferrari Way,66081,33762,99843,66081,0,0,18798,14964,5
2024-12-13,2,The Federal Reserve,87851,28231,116082,87851,0,0,17598,10633,4
2024-12-13,3,Golden Hour,60275,36992,97267,60275,0,0,18798,18194,8
2024-12-13,4,Lisan al-Caleb,71938,30392,102330,71938,0,0,23655,6737,4
2024-12-13,5,Mommy Rainier,43779,25226,69005,43779,0,0,23655,1571,12
2024-12-13,6,Mostly Washed,73948,30201,104149,73948,0,0,20719,9482,5
2024-12-13,7,Cártel de Breece y Puka,68016,34544,102560,68016,0,0,18798,15746,4
2024-12-13,8,Loading…,67139,31432,98571,67139,0,0,23655,7777,4
2024-12-13,9,Gaeta Spur FC,74930,34103,109033,74930,0,0,20719,13384,3
2024-12-13,10,Rashid Shaheed Truthers,71765,28466,100231,71765,0,0,20719,7747,7
2024-12-13,11,All You Need Is LOVE,59591,43819,103410,59591,0,0,24855,18964,7
2024-12-13,12,Omar Comin,60128,40048,100176,60128,0,0,20719,19329,8
2024-12-14,1,208 Ferrari Way,66031,33833,99864,66031,0,0,18830,15003,5
2024-12-14,2,The Federal Reserve,87823,28270,116093,87823,0,0,17626,10644,4
2024-12-14,3,Golden Hour,60371,37015,97386,60371,0,0,18830,18185,8
2024-12-14,4,Lisan al-Caleb,71879,30433,102312,71879,0,0,23683,6750,4
2024-12-14,5,Mommy Rainier,43691,25254,68945,43691,0,0,23683,1571,12
2024-12-14,6,Mostly Washed,73951,30228,104179,73951,0,0,20752,9476,5
2024-12-14,7,Cártel de Breece y Puka,68067,34560,102627,68067,0,0,18830,15730,4
2024-12-14,8,Loading…,67012,31473,98485,67012,0,0,23683,7790,4
2024-12-14,9,Gaeta Spur FC,74993,34157,109150,74993,0,0,20752,13405,3
2024-12-14,10,Rashid Shaheed Truthers,71794,28499,100293,71794,0,0,20752,7747,7
2024-12-14,11,All You Need Is LOVE,59629,43846,103475,59629,0,0,24887,18959,7
2024-12-14,12,Omar Comin,60124,40108,100232,60124,0,0,20752,19356,8
2024-12-15,1,208 Ferrari Way,66010,33850,99860,66010,0,0,18848,15002,5
2024-12-15,2,The Federal Reserve,87727,28313,116040,87727,0,0,17650,10663,4
2024-12-15,3,Golden Hour,60385,37032,97417,60385,0,0,18848,18184,8
2024-12-15,4,Lisan al-Caleb,71847,30457,102304,71847,0,0,23706,6751,4
2024-12-15,5,Mommy Rainier,43685,25271,68956,43685,0,0,23706,1565,12
2024-12-15,6,Mostly Washed,73868,30255,104123,73868,0,0,20773,9482,5
2024-12-15,7,Cártel de Breece y Puka,68218,34585,102803,68218,0,0,18848,15737,4
2024-12-15,8,Loading…,67041,31496,98537,67041,0,0,23706,7790,4
2024-12-15,9,Gaeta Spur FC,74968,34183,109151,74968,0,0,20773,13410,3
2024-12-15,10,Rashid Shaheed Truthers,71693,28507,100200,71693,0,0,20773,7734,7
2024-12-15,11,All You Need Is LOVE,59711,43868,103579,59711,0,0,24904,18964,7
2024-12-15,12,Omar Comin,60150,40139,100289,60150,0,0,20773,19366,8
2024-12-16,1,208 Ferrari Way,66003,33884,99887,66003,0,0,18885,14999,5
2024-12-16,2,The Federal Reserve,87736,28357,116093,87736,0,0,17686,10671,4
2024-12-16,3,Golden Hour,60430,37104,97534,60430,0,0,18885,18219,8
2024-12-16,4,Lisan al-Caleb,71827,30511,102338,71827,0,0,23756,6755,4
2024-12-16,5,Mommy Rainier,43686,25333,69019,43686,0,0,23756,1577,12
2024-12-16,6,Mostly Washed,73836,30272,104108,73836,0,0,20765,9507,5
2024-12-16,7,Cártel de Breece y Puka,68300,34631,102931,68300,0,0,18885,15746,4
2024-12-16,8,Loading…,66931,31576,98507,66931,0,0,23756,7820,4
2024-12-16,9,Gaeta Spur FC,74949,34182,109131,74949,0,0,20765,13417,3
2024-12-16,10,Rashid Shaheed Truthers,71748,28524,100272,71748,0,0,20765,7759,7
2024-12-16,11,All You Need Is LOVE,59718,43946,103664,59718,0,0,24955,18991,7
2024-12-16,12,Omar Comin,60160,40124,100284,60160,0,0,20765,19359,8
2024-12-17,1,208 Ferrari Way,66046,33936,99982,66046,0,0,18924,15012,5
2024-12-17,2,The Federal Reserve,87762,28397,116159,87762,0,0,17725,10672,4
2024-12-17,3,Golden Hour,60457,37135,97592,60457,0,0,18924,18211,8
2024-12-17,4,Lisan al-Caleb,71729,30607,102336,71729,0,0,23845,6762,4
2024-12-17,5,Mommy Rainier,43777,25425,69202,43777,0,0,23845,1580,12
2024-12-17,6,Mostly Washed,73893,30307,104200,73893,0,0,20803,9504,5
2024-12-17,7,Cártel de Breece y Puka,68450,34677,103127,68450,0,0,18924,15753,4
2024-12-17,8,Loading…,66847,31657,98504,66847,0,0,23845,7812,4
2024-12-17,9,Gaeta Spur FC,74946,34231,109177,74946,0,0,20803,13428,3
2024-12-17,10,Rashid Shaheed Truthers,71821,28571,100392,71821,0,0,20803,7768,7
2024-12-17,11,All You Need Is LOVE,59617,44017,103634,59617,0,0,25044,18973,7
2024-12-17,12,Omar Comin,60088,40160,100248,60088,0,0,20803,19357,8
2024-12-18,1,208 Ferrari Way,65949,33943,99892,65949,0,0,18927,15016,5
2024-12-18,2,The Federal Reserve,87732,28416,116148,87732,0,0,17736,10680,4
2024-12-18,3,Golden Hour,60480,37124,97604,60480,0,0,18927,18197,8
2024-12-18,4,Lisan al-Caleb,71538,30615,102153,71538,0,0,23818,6797,4
2024-12-18,5,Mommy Rainier,43835,25377,69212,43835,0,0,23818,1559,13
2024-12-18,6,Mostly Washed,73849,30320,104169,73849,0,0,20845,9475,5
2024-12-18,7,Cártel de Breece y Puka,68766,34799,103565,68766,0,0,18927,15872,6
2024-12-18,8,Loading…,66820,31612,98432,66820,0,0,23818,7794,4
2024-12-18,9,Gaeta Spur FC,74922,34263,109185,74922,0,0,20845,13418,3
2024-12-18,10,Rashid Shaheed Truthers,71757,28579,100336,71757,0,0,20845,7734,7
2024-12-18,11,All You Need Is LOVE,58611,43931,102542,58611,0,0,25009,18922,8
2024-12-18,12,Omar Comin,60102,40221,100323,60102,0,0,20845,19376,8
2024-12-19,1,208 Ferrari Way,65821,33821,99642,65821,0,0,18850,14971,5
2024-12-19,2,The Federal Reserve,87685,28287,115972,87685,0,0,17662,10625,4
2024-12-19,3,Golden Hour,60618,37094,97712,60618,0,0,18850,18244,8
2024-12-19,4,Lisan al-Caleb,71533,30602,102135,71533,0,0,23828,6774,4
2024-12-19,5,Mommy Rainier,43878,25406,69284,43878,0,0,23828,1578,13
2024-12-19,6,Mostly Washed,73847,30272,104119,73847,0,0,20848,9424,5
2024-12-19,7,Cártel de Breece y Puka,69006,34723,103729,69006,0,0,18850,15873,6
2024-12-19,8,Loading…,66770,31651,98421,66770,0,0,23828,7823,4
2024-12-19,9,Gaeta Spur FC,74853,34176,109029,74853,0,0,20848,13328,3
2024-12-19,10,Rashid Shaheed Truthers,71779,28531,100310,71779,0,0,20848,7683,7
2024-12-19,11,All You Need Is LOVE,58555,43974,102529,58555,0,0,25016,18958,8
2024-12-19,12,Omar Comin,60498,40227,100725,60498,0,0,20848,19379,7
2024-12-20,1,208 Ferrari Way,65859,33778,99637,65859,0,0,18866,14912,5
2024-12-20,2,The Federal Reserve,87575,28256,115831,87575,0,0,17686,10570,4
2024-12-20,3,Golden Hour,60620,37112,97732,60620,0,0,18866,18246,8
2024-12-20,4,Lisan al-Caleb,71432,30629,102061,71432,0,0,23855,6774,4
2024-12-20,5,Mommy Rainier,43961,25420,69381,43961,0,0,23855,1565,13
2024-12-20,6,Mostly Washed,73846,30205,104051,73846,0,0,20786,9419,5
2024-12-20,7,Cártel de Breece y Puka,69096,34769,103865,69096,0,0,18866,15903,6
2024-12-20,8,Loading…,66762,31663,98425,66762,0,0,23855,7808,4
2024-12-20,9,Gaeta Spur FC,74836,34048,108884,74836,0,0,20786,13262,3
2024-12-20,10,Rashid Shaheed Truthers,71799,28444,100243,71799,0,0,20786,7658,7
2024-12-20,11,All You Need Is LOVE,58691,43999,102690,58691,0,0,25035,18964,8
2024-12-20,12,Omar Comin,60556,40133,100689,60556,0,0,20786,19347,7
2024-12-21,1,208 Ferrari Way,65864,33815,99679,65864,0,0,18888,14927,5
2024-12-21,2,The Federal Reserve,87611,28301,115912,87611,0,0,17705,10596,4
2024-12-21,3,Golden Hour,60610,37192,97802,60610,0,0,18888,18304,8
2024-12-21,4,Lisan al-Caleb,71312,30631,101943,71312,0,0,23855,6776,4
2024-12-21,5,Mommy Rainier,43942,25424,69366,43942,0,0,23855,1569,13
2024-12-21,6,Mostly Washed,73849,30258,104107,73849,0,0,20803,9455,5
2024-12-21,7,Cártel de Breece y Puka,69159,34867,104026,69159,0,0,18888,15979,6
2024-12-21,8,Loading…,66769,31656,98425,66769,0,0,23855,7801,4
2024-12-21,9,Gaeta Spur FC,74755,34087,108842,74755,0,0,20803,13284,3
2024-12-21,10,Rashid Shaheed Truthers,71742,28478,100220,71742,0,0,20803,7675,7
2024-12-21,11,All You Need Is LOVE,58769,44066,102835,58769,0,0,25038,19028,8
2024-12-21,12,Omar Comin,60658,40181,100839,60658,0,0,20803,19378,7
2024-12-22,1,208 Ferrari Way,65854,33835,99689,65854,0,0,18876,14959,5
2024-12-22,2,The Federal Reserve,87555,28323,115878,87555,0,0,17708,10615,4
2024-12-22,3,Golden Hour,60618,37192,97810,60618,0,0,18876,18316,8
2024-12-22,4,Lisan al-Caleb,71269,30629,101898,71269,0,0,23835,6794,4
2024-12-22,5,Mommy Rainier,43896,25392,69288,43896,0,0,23835,1557,13
2024-12-22,6,Mostly Washed,73869,30328,104197,73869,0,0,20851,9477,5
2024-12-22,7,Cártel de Breece y Puka,69158,34903,104061,69158,0,0,18876,16027,6
2024-12-22,8,Loading…,66812,31617,98429,66812,0,0,23835,7782,4
2024-12-22,9,Gaeta Spur FC,74708,34154,108862,74708,0,0,20851,13303,3
2024-12-22,10,Rashid Shaheed Truthers,71780,28503,100283,71780,0,0,20851,7652,7
2024-12-22,11,All You Need Is LOVE,58852,44060,102912,58852,0,0,25003,19057,8
2024-12-22,12,Omar Comin,60696,40264,100960,60696,0,0,20851,19413,7
2024-12-23,1,208 Ferrari Way,65810,33765,99575,65810,0,0,18842,14923,5
2024-12-23,2,The Federal Reserve,87499,28289,115788,87499,0,0,17683,10606,4
2024-12-23,3,Golden Hour,60655,37129,97784,60655,0,0,18842,18287,8
2024-12-23,4,Lisan al-Caleb,71226,30672,101898,71226,0,0,23880,6792,4
2024-12-23,5,Mommy Rainier,43921,25440,69361,43921,0,0,23880,1560,13
2024-12-23,6,Mostly Washed,73864,30295,104159,73864,0,0,20851,9444,5
2024-12-23,7,Cártel de Breece y Puka,69344,34880,104224,69344,0,0,18842,16038,6
2024-12-23,8,Loading…,66728,31652,98380,66728,0,0,23880,7772,4
2024-12-23,9,Gaeta Spur FC,74652,34125,108777,74652,0,0,20851,13274,3
2024-12-23,10,Rashid Shaheed Truthers,71772,28477,100249,71772,0,0,20851,7626,7
2024-12-23,11,All You Need Is LOVE,58872,44050,102922,58872,0,0,25039,19011,8
2024-12-23,12,Omar Comin,60810,40258,101068,60810,0,0,20851,19407,7
2024-12-24,1,208 Ferrari Way,65768,33828,99596,65768,0,0,18920,14908,5
2024-12-24,2,The Federal Reserve,87601,28404,116005,87601,0,0,17746,10658,4
2024-12-24,3,Golden Hour,60773,37312,98085,60773,0,0,18920,18392,8
2024-12-24,4,Lisan al-Caleb,71138,30706,101844,71138,0,0,23940,6766,4
2024-12-24,5,Mommy Rainier,43873,25523,69396,43873,0,0,23940,1583,13
2024-12-24,6,Mostly Washed,73747,30362,104109,73747,0,0,20856,9506,5
2024-12-24,7,Cártel de Breece y Puka,69465,35000,104465,69465,0,0,18920,16080,6
2024-12-24,8,Loading…,66660,31730,98390,66660,0,0,23940,7790,4
2024-12-24,9,Gaeta Spur FC,74638,34149,108787,74638,0,0,20856,13293,3
2024-12-24,10,Rashid Shaheed Truthers,71788,28537,100325,71788,0,0,20856,7681,7
2024-12-24,11,All You Need Is LOVE,58827,44241,103068,58827,0,0,25114,19127,8
2024-12-24,12,Omar Comin,60878,40288,101166,60878,0,0,20856,19432,7
2024-12-25,1,208 Ferrari Way,65750,33880,99630,65750,0,0,18940,14940,5
2024-12-25,2,The Federal Reserve,87673,28419,116092,87673,0,0,17765,10654,4
2024-12-25,3,Golden Hour,62366,37375,99741,62366,0,0,18940,18435,7
2024-12-25,4,Lisan al-Caleb,71032,30756,101788,71032,0,0,23966,6790,4
2024-12-25,5,Mommy Rainier,43854,25562,69416,43854,0,0,23966,1596,13
2024-12-25,6,Mostly Washed,73662,30358,104020,73662,0,0,20843,9515,5
2024-12-25,7,Cártel de Breece y Puka,69535,35057,104592,69535,0,0,18940,16117,6
2024-12-25,8,Loading…,66645,31785,98430,66645,0,0,23966,7819,4
2024-12-25,9,Gaeta Spur FC,74661,34142,108803,74661,0,0,20843,13299,3
2024-12-25,10,Rashid Shaheed Truthers,71832,28535,100367,71832,0,0,20843,7692,7
2024-12-25,11,All You Need Is LOVE,58843,44297,103140,58843,0,0,25141,19156,8
2024-12-25,12,Omar Comin,61101,40286,101387,61101,0,0,20843,19443,6
2024-12-26,1,208 Ferrari Way,65699,33947,99646,65699,0,0,18984,14963,5
2024-12-26,2,The Federal Reserve,87640,28472,116112,87640,0,0,17809,10663,4
2024-12-26,3,Golden Hour,62455,37403,99858,62455,0,0,18984,18419,7
2024-12-26,4,Lisan al-Caleb,70914,30773,101687,70914,0,0,23957,6816,4
2024-12-26,5,Mommy Rainier,43980,25543,69523,43980,0,0,23957,1586,13
2024-12-26,6,Mostly Washed,73613,30383,103996,73613,0,0,20848,9535,5
2024-12-26,7,Cártel de Breece y Puka,69690,35151,104841,69690,0,0,18984,16167,6
2024-12-26,8,Loading…,66644,31754,98398,66644,0,0,23957,7797,4
2024-12-26,9,Gaeta Spur FC,74693,34182,108875,74693,0,0,20848,13334,3
2024-12-26,10,Rashid Shaheed Truthers,71808,28569,100377,71808,0,0,20848,7721,7
2024-12-26,11,All You Need Is LOVE,58825,44269,103094,58825,0,0,25132,19137,8
2024-12-26,12,Omar Comin,61095,40318,101413,61095,0,0,20848,19470,6
2024-12-27,1,208 Ferrari Way,65732,33845,99577,65732,0,0,18966,14879,5
2024-12-27,2,The Federal Reserve,87787,28414,116201,87787,0,0,17785,10629,4
2024-12-27,3,Golden Hour,62544,37379,99923,62544,0,0,18966,18413,7
2024-12-27,4,Lisan al-Caleb,70828,30753,101581,70828,0,0,23933,6820,4
2024-12-27,5,Mommy Rainier,44039,25509,69548,44039,0,0,23933,1576,13
2024-12-27,6,Mostly Washed,73463,30292,103755,73463,0,0,20793,9499,5
2024-12-27,7,Cártel de Breece y Puka,69668,35183,104851,69668,0,0,18966,16217,6
2024-12-27,8,Loading…,66696,31740,98436,66696,0,0,23933,7807,4
2024-12-27,9,Gaeta Spur FC,74692,34063,108755,74692,0,0,20793,13270,3
2024-12-27,10,Rashid Shaheed Truthers,71844,28502,100346,71844,0,0,20793,7709,7
2024-12-27,11,All You Need Is LOVE,58828,44214,103042,58828,0,0,25114,19100,8
2024-12-27,12,Omar Comin,61123,40230,101353,61123,0,0,20793,19437,6
2024-12-28,1,208 Ferrari Way,65780,33870,99650,65780,0,0,18956,14914,5
2024-12-28,2,The Federal Reserve,87806,28402,116208,87806,0,0,17780,10622,4
2024-12-28,3,Golden Hour,62516,37373,99889,62516,0,0,18956,18417,7
2024-12-28,4,Lisan al-Caleb,70873,30762,101635,70873,0,0,23925,6837,4
2024-12-28,5,Mommy Rainier,44066,25502,69568,44066,0,0,23925,1577,13
2024-12-28,6,Mostly Washed,73389,30317,103706,73389,0,0,20830,9487,5
2024-12-28,7,Cártel de Breece y Puka,69721,35183,104904,69721,0,0,18956,16227,5
2024-12-28,8,Loading…,66689,31732,98421,66689,0,0,23925,7807,4
2024-12-28,9,Gaeta Spur FC,74579,34113,108692,74579,0,0,20830,13283,3
2024-12-28,10,Rashid Shaheed Truthers,71883,28527,100410,71883,0,0,20830,7697,7
2024-12-28,11,All You Need Is LOVE,58818,44200,103018,58818,0,0,25101,19099,8
2024-12-28,12,Omar Comin,61203,40279,101482,61203,0,0,20830,19449,7
2024-12-29,1,208 Ferrari Way,65740,33894,99634,65740,0,0,18982,14912,5
2024-12-29,2,The Federal Reserve,87760,28404,116164,87760,0,0,17784,10620,4
2024-12-29,3,Golden Hour,62583,37375,99958,62583,0,0,18982,18393,7
2024-12-29,4,Lisan al-Caleb,70810,30753,101563,70810,0,0,23914,6839,4
2024-12-29,5,Mommy Rainier,44065,25504,69569,44065,0,0,23914,1590,13
2024-12-29,6,Mostly Washed,73400,30300,103700,73400,0,0,20842,9458,5
2024-12-29,7,Cártel de Breece y Puka,69747,35221,104968,69747,0,0,18982,16239,5
2024-12-29,8,Loading…,66706,31710,98416,66706,0,0,23914,7796,4
2024-12-29,9,Gaeta Spur FC,74402,34121,108523,74402,0,0,20842,13279,3
2024-12-29,10,Rashid Shaheed Truthers,72024,28559,100583,72024,0,0,20842,7717,7
2024-12-29,11,All You Need Is LOVE,58847,44175,103022,58847,0,0,25112,19063,8
2024-12-29,12,Omar Comin,61307,40292,101599,61307,0,0,20842,19450,7
2024-12-30,1,208 Ferrari Way,65674,33975,99649,65674,0,0,19001,14974,5
2024-12-30,2,The Federal Reserve,87904,28446,116350,87904,0,0,17794,10652,4
2024-12-30,3,Golden Hour,62607,37393,100000,62607,0,0,19001,18392,7
2024-12-30,4,Lisan al-Caleb,70699,30778,101477,70699,0,0,23925,6853,4
2024-12-30,5,Mommy Rainier,44110,25525,69635,44110,0,0,23925,1600,13
2024-12-30,6,Mostly Washed,73294,30351,103645,73294,0,0,20904,9447,5
2024-12-30,7,Cártel de Breece y Puka,69787,35251,105038,69787,0,0,19001,16250,5
2024-12-30,8,Loading…,66648,31716,98364,66648,0,0,23925,7791,4
2024-12-30,9,Gaeta Spur FC,74346,34224,108570,74346,0,0,20904,13320,3
2024-12-30,10,Rashid Shaheed Truthers,72144,28639,100783,72144,0,0,20904,7735,7
2024-12-30,11,All You Need Is LOVE,58797,44174,102971,58797,0,0,25132,19042,8
2024-12-30,12,Omar Comin,61399,40380,101779,61399,0,0,20904,19476,7
2024-12-31,1,208 Ferrari Way,65586,34029,99615,65586,0,0,19000,15029,5
2024-12-31,2,The Federal Reserve,88098,28447,116545,88098,0,0,17805,10642,4
2024-12-31,3,Golden Hour,62558,37423,99981,62558,0,0,19000,18423,7
2024-12-31,4,Lisan al-Caleb,70552,30824,101376,70552,0,0,23943,6881,4
2024-12-31,5,Mommy Rainier,44162,25536,69698,44162,0,0,23943,1593,12
2024-12-31,6,Mostly Washed,73221,30376,103597,73221,0,0,20932,9444,5
2024-12-31,7,Cártel de Breece y Puka,69917,35288,105205,69917,0,0,19000,16288,5
2024-12-31,8,Loading…,66542,31729,98271,66542,0,0,23943,7786,4
2024-12-31,9,Gaeta Spur FC,74267,34253,108520,74267,0,0,20932,13321,3
2024-12-31,10,Rashid Shaheed Truthers,72231,28629,100860,72231,0,0,20932,7697,7
2024-12-31,11,All You Need Is LOVE,58785,44227,103012,58785,0,0,25138,19089,8
2024-12-31,12,Omar Comin,61534,40459,101993,61534,0,0,20932,19527,6
2025-01-01,1,208 Ferrari Way,65649,34072,99721,65649,0,0,19010,15062,5
2025-01-01,2,The Federal Reserve,88256,28459,116715,88256,0,0,17826,10633,4
2025-01-01,3,Golden Hour,62571,37427,99998,62571,0,0,19010,18417,7
2025-01-01,4,Lisan al-Caleb,70415,30838,101253,70415,0,0,23934,6904,4
2025-01-01,5,Mommy Rainier,44275,25532,69807,44275,0,0,23934,1598,12
2025-01-01,6,Mostly Washed,73014,30440,103454,73014,0,0,20974,9466,5
2025-01-01,7,Cártel de Breece y Puka,69967,35299,105266,69967,0,0,19010,16289,5
2025-01-01,8,Loading…,66428,31725,98153,66428,0,0,23934,7791,4
2025-01-01,9,Gaeta Spur FC,74076,34315,108391,74076,0,0,20974,13341,3
2025-01-01,10,Rashid Shaheed Truthers,72405,28688,101093,72405,0,0,20974,7714,7
2025-01-01,11,All You Need Is LOVE,58999,44198,103197,58999,0,0,25118,19080,8
2025-01-01,12,Omar Comin,61421,40507,101928,61421,0,0,20974,19533,6
2025-01-02,1,208 Ferrari Way,65623,34031,99654,65623,0,0,18971,15060,5
2025-01-02,2,The Federal Reserve,88484,28420,116904,88484,0,0,17784,10636,4
2025-01-02,3,Golden Hour,62663,37382,100045,62663,0,0,18971,18411,7
2025-01-02,4,Lisan al-Caleb,70480,30852,101332,70480,0,0,23943,6909,4
2025-01-02,5,Mommy Rainier,44420,25558,69978,44420,0,0,23943,1615,12
2025-01-02,6,Mostly Washed,72945,30449,103394,72945,0,0,20967,9482,5
2025-01-02,7,Cártel de Breece y Puka,70007,35261,105268,70007,0,0,18971,16290,5
2025-01-02,8,Loading…,66276,31748,98024,66276,0,0,23943,7805,4
2025-01-02,9,Gaeta Spur FC,73920,34315,108235,73920,0,0,20967,13348,3
2025-01-02,10,Rashid Shaheed Truthers,72367,28722,101089,72367,0,0,20967,7755,7
2025-01-02,11,All You Need Is LOVE,58963,44179,103142,58963,0,0,25130,19049,8
2025-01-02,12,Omar Comin,61508,40471,101979,61508,0,0,20967,19504,6
2025-01-03,1,208 Ferrari Way,65513,34160,99673,65513,0,0,19037,15123,6
2025-01-03,2,The Federal Reserve,88689,28561,117250,88689,0,0,17840,10721,4
2025-01-03,3,Golden Hour,62703,37414,100117,62703,0,0,19037,18377,7
2025-01-03,4,Lisan al-Caleb,70358,30904,101262,70358,0,0,24011,6893,4
2025-01-03,5,Mommy Rainier,44505,25620,70125,44505,0,0,24011,1609,12
2025-01-03,6,Mostly Washed,72801,30507,103308,72801,0,0,20984,9523,5
2025-01-03,7,Cártel de Breece y Puka,71413,35291,106704,71413,0,0,19037,16254,5
2025-01-03,8,Loading…,66179,31803,97982,66179,0,0,24011,7792,4
2025-01-03,9,Gaeta Spur FC,73763,34436,108199,73763,0,0,20984,13452,3
2025-01-03,10,Rashid Shaheed Truthers,72447,28798,101245,72447,0,0,20984,7814,7
2025-01-03,11,All You Need Is LOVE,60069,44216,104285,60069,0,0,25208,19008,7
2025-01-03,12,Omar Comin,61584,40494,102078,61584,0,0,20984,19510,6
2025-01-04,1,208 Ferrari Way,65382,34156,99538,65382,0,0,19043,15113,6
2025-01-04,2,The Federal Reserve,88926,28541,117467,88926,0,0,17836,10705,4
2025-01-04,3,Golden Hour,62738,37413,100151,62738,0,0,19043,18370,7
2025-01-04,4,Lisan al-Caleb,70308,31040,101348,70308,0,0,24101,6939,4
2025-01-04,5,Mommy Rainier,44596,25716,70312,44596,0,0,24101,1615,12
2025-01-04,6,Mostly Washed,72595,30553,103148,72595,0,0,21040,9513,5
2025-01-04,7,Cártel de Breece y Puka,71335,35381,106716,71335,0,0,19043,16338,5
2025-01-04,8,Loading…,66112,31896,98008,66112,0,0,24101,7795,4
2025-01-04,9,Gaeta Spur FC,73714,34468,108182,73714,0,0,21040,13428,3
2025-01-04,10,Rashid Shaheed Truthers,72585,28859,101444,72585,0,0,21040,7819,7
2025-01-04,11,All You Need Is LOVE,59947,44319,104266,59947,0,0,25308,19011,7
2025-01-04,12,Omar Comin,61767,40618,102385,61767,0,0,21040,19578,6
2025-01-05,1,208 Ferrari Way,65461,34245,99706,65461,0,0,19082,15163,6
2025-01-05,2,The Federal Reserve,89040,28624,117664,89040,0,0,17886,10738,4
2025-01-05,3,Golden Hour,62853,37450,100303,62853,0,0,19082,18368,7
2025-01-05,4,Lisan al-Caleb,70240,31026,101266,70240,0,0,24056,6970,4
2025-01-05,5,Mommy Rainier,44633,25671,70304,44633,0,0,24056,1615,12
2025-01-05,6,Mostly Washed,72612,30633,103245,72612,0,0,21093,9540,5
2025-01-05,7,Cártel de Breece y Puka,71393,35447,106840,71393,0,0,19082,16365,5
2025-01-05,8,Loading…,66041,31850,97891,66041,0,0,24056,7794,4
2025-01-05,9,Gaeta Spur FC,73610,34566,108176,73610,0,0,21093,13473,3
2025-01-05,10,Rashid Shaheed Truthers,72654,28915,101569,72654,0,0,21093,7822,7
2025-01-05,11,All You Need Is LOVE,59879,44280,104159,59879,0,0,25252,19028,7
2025-01-05,12,Omar Comin,61698,40737,102435,61698,0,0,21093,19644,6
2025-01-06,1,208 Ferrari Way,65460,34255,99715,65460,0,0,19105,15150,6
2025-01-06,2,The Federal Reserve,89095,28652,117747,89095,0,0,17918,10734,3
2025-01-06,3,Golden Hour,62997,37512,100509,62997,0,0,19105,18407,7
2025-01-06,4,Lisan al-Caleb,70155,31055,101210,70155,0,0,24098,6957,4
2025-01-06,5,Mommy Rainier,44874,25742,70616,44874,0,0,24098,1644,12
2025-01-06,6,Mostly Washed,72406,30714,103120,72406,0,0,21179,9535,5
2025-01-06,7,Cártel de Breece y Puka,71344,35446,106790,71344,0,0,19105,16341,5
2025-01-06,8,Loading…,66025,31919,97944,66025,0,0,24098,7821,4
2025-01-06,9,Gaeta Spur FC,73310,34629,107939,73310,0,0,21179,13450,3
2025-01-06,10,Rashid Shaheed Truthers,72751,28999,101750,72751,0,0,21179,7820,7
2025-01-06,11,All You Need Is LOVE,60045,44346,104391,60045,0,0,25285,19061,7
2025-01-06,12,Omar Comin,61730,40843,102573,61730,0,0,21179,19664,6
2025-01-07,1,208 Ferrari Way,65162,34362,99524,65162,0,0,19149,15213,6
2025-01-07,2,The Federal Reserve,89294,28679,117973,89294,0,0,17968,10711,3
2025-01-07,3,Golden Hour,63279,37493,100772,63279,0,0,19149,18344,7
2025-01-07,4,Lisan al-Caleb,70042,31072,101114,70042,0,0,24095,6977,4
2025-01-07,5,Mommy Rainier,45009,25742,70751,45009,0,0,24095,1647,12
2025-01-07,6,Mostly Washed,72321,30846,103167,72321,0,0,21286,9560,5
2025-01-07,7,Cártel de Breece y Puka,71219,35435,106654,71219,0,0,19149,16286,5
2025-01-07,8,Loading…,65834,31903,97737,65834,0,0,24095,7808,4
2025-01-07,9,Gaeta Spur FC,73278,34764,108042,73278,0,0,21286,13478,3
2025-01-07,10,Rashid Shaheed Truthers,72753,29117,101870,72753,0,0,21286,7831,7
2025-01-07,11,All You Need Is LOVE,59952,44292,104244,59952,0,0,25276,19016,7
2025-01-07,12,Omar Comin,61967,40911,102878,61967,0,0,21286,19625,6
2025-01-08,1,208 Ferrari Way,65177,34445,99622,65177,0,0,19151,15294,6
2025-01-08,2,The Federal Reserve,89391,28683,118074,89391,0,0,17957,10726,3
2025-01-08,3,Golden Hour,63452,37483,100935,63452,0,0,19151,18332,7
2025-01-08,4,Lisan al-Caleb,69969,31088,101057,69969,0,0,24104,6984,4
2025-01-08,5,Mommy Rainier,45040,25764,70804,45040,0,0,24104,1660,12
2025-01-08,6,Mostly Washed,72371,30909,103280,72371,0,0,21342,9567,5
2025-01-08,7,Cártel de Breece y Puka,71282,35373,106655,71282,0,0,19151,16222,5
2025-01-08,8,Loading…,65759,31925,97684,65759,0,0,24104,7821,4
2025-01-08,9,Gaeta Spur FC,73158,34888,108046,73158,0,0,21342,13546,3
2025-01-08,10,Rashid Shaheed Truthers,72698,29217,101915,72698,0,0,21342,7875,7
2025-01-08,11,All You Need Is LOVE,60052,44289,104341,60052,0,0,25298,18991,7
2025-01-08,12,Omar Comin,62058,40940,102998,62058,0,0,21342,19598,6
2025-01-09,1,208 Ferrari Way,65162,34403,99565,65162,0,0,19091,15312,6
2025-01-09,2,The Federal Reserve,89453,28625,118078,89453,0,0,17903,10722,3
2025-01-09,3,Golden Hour,63469,37344,100813,63469,0,0,19091,18253,7
2025-01-09,4,Lisan al-Caleb,69985,31026,101011,69985,0,0,24059,6967,4
2025-01-09,5,Mommy Rainier,45077,25689,70766,45077,0,0,24059,1630,12
2025-01-09,6,Mostly Washed,72264,30846,103110,72264,0,0,21343,9503,5
2025-01-09,7,Cártel de Breece y Puka,71189,35298,106487,71189,0,0,19091,16207,5
2025-01-09,8,Loading…,65632,31856,97488,65632,0,0,24059,7797,4
2025-01-09,9,Gaeta Spur FC,73260,34894,108154,73260,0,0,21343,13551,3
2025-01-09,10,Rashid Shaheed Truthers,72685,29169,101854,72685,0,0,21343,7826,7
2025-01-09,11,All You Need Is LOVE,60055,44134,104189,60055,0,0,25247,18887,7
2025-01-09,12,Omar Comin,62224,40952,103176,62224,0,0,21343,19609,6
2025-01-10,1,208 Ferrari Way,64991,34396,99387,64991,0,0,19111,15285,6
2025-01-10,2,The Federal Reserve,89467,28629,118096,89467,0,0,17926,10703,3
2025-01-10,3,Golden Hour,63636,37397,101033,63636,0,0,19111,18286,7
2025-01-10,4,Lisan al-Caleb,69940,31029,100969,69940,0,0,24071,6958,4
2025-01-10,5,Mommy Rainier,45150,25721,70871,45150,0,0,24071,1650,12
2025-01-10,6,Mostly Washed,72137,30887,103024,72137,0,0,21354,9533,5
2025-01-10,7,Cártel de Breece y Puka,71220,35299,106519,71220,0,0,19111,16188,5
2025-01-10,8,Loading…,65729,31860,97589,65729,0,0,24071,7789,4
2025-01-10,9,Gaeta Spur FC,73200,34885,108085,73200,0,0,21354,13531,3
2025-01-10,10,Rashid Shaheed Truthers,72595,29195,101790,72595,0,0,21354,7841,7
2025-01-10,11,All You Need Is LOVE,60178,44199,104377,60178,0,0,25256,18943,7
2025-01-10,12,Omar Comin,62409,40935,103344,62409,0,0,21354,19581,6
2025-01-11,1,208 Ferrari Way,64899,34381,99280,64899,0,0,19093,15288,6
2025-01-11,2,The Federal Reserve,89468,28607,118075,89468,0,0,17901,10706,3
2025-01-11,3,Golden Hour,63602,37358,100960,63602,0,0,19093,18265,7
2025-01-11,4,Lisan al-Caleb,70039,31066,101105,70039,0,0,24088,6978,4
2025-01-11,5,Mommy Rainier,45199,25729,70928,45199,0,0,24088,1641,12
2025-01-11,6,Mostly Washed,72091,30844,102935,72091,0,0,21324,9520,5
2025-01-11,7,Cártel de Breece y Puka,71288,35325,106613,71288,0,0,19093,16232,5
2025-01-11,8,Loading…,65710,31877,97587,65710,0,0,24088,7789,4
2025-01-11,9,Gaeta Spur FC,73023,34863,107886,73023,0,0,21324,13539,3
2025-01-11,10,Rashid Shaheed Truthers,72646,29167,101813,72646,0,0,21324,7843,7
2025-01-11,11,All You Need Is LOVE,60176,44197,104373,60176,0,0,25280,18917,7
2025-01-11,12,Omar Comin,62494,40938,103432,62494,0,0,21324,19614,6
2025-01-12,1,208 Ferrari Way,64819,34439,99258,64819,0,0,19100,15339,6
2025-01-12,2,The Federal Reserve,89666,28599,118265,89666,0,0,17886,10713,3
2025-01-12,3,Golden Hour,63613,37326,100939,63613,0,0,19100,18226,7
2025-01-12,4,Lisan al-Caleb,70086,31053,101139,70086,0,0,24065,6988,4
2025-01-12,5,Mommy Rainier,45242,25690,70932,45242,0,0,24065,1625,12
2025-01-12,6,Mostly Washed,71970,30859,102829,71970,0,0,21349,9510,5
2025-01-12,7,Cártel de Breece y Puka,71314,35322,106636,71314,0,0,19100,16222,5
2025-01-12,8,Loading…,65642,31823,97465,65642,0,0,24065,7758,4
2025-01-12,9,Gaeta Spur FC,72992,34907,107899,72992,0,0,21349,13558,3
2025-01-12,10,Rashid Shaheed Truthers,72678,29190,101868,72678,0,0,21349,7841,7
2025-01-12,11,All You Need Is LOVE,60081,44173,104254,60081,0,0,25279,18894,7
2025-01-12,12,Omar Comin,62513,40943,103456,62513,0,0,21349,19594,6
2025-01-13,1,208 Ferrari Way,64896,34403,99299,64896,0,0,19067,15336,6
2025-01-13,2,The Federal Reserve,89594,28600,118194,89594,0,0,17858,10742,3
2025-01-13,3,Golden Hour,63683,37311,100994,63683,0,0,19067,18244,7
2025-01-13,4,Lisan al-Caleb,69971,31070,101041,69971,0,0,24096,6974,4
2025-01-13,5,Mommy Rainier,45419,25720,71139,45419,0,0,24096,1624,12
2025-01-13,6,Mostly Washed,71798,30895,102693,71798,0,0,21379,9516,5
2025-01-13,7,Cártel de Breece y Puka,71169,35279,106448,71169,0,0,19067,16212,5
2025-01-13,8,Loading…,65675,31866,97541,65675,0,0,24096,7770,4
2025-01-13,9,Gaeta Spur FC,72993,34954,107947,72993,0,0,21379,13575,3
2025-01-13,10,Rashid Shaheed Truthers,72601,29218,101819,72601,0,0,21379,7839,7
2025-01-13,11,All You Need Is LOVE,60169,44224,104393,60169,0,0,25305,18919,7
2025-01-13,12,Omar Comin,62685,41016,103701,62685,0,0,21379,19637,6
2025-01-14,1,208 Ferrari Way,64921,34456,99377,64921,0,0,19128,15328,6
2025-01-14,2,The Federal Reserve,89630,28632,118262,89630,0,0,17909,10723,3
2025-01-14,3,Golden Hour,63742,37400,101142,63742,0,0,19128,18272,7
2025-01-14,4,Lisan al-Caleb,69918,31068,100986,69918,0,0,24095,6973,4
2025-01-14,5,Mommy Rainier,45351,25717,71068,45351,0,0,24095,1622,12
2025-01-14,6,Mostly Washed,71871,30953,102824,71871,0,0,21395,9558,5
2025-01-14,7,Cártel de Breece y Puka,71001,35313,106314,71001,0,0,19128,16185,5
2025-01-14,8,Loading…,65677,31875,97552,65677,0,0,24095,7780,4
2025-01-14,9,Gaeta Spur FC,73054,34970,108024,73054,0,0,21395,13575,3
2025-01-14,10,Rashid Shaheed Truthers,72544,29260,101804,72544,0,0,21395,7865,7
2025-01-14,11,All You Need Is LOVE,60109,44283,104392,60109,0,0,25314,18969,7
2025-01-14,12,Omar Comin,62714,40969,103683,62714,0,0,21395,19574,6
2025-01-15,1,208 Ferrari Way,65005,34464,99469,65005,0,0,19169,15295,6
2025-01-15,2,The Federal Reserve,89785,28704,118489,89785,0,0,17940,10764,3
2025-01-15,3,Golden Hour,63613,37478,101091,63613,0,0,19169,18309,7
2025-01-15,4,Lisan al-Caleb,69745,31066,100811,69745,0,0,24105,6961,4
2025-01-15,5,Mommy Rainier,45379,25766,71145,45379,0,0,24105,1661,12
2025-01-15,6,Mostly Washed,71883,30918,102801,71883,0,0,21341,9577,5
2025-01-15,7,Cártel de Breece y Puka,70942,35393,106335,70942,0,0,19169,16224,5
2025-01-15,8,Loading…,65685,31904,97589,65685,0,0,24105,7799,4
2025-01-15,9,Gaeta Spur FC,72909,34919,107828,72909,0,0,21341,13578,3
2025-01-15,10,Rashid Shaheed Truthers,72532,29261,101793,72532,0,0,21341,7920,7
2025-01-15,11,All You Need Is LOVE,60214,44285,104499,60214,0,0,25334,18951,7
2025-01-15,12,Omar Comin,62843,40850,103693,62843,0,0,21341,19509,6
2025-01-16,1,208 Ferrari Way,65016,34471,99487,65016,0,0,19173,15298,6
2025-01-16,2,The Federal Reserve,89747,28697,118444,89747,0,0,17937,10760,3
2025-01-16,3,Golden Hour,63608,37444,101052,63608,0,0,19173,18271,7
2025-01-16,4,Lisan al-Caleb,69746,31052,100798,69746,0,0,24076,6976,4
2025-01-16,5,Mommy Rainier,45403,25733,71136,45403,0,0,24076,1657,12
2025-01-16,6,Mostly Washed,71769,30944,102713,71769,0,0,21386,9558,5
2025-01-16,7,Cártel de Breece y Puka,70967,35392,106359,70967,0,0,19173,16219,5
2025-01-16,8,Loading…,65678,31868,97546,65678,0,0,24076,7792,4
2025-01-16,9,Gaeta Spur FC,72838,34943,107781,72838,0,0,21386,13557,3
2025-01-16,10,Rashid Shaheed Truthers,72497,29283,101780,72497,0,0,21386,7897,7
2025-01-16,11,All You Need Is LOVE,60245,44250,104495,60245,0,0,25312,18938,7
2025-01-16,12,Omar Comin,62855,40923,103778,62855,0,0,21386,19537,6
2025-01-17,1,208 Ferrari Way,64964,34634,99598,64964,0,0,19237,15397,6
2025-01-17,2,The Federal Reserve,89874,28784,118658,89874,0,0,18006,10778,3
2025-01-17,3,Golden Hour,63730,37468,101198,63730,0,0,19237,18231,7
2025-01-17,4,Lisan al-Caleb,69800,31000,100800,69800,0,0,24025,6975,4
2025-01-17,5,Mommy Rainier,45441,25660,71101,45441,0,0,24025,1635,12
2025-01-17,6,Mostly Washed,71679,31008,102687,71679,0,0,21406,9602,5
2025-01-17,7,Cártel de Breece y Puka,70857,35427,106284,70857,0,0,19237,16190,5
2025-01-17,8,Loading…,65703,31777,97480,65703,0,0,24025,7752,4
2025-01-17,9,Gaeta Spur FC,72796,35049,107845,72796,0,0,21406,13643,3
2025-01-17,10,Rashid Shaheed Truthers,72403,29315,101718,72403,0,0,21406,7909,7
2025-01-17,11,All You Need Is LOVE,60346,44179,104525,60346,0,0,25256,18923,7
2025-01-17,12,Omar Comin,62788,40931,103719,62788,0,0,21406,19525,6
2025-01-18,1,208 Ferrari Way,64976,34626,99602,64976,0,0,19204,15422,6
2025-01-18,2,The Federal Reserve,89989,28785,118774,89989,0,0,17951,10834,3
2025-01-18,3,Golden Hour,63766,37480,101246,63766,0,0,19204,18276,7
2025-01-18,4,Lisan al-Caleb,69778,31046,100824,69778,0,0,24082,6964,4
2025-01-18,5,Mommy Rainier,45542,25716,71258,45542,0,0,24082,1634,12
2025-01-18,6,Mostly Washed,71723,30990,102713,71723,0,0,21399,9591,5
2025-01-18,7,Cártel de Breece y Puka,70732,35414,106146,70732,0,0,19204,16210,5
2025-01-18,8,Loading…,65595,31845,97440,65595,0,0,24082,7763,4
2025-01-18,9,Gaeta Spur FC,72849,35077,107926,72849,0,0,21399,13678,3
2025-01-18,10,Rashid Shaheed Truthers,72309,29328,101637,72309,0,0,21399,7929,7
2025-01-18,11,All You Need Is LOVE,60241,44292,104533,60241,0,0,25335,18957,7
2025-01-18,12,Omar Comin,62922,40977,103899,62922,0,0,21399,19578,6
2025-01-19,1,208 Ferrari Way,64964,34734,99698,64964,0,0,19289,15445,6
2025-01-19,2,The Federal Reserve,89991,28923,118914,89991,0,0,18021,10902,3
2025-01-19,3,Golden Hour,63787,37603,101390,63787,0,0,19289,18314,7
2025-01-19,4,Lisan al-Caleb,69715,31151,100866,69715,0,0,24174,6977,4
2025-01-19,5,Mommy Rainier,45529,25827,71356,45529,0,0,24174,1653,12
2025-01-19,6,Mostly Washed,71676,31020,102696,71676,0,0,21392,9628,5
2025-01-19,7,Cártel de Breece y Puka,70865,35583,106448,70865,0,0,19289,16294,5
2025-01-19,8,Loading…,65559,31953,97512,65559,0,0,24174,7779,4
2025-01-19,9,Gaeta Spur FC,72833,35129,107962,72833,0,0,21392,13737,3
2025-01-19,10,Rashid Shaheed Truthers,72341,29404,101745,72341,0,0,21392,8012,7
2025-01-19,11,All You Need Is LOVE,60234,44401,104635,60234,0,0,25442,18959,7
2025-01-19,12,Omar Comin,62843,41032,103875,62843,0,0,21392,19640,6
2025-01-20,1,208 Ferrari Way,64991,34674,99665,64991,0,0,19280,15394,6
2025-01-20,2,The Federal Reserve,90009,28907,118916,90009,0,0,18015,10892,3
2025-01-20,3,Golden Hour,63735,37579,101314,63735,0,0,19280,18299,7
2025-01-20,4,Lisan al-Caleb,69700,31135,100835,69700,0,0,24174,6961,4
2025-01-20,5,Mommy Rainier,45540,25811,71351,45540,0,0,24174,1637,12
2025-01-20,6,Mostly Washed,71697,31012,102709,71697,0,0,21381,9631,5
2025-01-20,7,Cártel de Breece y Puka,70894,35586,106480,70894,0,0,19280,16306,5
2025-01-20,8,Loading…,65517,31926,97443,65517,0,0,24174,7752,4
2025-01-20,9,Gaeta Spur FC,72810,35076,107886,72810,0,0,21381,13695,3
2025-01-20,10,Rashid Shaheed Truthers,72327,29373,101700,72327,0,0,21381,7992,7
2025-01-20,11,All You Need Is LOVE,60192,44389,104581,60192,0,0,25439,18950,7
2025-01-20,12,Omar Comin,62937,40984,103921,62937,0,0,21381,19603,6
2025-01-21,1,208 Ferrari Way,65068,34605,99673,65068,0,0,19269,15336,6
2025-01-21,2,The Federal Reserve,90028,28831,118859,90028,0,0,18006,10825,3
2025-01-21,3,Golden Hour,63834,37507,101341,63834,0,0,19269,18238,7
2025-01-21,4,Lisan al-Caleb,69802,31044,100846,69802,0,0,24104,6940,4
2025-01-21,5,Mommy Rainier,45531,25722,71253,45531,0,0,24104,1618,12
2025-01-21,6,Mostly Washed,71901,30933,102834,71901,0,0,21339,9594,5
2025-01-21,7,Cártel de Breece y Puka,70798,35488,106286,70798,0,0,19269,16219,5
2025-01-21,8,Loading…,65510,31826,97336,65510,0,0,24104,7722,4
2025-01-21,9,Gaeta Spur FC,72734,34969,107703,72734,0,0,21339,13630,3
2025-01-21,10,Rashid Shaheed Truthers,72208,29269,101477,72208,0,0,21339,7930,7
2025-01-21,11,All You Need Is LOVE,60069,44295,104364,60069,0,0,25367,18928,7
2025-01-21,12,Omar Comin,62905,40855,103760,62905,0,0,21339,19516,6
2025-01-22,1,208 Ferrari Way,65016,34699,99715,65016,0,0,19297,15402,6
2025-01-22,2,The Federal Reserve,90118,28882,119000,90118,0,0,18025,10857,3
2025-01-22,3,Golden Hour,63868,37556,101424,63868,0,0,19297,18259,7
2025-01-22,4,Lisan al-Caleb,69963,31108,101071,69963,0,0,24147,6961,4
2025-01-22,5,Mommy Rainier,45519,25772,71291,45519,0,0,24147,1625,12
2025-01-22,6,Mostly Washed,71953,30989,102942,71953,0,0,21361,9628,5
2025-01-22,7,Cártel de Breece y Puka,70666,35513,106179,70666,0,0,19297,16216,5
2025-01-22,8,Loading…,65419,31879,97298,65419,0,0,24147,7732,4
2025-01-22,9,Gaeta Spur FC,72594,35048,107642,72594,0,0,21361,13687,3
2025-01-22,10,Rashid Shaheed Truthers,72146,29325,101471,72146,0,0,21361,7964,7
2025-01-22,11,All You Need Is LOVE,60059,44377,104436,60059,0,0,25419,18958,7
2025-01-22,12,Omar Comin,62967,40884,103851,62967,0,0,21361,19523,6
2025-01-23,1,208 Ferrari Way,65055,34700,99755,65055,0,0,19298,15402,6
2025-01-23,2,The Federal Reserve,90155,28853,119008,90155,0,0,18025,10828,3
2025-01-23,3,Golden Hour,63860,37552,101412,63860,0,0,19298,18254,7
2025-01-23,4,Lisan al-Caleb,70034,31191,101225,70034,0,0,24206,6985,4
2025-01-23,5,Mommy Rainier,45420,25839,71259,45420,0,0,24206,1633,12
2025-01-23,6,Mostly Washed,72029,31030,103059,72029,0,0,21397,9633,5
2025-01-23,7,Cártel de Breece y Puka,70748,35579,106327,70748,0,0,19298,16281,5
2025-01-23,8,Loading…,65340,31930,97270,65340,0,0,24206,7724,4
2025-01-23,9,Gaeta Spur FC,72516,35073,107589,72516,0,0,21397,13676,3
2025-01-23,10,Rashid Shaheed Truthers,72060,29384,101444,72060,0,0,21397,7987,7
2025-01-23,11,All You Need Is LOVE,60075,44418,104493,60075,0,0,25479,18939,7
2025-01-23,12,Omar Comin,62870,40935,103805,62870,0,0,21397,19538,6
2025-01-24,1,208 Ferrari Way,65205,34837,100042,65205,0,0,19370,15467,6
2025-01-24,2,The Federal Reserve,90383,28964,119347,90383,0,0,18110,10854,3
2025-01-24,3,Golden Hour,63812,37637,101449,63812,0,0,19370,18267,7
2025-01-24,4,Lisan al-Caleb,69945,31252,101197,69945,0,0,24213,7039,4
2025-01-24,5,Mommy Rainier,45403,25839,71242,45403,0,0,24213,1626,12
2025-01-24,6,Mostly Washed,72037,31122,103159,72037,0,0,21425,9697,5
2025-01-24,7,Cártel de Breece y Puka,70645,35689,106334,70645,0,0,19370,16319,5
2025-01-24,8,Loading…,65400,31947,97347,65400,0,0,24213,7734,4
2025-01-24,9,Gaeta Spur FC,72453,35152,107605,72453,0,0,21425,13727,3
2025-01-24,10,Rashid Shaheed Truthers,71980,29439,101419,71980,0,0,21425,8014,7
2025-01-24,11,All You Need Is LOVE,60136,44450,104586,60136,0,0,25473,18977,7
2025-01-24,12,Omar Comin,62770,41024,103794,62770,0,0,21425,19599,6
2025-01-25,1,208 Ferrari Way,65324,35075,100399,65324,0,0,19511,15564,6
2025-01-25,2,The Federal Reserve,90478,29155,119633,90478,0,0,18233,10922,3
2025-01-25,3,Golden Hour,63716,37859,101575,63716,0,0,19511,18348,7
2025-01-25,4,Lisan al-Caleb,70008,31393,101401,70008,0,0,24327,7066,4
2025-01-25,5,Mommy Rainier,45385,25973,71358,45385,0,0,24327,1646,12
2025-01-25,6,Mostly Washed,71972,31245,103217,71972,0,0,21496,9749,5
2025-01-25,7,Cártel de Breece y Puka,70668,35935,106603,70668,0,0,19511,16424,5
2025-01-25,8,Loading…,65364,32060,97424,65364,0,0,24327,7733,4
2025-01-25,9,Gaeta Spur FC,72330,35299,107629,72330,0,0,21496,13803,3
2025-01-25,10,Rashid Shaheed Truthers,71697,29573,101270,71697,0,0,21496,8077,7
2025-01-25,11,All You Need Is LOVE,60136,44648,104784,60136,0,0,25605,19043,7
2025-01-25,12,Omar Comin,62744,41153,103897,62744,0,0,21496,19657,6
2025-01-26,1,208 Ferrari Way,65403,35061,100464,65403,0,0,19515,15546,6
2025-01-26,2,The Federal Reserve,90553,29150,119703,90553,0,0,18243,10907,3
2025-01-26,3,Golden Hour,63712,37925,101637,63712,0,0,19515,18410,7
2025-01-26,4,Lisan al-Caleb,69955,31428,101383,69955,0,0,24368,7060,4
2025-01-26,5,Mommy Rainier,45412,26017,71429,45412,0,0,24368,1649,12
2025-01-26,6,Mostly Washed,71997,31300,103297,71997,0,0,21539,9761,5
2025-01-26,7,Cártel de Breece y Puka,70689,35954,106643,70689,0,0,19515,16439,5
2025-01-26,8,Loading…,65358,32121,97479,65358,0,0,24368,7753,4
2025-01-26,9,Gaeta Spur FC,72313,35333,107646,72313,0,0,21539,13794,3
2025-01-26,10,Rashid Shaheed Truthers,71583,29613,101196,71583,0,0,21539,8074,7
2025-01-26,11,All You Need Is LOVE,60067,44766,104833,60067,0,0,25640,19126,7
2025-01-26,12,Omar Comin,62708,41252,103960,62708,0,0,21539,19713,6
2025-01-27,1,208 Ferrari Way,65376,35181,100557,65376,0,0,19546,15635,6
2025-01-27,2,The Federal Reserve,90629,29183,119812,90629,0,0,18271,10912,3
2025-01-27,3,Golden Hour,63679,37942,101621,63679,0,0,19546,18396,7
2025-01-27,4,Lisan al-Caleb,69903,31456,101359,69903,0,0,24327,7129,4
2025-01-27,5,Mommy Rainier,45423,25989,71412,45423,0,0,24327,1662,12
2025-01-27,6,Mostly Washed,71921,31370,103291,71921,0,0,21613,9757,5
2025-01-27,7,Cártel de Breece y Puka,70648,36070,106718,70648,0,0,19546,16524,5
2025-01-27,8,Loading…,65416,32039,97455,65416,0,0,24327,7712,4
2025-01-27,9,Gaeta Spur FC,72286,35436,107722,72286,0,0,21613,13823,3
2025-01-27,10,Rashid Shaheed Truthers,71592,29685,101277,71592,0,0,21613,8072,7
2025-01-27,11,All You Need Is LOVE,60003,44707,104710,60003,0,0,25602,19105,7
2025-01-27,12,Omar Comin,62708,41326,104034,62708,0,0,21613,19713,6
2025-01-28,1,208 Ferrari Way,65391,35181,100572,65391,0,0,19542,15639,6
2025-01-28,2,The Federal Reserve,90562,29193,119755,90562,0,0,18252,10941,3
2025-01-28,3,Golden Hour,63721,37940,101661,63721,0,0,19542,18398,7
2025-01-28,4,Lisan al-Caleb,69830,31490,101320,69830,0,0,24355,7135,4
2025-01-28,5,Mommy Rainier,45448,26007,71455,45448,0,0,24355,1652,12
2025-01-28,6,Mostly Washed,71866,31361,103227,71866,0,0,21633,9728,5
2025-01-28,7,Cártel de Breece y Puka,70606,36070,106676,70606,0,0,19542,16528,5
2025-01-28,8,Loading…,65449,32087,97536,65449,0,0,24355,7732,4
2025-01-28,9,Gaeta Spur FC,72316,35471,107787,72316,0,0,21633,13838,3
2025-01-28,10,Rashid Shaheed Truthers,71443,29700,101143,71443,0,0,21633,8067,7
2025-01-28,11,All You Need Is LOVE,60052,44746,104798,60052,0,0,25645,19101,7
2025-01-28,12,Omar Comin,62712,41382,104094,62712,0,0,21633,19749,6
2025-01-29,1,208 Ferrari Way,65305,35310,100615,65305,0,0,19642,15668,6
2025-01-29,2,The Federal Reserve,90709,29302,120011,90709,0,0,18337,10965,3
2025-01-29,3,Golden Hour,63653,38092,101745,63653,0,0,19642,18450,7
2025-01-29,4,Lisan al-Caleb,69874,31544,101418,69874,0,0,24377,7167,4
2025-01-29,5,Mommy Rainier,45457,26036,71493,45457,0,0,24377,1659,12
2025-01-29,6,Mostly Washed,71810,31422,103232,71810,0,0,21645,9777,5
2025-01-29,7,Cártel de Breece y Puka,70542,36189,106731,70542,0,0,19642,16547,5
2025-01-29,8,Loading…,65438,32156,97594,65438,0,0,24377,7779,4
2025-01-29,9,Gaeta Spur FC,72323,35518,107841,72323,0,0,21645,13873,3
2025-01-29,10,Rashid Shaheed Truthers,71410,29777,101187,71410,0,0,21645,8132,7
2025-01-29,11,All You Need Is LOVE,60023,44833,104856,60023,0,0,25682,19151,7
2025-01-29,12,Omar Comin,62845,41413,104258,62845,0,0,21645,19768,6
2025-01-30,1,208 Ferrari Way,65365,35259,100624,65365,0,0,19689,15570,6
2025-01-30,2,The Federal Reserve,90743,29374,120117,90743,0,0,18396,10978,3
2025-01-30,3,Golden Hour,63609,38179,101788,63609,0,0,19689,18490,7
2025-01-30,4,Lisan al-Caleb,69828,31531,101359,69828,0,0,24413,7118,4
2025-01-30,5,Mommy Rainier,45459,26068,71527,45459,0,0,24413,1655,12
2025-01-30,6,Mostly Washed,71788,31350,103138,71788,0,0,21555,9795,5
2025-01-30,7,Cártel de Breece y Puka,70548,36248,106796,70548,0,0,19689,16559,5
2025-01-30,8,Loading…,65374,32189,97563,65374,0,0,24413,7776,4
2025-01-30,9,Gaeta Spur FC,72401,35379,107780,72401,0,0,21555,13824,3
2025-01-30,10,Rashid Shaheed Truthers,71307,29676,100983,71307,0,0,21555,8121,7
2025-01-30,11,All You Need Is LOVE,60017,44897,104914,60017,0,0,25706,19191,7
2025-01-30,12,Omar Comin,62964,41314,104278,62964,0,0,21555,19759,6
2025-01-31,1,208 Ferrari Way,65316,35275,100591,65316,0,0,19715,15560,6
2025-01-31,2,The Federal Reserve,90739,29415,120154,90739,0,0,18428,10987,3
2025-01-31,3,Golden Hour,63692,38181,101873,63692,0,0,19715,18466,7
2025-01-31,4,Lisan al-Caleb,69816,31552,101368,69816,0,0,24427,7125,4
2025-01-31,5,Mommy Rainier,45352,26087,71439,45352,0,0,24427,1660,12
2025-01-31,6,Mostly Washed,71885,31380,103265,71885,0,0,21596,9784,5
2025-01-31,7,Cártel de Breece y Puka,70499,36310,106809,70499,0,0,19715,16595,5
2025-01-31,8,Loading…,65375,32215,97590,65375,0,0,24427,7788,4
2025-01-31,9,Gaeta Spur FC,72342,35423,107765,72342,0,0,21596,13827,3
2025-01-31,10,Rashid Shaheed Truthers,71301,29736,101037,71301,0,0,21596,8140,7
2025-01-31,11,All You Need Is LOVE,60091,44827,104918,60091,0,0,25714,19113,7
2025-01-31,12,Omar Comin,62937,41343,104280,62937,0,0,21596,19747,6
2025-02-01,1,208 Ferrari Way,65349,35270,100619,65349,0,0,19748,15522,6
2025-02-01,2,The Federal Reserve,90834,29419,120253,90834,0,0,18449,10970,3
2025-02-01,3,Golden Hour,63749,38180,101929,63749,0,0,19748,18432,7
2025-02-01,4,Lisan al-Caleb,69832,31477,101309,69832,0,0,24406,7071,4
2025-02-01,5,Mommy Rainier,45257,26066,71323,45257,0,0,24406,1660,12
2025-02-01,6,Mostly Washed,71942,31312,103254,71942,0,0,21542,9770,5
2025-02-01,7,Cártel de Breece y Puka,70463,36255,106718,70463,0,0,19748,16507,5
2025-02-01,8,Loading…,65348,32183,97531,65348,0,0,24406,7777,4
2025-02-01,9,Gaeta Spur FC,72402,35350,107752,72402,0,0,21542,13808,3
2025-02-01,10,Rashid Shaheed Truthers,71196,29693,100889,71196,0,0,21542,8151,7
2025-02-01,11,All You Need Is LOVE,60130,44775,104905,60130,0,0,25705,19070,7
2025-02-01,12,Omar Comin,62904,41204,104108,62904,0,0,21542,19662,6
2025-02-02,1,208 Ferrari Way,65301,35207,100508,65301,0,0,19703,15504,6
2025-02-02,2,The Federal Reserve,90828,29417,120245,90828,0,0,18404,11013,3
2025-02-02,3,Golden Hour,63759,38113,101872,63759,0,0,19703,18410,7
2025-02-02,4,Lisan al-Caleb,69936,31467,101403,69936,0,0,24384,7083,4
2025-02-02,5,Mommy Rainier,45261,26032,71293,45261,0,0,24384,1648,12
2025-02-02,6,Mostly Washed,71892,31314,103206,71892,0,0,21554,9760,5
2025-02-02,7,Cártel de Breece y Puka,70553,36266,106819,70553,0,0,19703,16563,5
2025-02-02,8,Loading…,65278,32138,97416,65278,0,0,24384,7754,4
2025-02-02,9,Gaeta Spur FC,72263,35369,107632,72263,0,0,21554,13815,3
2025-02-02,10,Rashid Shaheed Truthers,71282,29699,100981,71282,0,0,21554,8145,7
2025-02-02,11,All You Need Is LOVE,60135,44723,104858,60135,0,0,25683,19040,7
2025-02-02,12,Omar Comin,62933,41255,104188,62933,0,0,21554,19701,6
2025-02-03,1,208 Ferrari Way,65350,35123,100473,65350,0,0,19661,15462,6
2025-02-03,2,The Federal Reserve,90751,29338,120089,90751,0,0,18368,10970,3
2025-02-03,3,Golden Hour,63754,38089,101843,63754,0,0,19661,18428,7
2025-02-03,4,Lisan al-Caleb,69846,31459,101305,69846,0,0,24360,7099,4
2025-02-03,5,Mommy Rainier,45226,25999,71225,45226,0,0,24360,1639,12
2025-02-03,6,Mostly Washed,71945,31288,103233,71945,0,0,21532,9756,5
2025-02-03,7,Cártel de Breece y Puka,70505,36235,106740,70505,0,0,19661,16574,5
2025-02-03,8,Loading…,65271,32128,97399,65271,0,0,24360,7768,4
2025-02-03,9,Gaeta Spur FC,72381,35305,107686,72381,0,0,21532,13773,3
2025-02-03,10,Rashid Shaheed Truthers,71183,29650,100833,71183,0,0,21532,8118,7
2025-02-03,11,All You Need Is LOVE,60234,44750,104984,60234,0,0,25653,19097,7
2025-02-03,12,Omar Comin,63048,41280,104328,63048,0,0,21532,19748,6
2025-02-04,1,208 Ferrari Way,65408,35149,100557,65408,0,0,19693,15456,6
2025-02-04,2,The Federal Reserve,90672,29331,120003,90672,0,0,18391,10940,3
2025-02-04,3,Golden Hour,63922,38145,102067,63922,0,0,19693,18452,7
2025-02-04,4,Lisan al-Caleb,69839,31457,101296,69839,0,0,24385,7072,4
2025-02-04,5,Mommy Rainier,45309,26014,71323,45309,0,0,24385,1629,12
2025-02-04,6,Mostly Washed,71884,31276,103160,71884,0,0,21516,9760,5
2025-02-04,7,Cártel de Breece y Puka,70423,36266,106689,70423,0,0,19693,16573,5
2025-02-04,8,Loading…,65211,32148,97359,65211,0,0,24385,7763,4
2025-02-04,9,Gaeta Spur FC,72437,35273,107710,72437,0,0,21516,13757,3
2025-02-04,10,Rashid Shaheed Truthers,71129,29637,100766,71129,0,0,21516,8121,7
2025-02-04,11,All You Need Is LOVE,60277,44805,105082,60277,0,0,25687,19118,7
2025-02-04,12,Omar Comin,63095,41227,104322,63095,0,0,21516,19711,6
2025-02-05,1,208 Ferrari Way,65518,35043,100561,65518,0,0,19660,15383,6
2025-02-05,2,The Federal Reserve,90739,29297,120036,90739,0,0,18352,10945,3
2025-02-05,3,Golden Hour,63859,38095,101954,63859,0,0,19660,18435,7
2025-02-05,4,Lisan al-Caleb,69772,31450,101222,69772,0,0,24406,7044,4
2025-02-05,5,Mommy Rainier,45394,26012,71406,45394,0,0,24406,1606,12
2025-02-05,6,Mostly Washed,71877,31263,103140,71877,0,0,21499,9764,5
2025-02-05,7,Cártel de Breece y Puka,70202,36241,106443,70202,0,0,19660,16581,5
2025-02-05,8,Loading…,65359,32136,97495,65359,0,0,24406,7730,4
2025-02-05,9,Gaeta Spur FC,72343,35218,107561,72343,0,0,21499,13719,3
2025-02-05,10,Rashid Shaheed Truthers,71116,29600,100716,71116,0,0,21499,8101,7
2025-02-05,11,All You Need Is LOVE,60379,44846,105225,60379,0,0,25714,19132,7
2025-02-05,12,Omar Comin,63067,41199,104266,63067,0,0,21499,19700,6
2025-02-06,1,208 Ferrari Way,65464,34966,100430,65464,0,0,19586,15380,6
2025-02-06,2,The Federal Reserve,90615,29190,119805,90615,0,0,18275,10915,3
2025-02-06,3,Golden Hour,63860,38013,101873,63860,0,0,19586,18427,7
2025-02-06,4,Lisan al-Caleb,69921,31462,101383,69921,0,0,24411,7051,4
2025-02-06,5,Mommy Rainier,45414,26030,71444,45414,0,0,24411,1619,12
2025-02-06,6,Mostly Washed,72008,31227,103235,72008,0,0,21513,9714,5
2025-02-06,7,Cártel de Breece y Puka,70193,36121,106314,70193,0,0,19586,16535,5
2025-02-06,8,Loading…,65426,32174,97600,65426,0,0,24411,7763,4
2025-02-06,9,Gaeta Spur FC,72237,35196,107433,72237,0,0,21513,13683,3
2025-02-06,10,Rashid Shaheed Truthers,71086,29578,100664,71086,0,0,21513,8065,7
2025-02-06,11,All You Need Is LOVE,60265,44844,105109,60265,0,0,25722,19122,7
2025-02-06,12,Omar Comin,63078,41207,104285,63078,0,0,21513,19694,6
2025-02-07,1,208 Ferrari Way,65516,34900,100416,65516,0,0,19533,15367,6
2025-02-07,2,The Federal Reserve,90673,29167,119840,90673,0,0,18242,10925,3
2025-02-07,3,Golden Hour,63909,37926,101835,63909,0,0,19533,18393,7
2025-02-07,4,Lisan al-Caleb,69906,31347,101253,69906,0,0,24342,7005,4
2025-02-07,5,Mommy Rainier,45512,25940,71452,45512,0,0,24342,1598,12
2025-02-07,6,Mostly Washed,72001,31201,103202,72001,0,0,21489,9712,5
2025-02-07,7,Cártel de Breece y Puka,70135,35975,106110,70135,0,0,19533,16442,5
2025-02-07,8,Loading…,65482,32091,97573,65482,0,0,24342,7749,4
2025-02-07,9,Gaeta Spur FC,72149,35188,107337,72149,0,0,21489,13699,3
2025-02-07,10,Rashid Shaheed Truthers,70946,29524,100470,70946,0,0,21489,8035,7
2025-02-07,11,All You Need Is LOVE,60356,44736,105092,60356,0,0,25633,19103,7
2025-02-07,12,Omar Comin,63075,41173,104248,63075,0,0,21489,19684,6
2025-02-08,1,208 Ferrari Way,65488,34889,100377,65488,0,0,19486,15403,6
2025-02-08,2,The Federal Reserve,90719,29119,119838,90719,0,0,18210,10909,3
2025-02-08,3,Golden Hour,64048,37884,101932,64048,0,0,19486,18398,7
2025-02-08,4,Lisan al-Caleb,69943,31389,101332,69943,0,0,24349,7040,4
2025-02-08,5,Mommy Rainier,45476,25940,71416,45476,0,0,24349,1591,12
2025-02-08,6,Mostly Washed,71925,31273,103198,71925,0,0,21558,9715,5
2025-02-08,7,Cártel de Breece y Puka,70031,35941,105972,70031,0,0,19486,16455,5
2025-02-08,8,Loading…,65487,32117,97604,65487,0,0,24349,7768,4
2025-02-08,9,Gaeta Spur FC,71992,35279,107271,71992,0,0,21558,13721,3
2025-02-08,10,Rashid Shaheed Truthers,70933,29576,100509,70933,0,0,21558,8018,7
2025-02-08,11,All You Need Is LOVE,60372,44752,105124,60372,0,0,25625,19127,7
2025-02-08,12,Omar Comin,63007,41305,104312,63007,0,0,21558,19747,6
2025-02-09,1,208 Ferrari Way,65553,34911,100464,65553,0,0,19489,15422,6
2025-02-09,2,The Federal Reserve,90736,29137,119873,90736,0,0,18213,10924,3
2025-02-09,3,Golden Hour,64011,37924,101935,64011,0,0,19489,18435,7
2025-02-09,4,Lisan al-Caleb,69901,31425,101326,69901,0,0,24366,7059,4
2025-02-09,5,Mommy Rainier,45482,25974,71456,45482,0,0,24366,1608,12
2025-02-09,6,Mostly Washed,71950,31374,103324,71950,0,0,21632,9742,5
2025-02-09,7,Cártel de Breece y Puka,70054,35974,106028,70054,0,0,19489,16485,5
2025-02-09,8,Loading…,65368,32156,97524,65368,0,0,24366,7790,4
2025-02-09,9,Gaeta Spur FC,72042,35364,107406,72042,0,0,21632,13732,3
2025-02-09,10,Rashid Shaheed Truthers,70953,29671,100624,70953,0,0,21632,8039,7
2025-02-09,11,All You Need Is LOVE,60337,44812,105149,60337,0,0,25642,19170,7
2025-02-09,12,Omar Comin,62989,41418,104407,62989,0,0,21632,19786,6
2025-02-10,1,208 Ferrari Way,65521,35037,100558,65521,0,0,19545,15492,6
2025-02-10,2,The Federal Reserve,90745,29193,119938,90745,0,0,18262,10931,3
2025-02-10,3,Golden Hour,63940,37975,101915,63940,0,0,19545,18430,7
2025-02-10,4,Lisan al-Caleb,69907,31413,101320,69907,0,0,24328,7085,4
2025-02-10,5,Mommy Rainier,45431,25952,71383,45431,0,0,24328,1624,12
2025-02-10,6,Mostly Washed,71934,31442,103376,71934,0,0,21667,9775,5
2025-02-10,7,Cártel de Breece y Puka,70226,35987,106213,70226,0,0,19545,16442,5
2025-02-10,8,Loading…,65388,32118,97506,65388,0,0,24328,7790,4
2025-02-10,9,Gaeta Spur FC,71998,35438,107436,71998,0,0,21667,13771,3
2025-02-10,10,Rashid Shaheed Truthers,70839,29723,100562,70839,0,0,21667,8056,7
2025-02-10,11,All You Need Is LOVE,60349,44808,105157,60349,0,0,25611,19197,7
2025-02-10,12,Omar Comin,63097,41422,104519,63097,0,0,21667,19755,6
2025-02-11,1,208 Ferrari Way,65544,34986,100530,65544,0,0,19555,15431,6
2025-02-11,2,The Federal Reserve,90748,29237,119985,90748,0,0,18290,10947,3
2025-02-11,3,Golden Hour,63831,38013,101844,63831,0,0,19555,18458,7
2025-02-11,4,Lisan al-Caleb,69874,31476,101350,69874,0,0,24420,7056,4
2025-02-11,5,Mommy Rainier,45412,26032,71444,45412,0,0,24420,1612,12
2025-02-11,6,Mostly Washed,71775,31441,103216,71775,0,0,21661,9780,5
2025-02-11,7,Cártel de Breece y Puka,70251,36031,106282,70251,0,0,19555,16476,5
2025-02-11,8,Loading…,65503,32204,97707,65503,0,0,24420,7784,4
2025-02-11,9,Gaeta Spur FC,72052,35403,107455,72052,0,0,21661,13742,3
2025-02-11,10,Rashid Shaheed Truthers,70878,29699,100577,70878,0,0,21661,8038,7
2025-02-11,11,All You Need Is LOVE,60206,44909,105115,60206,0,0,25685,19224,7
2025-02-11,12,Omar Comin,63165,41477,104642,63165,0,0,21661,19816,6
2025-02-12,1,208 Ferrari Way,65577,35109,100686,65577,0,0,19650,15459,6
2025-02-12,2,The Federal Reserve,90800,29307,120107,90800,0,0,18378,10929,3
2025-02-12,3,Golden Hour,63682,38125,101807,63682,0,0,19650,18475,7
2025-02-12,4,Lisan al-Caleb,69769,31434,101203,69769,0,0,24430,7004,4
2025-02-12,5,Mommy Rainier,45424,26039,71463,45424,0,0,24430,1609,12
2025-02-12,6,Mostly Washed,71751,31421,103172,71751,0,0,21606,9815,5
2025-02-12,7,Cártel de Breece y Puka,70183,36011,106194,70183,0,0,19650,16361,5
2025-02-12,8,Loading…,65533,32219,97752,65533,0,0,24430,7789,4
2025-02-12,9,Gaeta Spur FC,72060,35383,107443,72060,0,0,21606,13777,3
2025-02-12,10,Rashid Shaheed Truthers,70836,29680,100516,70836,0,0,21606,8074,7
2025-02-12,11,All You Need Is LOVE,60150,44963,105113,60150,0,0,25702,19261,7
2025-02-12,12,Omar Comin,63234,41373,104607,63234,0,0,21606,19767,6
2025-02-13,1,208 Ferrari Way,65591,35067,100658,65591,0,0,19606,15461,6
2025-02-13,2,The Federal Reserve,90790,29253,120043,90790,0,0,18319,10934,3
2025-02-13,3,Golden Hour,63718,38105,101823,63718,0,0,19606,18499,7
2025-02-13,4,Lisan al-Caleb,69818,31494,101312,69818,0,0,24471,7023,4
2025-02-13,5,Mommy Rainier,45375,26093,71468,45375,0,0,24471,1622,12
2025-02-13,6,Mostly Washed,71714,31352,103066,71714,0,0,21601,9751,5
2025-02-13,7,Cártel de Breece y Puka,70361,36087,106448,70361,0,0,19606,16481,5
2025-02-13,8,Loading…,65518,32271,97789,65518,0,0,24471,7800,4
2025-02-13,9,Gaeta Spur FC,72048,35351,107399,72048,0,0,21601,13750,3
2025-02-13,10,Rashid Shaheed Truthers,70798,29673,100471,70798,0,0,21601,8072,7
2025-02-13,11,All You Need Is LOVE,60000,44954,104954,60000,0,0,25758,19196,7
2025-02-13,12,Omar Comin,63331,41356,104687,63331,0,0,21601,19755,6
2025-02-14,1,208 Ferrari Way,65898,35217,101115,65898,0,0,19678,15539,6
2025-02-14,2,The Federal Reserve,90990,29319,120309,90990,0,0,18382,10937,3
2025-02-14,3,Golden Hour,63908,38264,102172,63908,0,0,19678,18586,7
2025-02-14,4,Lisan al-Caleb,70055,31684,101739,70055,0,0,24603,7081,4
2025-02-14,5,Mommy Rainier,45466,26242,71708,45466,0,0,24603,1639,12
2025-02-14,6,Mostly Washed,71850,31468,103318,71850,0,0,21710,9758,5
2025-02-14,7,Cártel de Breece y Puka,70691,36264,106955,70691,0,0,19678,16586,5
2025-02-14,8,Loading…,65948,32441,98389,65948,0,0,24603,7838,4
2025-02-14,9,Gaeta Spur FC,72312,35496,107808,72312,0,0,21710,13786,3
2025-02-14,10,Rashid Shaheed Truthers,71278,29815,101093,71278,0,0,21710,8105,7
2025-02-14,11,All You Need Is LOVE,60107,45164,105271,60107,0,0,25899,19265,7
2025-02-14,12,Omar Comin,63491,41562,105053,63491,0,0,21710,19852,6
2025-02-15,1,208 Ferrari Way,66050,35406,101456,66050,0,0,19769,15637,6
2025-02-15,2,The Federal Reserve,91099,29480,120579,91099,0,0,18476,11004,3
2025-02-15,3,Golden Hour,63962,38514,102476,63962,0,0,19769,18745,7
2025-02-15,4,Lisan al-Caleb,70260,31865,102125,70260,0,0,24797,7068,4
2025-02-15,5,Mommy Rainier,45597,26446,72043,45597,0,0,24797,1649,12
2025-02-15,6,Mostly Washed,72050,31591,103641,72050,0,0,21784,9807,5
2025-02-15,7,Cártel de Breece y Puka,70884,36442,107326,70884,0,0,19769,16673,5
2025-02-15,8,Loading…,66048,32661,98709,66048,0,0,24797,7864,4
2025-02-15,9,Gaeta Spur FC,72561,35670,108231,72561,0,0,21784,13886,3
2025-02-15,10,Rashid Shaheed Truthers,71472,29932,101404,71472,0,0,21784,8148,7
2025-02-15,11,All You Need Is LOVE,60249,45507,105756,60249,0,0,26090,19417,7
2025-02-15,12,Omar Comin,63644,41790,105434,63644,0,0,21784,20006,6
2025-02-16,1,208 Ferrari Way,66231,35541,101772,66231,0,0,19839,15702,6
2025-02-16,2,The Federal Reserve,91194,29609,120803,91194,0,0,18530,11079,3
2025-02-16,3,Golden Hour,64165,38636,102801,64165,0,0,19839,18797,7
2025-02-16,4,Lisan al-Caleb,70408,31964,102372,70408,0,0,24872,7092,4
2025-02-16,5,Mommy Rainier,45634,26522,72156,45634,0,0,24872,1650,12
2025-02-16,6,Mostly Washed,72232,31682,103914,72232,0,0,21823,9859,5
2025-02-16,7,Cártel de Breece y Puka,71096,36588,107684,71096,0,0,19839,16749,5
2025-02-16,8,Loading…,66160,32738,98898,66160,0,0,24872,7866,4
2025-02-16,9,Gaeta Spur FC,72673,35786,108459,72673,0,0,21823,13963,3
2025-02-16,10,Rashid Shaheed Truthers,71638,30027,101665,71638,0,0,21823,8204,7
2025-02-16,11,All You Need Is LOVE,60261,45642,105903,60261,0,0,26181,19461,7
2025-02-16,12,Omar Comin,63813,41865,105678,63813,0,0,21823,20042,6
2025-02-17,1,208 Ferrari Way,66289,35568,101857,66289,0,0,19844,15724,6
2025-02-17,2,The Federal Reserve,91425,29554,120979,91425,0,0,18523,11031,3
2025-02-17,3,Golden Hour,64278,38638,102916,64278,0,0,19844,18794,7
2025-02-17,4,Lisan al-Caleb,70582,32038,102620,70582,0,0,24920,7118,4
2025-02-17,5,Mommy Rainier,45638,26586,72224,45638,0,0,24920,1666,12
2025-02-17,6,Mostly Washed,72374,31683,104057,72374,0,0,21820,9863,5
2025-02-17,7,Cártel de Breece y Puka,71270,36564,107834,71270,0,0,19844,16720,5
2025-02-17,8,Loading…,66340,32780,99120,66340,0,0,24920,7860,4
2025-02-17,9,Gaeta Spur FC,72761,35753,108514,72761,0,0,21820,13933,3
2025-02-17,10,Rashid Shaheed Truthers,71919,30033,101952,71919,0,0,21820,8213,7
2025-02-17,11,All You Need Is LOVE,60385,45732,106117,60385,0,0,26241,19491,7
2025-02-17,12,Omar Comin,64070,41851,105921,64070,0,0,21820,20031,6
2025-02-18,1,208 Ferrari Way,66492,35663,102155,66492,0,0,19928,15735,6
2025-02-18,2,The Federal Reserve,91431,29604,121035,91431,0,0,18586,11018,3
2025-02-18,3,Golden Hour,64411,38813,103224,64411,0,0,19928,18885,7
2025-02-18,4,Lisan al-Caleb,70579,32165,102744,70579,0,0,25030,7135,4
2025-02-18,5,Mommy Rainier,45669,26716,72385,45669,0,0,25030,1686,12
2025-02-18,6,Mostly Washed,72491,31769,104260,72491,0,0,21864,9905,5
2025-02-18,7,Cártel de Breece y Puka,71342,36656,107998,71342,0,0,19928,16728,5
2025-02-18,8,Loading…,66419,32947,99366,66419,0,0,25030,7917,4
2025-02-18,9,Gaeta Spur FC,72833,35806,108639,72833,0,0,21864,13942,3
2025-02-18,10,Rashid Shaheed Truthers,71988,30131,102119,71988,0,0,21864,8267,7
2025-02-18,11,All You Need Is LOVE,60546,45968,106514,60546,0,0,26372,19596,7
2025-02-18,12,Omar Comin,64168,41898,106066,64168,0,0,21864,20034,6
2025-02-19,1,208 Ferrari Way,66624,35680,102304,66624,0,0,19953,15727,6
2025-02-19,2,The Federal Reserve,91514,29591,121105,91514,0,0,18628,10963,3
2025-02-19,3,Golden Hour,64600,38847,103447,64600,0,0,19953,18894,7
2025-02-19,4,Lisan al-Caleb,70549,32264,102813,70549,0,0,25098,7166,4
2025-02-19,5,Mommy Rainier,45776,26797,72573,45776,0,0,25098,1699,12
2025-02-19,6,Mostly Washed,72583,31859,104442,72583,0,0,21935,9924,5
2025-02-19,7,Cártel de Breece y Puka,71468,36702,108170,71468,0,0,19953,16749,5
2025-02-19,8,Loading…,66579,33033,99612,66579,0,0,25098,7935,4
2025-02-19,9,Gaeta Spur FC,72861,35853,108714,72861,0,0,21935,13918,3
2025-02-19,10,Rashid Shaheed Truthers,72060,30212,102272,72060,0,0,21935,8277,7
2025-02-19,11,All You Need Is LOVE,60456,46021,106477,60456,0,0,26423,19598,7
2025-02-19,12,Omar Comin,64190,41953,106143,64190,0,0,21935,20018,6
2025-02-20,1,208 Ferrari Way,66846,35711,102557,66846,0,0,19961,15750,6
2025-02-20,2,The Federal Reserve,91426,29678,121104,91426,0,0,18650,11028,3
2025-02-20,3,Golden Hour,64547,38910,103457,64547,0,0,19961,18949,7
2025-02-20,4,Lisan al-Caleb,70708,32413,103121,70708,0,0,25218,7195,4
2025-02-20,5,Mommy Rainier,45780,26920,72700,45780,0,0,25218,1702,12
2025-02-20,6,Mostly Washed,72643,31923,104566,72643,0,0,21959,9964,5
2025-02-20,7,Cártel de Breece y Puka,71492,36833,108325,71492,0,0,19961,16872,5
2025-02-20,8,Loading…,66562,33143,99705,66562,0,0,25218,7925,4
2025-02-20,9,Gaeta Spur FC,72964,35941,108905,72964,0,0,21959,13982,3
2025-02-20,10,Rashid Shaheed Truthers,72207,30256,102463,72207,0,0,21959,8297,7
2025-02-20,11,All You Need Is LOVE,60540,46167,106707,60540,0,0,26529,19638,7
2025-02-20,12,Omar Comin,64289,42037,106326,64289,0,0,21959,20078,6
2025-02-21,1,208 Ferrari Way,66849,35784,102633,66849,0,0,20045,15739,6
2025-02-21,2,The Federal Reserve,91439,29812,121251,91439,0,0,18737,11075,3
2025-02-21,3,Golden Hour,64653,39046,103699,64653,0,0,20045,19001,7
2025-02-21,4,Lisan al-Caleb,70645,32474,103119,70645,0,0,25273,7201,4
2025-02-21,5,Mommy Rainier,45857,27002,72859,45857,0,0,25273,1729,12
2025-02-21,6,Mostly Washed,72630,32024,104654,72630,0,0,22053,9971,5
2025-02-21,7,Cártel de Breece y Puka,71530,36948,108478,71530,0,0,20045,16903,5
2025-02-21,8,Loading…,66633,33224,99857,66633,0,0,25273,7951,4
2025-02-21,9,Gaeta Spur FC,73095,36051,109146,73095,0,0,22053,13998,3
2025-02-21,10,Rashid Shaheed Truthers,72330,30369,102699,72330,0,0,22053,8316,7
2025-02-21,11,All You Need Is LOVE,60478,46251,106729,60478,0,0,26581,19670,7
2025-02-21,12,Omar Comin,64317,42163,106480,64317,0,0,22053,20110,6
2025-02-22,1,208 Ferrari Way,66875,35884,102759,66875,0,0,20081,15803,6
2025-02-22,2,The Federal Reserve,91624,29890,121514,91624,0,0,18769,11121,3
2025-02-22,3,Golden Hour,64697,39093,103790,64697,0,0,20081,19012,7
2025-02-22,4,Lisan al-Caleb,70705,32545,103250,70705,0,0,25330,7215,4
2025-02-22,5,Mommy Rainier,45967,27065,73032,45967,0,0,25330,1735,12
2025-02-22,6,Mostly Washed,72695,32058,104753,72695,0,0,22083,9975,5
2025-02-22,7,Cártel de Breece y Puka,71556,37031,108587,71556,0,0,20081,16950,5
2025-02-22,8,Loading…,66698,33273,99971,66698,0,0,25330,7943,4
2025-02-22,9,Gaeta Spur FC,73040,36134,109174,73040,0,0,22083,14051,3
2025-02-22,10,Rashid Shaheed Truthers,72307,30432,102739,72307,0,0,22083,8349,7
2025-02-22,11,All You Need Is LOVE,60521,46280,106801,60521,0,0,26642,19638,7
2025-02-22,12,Omar Comin,64352,42211,106563,64352,0,0,22083,20128,6
2025-02-23,1,208 Ferrari Way,66878,35862,102740,66878,0,0,20036,15826,6
2025-02-23,2,The Federal Reserve,91568,29856,121424,91568,0,0,18737,11119,3
2025-02-23,3,Golden Hour,64653,39003,103656,64653,0,0,20036,18967,7
2025-02-23,4,Lisan al-Caleb,70643,32535,103178,70643,0,0,25289,7246,4
2025-02-23,5,Mommy Rainier,45927,27016,72943,45927,0,0,25289,1727,12
2025-02-23,6,Mostly Washed,72613,32150,104763,72613,0,0,22209,9941,5
2025-02-23,7,Cártel de Breece y Puka,71646,37045,108691,71646,0,0,20036,17009,5
2025-02-23,8,Loading…,66793,33225,100018,66793,0,0,25289,7936,4
2025-02-23,9,Gaeta Spur FC,73087,36265,109352,73087,0,0,22209,14056,3
2025-02-23,10,Rashid Shaheed Truthers,72246,30532,102778,72246,0,0,22209,8323,7
2025-02-23,11,All You Need Is LOVE,60581,46152,106733,60581,0,0,26588,19564,7
2025-02-23,12,Omar Comin,64371,42375,106746,64371,0,0,22209,20166,6
2025-02-24,1,208 Ferrari Way,66882,35953,102835,66882,0,0,20044,15909,6
2025-02-24,2,The Federal Reserve,91504,29912,121416,91504,0,0,18753,11159,3
2025-02-24,3,Golden Hour,64660,39077,103737,64660,0,0,20044,19033,7
2025-02-24,4,Lisan al-Caleb,70630,32659,103289,70630,0,0,25394,7265,4
2025-02-24,5,Mommy Rainier,45957,27115,73072,45957,0,0,25394,1721,12
2025-02-24,6,Mostly Washed,72678,32290,104968,72678,0,0,22303,9987,5
2025-02-24,7,Cártel de Breece y Puka,71532,37051,108583,71532,0,0,20044,17007,5
2025-02-24,8,Loading…,66883,33375,100258,66883,0,0,25394,7981,4
2025-02-24,9,Gaeta Spur FC,73116,36427,109543,73116,0,0,22303,14124,3
2025-02-24,10,Rashid Shaheed Truthers,72312,30633,102945,72312,0,0,22303,8330,7
2025-02-24,11,All You Need Is LOVE,60602,46336,106938,60602,0,0,26685,19651,7
2025-02-24,12,Omar Comin,64356,42536,106892,64356,0,0,22303,20233,6
2025-02-25,1,208 Ferrari Way,66910,36041,102951,66910,0,0,20018,16023,6
2025-02-25,2,The Federal Reserve,91464,29924,121388,91464,0,0,18715,11209,3
2025-02-25,3,Golden Hour,64745,39015,103760,64745,0,0,20018,18997,7
2025-02-25,4,Lisan al-Caleb,70646,32717,103363,70646,0,0,25422,7295,4
2025-02-25,5,Mommy Rainier,45938,27122,73060,45938,0,0,25422,1700,12
2025-02-25,6,Mostly Washed,72641,32369,105010,72641,0,0,22406,9963,5
2025-02-25,7,Cártel de Breece y Puka,71615,37069,108684,71615,0,0,20018,17051,5
2025-02-25,8,Loading…,66968,33377,100345,66968,0,0,25422,7955,4
2025-02-25,9,Gaeta Spur FC,73168,36611,109779,73168,0,0,22406,14205,3
2025-02-25,10,Rashid Shaheed Truthers,72225,30732,102957,72225,0,0,22406,8326,7
2025-02-25,11,All You Need Is LOVE,60586,46328,106914,60586,0,0,26725,19603,7
2025-02-25,12,Omar Comin,64333,42703,107036,64333,0,0,22406,20297,6
2025-02-26,1,208 Ferrari Way,66920,36009,102929,66920,0,0,20031,15978,6
2025-02-26,2,The Federal Reserve,91498,29988,121486,91498,0,0,18725,11263,3
2025-02-26,3,Golden Hour,64693,39066,103759,64693,0,0,20031,19035,7
2025-02-26,4,Lisan al-Caleb,70705,32715,103420,70705,0,0,25456,7259,4
2025-02-26,5,Mommy Rainier,45972,27156,73128,45972,0,0,25456,1700,12
2025-02-26,6,Mostly Washed,72613,32325,104938,72613,0,0,22374,9951,5
2025-02-26,7,Cártel de Breece y Puka,71677,37120,108797,71677,0,0,20031,17089,5
2025-02-26,8,Loading…,67039,33430,100469,67039,0,0,25456,7974,4
2025-02-26,9,Gaeta Spur FC,73240,36573,109813,73240,0,0,22374,14199,3
2025-02-26,10,Rashid Shaheed Truthers,72326,30704,103030,72326,0,0,22374,8330,7
2025-02-26,11,All You Need Is LOVE,60544,46377,106921,60544,0,0,26762,19615,7
2025-02-26,12,Omar Comin,64245,42733,106978,64245,0,0,22374,20359,6
2025-02-27,1,208 Ferrari Way,66830,35910,102740,66830,0,0,19995,15915,6
2025-02-27,2,The Federal Reserve,91556,29936,121492,91556,0,0,18680,11256,3
2025-02-27,3,Golden Hour,64715,39041,103756,64715,0,0,19995,19046,7
2025-02-27,4,Lisan al-Caleb,70728,32708,103436,70728,0,0,25435,7273,4
2025-02-27,5,Mommy Rainier,45946,27133,73079,45946,0,0,25435,1698,12
2025-02-27,6,Mostly Washed,72583,32343,104926,72583,0,0,22387,9956,5
2025-02-27,7,Cártel de Breece y Puka,71667,37145,108812,71667,0,0,19995,17150,5
2025-02-27,8,Loading…,66996,33382,100378,66996,0,0,25435,7947,4
2025-02-27,9,Gaeta Spur FC,73325,36545,109870,73325,0,0,22387,14158,3
2025-02-27,10,Rashid Shaheed Truthers,72412,30715,103127,72412,0,0,22387,8328,7
2025-02-27,11,All You Need Is LOVE,60564,46386,106950,60564,0,0,26750,19636,7
2025-02-27,12,Omar Comin,64244,42712,106956,64244,0,0,22387,20325,6
2025-02-28,1,208 Ferrari Way,66771,35907,102678,66771,0,0,20015,15892,6
2025-02-28,2,The Federal Reserve,91651,30012,121663,91651,0,0,18705,11307,3
2025-02-28,3,Golden Hour,64714,39095,103809,64714,0,0,20015,19080,7
2025-02-28,4,Lisan al-Caleb,70756,32665,103421,70756,0,0,25424,7241,4
2025-02-28,5,Mommy Rainier,45928,27109,73037,45928,0,0,25424,1685,12
2025-02-28,6,Mostly Washed,72632,32365,104997,72632,0,0,22382,9983,5
2025-02-28,7,Cártel de Breece y Puka,71783,37196,108979,71783,0,0,20015,17181,5
2025-02-28,8,Loading…,66887,33347,100234,66887,0,0,25424,7923,4
2025-02-28,9,Gaeta Spur FC,73303,36552,109855,73303,0,0,22382,14170,3
2025-02-28,10,Rashid Shaheed Truthers,72379,30700,103079,72379,0,0,22382,8318,7
2025-02-28,11,All You Need Is LOVE,60567,46414,106981,60567,0,0,26734,19680,7
2025-02-28,12,Omar Comin,64285,42714,106999,64285,0,0,22382,20332,6
2025-03-01,1,208 Ferrari Way,66728,36000,102728,66728,0,0,20075,15925,6
2025-03-01,2,The Federal Reserve,91756,30108,121864,91756,0,0,18771,11337,3
2025-03-01,3,Golden Hour,64669,39077,103746,64669,0,0,20075,19002,7
2025-03-01,4,Lisan al-Caleb,70889,32614,103503,70889,0,0,25368,7246,4
2025-03-01,5,Mommy Rainier,45937,27047,72984,45937,0,0,25368,1679,12
2025-03-01,6,Mostly Washed,72663,32369,105032,72663,0,0,22393,9976,5
2025-03-01,7,Cártel de Breece y Puka,71725,37206,108931,71725,0,0,20075,17131,5
2025-03-01,8,Loading…,66760,33273,100033,66760,0,0,25368,7905,4
2025-03-01,9,Gaeta Spur FC,73433,36603,110036,73433,0,0,22393,14210,3
2025-03-01,10,Rashid Shaheed Truthers,72370,30720,103090,72370,0,0,22393,8327,7
2025-03-01,11,All You Need Is LOVE,60633,46248,106881,60633,0,0,26672,19576,7
2025-03-01,12,Omar Comin,64244,42675,106919,64244,0,0,22393,20282,6
2025-03-02,1,208 Ferrari Way,66767,36045,102812,66767,0,0,20182,15863,6
2025-03-02,2,The Federal Reserve,91756,30210,121966,91756,0,0,18880,11330,3
2025-03-02,3,Golden Hour,64701,39193,103894,64701,0,0,20182,19011,7
2025-03-02,4,Lisan al-Caleb,70974,32532,103506,70974,0,0,25340,7192,4
2025-03-02,5,Mommy Rainier,46011,27016,73027,46011,0,0,25340,1676,12
2025-03-02,6,Mostly Washed,72744,32336,105080,72744,0,0,22306,10030,5
2025-03-02,7,Cártel de Breece y Puka,71690,37280,108970,71690,0,0,20182,17098,5
2025-03-02,8,Loading…,66739,33220,99959,66739,0,0,25340,7880,4
2025-03-02,9,Gaeta Spur FC,73354,36503,109857,73354,0,0,22306,14197,3
2025-03-02,10,Rashid Shaheed Truthers,72465,30667,103132,72465,0,0,22306,8361,7
2025-03-02,11,All You Need Is LOVE,60584,46231,106815,60584,0,0,26642,19589,7
2025-03-02,12,Omar Comin,64130,42495,106625,64130,0,0,22306,20189,6
2025-03-03,1,208 Ferrari Way,66732,36106,102838,66732,0,0,20237,15869,6
2025-03-03,2,The Federal Reserve,91812,30265,122077,91812,0,0,18931,11334,3
2025-03-03,3,Golden Hour,64741,39253,103994,64741,0,0,20237,19016,7
2025-03-03,4,Lisan al-Caleb,70906,32538,103444,70906,0,0,25343,7195,4
2025-03-03,5,Mommy Rainier,46024,27044,73068,46024,0,0,25343,1701,12
2025-03-03,6,Mostly Washed,72632,32354,104986,72632,0,0,22290,10064,5
2025-03-03,7,Cártel de Breece y Puka,71707,37303,109010,71707,0,0,20237,17066,5
2025-03-03,8,Loading…,66743,33264,100007,66743,0,0,25343,7921,4
2025-03-03,9,Gaeta Spur FC,73350,36516,109866,73350,0,0,22290,14226,3
2025-03-03,10,Rashid Shaheed Truthers,72535,30714,103249,72535,0,0,22290,8424,7
2025-03-03,11,All You Need Is LOVE,60572,46234,106806,60572,0,0,26649,19585,7
2025-03-03,12,Omar Comin,64092,42481,106573,64092,0,0,22290,20191,6
2025-03-04,1,208 Ferrari Way,66695,36069,102764,66695,0,0,20214,15855,6
2025-03-04,2,The Federal Reserve,91835,30227,122062,91835,0,0,18923,11304,3
2025-03-04,3,Golden Hour,64786,39157,103943,64786,0,0,20214,18943,7
2025-03-04,4,Lisan al-Caleb,70905,32549,103454,70905,0,0,25363,7186,4
2025-03-04,5,Mommy Rainier,45956,27077,73033,45956,0,0,25363,1714,12
2025-03-04,6,Mostly Washed,72640,32346,104986,72640,0,0,22321,10025,5
2025-03-04,7,Cártel de Breece y Puka,71675,37249,108924,71675,0,0,20214,17035,5
2025-03-04,8,Loading…,66708,33267,99975,66708,0,0,25363,7904,4
2025-03-04,9,Gaeta Spur FC,73457,36541,109998,73457,0,0,22321,14220,3
2025-03-04,10,Rashid Shaheed Truthers,72663,30751,103414,72663,0,0,22321,8430,7
2025-03-04,11,All You Need Is LOVE,60520,46113,106633,60520,0,0,26654,19459,7
2025-03-04,12,Omar Comin,63964,42466,106430,63964,0,0,22321,20145,6
2025-03-05,1,208 Ferrari Way,66689,36057,102746,66689,0,0,20200,15857,6
2025-03-05,2,The Federal Reserve,91888,30171,122059,91888,0,0,18906,11265,3
2025-03-05,3,Golden Hour,64800,39211,104011,64800,0,0,20200,19011,7
2025-03-05,4,Lisan al-Caleb,70924,32737,103661,70924,0,0,25443,7294,4
2025-03-05,5,Mommy Rainier,45962,27163,73125,45962,0,0,25443,1720,12
2025-03-05,6,Mostly Washed,72520,32470,104990,72520,0,0,22427,10043,5
2025-03-05,7,Cártel de Breece y Puka,71676,37467,109143,71676,0,0,20200,17267,5
2025-03-05,8,Loading…,66672,33376,100048,66672,0,0,25443,7933,4
2025-03-05,9,Gaeta Spur FC,73403,36630,110033,73403,0,0,22427,14203,3
2025-03-05,10,Rashid Shaheed Truthers,72524,30862,103386,72524,0,0,22427,8435,7
2025-03-05,11,All You Need Is LOVE,60420,46279,106699,60420,0,0,26737,19542,7
2025-03-05,12,Omar Comin,63931,42689,106620,63931,0,0,22427,20262,6
2025-03-06,1,208 Ferrari Way,66728,36064,102792,66728,0,0,20205,15859,6
2025-03-06,2,The Federal Reserve,91940,30136,122076,91940,0,0,18905,11231,3
2025-03-06,3,Golden Hour,64812,39152,103964,64812,0,0,20205,18947,7
2025-03-06,4,Lisan al-Caleb,70956,32764,103720,70956,0,0,25439,7325,4
2025-03-06,5,Mommy Rainier,45977,27156,73133,45977,0,0,25439,1717,12
2025-03-06,6,Mostly Washed,72437,32494,104931,72437,0,0,22488,10006,5
2025-03-06,7,Cártel de Breece y Puka,71606,37433,109039,71606,0,0,20205,17228,5
2025-03-06,8,Loading…,66707,33352,100059,66707,0,0,25439,7913,4
2025-03-06,9,Gaeta Spur FC,73417,36668,110085,73417,0,0,22488,14180,3
2025-03-06,10,Rashid Shaheed Truthers,72385,30888,103273,72385,0,0,22488,8400,7
2025-03-06,11,All You Need Is LOVE,60385,46242,106627,60385,0,0,26739,19503,7
2025-03-06,12,Omar Comin,63874,42711,106585,63874,0,0,22488,20223,6
2025-03-07,1,208 Ferrari Way,66626,36189,102815,66626,0,0,20212,15977,6
2025-03-07,2,The Federal Reserve,91857,30138,121995,91857,0,0,18935,11203,3
2025-03-07,3,Golden Hour,64727,39123,103850,64727,0,0,20212,18911,7
2025-03-07,4,Lisan al-Caleb,70969,32792,103761,70969,0,0,25403,7389,4
2025-03-07,5,Mommy Rainier,45956,27117,73073,45956,0,0,25403,1714,12
2025-03-07,6,Mostly Washed,72423,32624,105047,72423,0,0,22552,10072,5
2025-03-07,7,Cártel de Breece y Puka,71628,37421,109049,71628,0,0,20212,17209,5
2025-03-07,8,Loading…,66603,33309,99912,66603,0,0,25403,7906,4
2025-03-07,9,Gaeta Spur FC,73501,36787,110288,73501,0,0,22552,14235,3
2025-03-07,10,Rashid Shaheed Truthers,72302,30965,103267,72302,0,0,22552,8413,7
2025-03-07,11,All You Need Is LOVE,60298,46170,106468,60298,0,0,26680,19490,7
2025-03-07,12,Omar Comin,63910,42733,106643,63910,0,0,22552,20181,6
2025-03-08,1,208 Ferrari Way,66555,36326,102881,66555,0,0,20311,16015,6
2025-03-08,2,The Federal Reserve,91842,30188,122030,91842,0,0,19004,11184,3
2025-03-08,3,Golden Hour,64677,39183,103860,64677,0,0,20311,18872,7
2025-03-08,4,Lisan al-Caleb,70889,32713,103602,70889,0,0,25319,7394,4
2025-03-08,5,Mommy Rainier,45853,27021,72874,45853,0,0,25319,1702,12
2025-03-08,6,Mostly Washed,72426,32606,105032,72426,0,0,22527,10079,5
2025-03-08,7,Cártel de Breece y Puka,71812,37490,109302,71812,0,0,20311,17179,5
2025-03-08,8,Loading…,66550,33172,99722,66550,0,0,25319,7853,4
2025-03-08,9,Gaeta Spur FC,73449,36751,110200,73449,0,0,22527,14224,3
2025-03-08,10,Rashid Shaheed Truthers,72244,30943,103187,72244,0,0,22527,8416,7
2025-03-08,11,All You Need Is LOVE,60303,46121,106424,60303,0,0,26626,19495,7
2025-03-08,12,Omar Comin,64095,42650,106745,64095,0,0,22527,20123,6
2025-03-09,1,208 Ferrari Way,66672,36348,103020,66672,0,0,20336,16012,6
2025-03-09,2,The Federal Reserve,91815,30225,122040,91815,0,0,19022,11203,3
2025-03-09,3,Golden Hour,64605,39227,103832,64605,0,0,20336,18891,7
2025-03-09,4,Lisan al-Caleb,70943,32586,103529,70943,0,0,25259,7327,4
2025-03-09,5,Mommy Rainier,45936,26971,72907,45936,0,0,25259,1712,12
2025-03-09,6,Mostly Washed,72353,32500,104853,72353,0,0,22431,10069,5
2025-03-09,7,Cártel de Breece y Puka,72045,37412,109457,72045,0,0,20336,17076,5
2025-03-09,8,Loading…,66582,33132,99714,66582,0,0,25259,7873,4
2025-03-09,9,Gaeta Spur FC,73384,36646,110030,73384,0,0,22431,14215,3
2025-03-09,10,Rashid Shaheed Truthers,72409,30849,103258,72409,0,0,22431,8418,7
2025-03-09,11,All You Need Is LOVE,60360,46067,106427,60360,0,0,26573,19494,7
2025-03-09,12,Omar Comin,63712,42501,106213,63712,0,0,22431,20070,6
2025-03-10,1,208 Ferrari Way,66566,36268,102834,66566,0,0,20274,15994,6
2025-03-10,2,The Federal Reserve,91829,30245,122074,91829,0,0,18977,11268,3
2025-03-10,3,Golden Hour,64547,39181,103728,64547,0,0,20274,18907,7
2025-03-10,4,Lisan al-Caleb,70996,32615,103611,70996,0,0,25277,7338,4
2025-03-10,5,Mommy Rainier,46069,26995,73064,46069,0,0,25277,1718,12
2025-03-10,6,Mostly Washed,72217,32526,104743,72217,0,0,22440,10086,5
2025-03-10,7,Cártel de Breece y Puka,72391,37373,109764,72391,0,0,20274,17099,5
2025-03-10,8,Loading…,66465,33193,99658,66465,0,0,25277,7916,4
2025-03-10,9,Gaeta Spur FC,73304,36679,109983,73304,0,0,22440,14239,3
2025-03-10,10,Rashid Shaheed Truthers,72435,30874,103309,72435,0,0,22440,8434,7
2025-03-10,11,All You Need Is LOVE,60271,46054,106325,60271,0,0,26574,19480,7
2025-03-10,12,Omar Comin,63758,42561,106319,63758,0,0,22440,20121,6
2025-03-11,1,208 Ferrari Way,66581,36259,102840,66581,0,0,20262,15997,6
2025-03-11,2,The Federal Reserve,91795,30243,122038,91795,0,0,18971,11272,3
2025-03-11,3,Golden Hour,64368,39177,103545,64368,0,0,20262,18915,7
2025-03-11,4,Lisan al-Caleb,71091,32614,103705,71091,0,0,25279,7335,4
2025-03-11,5,Mommy Rainier,46037,27004,73041,46037,0,0,25279,1725,12
2025-03-11,6,Mostly Washed,72307,32597,104904,72307,0,0,22483,10114,5
2025-03-11,7,Cártel de Breece y Puka,72259,37376,109635,72259,0,0,20262,17114,5
2025-03-11,8,Loading…,66048,33183,99231,66048,0,0,25279,7904,4
2025-03-11,9,Gaeta Spur FC,73691,36724,110415,73691,0,0,22483,14241,3
2025-03-11,10,Rashid Shaheed Truthers,72539,30928,103467,72539,0,0,22483,8445,7
2025-03-11,11,All You Need Is LOVE,60316,46067,106383,60316,0,0,26570,19497,7
2025-03-11,12,Omar Comin,64153,42612,106765,64153,0,0,22483,20129,6
2025-03-12,1,208 Ferrari Way,66487,36225,102712,66487,0,0,20255,15970,6
2025-03-12,2,The Federal Reserve,91592,30224,121816,91592,0,0,18945,11279,3
2025-03-12,3,Golden Hour,64412,39137,103549,64412,0,0,20255,18882,7
2025-03-12,4,Lisan al-Caleb,71127,32529,103656,71127,0,0,25194,7335,4
2025-03-12,5,Mommy Rainier,45987,26933,72920,45987,0,0,25194,1739,12
2025-03-12,6,Mostly Washed,72556,32544,105100,72556,0,0,22472,10072,5
2025-03-12,7,Cártel de Breece y Puka,72171,37375,109546,72171,0,0,20255,17120,5
2025-03-12,8,Loading…,65963,33073,99036,65963,0,0,25194,7879,4
2025-03-12,9,Gaeta Spur FC,73802,36683,110485,73802,0,0,22472,14211,3
2025-03-12,10,Rashid Shaheed Truthers,72447,30903,103350,72447,0,0,22472,8431,7
2025-03-12,11,All You Need Is LOVE,60352,45957,106309,60352,0,0,26504,19453,7
2025-03-12,12,Omar Comin,64437,42545,106982,64437,0,0,22472,20073,4
2025-03-13,1,208 Ferrari Way,66380,36147,102527,66380,0,0,20189,15958,6
2025-03-13,2,The Federal Reserve,91428,30152,121580,91428,0,0,18903,11249,3
2025-03-13,3,Golden Hour,64390,39127,103517,64390,0,0,20189,18938,7
2025-03-13,4,Lisan al-Caleb,71305,32666,103971,71305,0,0,25306,7360,4
2025-03-13,5,Mommy Rainier,46110,27051,73161,46110,0,0,25306,1745,12
2025-03-13,6,Mostly Washed,72786,32580,105366,72786,0,0,22521,10059,5
2025-03-13,7,Cártel de Breece y Puka,71147,37399,108546,71147,0,0,20189,17210,4
2025-03-13,8,Loading…,65852,33224,99076,65852,0,0,25306,7918,4
2025-03-13,9,Gaeta Spur FC,73917,36714,110631,73917,0,0,22521,14193,3
2025-03-13,10,Rashid Shaheed Truthers,72160,30956,103116,72160,0,0,22521,8435,7
2025-03-13,11,All You Need Is LOVE,60235,46062,106297,60235,0,0,26592,19470,7
2025-03-13,12,Omar Comin,64546,42706,107252,64546,0,0,22521,20185,4
2025-03-14,1,208 Ferrari Way,66334,36270,102604,66334,0,0,20280,15990,6
2025-03-14,2,The Federal Reserve,91283,30286,121569,91283,0,0,18987,11299,3
2025-03-14,3,Golden Hour,64479,39217,103696,64479,0,0,20280,18937,7
2025-03-14,4,Lisan al-Caleb,71308,32606,103914,71308,0,0,25242,7364,4
2025-03-14,5,Mommy Rainier,46086,27000,73086,46086,0,0,25242,1758,12
2025-03-14,6,Mostly Washed,72800,32632,105432,72800,0,0,22560,10072,5
2025-03-14,7,Cártel de Breece y Puka,71264,37446,108710,71264,0,0,20280,17166,4
2025-03-14,8,Loading…,65784,33144,98928,65784,0,0,25242,7902,4
2025-03-14,9,Gaeta Spur FC,74023,36776,110799,74023,0,0,22560,14216,3
2025-03-14,10,Rashid Shaheed Truthers,72022,30994,103016,72022,0,0,22560,8434,7
2025-03-14,11,All You Need Is LOVE,60340,46022,106362,60340,0,0,26535,19487,7
2025-03-14,12,Omar Comin,66539,42707,109246,66539,0,0,22560,20147,6
2025-03-15,1,208 Ferrari Way,66176,36373,102549,66176,0,0,20347,16026,6
2025-03-15,2,The Federal Reserve,91266,32298,123564,91266,0,0,19017,13281,3
2025-03-15,3,Golden Hour,64541,39304,103845,64541,0,0,20347,18957,7
2025-03-15,4,Lisan al-Caleb,71126,32617,103743,71126,0,0,25244,7373,4
2025-03-15,5,Mommy Rainier,46198,26985,73183,46198,0,0,25244,1741,12
2025-03-15,6,Mostly Washed,72811,32613,105424,72811,0,0,22535,10078,5
2025-03-15,7,Cártel de Breece y Puka,71092,37505,108597,71092,0,0,20347,17158,4
2025-03-15,8,Loading…,65842,33125,98967,65842,0,0,25244,7881,4
2025-03-15,9,Gaeta Spur FC,74181,36773,110954,74181,0,0,22535,14238,3
2025-03-15,10,Rashid Shaheed Truthers,71927,30974,102901,71927,0,0,22535,8439,7
2025-03-15,11,All You Need Is LOVE,60220,46123,106343,60220,0,0,26574,19549,7
2025-03-15,12,Omar Comin,66526,40690,107216,66526,0,0,22535,18155,6
2025-03-16,1,208 Ferrari Way,66201,36440,102641,66201,0,0,20363,16077,6
2025-03-16,2,The Federal Reserve,91224,32278,123502,91224,0,0,19018,13260,3
2025-03-16,3,Golden Hour,64551,39311,103862,64551,0,0,20363,18948,7
2025-03-16,4,Lisan al-Caleb,71084,32609,103693,71084,0,0,25212,7397,4
2025-03-16,5,Mommy Rainier,46148,26960,73108,46148,0,0,25212,1748,12
2025-03-16,6,Mostly Washed,72817,32633,105450,72817,0,0,22558,10075,5
2025-03-16,7,Cártel de Breece y Puka,73308,37510,110818,73308,0,0,20363,17147,2
2025-03-16,8,Loading…,65782,33126,98908,65782,0,0,25212,7914,4
2025-03-16,9,Gaeta Spur FC,74152,36829,110981,74152,0,0,22558,14271,3
2025-03-16,10,Rashid Shaheed Truthers,72097,31016,103113,72097,0,0,22558,8458,7
2025-03-16,11,All You Need Is LOVE,60209,46086,106295,60209,0,0,26557,19529,7
2025-03-16,12,Omar Comin,66657,40722,107379,66657,0,0,22558,18164,6
2025-03-17,1,208 Ferrari Way,66044,36573,102617,66044,0,0,20392,16181,6
2025-03-17,2,The Federal Reserve,91032,32255,123287,91032,0,0,19035,13220,3
2025-03-17,3,Golden Hour,64564,39327,103891,64564,0,0,20392,18935,5
2025-03-17,4,Lisan al-Caleb,71301,32616,103917,71301,0,0,25192,7424,4
2025-03-17,5,Mommy Rainier,46207,26951,73158,46207,0,0,25192,1759,12
2025-03-17,6,Mostly Washed,72771,32670,105441,72771,0,0,22619,10051,5
2025-03-17,7,Cártel de Breece y Puka,73288,37514,110802,73288,0,0,20392,17122,2
2025-03-17,8,Loading…,65623,33119,98742,65623,0,0,25192,7927,4
2025-03-17,9,Gaeta Spur FC,74328,36932,111260,74328,0,0,22619,14313,3
2025-03-17,10,Rashid Shaheed Truthers,72229,31085,103314,72229,0,0,22619,8466,7
2025-03-17,11,All You Need Is LOVE,60222,46064,106286,60222,0,0,26549,19515,7
2025-03-17,12,Omar Comin,66736,40878,107614,66736,0,0,22619,18259,7
2025-03-18,1,208 Ferrari Way,66078,36585,102663,66078,0,0,20381,16204,6
2025-03-18,2,The Federal Reserve,90918,32240,123158,90918,0,0,19038,13202,3
2025-03-18,3,Golden Hour,64382,39274,103656,64382,0,0,20381,18893,5
2025-03-18,4,Lisan al-Caleb,71358,32640,103998,71358,0,0,25230,7410,4
2025-03-18,5,Mommy Rainier,46212,27009,73221,46212,0,0,25230,1779,12
2025-03-18,6,Mostly Washed,72862,32674,105536,72862,0,0,22631,10043,5
2025-03-18,7,Cártel de Breece y Puka,73429,37476,110905,73429,0,0,20381,17095,2
2025-03-18,8,Loading…,65729,33174,98903,65729,0,0,25230,7944,4
2025-03-18,9,Gaeta Spur FC,74266,36995,111261,74266,0,0,22631,14364,3
2025-03-18,10,Rashid Shaheed Truthers,72188,31136,103324,72188,0,0,22631,8505,7
2025-03-18,11,All You Need Is LOVE,60132,45983,106115,60132,0,0,26573,19410,7
2025-03-18,12,Omar Comin,66540,40966,107506,66540,0,0,22631,18335,7
2025-03-19,1,208 Ferrari Way,61274,39561,100835,61274,0,0,24931,14630,6
2025-03-19,2,The Federal Reserve,90846,32365,123211,90846,0,0,19132,13233,3
2025-03-19,3,Golden Hour,64193,39462,103655,64193,0,0,20476,18986,5
2025-03-19,4,Lisan al-Caleb,71319,32631,103950,71319,0,0,25228,7403,4
2025-03-19,5,Mommy Rainier,46218,27023,73241,46218,0,0,25228,1795,12
2025-03-19,6,Mostly Washed,72834,32759,105593,72834,0,0,22631,10128,5
2025-03-19,7,Cártel de Breece y Puka,77046,34710,111756,77046,0,0,16021,18689,1
2025-03-19,8,Loading…,65764,33204,98968,65764,0,0,25228,7976,4
2025-03-19,9,Gaeta Spur FC,74335,37024,111359,74335,0,0,22631,14393,3
2025-03-19,10,Rashid Shaheed Truthers,71903,31182,103085,71903,0,0,22631,8551,7
2025-03-19,11,All You Need Is LOVE,60144,46107,106251,60144,0,0,26572,19535,7
2025-03-19,12,Omar Comin,66600,40960,107560,66600,0,0,22631,18329,7
2025-03-20,1,208 Ferrari Way,61110,39497,100607,61110,0,0,24829,14668,6
2025-03-20,2,The Federal Reserve,90789,32289,123078,90789,0,0,19090,13199,3
2025-03-20,3,Golden Hour,63986,39419,103405,63986,0,0,20396,19023,5
2025-03-20,4,Lisan al-Caleb,71328,32663,103991,71328,0,0,25268,7395,4
2025-03-20,5,Mommy Rainier,46165,27053,73218,46165,0,0,25268,1785,12
2025-03-20,6,Mostly Washed,72745,32704,105449,72745,0,0,22635,10069,5
2025-03-20,7,Cártel de Breece y Puka,76848,34630,111478,76848,0,0,15963,18667,1
2025-03-20,8,Loading…,65657,33243,98900,65657,0,0,25268,7975,4
2025-03-20,9,Gaeta Spur FC,74355,36984,111339,74355,0,0,22635,14349,3
2025-03-20,10,Rashid Shaheed Truthers,71994,31100,103094,71994,0,0,22635,8465,7
2025-03-20,11,All You Need Is LOVE,60179,46119,106298,60179,0,0,26574,19545,7
2025-03-20,12,Omar Comin,66596,41011,107607,66596,0,0,22635,18376,7
2025-03-21,1,208 Ferrari Way,61021,39560,100581,61021,0,0,24839,14721,6
2025-03-21,2,The Federal Reserve,90824,32271,123095,90824,0,0,19085,13186,3
2025-03-21,3,Golden Hour,63951,39466,103417,63951,0,0,20404,19062,5
2025-03-21,4,Lisan al-Caleb,71495,32716,104211,71495,0,0,25340,7376,4
2025-03-21,5,Mommy Rainier,45985,27129,73114,45985,0,0,25340,1789,12
2025-03-21,6,Mostly Washed,72785,32691,105476,72785,0,0,22619,10072,5
2025-03-21,7,Cártel de Breece y Puka,76919,34636,111555,76919,0,0,15969,18667,1
2025-03-21,8,Loading…,65671,33329,99000,65671,0,0,25340,7989,4
2025-03-21,9,Gaeta Spur FC,74201,36992,111193,74201,0,0,22619,14373,3
2025-03-21,10,Rashid Shaheed Truthers,72000,31102,103102,72000,0,0,22619,8483,7
2025-03-21,11,All You Need Is LOVE,60165,46229,106394,60165,0,0,26659,19570,7
2025-03-21,12,Omar Comin,66447,41023,107470,66447,0,0,22619,18404,7
2025-03-22,1,208 Ferrari Way,61370,39519,100889,61370,0,0,24752,14767,6
2025-03-22,2,The Federal Reserve,90963,32195,123158,90963,0,0,19022,13173,3
2025-03-22,3,Golden Hour,63798,39362,103160,63798,0,0,20338,19024,5
2025-03-22,4,Lisan al-Caleb,71472,32722,104194,71472,0,0,25311,7411,4
2025-03-22,5,Mommy Rainier,46022,27091,73113,46022,0,0,25311,1780,12
2025-03-22,6,Mostly Washed,72672,32620,105292,72672,0,0,22623,9997,5
2025-03-22,7,Cártel de Breece y Puka,76906,34590,111496,76906,0,0,15924,18666,1
2025-03-22,8,Loading…,65653,33277,98930,65653,0,0,25311,7966,4
2025-03-22,9,Gaeta Spur FC,74133,36992,111125,74133,0,0,22623,14369,3
2025-03-22,10,Rashid Shaheed Truthers,71942,31042,102984,71942,0,0,22623,8419,7
2025-03-22,11,All You Need Is LOVE,60084,46149,106233,60084,0,0,26627,19522,7
2025-03-22,12,Omar Comin,66477,41049,107526,66477,0,0,22623,18426,7
2025-03-23,1,208 Ferrari Way,61834,39481,101315,61834,0,0,24762,14719,6
2025-03-23,2,The Federal Reserve,90832,32240,123072,90832,0,0,19016,13224,3
2025-03-23,3,Golden Hour,63828,39375,103203,63828,0,0,20333,19042,5
2025-03-23,4,Lisan al-Caleb,71371,32687,104058,71371,0,0,25306,7381,4
2025-03-23,5,Mommy Rainier,46020,27079,73099,46020,0,0,25306,1773,12
2025-03-23,6,Mostly Washed,72631,32613,105244,72631,0,0,22583,10030,4
2025-03-23,7,Cártel de Breece y Puka,76828,34583,111411,76828,0,0,15904,18679,1
2025-03-23,8,Loading…,65522,33245,98767,65522,0,0,25306,7939,4
2025-03-23,9,Gaeta Spur FC,74130,36924,111054,74130,0,0,22583,14341,3
2025-03-23,10,Rashid Shaheed Truthers,71949,31013,102962,71949,0,0,22583,8430,7
2025-03-23,11,All You Need Is LOVE,60153,46158,106311,60153,0,0,26623,19535,7
2025-03-23,12,Omar Comin,66592,40914,107506,66592,0,0,22583,18331,7
2025-03-24,1,208 Ferrari Way,55106,36113,91219,55106,0,0,23484,12629,6
2025-03-24,2,The Federal Reserve,90838,32283,123121,90838,0,0,19059,13224,3
2025-03-24,3,Golden Hour,63783,39410,103193,63783,0,0,20391,19019,5
2025-03-24,4,Lisan al-Caleb,71386,32675,104061,71386,0,0,25313,7362,4
2025-03-24,5,Mommy Rainier,49161,39932,89093,49161,0,0,29744,10188,12
2025-03-24,6,Mostly Washed,76025,23249,99274,76025,0,0,19495,3754,4
2025-03-24,7,Cártel de Breece y Puka,76955,34595,111550,76955,0,0,15960,18635,1
2025-03-24,8,Loading…,65473,33253,98726,65473,0,0,25313,7940,4
2025-03-24,9,Gaeta Spur FC,74243,36954,111197,74243,0,0,22588,14366,3
2025-03-24,10,Rashid Shaheed Truthers,72019,31088,103107,72019,0,0,22588,8500,7
2025-03-24,11,All You Need Is LOVE,60019,46155,106174,60019,0,0,26645,19510,7
2025-03-24,12,Omar Comin,66551,40889,107440,66551,0,0,22588,18301,7
2025-03-25,1,208 Ferrari Way,54990,36053,91043,54990,0,0,23489,12564,7
2025-03-25,2,The Federal Reserve,90807,32275,123082,90807,0,0,19044,13231,3
2025-03-25,3,Golden Hour,63694,39391,103085,63694,0,0,20409,18982,5
2025-03-25,4,Lisan al-Caleb,71336,32604,103940,71336,0,0,25290,7314,4
2025-03-25,5,Mommy Rainier,49234,39869,89103,49234,0,0,29691,10178,12
2025-03-25,6,Mostly Washed,76065,23200,99265,76065,0,0,19445,3755,4
2025-03-25,7,Cártel de Breece y Puka,76996,34566,111562,76996,0,0,16008,18558,1
2025-03-25,8,Loading…,65469,33232,98701,65469,0,0,25290,7942,4
2025-03-25,9,Gaeta Spur FC,74146,36885,111031,74146,0,0,22525,14360,3
2025-03-25,10,Rashid Shaheed Truthers,72011,31038,103049,72011,0,0,22525,8513,7
2025-03-25,11,All You Need Is LOVE,60032,46110,106142,60032,0,0,26655,19455,7
2025-03-25,12,Omar Comin,66521,40789,107310,66521,0,0,22525,18264,7
2025-03-26,1,208 Ferrari Way,54763,36151,90914,54763,0,0,23516,12635,7
2025-03-26,2,The Federal Reserve,90811,32226,123037,90811,0,0,19065,13161,3
2025-03-26,3,Golden Hour,63843,39329,103172,63843,0,0,20439,18890,5
2025-03-26,4,Lisan al-Caleb,71227,32535,103762,71227,0,0,25205,7330,4
2025-03-26,5,Mommy Rainier,49197,39791,88988,49197,0,0,29617,10174,12
2025-03-26,6,Mostly Washed,75944,23186,99130,75944,0,0,19452,3734,4
2025-03-26,7,Cártel de Breece y Puka,76864,34526,111390,76864,0,0,16027,18499,1
2025-03-26,8,Loading…,65517,33089,98606,65517,0,0,25205,7884,4
2025-03-26,9,Gaeta Spur FC,74059,36905,110964,74059,0,0,22529,14376,3
2025-03-26,10,Rashid Shaheed Truthers,71958,31041,102999,71958,0,0,22529,8512,7
2025-03-26,11,All You Need Is LOVE,60306,45975,106281,60306,0,0,26579,19396,7
2025-03-26,12,Omar Comin,66608,40730,107338,66608,0,0,22529,18201,7
2025-03-27,1,208 Ferrari Way,54409,36145,90554,54409,0,0,23493,12652,7
2025-03-27,2,The Federal Reserve,90820,32214,123034,90820,0,0,19088,13126,3
2025-03-27,3,Golden Hour,63820,39343,103163,63820,0,0,20445,18898,5
2025-03-27,4,Lisan al-Caleb,71260,32575,103835,71260,0,0,25247,7328,4
2025-03-27,5,Mommy Rainier,49135,39788,88923,49135,0,0,29640,10148,9
2025-03-27,6,Mostly Washed,76102,23227,99329,76102,0,0,19503,3724,4
2025-03-27,7,Cártel de Breece y Puka,76898,34564,111462,76898,0,0,16052,18512,1
2025-03-27,8,Loading…,65511,33139,98650,65511,0,0,25247,7892,4
2025-03-27,9,Gaeta Spur FC,73879,36883,110762,73879,0,0,22551,14332,3
2025-03-27,10,Rashid Shaheed Truthers,71789,31051,102840,71789,0,0,22551,8500,7
2025-03-27,11,All You Need Is LOVE,60530,45936,106466,60530,0,0,26604,19332,7
2025-03-27,12,Omar Comin,66652,40739,107391,66652,0,0,22551,18188,7
2025-03-28,1,208 Ferrari Way,54370,36087,90457,54370,0,0,23485,12602,7
2025-03-28,2,The Federal Reserve,90842,32216,123058,90842,0,0,19086,13130,3
2025-03-28,3,Golden Hour,63858,39308,103166,63858,0,0,20453,18855,5
2025-03-28,4,Lisan al-Caleb,71196,32510,103706,71196,0,0,25238,7272,4
2025-03-28,5,Mommy Rainier,49172,39753,88925,49172,0,0,29613,10140,9
2025-03-28,6,Mostly Washed,76001,23198,99199,76001,0,0,19469,3729,4
2025-03-28,7,Cártel de Breece y Puka,76842,34529,111371,76842,0,0,16078,18451,1
2025-03-28,8,Loading…,65643,33114,98757,65643,0,0,25238,7876,4
2025-03-28,9,Gaeta Spur FC,71927,36836,108763,71927,0,0,22501,14335,3
2025-03-28,10,Rashid Shaheed Truthers,71769,31026,102795,71769,0,0,22501,8525,7
2025-03-28,11,All You Need Is LOVE,60411,45902,106313,60411,0,0,26605,19297,7
2025-03-28,12,Omar Comin,66650,40685,107335,66650,0,0,22501,18184,6
2025-03-29,1,208 Ferrari Way,54288,36199,90487,54288,0,0,23556,12643,7
2025-03-29,2,The Federal Reserve,90843,32306,123149,90843,0,0,19125,13181,3
2025-03-29,3,Golden Hour,63834,39394,103228,63834,0,0,20493,18901,5
2025-03-29,4,Lisan al-Caleb,70994,32651,103645,70994,0,0,25329,7322,4
2025-03-29,5,Mommy Rainier,49130,39892,89022,49130,0,0,29717,10175,9
2025-03-29,6,Mostly Washed,75922,23178,99100,75922,0,0,19451,3727,4
2025-03-29,7,Cártel de Breece y Puka,76899,34596,111495,76899,0,0,16105,18491,1
2025-03-29,8,Loading…,65529,33235,98764,65529,0,0,25329,7906,4
2025-03-29,9,Gaeta Spur FC,71930,36868,108798,71930,0,0,22514,14354,3
2025-03-29,10,Rashid Shaheed Truthers,71685,31058,102743,71685,0,0,22514,8544,7
2025-03-29,11,All You Need Is LOVE,60417,46049,106466,60417,0,0,26697,19352,7
2025-03-29,12,Omar Comin,66627,40670,107297,66627,0,0,22514,18156,6
2025-03-30,1,208 Ferrari Way,54217,36303,90520,54217,0,0,23617,12686,7
2025-03-30,2,The Federal Reserve,90729,32392,123121,90729,0,0,19171,13221,3
2025-03-30,3,Golden Hour,63799,39415,103214,63799,0,0,20542,18873,5
2025-03-30,4,Lisan al-Caleb,71138,32686,103824,71138,0,0,25350,7336,4
2025-03-30,5,Mommy Rainier,49099,39930,89029,49099,0,0,29745,10185,9
2025-03-30,6,Mostly Washed,75844,23132,98976,75844,0,0,19407,3725,4
2025-03-30,7,Cártel de Breece y Puka,76922,34628,111550,76922,0,0,16147,18481,1
2025-03-30,8,Loading…,65531,33222,98753,65531,0,0,25350,7872,4
2025-03-30,9,Gaeta Spur FC,71902,36870,108772,71902,0,0,22482,14388,3
2025-03-30,10,Rashid Shaheed Truthers,71647,31042,102689,71647,0,0,22482,8560,7
2025-03-30,11,All You Need Is LOVE,60320,46076,106396,60320,0,0,26721,19355,7
2025-03-30,12,Omar Comin,66609,40568,107177,66609,0,0,22482,18086,6
2025-03-31,1,208 Ferrari Way,54154,36337,90491,54154,0,0,23615,12722,7
2025-03-31,2,The Federal Reserve,90765,32399,123164,90765,0,0,19137,13262,3
2025-03-31,3,Golden Hour,63741,39408,103149,63741,0,0,20518,18890,5
2025-03-31,4,Lisan al-Caleb,71142,32838,103980,71142,0,0,25448,7390,4
2025-03-31,5,Mommy Rainier,49043,39960,89003,49043,0,0,29809,10151,9
2025-03-31,6,Mostly Washed,76451,23190,99641,76451,0,0,19442,3748,4
2025-03-31,7,Cártel de Breece y Puka,76915,34681,111596,76915,0,0,16157,18524,1
2025-03-31,8,Loading…,65413,33359,98772,65413,0,0,25448,7911,4
2025-03-31,9,Gaeta Spur FC,71952,36910,108862,71952,0,0,22539,14371,3
2025-03-31,10,Rashid Shaheed Truthers,71672,31106,102778,71672,0,0,22539,8567,7
2025-03-31,11,All You Need Is LOVE,60193,46171,106364,60193,0,0,26829,19342,7
2025-03-31,12,Omar Comin,66593,40653,107246,66593,0,0,22539,18114,6
2025-04-01,1,208 Ferrari Way,54070,36262,90332,54070,0,0,23542,12720,7
2025-04-01,2,The Federal Reserve,90731,34081,124812,90731,0,0,24175,9906,3
2025-04-01,3,Golden Hour,63829,39303,103132,63829,0,0,20437,18866,5
2025-04-01,4,Lisan al-Caleb,71072,32855,103927,71072,0,0,25438,7417,4
2025-04-01,5,Mommy Rainier,49013,39910,88923,49013,0,0,29763,10147,9
2025-04-01,6,Mostly Washed,76403,23218,99621,76403,0,0,19462,3756,4
2025-04-01,7,Cártel de Breece y Puka,76861,34659,111520,76861,0,0,16112,18547,1
2025-04-01,8,Loading…,65412,33373,98785,65412,0,0,25438,7935,4
2025-04-01,9,Gaeta Spur FC,71990,36956,108946,71990,0,0,22567,14389,3
2025-04-01,10,Rashid Shaheed Truthers,71731,31160,102891,71731,0,0,22567,8593,7
2025-04-01,11,All You Need Is LOVE,60170,46123,106293,60170,0,0,26852,19271,7
2025-04-01,12,Omar Comin,66575,38952,105527,66575,0,0,17415,21537,6
2025-04-02,1,208 Ferrari Way,54038,36141,90179,54038,0,0,23472,12669,7
2025-04-02,2,The Federal Reserve,90714,33907,124621,90714,0,0,24069,9838,3
2025-04-02,3,Golden Hour,63927,39185,103112,63927,0,0,20386,18799,5
2025-04-02,4,Lisan al-Caleb,71083,32776,103859,71083,0,0,25381,7395,4
2025-04-02,5,Mommy Rainier,49089,39834,88923,49089,0,0,29709,10125,9
2025-04-02,6,Mostly Washed,76411,23152,99563,76411,0,0,19436,3716,4
2025-04-02,7,Cártel de Breece y Puka,76880,34535,111415,76880,0,0,16058,18477,1
2025-04-02,8,Loading…,65455,33298,98753,65455,0,0,25381,7917,4
2025-04-02,9,Gaeta Spur FC,71753,36858,108611,71753,0,0,22522,14336,3
2025-04-02,10,Rashid Shaheed Truthers,71705,31068,102773,71705,0,0,22522,8546,7
2025-04-02,11,All You Need Is LOVE,60203,46022,106225,60203,0,0,26790,19232,7
2025-04-02,12,Omar Comin,66538,38928,105466,66538,0,0,17430,21498,7
2025-04-03,1,208 Ferrari Way,54091,36021,90112,54091,0,0,23442,12579,7
2025-04-03,2,The Federal Reserve,90734,33832,124566,90734,0,0,24028,9804,3
2025-04-03,3,Golden Hour,63908,39053,102961,63908,0,0,20336,18717,5
2025-04-03,4,Lisan al-Caleb,71200,32734,103934,71200,0,0,25365,7369,4
2025-04-03,5,Mommy Rainier,49059,39779,88838,49059,0,0,29683,10096,9
2025-04-03,6,Mostly Washed,76309,23016,99325,76309,0,0,19329,3687,4
2025-04-03,7,Cártel de Breece y Puka,76782,34527,111309,76782,0,0,16018,18509,1
2025-04-03,8,Loading…,65483,33236,98719,65483,0,0,25365,7871,4
2025-04-03,9,Gaeta Spur FC,71836,36730,108566,71836,0,0,22435,14295,3
2025-04-03,10,Rashid Shaheed Truthers,71758,30955,102713,71758,0,0,22435,8520,7
2025-04-03,11,All You Need Is LOVE,60065,45918,105983,60065,0,0,26774,19144,7
2025-04-03,12,Omar Comin,66493,38799,105292,66493,0,0,17334,21465,7
2025-04-04,1,208 Ferrari Way,54002,35887,89889,54002,0,0,23378,12509,7
2025-04-04,2,The Federal Reserve,90753,33773,124526,90753,0,0,23962,9811,3
2025-04-04,3,Golden Hour,63967,39011,102978,63967,0,0,20267,18744,5
2025-04-04,4,Lisan al-Caleb,71119,32779,103898,71119,0,0,25384,7395,4
2025-04-04,5,Mommy Rainier,49082,39745,88827,49082,0,0,29687,10058,9
2025-04-04,6,Mostly Washed,76361,23037,99398,76361,0,0,19319,3718,4
2025-04-04,7,Cártel de Breece y Puka,76766,34489,111255,76766,0,0,15964,18525,1
2025-04-04,8,Loading…,65366,33272,98638,65366,0,0,25384,7888,4
2025-04-04,9,Gaeta Spur FC,71818,36660,108478,71818,0,0,22430,14230,3
2025-04-04,10,Rashid Shaheed Truthers,71794,30881,102675,71794,0,0,22430,8451,7
2025-04-04,11,All You Need Is LOVE,60067,45931,105998,60067,0,0,26772,19159,7
2025-04-04,12,Omar Comin,66618,38847,105465,66618,0,0,17347,21500,7
2025-04-05,1,208 Ferrari Way,53965,35958,89923,53965,0,0,23389,12569,7
2025-04-05,2,The Federal Reserve,90778,33805,124583,90778,0,0,24000,9805,3
2025-04-05,3,Golden Hour,63987,38990,102977,63987,0,0,20282,18708,5
2025-04-05,4,Lisan al-Caleb,71148,32816,103964,71148,0,0,25386,7430,4
2025-04-05,5,Mommy Rainier,49080,39706,88786,49080,0,0,29664,10042,9
2025-04-05,6,Mostly Washed,76327,23008,99335,76327,0,0,19300,3708,4
2025-04-05,7,Cártel de Breece y Puka,76815,34537,111352,76815,0,0,16004,18533,1
2025-04-05,8,Loading…,65396,33269,98665,65396,0,0,25386,7883,4
2025-04-05,9,Gaeta Spur FC,71799,36630,108429,71799,0,0,22407,14223,3
2025-04-05,10,Rashid Shaheed Truthers,71658,30873,102531,71658,0,0,22407,8466,7
2025-04-05,11,All You Need Is LOVE,60018,45828,105846,60018,0,0,26751,19077,7
2025-04-05,12,Omar Comin,66756,38784,105540,66756,0,0,17324,21460,7
2025-04-06,1,208 Ferrari Way,53953,35968,89921,53953,0,0,23386,12582,7
2025-04-06,2,The Federal Reserve,90843,33808,124651,90843,0,0,24015,9793,3
2025-04-06,3,Golden Hour,63952,38993,102945,63952,0,0,20265,18728,5
2025-04-06,4,Lisan al-Caleb,71187,32812,103999,71187,0,0,25362,7450,4
2025-04-06,5,Mommy Rainier,49059,39660,88719,49059,0,0,29645,10015,9
2025-04-06,6,Mostly Washed,76372,23031,99403,76372,0,0,19317,3714,4
2025-04-06,7,Cártel de Breece y Puka,76788,34556,111344,76788,0,0,15982,18574,1
2025-04-06,8,Loading…,65252,33251,98503,65252,0,0,25362,7889,4
2025-04-06,9,Gaeta Spur FC,71810,36635,108445,71810,0,0,22438,14197,3
2025-04-06,10,Rashid Shaheed Truthers,71658,30879,102537,71658,0,0,22438,8441,7
2025-04-06,11,All You Need Is LOVE,59899,45823,105722,59899,0,0,26709,19114,7
2025-04-06,12,Omar Comin,66834,38836,105670,66834,0,0,17341,21495,7
2025-04-07,1,208 Ferrari Way,53837,35975,89812,53837,0,0,23425,12550,7
2025-04-07,2,The Federal Reserve,90787,33809,124596,90787,0,0,24047,9762,3
2025-04-07,3,Golden Hour,63989,38982,102971,63989,0,0,20303,18679,5
2025-04-07,4,Lisan al-Caleb,71303,32715,104018,71303,0,0,25275,7440,4
2025-04-07,5,Mommy Rainier,49103,39539,88642,49103,0,0,29562,9977,9
2025-04-07,6,Mostly Washed,76292,22998,99290,76292,0,0,19297,3701,4
2025-04-07,7,Cártel de Breece y Puka,76738,34593,111331,76738,0,0,16016,18577,1
2025-04-07,8,Loading…,65210,33120,98330,65210,0,0,25275,7845,4
2025-04-07,9,Gaeta Spur FC,71846,36556,108402,71846,0,0,22419,14137,3
2025-04-07,10,Rashid Shaheed Truthers,71729,30818,102547,71729,0,0,22419,8399,7
2025-04-07,11,All You Need Is LOVE,59869,45707,105576,59869,0,0,26622,19085,7
2025-04-07,12,Omar Comin,66761,38776,105537,66761,0,0,17328,21448,7
2025-04-08,1,208 Ferrari Way,53973,35999,89972,53973,0,0,23474,12525,7
2025-04-08,2,The Federal Reserve,90720,33889,124609,90720,0,0,24119,9770,3
2025-04-08,3,Golden Hour,64084,39071,103155,64084,0,0,20347,18724,5
2025-04-08,4,Lisan al-Caleb,71254,32739,103993,71254,0,0,25328,7411,4
2025-04-08,5,Mommy Rainier,49049,39620,88669,49049,0,0,29632,9988,9
2025-04-08,6,Mostly Washed,76278,22950,99228,76278,0,0,19246,3704,4
2025-04-08,7,Cártel de Breece y Puka,76765,34623,111388,76765,0,0,16043,18580,1
2025-04-08,8,Loading…,65088,33192,98280,65088,0,0,25328,7864,4
2025-04-08,9,Gaeta Spur FC,71904,36498,108402,71904,0,0,22373,14125,3
2025-04-08,10,Rashid Shaheed Truthers,71583,30781,102364,71583,0,0,22373,8408,7
2025-04-08,11,All You Need Is LOVE,59835,45818,105653,59835,0,0,26664,19154,7
2025-04-08,12,Omar Comin,66663,38724,105387,66663,0,0,17265,21459,7
2025-04-09,1,208 Ferrari Way,53943,35987,89930,53943,0,0,23458,12529,7
2025-04-09,2,The Federal Reserve,90792,33863,124655,90792,0,0,24097,9766,3
2025-04-09,3,Golden Hour,64183,39089,103272,64183,0,0,20355,18734,5
2025-04-09,4,Lisan al-Caleb,71305,32686,103991,71305,0,0,25306,7380,4
2025-04-09,5,Mommy Rainier,49110,39613,88723,49110,0,0,29618,9995,9
2025-04-09,6,Mostly Washed,76310,22900,99210,76310,0,0,19228,3672,4
2025-04-09,7,Cártel de Breece y Puka,76735,34592,111327,76735,0,0,16043,18549,1
2025-04-09,8,Loading…,64958,33190,98148,64958,0,0,25306,7884,4
2025-04-09,9,Gaeta Spur FC,71777,36483,108260,71777,0,0,22331,14152,3
2025-04-09,10,Rashid Shaheed Truthers,71641,30739,102380,71641,0,0,22331,8408,7
2025-04-09,11,All You Need Is LOVE,59773,45819,105592,59773,0,0,26646,19173,7
2025-04-09,12,Omar Comin,66671,38715,105386,66671,0,0,17249,21466,7
2025-04-10,1,208 Ferrari Way,53929,35853,89782,53929,0,0,23411,12442,7
2025-04-10,2,The Federal Reserve,90787,33846,124633,90787,0,0,24056,9790,3
2025-04-10,3,Golden Hour,64016,39152,103168,64016,0,0,20335,18817,5
2025-04-10,4,Lisan al-Caleb,71284,32751,104035,71284,0,0,25423,7328,4
2025-04-10,5,Mommy Rainier,49113,39751,88864,49113,0,0,29738,10013,9
2025-04-10,6,Mostly Washed,76130,22955,99085,76130,0,0,19278,3677,4
2025-04-10,7,Cártel de Breece y Puka,76611,34530,111141,76611,0,0,16020,18510,1
2025-04-10,8,Loading…,64889,33371,98260,64889,0,0,25423,7948,4
2025-04-10,9,Gaeta Spur FC,71829,36480,108309,71829,0,0,22354,14126,3
2025-04-10,10,Rashid Shaheed Truthers,71758,30752,102510,71758,0,0,22354,8398,7
2025-04-10,11,All You Need Is LOVE,59778,45993,105771,59778,0,0,26752,19241,7
2025-04-10,12,Omar Comin,66645,38802,105447,66645,0,0,17304,21498,7
2025-04-11,1,208 Ferrari Way,53999,35743,89742,53999,0,0,23394,12349,7
2025-04-11,2,The Federal Reserve,90811,33778,124589,90811,0,0,24034,9744,3
2025-04-11,3,Golden Hour,64000,39076,103076,64000,0,0,20324,18752,5
2025-04-11,4,Lisan al-Caleb,71256,32621,103877,71256,0,0,25318,7303,4
2025-04-11,5,Mommy Rainier,49181,39668,88849,49181,0,0,29636,10032,9
2025-04-11,6,Mostly Washed,76134,22910,99044,76134,0,0,19276,3634,4
2025-04-11,7,Cártel de Breece y Puka,76668,34515,111183,76668,0,0,16006,18509,1
2025-04-11,8,Loading…,64845,33244,98089,64845,0,0,25318,7926,4
2025-04-11,9,Gaeta Spur FC,71612,36459,108071,71612,0,0,22346,14113,3
2025-04-11,10,Rashid Shaheed Truthers,71705,30727,102432,71705,0,0,22346,8381,7
2025-04-11,11,All You Need Is LOVE,59763,45824,105587,59763,0,0,26654,19170,7
2025-04-11,12,Omar Comin,66493,38803,105296,66493,0,0,17300,21503,7
2025-04-12,1,208 Ferrari Way,53926,35665,89591,53926,0,0,23354,12311,7
2025-04-12,2,The Federal Reserve,90677,33755,124432,90677,0,0,24012,9743,3
2025-04-12,3,Golden Hour,64071,39040,103111,64071,0,0,20280,18760,5
2025-04-12,4,Lisan al-Caleb,71195,32670,103865,71195,0,0,25350,7320,4
2025-04-12,5,Mommy Rainier,49137,39703,88840,49137,0,0,29671,10032,9
2025-04-12,6,Mostly Washed,76015,23038,99053,76015,0,0,19393,3645,4
2025-04-12,7,Cártel de Breece y Puka,76597,34504,111101,76597,0,0,15959,18545,1
2025-04-12,8,Loading…,65638,33283,98921,65638,0,0,25350,7933,4
2025-04-12,9,Gaeta Spur FC,71718,36586,108304,71718,0,0,22467,14119,3
2025-04-12,10,Rashid Shaheed Truthers,71649,30823,102472,71649,0,0,22467,8356,7
2025-04-12,11,All You Need Is LOVE,59733,45881,105614,59733,0,0,26683,19198,7
2025-04-12,12,Omar Comin,66571,39008,105579,66571,0,0,17402,21606,7
2025-04-13,1,208 Ferrari Way,53886,35702,89588,53886,0,0,23347,12355,7
2025-04-13,2,The Federal Reserve,90715,33781,124496,90715,0,0,24037,9744,3
2025-04-13,3,Golden Hour,64081,39079,103160,64081,0,0,20276,18803,5
2025-04-13,4,Lisan al-Caleb,70942,32734,103676,70942,0,0,25421,7313,4
2025-04-13,5,Mommy Rainier,49144,39780,88924,49144,0,0,29747,10033,9
2025-04-13,6,Mostly Washed,76037,23014,99051,76037,0,0,19359,3655,4
2025-04-13,7,Cártel de Breece y Puka,76665,34480,111145,76665,0,0,15950,18530,1
2025-04-13,8,Loading…,65804,33365,99169,65804,0,0,25421,7944,4
2025-04-13,9,Gaeta Spur FC,71747,36535,108282,71747,0,0,22430,14105,3
2025-04-13,10,Rashid Shaheed Truthers,71491,30797,102288,71491,0,0,22430,8367,7
2025-04-13,11,All You Need Is LOVE,59729,45933,105662,59729,0,0,26726,19207,7
2025-04-13,12,Omar Comin,66568,38892,105460,66568,0,0,17364,21528,7
2025-04-14,1,208 Ferrari Way,53928,35629,89557,53928,0,0,23323,12306,7
2025-04-14,2,The Federal Reserve,90874,33751,124625,90874,0,0,24007,9744,3
2025-04-14,3,Golden Hour,63997,39033,103030,63997,0,0,20242,18791,5
2025-04-14,4,Lisan al-Caleb,70977,32736,103713,70977,0,0,25438,7298,4
2025-04-14,5,Mommy Rainier,49192,39810,89002,49192,0,0,29761,10049,9
2025-04-14,6,Mostly Washed,75938,23004,98942,75938,0,0,19347,3657,4
2025-04-14,7,Cártel de Breece y Puka,76624,34480,111104,76624,0,0,15919,18561,1
2025-04-14,8,Loading…,65791,33371,99162,65791,0,0,25438,7933,4
2025-04-14,9,Gaeta Spur FC,71846,36526,108372,71846,0,0,22428,14098,3
2025-04-14,10,Rashid Shaheed Truthers,71493,30812,102305,71493,0,0,22428,8384,7
2025-04-14,11,All You Need Is LOVE,59833,45912,105745,59833,0,0,26741,19171,7
2025-04-14,12,Omar Comin,66574,38892,105466,66574,0,0,17360,21532,7
2025-04-15,1,208 Ferrari Way,56452,35712,92164,56452,0,0,23369,12343,8
2025-04-15,2,The Federal Reserve,90868,33808,124676,90868,0,0,24073,9735,3
2025-04-15,3,Golden Hour,64076,39079,103155,64076,0,0,20254,18825,5
2025-04-15,4,Lisan al-Caleb,70820,32760,103580,70820,0,0,25432,7328,4
2025-04-15,5,Mommy Rainier,49184,39839,89023,49184,0,0,29768,10071,9
2025-04-15,6,Mostly Washed,75920,23054,98974,75920,0,0,19377,3677,4
2025-04-15,7,Cártel de Breece y Puka,76632,34498,111130,76632,0,0,15918,18580,1
2025-04-15,8,Loading…,65579,33381,98960,65579,0,0,25432,7949,4
2025-04-15,9,Gaeta Spur FC,71694,36616,108310,71694,0,0,22492,14124,3
2025-04-15,10,Rashid Shaheed Truthers,71405,30895,102300,71405,0,0,22492,8403,7
2025-04-15,11,All You Need Is LOVE,59699,45932,105631,59699,0,0,26718,19214,7
2025-04-15,12,Omar Comin,66589,38934,105523,66589,0,0,17387,21547,7
2025-04-16,1,208 Ferrari Way,56507,35600,92107,56507,0,0,23289,12311,8
2025-04-16,2,The Federal Reserve,90845,33738,124583,90845,0,0,23979,9759,3
2025-04-16,3,Golden Hour,63984,38957,102941,63984,0,0,20175,18782,5
2025-04-16,4,Lisan al-Caleb,70944,32874,103818,70944,0,0,25512,7362,4
2025-04-16,5,Mommy Rainier,49297,39873,89170,49297,0,0,29820,10053,9
2025-04-16,6,Mostly Washed,75902,23039,98941,75902,0,0,19358,3681,4
2025-04-16,7,Cártel de Breece y Puka,76752,34477,111229,76752,0,0,15867,18610,1
2025-04-16,8,Loading…,65442,33427,98869,65442,0,0,25512,7915,4
2025-04-16,9,Gaeta Spur FC,71674,36533,108207,71674,0,0,22472,14061,3
2025-04-16,10,Rashid Shaheed Truthers,71413,30852,102265,71413,0,0,22472,8380,7
2025-04-16,11,All You Need Is LOVE,59637,45919,105556,59637,0,0,26804,19115,7
2025-04-16,12,Omar Comin,66529,38843,105372,66529,0,0,17376,21467,7
2025-04-17,1,208 Ferrari Way,56394,35700,92094,56394,0,0,23353,12347,8
2025-04-17,2,The Federal Reserve,90918,33832,124750,90918,0,0,24031,9801,3
2025-04-17,3,Golden Hour,63978,39050,103028,63978,0,0,20247,18803,5
2025-04-17,4,Lisan al-Caleb,70802,32899,103701,70802,0,0,25563,7336,4
2025-04-17,5,Mommy Rainier,49278,39962,89240,49278,0,0,29903,10059,9
2025-04-17,6,Mostly Washed,75880,23040,98920,75880,0,0,19318,3722,4
2025-04-17,7,Cártel de Breece y Puka,76703,34447,111150,76703,0,0,15907,18540,1
2025-04-17,8,Loading…,65516,33417,98933,65516,0,0,25563,7854,4
2025-04-17,9,Gaeta Spur FC,71770,36446,108216,71770,0,0,22424,14022,3
2025-04-17,10,Rashid Shaheed Truthers,71305,30806,102111,71305,0,0,22424,8382,7
2025-04-17,11,All You Need Is LOVE,59566,46055,105621,59566,0,0,26866,19189,7
2025-04-17,12,Omar Comin,66547,38638,105185,66547,0,0,17337,21301,7
2025-04-18,1,208 Ferrari Way,56502,35700,92202,56502,0,0,23345,12355,8
2025-04-18,2,The Federal Reserve,90824,33764,124588,90824,0,0,24026,9738,3
2025-04-18,3,Golden Hour,64026,39051,103077,64026,0,0,20239,18812,5
2025-04-18,4,Lisan al-Caleb,70601,32860,103461,70601,0,0,25527,7333,4
2025-04-18,5,Mommy Rainier,49369,39945,89314,49369,0,0,29880,10065,9
2025-04-18,6,Mostly Washed,75913,23044,98957,75913,0,0,19323,3721,4
2025-04-18,7,Cártel de Breece y Puka,76682,34382,111064,76682,0,0,15886,18496,1
2025-04-18,8,Loading…,65650,33401,99051,65650,0,0,25527,7874,4
2025-04-18,9,Gaeta Spur FC,71711,36421,108132,71711,0,0,22429,13992,3
2025-04-18,10,Rashid Shaheed Truthers,71339,30810,102149,71339,0,0,22429,8381,7
2025-04-18,11,All You Need Is LOVE,59542,46010,105552,59542,0,0,26804,19206,7
2025-04-18,12,Omar Comin,66502,38664,105166,66502,0,0,17365,21299,7
2025-04-19,1,208 Ferrari Way,56605,35715,92320,56605,0,0,23327,12388,8
2025-04-19,2,The Federal Reserve,90849,33793,124642,90849,0,0,23999,9794,3
2025-04-19,3,Golden Hour,64059,39107,103166,64059,0,0,20267,18840,5
2025-04-19,4,Lisan al-Caleb,70695,32819,103514,70695,0,0,25517,7302,4
2025-04-19,5,Mommy Rainier,49320,39995,89315,49320,0,0,29882,10113,9
2025-04-19,6,Mostly Washed,75821,23080,98901,75821,0,0,19359,3721,4
2025-04-19,7,Cártel de Breece y Puka,76620,34343,110963,76620,0,0,15902,18441,1
2025-04-19,8,Loading…,65844,33382,99226,65844,0,0,25517,7865,4
2025-04-19,9,Gaeta Spur FC,71668,36467,108135,71668,0,0,22419,14048,3
2025-04-19,10,Rashid Shaheed Truthers,71287,30829,102116,71287,0,0,22419,8410,7
2025-04-19,11,All You Need Is LOVE,59364,46029,105393,59364,0,0,26809,19220,7
2025-04-19,12,Omar Comin,66489,38633,105122,66489,0,0,17395,21238,7
2025-04-20,1,208 Ferrari Way,56714,35715,92429,56714,0,0,23349,12366,8
2025-04-20,2,The Federal Reserve,90806,33793,124599,90806,0,0,23993,9800,3
2025-04-20,3,Golden Hour,64011,39120,103131,64011,0,0,20287,18833,5
2025-04-20,4,Lisan al-Caleb,70592,32794,103386,70592,0,0,25508,7286,4
2025-04-20,5,Mommy Rainier,49326,39957,89283,49326,0,0,29860,10097,9
2025-04-20,6,Mostly Washed,75796,23010,98806,75796,0,0,19289,3721,4
2025-04-20,7,Cártel de Breece y Puka,76707,34398,111105,76707,0,0,15935,18463,1
2025-04-20,8,Loading…,65825,33375,99200,65825,0,0,25508,7867,4
2025-04-20,9,Gaeta Spur FC,71639,36394,108033,71639,0,0,22351,14043,3
2025-04-20,10,Rashid Shaheed Truthers,71254,30767,102021,71254,0,0,22351,8416,7
2025-04-20,11,All You Need Is LOVE,59394,45998,105392,59394,0,0,26801,19197,7
2025-04-20,12,Omar Comin,66455,38611,105066,66455,0,0,17352,21259,7
2025-04-21,1,208 Ferrari Way,56682,35794,92476,56682,0,0,23385,12409,8
2025-04-21,2,The Federal Reserve,90780,33863,124643,90780,0,0,24055,9808,3
2025-04-21,3,Golden Hour,64065,39166,103231,64065,0,0,20325,18841,5
2025-04-21,4,Lisan al-Caleb,70563,32877,103440,70563,0,0,25571,7306,4
2025-04-21,5,Mommy Rainier,49281,39985,89266,49281,0,0,29914,10071,9
2025-04-21,6,Mostly Washed,75751,23017,98768,75751,0,0,19295,3722,4
2025-04-21,7,Cártel de Breece y Puka,76634,34484,111118,76634,0,0,15982,18502,1
2025-04-21,8,Loading…,65703,33436,99139,65703,0,0,25571,7865,4
2025-04-21,9,Gaeta Spur FC,71585,36396,107981,71585,0,0,22355,14041,3
2025-04-21,10,Rashid Shaheed Truthers,71284,30760,102044,71284,0,0,22355,8405,7
2025-04-21,11,All You Need Is LOVE,59388,46021,105409,59388,0,0,26841,19180,7
2025-04-21,12,Omar Comin,66287,38613,104900,66287,0,0,17355,21258,7
2025-04-22,1,208 Ferrari Way,56741,35862,92603,56741,0,0,23341,12521,8
2025-04-22,2,The Federal Reserve,90737,33763,124500,90737,0,0,24017,9746,3
2025-04-22,3,Golden Hour,63984,39094,103078,63984,0,0,20290,18804,5
2025-04-22,4,Lisan al-Caleb,70501,32853,103354,70501,0,0,25536,7317,4
2025-04-22,5,Mommy Rainier,49193,39840,89033,49193,0,0,29862,9978,9
2025-04-22,6,Mostly Washed,75772,23000,98772,75772,0,0,19297,3703,4
2025-04-22,7,Cártel de Breece y Puka,76624,34460,111084,76624,0,0,15964,18496,1
2025-04-22,8,Loading…,65619,33397,99016,65619,0,0,25536,7861,4
2025-04-22,9,Gaeta Spur FC,71679,36368,108047,71679,0,0,22348,14020,3
2025-04-22,10,Rashid Shaheed Truthers,71355,30725,102080,71355,0,0,22348,8377,7
2025-04-22,11,All You Need Is LOVE,59307,45948,105255,59307,0,0,26803,19145,7
2025-04-22,12,Omar Comin,66329,38610,104939,66329,0,0,17354,21256,6
2025-04-23,1,208 Ferrari Way,56754,35906,92660,56754,0,0,23293,12613,8
2025-04-23,2,The Federal Reserve,90795,33654,124449,90795,0,0,23945,9709,3
2025-04-23,3,Golden Hour,63994,38992,102986,63994,0,0,20229,18763,5
2025-04-23,4,Lisan al-Caleb,70369,32928,103297,70369,0,0,25548,7380,4
2025-04-23,5,Mommy Rainier,52454,36397,88851,52454,0,0,29879,6518,9
2025-04-23,6,Mostly Washed,75698,23038,98736,75698,0,0,19374,3664,4
2025-04-23,7,Cártel de Breece y Puka,76511,34483,110994,76511,0,0,15898,18585,1
2025-04-23,8,Loading…,65701,33406,99107,65701,0,0,25548,7858,4
2025-04-23,9,Gaeta Spur FC,71626,36573,108199,71626,0,0,22438,14135,3
2025-04-23,10,Rashid Shaheed Truthers,71395,30836,102231,71395,0,0,22438,8398,7
2025-04-23,11,All You Need Is LOVE,58079,45928,104007,58079,0,0,26827,19101,5
2025-04-23,12,Omar Comin,63127,42319,105446,63127,0,0,17443,24876,6
2025-04-24,1,208 Ferrari Way,56665,35815,92480,56665,0,0,23271,12544,8
2025-04-24,2,The Federal Reserve,90595,33646,124241,90595,0,0,23926,9720,3
2025-04-24,3,Golden Hour,63975,39043,103018,63975,0,0,20235,18808,5
2025-04-24,4,Lisan al-Caleb,70395,32980,103375,70395,0,0,25636,7344,4
2025-04-24,5,Mommy Rainier,52496,36470,88966,52496,0,0,29962,6508,9
2025-04-24,6,Mostly Washed,75686,23018,98704,75686,0,0,19341,3677,4
2025-04-24,7,Cártel de Breece y Puka,76409,34389,110798,76409,0,0,15909,18480,1
2025-04-24,8,Loading…,65868,33549,99417,65868,0,0,25636,7913,4
2025-04-24,9,Gaeta Spur FC,71608,36501,108109,71608,0,0,22377,14124,3
2025-04-24,10,Rashid Shaheed Truthers,71342,30764,102106,71342,0,0,22377,8387,7
2025-04-24,11,All You Need Is LOVE,58242,46073,104315,58242,0,0,26925,19148,5
2025-04-24,12,Omar Comin,63190,42308,105498,63190,0,0,17397,24911,6
2025-04-25,1,208 Ferrari Way,56445,36093,92538,56445,0,0,23475,12618,8
2025-04-25,2,The Federal Reserve,90464,33910,124374,90464,0,0,24118,9792,3
2025-04-25,3,Golden Hour,63877,39271,103148,63877,0,0,20396,18875,5
2025-04-25,4,Lisan al-Caleb,70278,33048,103326,70278,0,0,25661,7387,4
2025-04-25,5,Mommy Rainier,52598,36606,89204,52598,0,0,29993,6613,9
2025-04-25,6,Mostly Washed,76816,23070,99886,76816,0,0,19404,3666,4
2025-04-25,7,Cártel de Breece y Puka,76204,34703,110907,76204,0,0,16064,18639,1
2025-04-25,8,Loading…,65598,33627,99225,65598,0,0,25661,7966,4
2025-04-25,9,Gaeta Spur FC,71305,36726,108031,71305,0,0,22483,14243,3
2025-04-25,10,Rashid Shaheed Truthers,71388,30988,102376,71388,0,0,22483,8505,7
2025-04-25,11,All You Need Is LOVE,58374,46192,104566,58374,0,0,26996,19196,5
2025-04-25,12,Omar Comin,63125,42454,105579,63125,0,0,17426,25028,6
2025-04-26,1,208 Ferrari Way,56236,36388,92624,56236,0,0,23713,12675,8
2025-04-26,2,The Federal Reserve,90430,34305,124735,90430,0,0,24357,9948,3
2025-04-26,3,Golden Hour,63943,39489,103432,63943,0,0,20536,18953,5
2025-04-26,4,Lisan al-Caleb,70291,33295,103586,70291,0,0,25763,7532,4
2025-04-26,5,Mommy Rainier,51971,36811,88782,51971,0,0,30102,6709,8
2025-04-26,6,Mostly Washed,76112,23483,99595,76112,0,0,19701,3782,4
2025-04-26,7,Cártel de Breece y Puka,75842,35241,111083,75842,0,0,16197,19044,1
2025-04-26,8,Loading…,65595,33654,99249,65595,0,0,25763,7891,4
2025-04-26,9,Gaeta Spur FC,70855,37198,108053,70855,0,0,22878,14320,3
2025-04-26,10,Rashid Shaheed Truthers,71151,31389,102540,71151,0,0,22878,8511,7
2025-04-26,11,All You Need Is LOVE,58007,46388,104395,58007,0,0,27112,19276,5
2025-04-26,12,Omar Comin,63199,42891,106090,63199,0,0,17708,25183,6
2025-04-27,1,208 Ferrari Way,55909,36629,92538,55909,0,0,23930,12699,8
2025-04-27,2,The Federal Reserve,90094,34826,124920,90094,0,0,24592,10234,3
2025-04-27,3,Golden Hour,63748,40138,103886,63748,0,0,20827,19311,5
2025-04-27,4,Lisan al-Caleb,69930,33610,103540,69930,0,0,26060,7550,4
2025-04-27,5,Mommy Rainier,51317,37192,88509,51317,0,0,30493,6699,8
2025-04-27,6,Mostly Washed,75557,23735,99292,75557,0,0,19828,3907,4
2025-04-27,7,Cártel de Breece y Puka,75415,35283,110698,75415,0,0,16394,18889,1
2025-04-27,8,Loading…,65561,34094,99655,65561,0,0,26060,8034,4
2025-04-27,9,Gaeta Spur FC,70824,37417,108241,70824,0,0,22931,14486,3
2025-04-27,10,Rashid Shaheed Truthers,70981,31560,102541,70981,0,0,22931,8629,7
2025-04-27,11,All You Need Is LOVE,58046,47192,105238,58046,0,0,27459,19733,5
2025-04-27,12,Omar Comin,62801,43324,106125,62801,0,0,17767,25557,5
2025-04-28,1,208 Ferrari Way,55676,36814,92490,55676,0,0,24004,12810,8
2025-04-28,2,The Federal Reserve,89723,34707,124430,89723,0,0,24567,10140,3
2025-04-28,3,Golden Hour,63634,39878,103512,63634,0,0,20796,19082,5
2025-04-28,4,Lisan al-Caleb,69688,33545,103233,69688,0,0,25867,7678,4
2025-04-28,5,Mommy Rainier,51271,37080,88351,51271,0,0,30246,6834,8
2025-04-28,6,Mostly Washed,74738,23560,98298,74738,0,0,19664,3896,4
2025-04-28,7,Cártel de Breece y Puka,74612,35346,109958,74612,0,0,16417,18929,1
2025-04-28,8,Loading…,65125,33792,98917,65125,0,0,25867,7925,4
2025-04-28,9,Gaeta Spur FC,70644,37317,107961,70644,0,0,22872,14445,3
2025-04-28,10,Rashid Shaheed Truthers,70760,31497,102257,70760,0,0,22872,8625,7
2025-04-28,11,All You Need Is LOVE,57900,46795,104695,57900,0,0,27292,19503,5
2025-04-28,12,Omar Comin,62401,42857,105258,62401,0,0,17676,25181,5
2025-04-29,1,208 Ferrari Way,55528,36726,92254,55528,0,0,24076,12650,8
2025-04-29,2,The Federal Reserve,89325,34775,124100,89325,0,0,24711,10064,4
2025-04-29,3,Golden Hour,62866,40082,102948,62866,0,0,20852,19230,5
2025-04-29,4,Lisan al-Caleb,68183,32189,100372,68183,0,0,25726,6463,4
2025-04-29,5,Mommy Rainier,49192,38676,87868,49192,0,0,30133,8543,8
2025-04-29,6,Mostly Washed,74591,23555,98146,74591,0,0,19669,3886,4
2025-04-29,7,Cártel de Breece y Puka,74285,37427,111712,74285,0,0,18646,18781,1
2025-04-29,8,Loading…,64515,33829,98344,64515,0,0,25726,8103,4
2025-04-29,9,Gaeta Spur FC,70381,37266,107647,70381,0,0,22893,14373,3
2025-04-29,10,Rashid Shaheed Truthers,70184,31537,101721,70184,0,0,22893,8644,7
2025-04-29,11,All You Need Is LOVE,57682,46848,104530,57682,0,0,27139,19709,5
2025-04-29,12,Omar Comin,63836,40110,103946,63836,0,0,15420,24690,5
2025-04-30,1,208 Ferrari Way,66697,32984,99681,54900,0,11797,23856,9128,8
2025-04-30,2,The Federal Reserve,94843,36603,131446,89091,0,5752,27475,9128,4
2025-04-30,3,Golden Hour,79334,29750,109084,62782,0,16552,20622,9128,5
2025-04-30,4,Lisan al-Caleb,73791,36901,110692,67918,0,5873,25594,11307,4
2025-04-30,5,Mommy Rainier,65259,31225,96484,45309,0,19950,19918,11307,8
2025-04-30,6,Mostly Washed,78914,29871,108785,74164,0,4750,19646,10225,4
2025-04-30,7,Cártel de Breece y Puka,97142,24709,121851,74145,0,22997,15581,9128,1
2025-04-30,8,Loading…,76717,36901,113618,64325,0,12392,25594,11307,4
2025-04-30,9,Gaeta Spur FC,72894,43196,116090,66382,0,6512,32971,10225,4
2025-04-30,10,Rashid Shaheed Truthers,74185,33105,107290,69817,0,4368,22880,10225,7
2025-04-30,11,All You Need Is LOVE,76701,42973,119674,57484,0,19217,31666,11307,5
2025-04-30,12,Omar Comin,93447,20806,114253,70860,0,22587,10581,10225,5
2025-05-01,1,208 Ferrari Way,65394,31877,97271,52413,0,12981,22643,9234,6
2025-05-01,2,The Federal Reserve,100068,36911,136979,94178,0,5890,27677,9234,3
2025-05-01,3,Golden Hour,79399,30024,109423,62438,0,16961,20790,9234,4
2025-05-01,4,Lisan al-Caleb,74080,35452,109532,67782,0,6298,23983,11469,4
2025-05-01,5,Mommy Rainier,60979,31503,92482,40909,0,20070,20034,11469,3
2025-05-01,6,Mostly Washed,80525,29834,110359,75854,0,4671,19588,10246,3
2025-05-01,7,Cártel de Breece y Puka,91309,24874,116183,67956,0,23353,15640,9234,0
2025-05-01,8,Loading…,74186,34899,109085,61623,0,12563,23430,11469,3
2025-05-01,9,Gaeta Spur FC,71420,44472,115892,64732,0,6688,34226,10246,4
2025-05-01,10,Rashid Shaheed Truthers,76731,36912,113643,72371,0,4360,26666,10246,5
2025-05-01,11,All You Need Is LOVE,76914,43236,120150,57043,0,19871,31767,11469,4
2025-05-01,12,Omar Comin,87664,20802,108466,64620,0,23044,10556,10246,4
2025-05-02,1,208 Ferrari Way,65579,31863,97442,52427,0,13152,22664,9199,6
2025-05-02,2,The Federal Reserve,99863,36903,136766,93989,0,5874,27704,9199,3
2025-05-02,3,Golden Hour,79660,30042,109702,62496,0,17164,20843,9199,4
2025-05-02,4,Lisan al-Caleb,73904,35525,109429,67594,0,6310,24051,11474,4
2025-05-02,5,Mommy Rainier,61101,31533,92634,40871,0,20230,20059,11474,2
2025-05-02,6,Mostly Washed,80409,29996,110405,75767,0,4642,19702,10294,3
2025-05-02,7,Cártel de Breece y Puka,91433,24900,116333,67915,0,23518,15701,9199,0
2025-05-02,8,Loading…,74108,34944,109052,61516,0,12592,23470,11474,3
2025-05-02,9,Gaeta Spur FC,71441,44728,116169,64630,0,6811,34434,10294,4
2025-05-02,10,Rashid Shaheed Truthers,76767,37090,113857,72376,0,4391,26796,10294,5
2025-05-02,11,All You Need Is LOVE,76924,43390,120314,57083,0,19841,31916,11474,4
2025-05-02,12,Omar Comin,87509,20918,108427,64496,0,23013,10624,10294,3
2025-05-03,1,208 Ferrari Way,68682,31821,100503,55474,0,13208,22622,9199,5
2025-05-03,2,The Federal Reserve,99918,36874,136792,94083,0,5835,27675,9199,3
2025-05-03,3,Golden Hour,80977,30013,110990,63784,0,17193,20814,9199,3
2025-05-03,4,Lisan al-Caleb,73860,35593,109453,67550,0,6310,24100,11493,4
2025-05-03,5,Mommy Rainier,63073,31615,94688,42847,0,20226,20122,11493,6
2025-05-03,6,Mostly Washed,80356,29993,110349,75694,0,4662,19712,10281,3
2025-05-03,7,Cártel de Breece y Puka,91646,24893,116539,68032,0,23614,15694,9199,0
2025-05-03,8,Loading…,77659,35029,112688,65039,0,12620,23536,11493,3
2025-05-03,9,Gaeta Spur FC,71182,44690,115872,64363,0,6819,34409,10281,4
2025-05-03,10,Rashid Shaheed Truthers,76738,37085,113823,72343,0,4395,26804,10281,5
2025-05-03,11,All You Need Is LOVE,76867,43506,120373,57006,0,19861,32013,11493,4
2025-05-03,12,Omar Comin,89365,20876,110241,66296,0,23069,10595,10281,3
2025-05-04,1,208 Ferrari Way,68821,31915,100736,55497,0,13324,22699,9216,5
2025-05-04,2,The Federal Reserve,99944,36953,136897,94097,0,5847,27737,9216,3
2025-05-04,3,Golden Hour,81072,30069,111141,63806,0,17266,20853,9216,3
2025-05-04,4,Lisan al-Caleb,73844,35600,109444,67540,0,6304,24094,11506,4
2025-05-04,5,Mommy Rainier,63373,31628,95001,43134,0,20239,20122,11506,6
2025-05-04,6,Mostly Washed,80342,29946,110288,75661,0,4681,19694,10252,3
2025-05-04,7,Cártel de Breece y Puka,91559,24940,116499,67966,0,23593,15724,9216,0
2025-05-04,8,Loading…,79437,35028,114465,66805,0,12632,23522,11506,3
2025-05-04,9,Gaeta Spur FC,71181,44668,115849,64378,0,6803,34416,10252,4
2025-05-04,10,Rashid Shaheed Truthers,76733,37076,113809,72328,0,4405,26824,10252,5
2025-05-04,11,All You Need Is LOVE,76837,43517,120354,56948,0,19889,32011,11506,4
2025-05-04,12,Omar Comin,89314,20840,110154,66243,0,23071,10588,10252,3
2025-05-05,1,208 Ferrari Way,68745,31920,100665,55429,0,13316,22698,9222,5
2025-05-05,2,The Federal Reserve,99568,43495,143063,93744,0,5824,34273,9222,3
2025-05-05,3,Golden Hour,81184,30088,111272,63870,0,17314,20866,9222,3
2025-05-05,4,Lisan al-Caleb,73821,35555,109376,67496,0,6325,24070,11485,4
2025-05-05,5,Mommy Rainier,65979,22521,88500,45774,0,20205,11036,11485,6
2025-05-05,6,Mostly Washed,80305,29966,110271,75635,0,4670,19693,10273,3
2025-05-05,7,Cártel de Breece y Puka,94931,20803,115734,71297,0,23634,11581,9222,0
2025-05-05,8,Loading…,81378,34965,116343,68738,0,12640,23480,11485,2
2025-05-05,9,Gaeta Spur FC,71175,44729,115904,64344,0,6831,34456,10273,4
2025-05-05,10,Rashid Shaheed Truthers,76724,37085,113809,72316,0,4408,26812,10273,5
2025-05-05,11,All You Need Is LOVE,70632,50110,120742,50701,0,19931,38625,11485,4
2025-05-05,12,Omar Comin,89278,20887,110165,66208,0,23070,10614,10273,3
2025-05-06,1,208 Ferrari Way,68877,32037,100914,55449,0,13428,22780,9257,5
2025-05-06,2,The Federal Reserve,99608,43694,143302,93767,0,5841,34437,9257,3
2025-05-06,3,Golden Hour,81297,30198,111495,63898,0,17399,20941,9257,3
2025-05-06,4,Lisan al-Caleb,73819,35664,109483,67491,0,6328,24113,11551,4
2025-05-06,5,Mommy Rainier,66070,22580,88650,45855,0,20215,11029,11551,6
2025-05-06,6,Mostly Washed,79349,27888,107237,76505,0,2844,17573,10315,3
2025-05-06,7,Cártel de Breece y Puka,95777,23074,118851,70322,0,25455,13817,9257,0
2025-05-06,8,Loading…,81416,35079,116495,68801,0,12615,23528,11551,2
2025-05-06,9,Gaeta Spur FC,71077,44845,115922,64244,0,6833,34530,10315,4
2025-05-06,10,Rashid Shaheed Truthers,76503,37208,113711,72121,0,4382,26893,10315,5
2025-05-06,11,All You Need Is LOVE,70608,50291,120899,50676,0,19932,38740,11551,4
2025-05-06,12,Omar Comin,89343,20954,110297,66265,0,23078,10639,10315,2
2025-05-07,1,208 Ferrari Way,68947,31977,100924,55447,0,13500,22735,9242,5
2025-05-07,2,The Federal Reserve,99694,43615,143309,93843,0,5851,34373,9242,3
2025-05-07,3,Golden Hour,81579,30140,111719,64230,0,17349,20898,9242,3
2025-05-07,4,Lisan al-Caleb,73798,35645,109443,67448,0,6350,24105,11540,4
2025-05-07,5,Mommy Rainier,66202,22548,88750,45945,0,20257,11008,11540,6
2025-05-07,6,Mostly Washed,79312,27959,107271,76476,0,2836,17625,10334,3
2025-05-07,7,Cártel de Breece y Puka,95673,23066,118739,70258,0,25415,13824,9242,0
2025-05-07,8,Loading…,81451,35048,116499,68794,0,12657,23508,11540,2
2025-05-07,9,Gaeta Spur FC,71147,44885,116032,64300,0,6847,34551,10334,4
2025-05-07,10,Rashid Shaheed Truthers,76469,37275,113744,72101,0,4368,26941,10334,5
2025-05-07,11,All You Need Is LOVE,70653,50296,120949,50684,0,19969,38756,11540,4
2025-05-07,12,Omar Comin,90265,20986,111251,67205,0,23060,10652,10334,2
2025-05-08,1,208 Ferrari Way,69121,31878,100999,55553,0,13568,22642,9236,5
2025-05-08,2,The Federal Reserve,99605,43522,143127,93734,0,5871,34286,9236,3
2025-05-08,3,Golden Hour,82783,30052,112835,65379,0,17404,20816,9236,3
2025-05-08,4,Lisan al-Caleb,73750,35774,109524,67453,0,6297,24189,11585,4
2025-05-08,5,Mommy Rainier,66319,22594,88913,45999,0,20320,11009,11585,6
2025-05-08,6,Mostly Washed,79266,27894,107160,76415,0,2851,17583,10311,3
2025-05-08,7,Cártel de Breece y Puka,93940,23064,117004,68510,0,25430,13828,9236,0
2025-05-08,8,Loading…,81483,35165,116648,68769,0,12714,23580,11585,2
2025-05-08,9,Gaeta Spur FC,71174,44841,116015,64288,0,6886,34530,10311,4
2025-05-08,10,Rashid Shaheed Truthers,76624,37252,113876,72258,0,4366,26941,10311,5
2025-05-08,11,All You Need Is LOVE,70623,50423,121046,50619,0,20004,38838,11585,5
2025-05-08,12,Omar Comin,90130,20957,111087,67097,0,23033,10646,10311,2
2025-05-09,1,208 Ferrari Way,69238,31896,101134,55576,0,13662,22629,9267,5
2025-05-09,2,The Federal Reserve,99499,43524,143023,93610,0,5889,34257,9267,3
2025-05-09,3,Golden Hour,82928,30099,113027,65505,0,17423,20832,9267,3
2025-05-09,4,Lisan al-Caleb,73709,35830,109539,67435,0,6274,24223,11607,4
2025-05-09,5,Mommy Rainier,66283,22667,88950,46024,0,20259,11060,11607,6
2025-05-09,6,Mostly Washed,79256,27944,107200,76402,0,2854,17612,10332,3
2025-05-09,7,Cártel de Breece y Puka,93805,23149,116954,68390,0,25415,13882,9267,0
2025-05-09,8,Loading…,81490,35208,116698,68685,0,12805,23601,11607,2
2025-05-09,9,Gaeta Spur FC,71274,44869,116143,64391,0,6883,34537,10332,4
2025-05-09,10,Rashid Shaheed Truthers,80252,32602,112854,75855,0,4397,22270,10332,5
2025-05-09,11,All You Need Is LOVE,70669,50511,121180,50626,0,20043,38904,11607,5
2025-05-09,12,Omar Comin,86497,25701,112198,63410,0,23087,15369,10332,2
2025-05-10,1,208 Ferrari Way,69311,31879,101190,55568,0,13743,22633,9246,5
2025-05-10,2,The Federal Reserve,99589,43534,143123,93652,0,5937,34288,9246,3
2025-05-10,3,Golden Hour,82992,30076,113068,65551,0,17441,20830,9246,3
2025-05-10,4,Lisan al-Caleb,73643,35937,109580,67372,0,6271,24301,11636,4
2025-05-10,5,Mommy Rainier,66316,22724,89040,46050,0,20266,11088,11636,6
2025-05-10,6,Mostly Washed,81077,27859,108936,78201,0,2876,17556,10303,2
2025-05-10,7,Cártel de Breece y Puka,93919,23127,117046,68461,0,25458,13881,9246,0
2025-05-10,8,Loading…,81405,35307,116712,68594,0,12811,23671,11636,2
2025-05-10,9,Gaeta Spur FC,71204,44833,116037,64332,0,6872,34530,10303,3
2025-05-10,10,Rashid Shaheed Truthers,80197,32552,112749,75796,0,4401,22249,10303,5
2025-05-10,11,All You Need Is LOVE,70664,50611,121275,50586,0,20078,38975,11636,6
2025-05-10,12,Omar Comin,86447,25633,112080,63378,0,23069,15330,10303,2
2025-05-11,1,208 Ferrari Way,69415,31956,101371,55527,0,13888,22674,9282,5
2025-05-11,2,The Federal Reserve,99620,43604,143224,93680,0,5940,34322,9282,3
2025-05-11,3,Golden Hour,82950,30157,113107,65558,0,17392,20875,9282,3
2025-05-11,4,Lisan al-Caleb,73643,36023,109666,67328,0,6315,24354,11669,4
2025-05-11,5,Mommy Rainier,66262,22794,89056,46007,0,20255,11125,11669,6
2025-05-11,6,Mostly Washed,81143,27984,109127,78292,0,2851,17630,10354,2
2025-05-11,7,Cártel de Breece y Puka,93896,23204,117100,68460,0,25436,13922,9282,0
2025-05-11,8,Loading…,81353,35383,116736,68524,0,12829,23714,11669,2
2025-05-11,9,Gaeta Spur FC,71425,44960,116385,64287,0,7138,34606,10354,4
2025-05-11,10,Rashid Shaheed Truthers,80222,32649,112871,75791,0,4431,22295,10354,5
2025-05-11,11,All You Need Is LOVE,70717,50729,121446,50608,0,20109,39060,11669,6
2025-05-11,12,Omar Comin,86544,25757,112301,63502,0,23042,15403,10354,2
2025-05-12,1,208 Ferrari Way,69411,31867,101278,55532,0,13879,22612,9255,5
2025-05-12,2,The Federal Reserve,99619,43507,143126,93695,0,5924,34252,9255,3
2025-05-12,3,Golden Hour,82939,30071,113010,65523,0,17416,20816,9255,3
2025-05-12,4,Lisan al-Caleb,73599,36056,109655,67254,0,6345,24384,11672,4
2025-05-12,5,Mommy Rainier,66219,22771,88990,45930,0,20289,11099,11672,6
2025-05-12,6,Mostly Washed,81348,27948,109296,78484,0,2864,17606,10342,2
2025-05-12,7,Cártel de Breece y Puka,94009,23147,117156,68491,0,25518,13892,9255,0
2025-05-12,8,Loading…,81416,35392,116808,68585,0,12831,23720,11672,2
2025-05-12,9,Gaeta Spur FC,71455,44923,116378,64236,0,7219,34581,10342,5
2025-05-12,10,Rashid Shaheed Truthers,80237,32602,112839,75815,0,4422,22260,10342,5
2025-05-12,11,All You Need Is LOVE,70608,50721,121329,50536,0,20072,39049,11672,6
2025-05-12,12,Omar Comin,86536,25751,112287,63481,0,23055,15409,10342,2
2025-05-13,1,208 Ferrari Way,69374,31901,101275,55432,0,13942,22617,9284,5
2025-05-13,2,The Federal Reserve,99552,43562,143114,93654,0,5898,34278,9284,3
2025-05-13,3,Golden Hour,83023,30111,113134,65594,0,17429,20827,9284,3
2025-05-13,4,Lisan al-Caleb,73576,36175,109751,67202,0,6374,24463,11712,4
2025-05-13,5,Mommy Rainier,68975,21173,90148,48662,0,20313,9461,11712,5
2025-05-13,6,Mostly Washed,81274,28073,109347,78412,0,2862,17700,10373,2
2025-05-13,7,Cártel de Breece y Puka,91233,24911,116144,65682,0,25551,15627,9284,0
2025-05-13,8,Loading…,81529,35516,117045,68648,0,12881,23804,11712,2
2025-05-13,9,Gaeta Spur FC,71408,45046,116454,64188,0,7220,34673,10373,5
2025-05-13,10,Rashid Shaheed Truthers,80181,32689,112870,75728,0,4453,22316,10373,5
2025-05-13,11,All You Need Is LOVE,70641,50870,121511,50502,0,20139,39158,11712,6
2025-05-13,12,Omar Comin,86487,25849,112336,63378,0,23109,15476,10373,2
2025-05-14,1,208 Ferrari Way,68010,33079,101089,55484,0,12526,23775,9304,5
2025-05-14,2,The Federal Reserve,99481,43627,143108,93561,0,5920,34323,9304,3
2025-05-14,3,Golden Hour,83065,30166,113231,65606,0,17459,20862,9304,3
2025-05-14,4,Lisan al-Caleb,73556,36253,109809,67146,0,6410,24526,11727,4
2025-05-14,5,Mommy Rainier,68935,21227,90162,48683,0,20252,9500,11727,5
2025-05-14,6,Mostly Washed,81292,28014,109306,78421,0,2871,17682,10332,2
2025-05-14,7,Cártel de Breece y Puka,91200,24966,116166,65629,0,25571,15662,9304,0
2025-05-14,8,Loading…,81484,35587,117071,68599,0,12885,23860,11727,3
2025-05-14,9,Gaeta Spur FC,71475,45005,116480,64260,0,7215,34673,10332,5
2025-05-14,10,Rashid Shaheed Truthers,80203,32650,112853,75755,0,4448,22318,10332,5
2025-05-14,11,All You Need Is LOVE,70632,50985,121617,50510,0,20122,39258,11727,6
2025-05-14,12,Omar Comin,87957,24653,112610,63313,0,24644,14321,10332,2
2025-05-15,1,208 Ferrari Way,68122,33229,101351,55520,0,12602,23863,9366,5
2025-05-15,2,The Federal Reserve,99514,43763,143277,93593,0,5921,34397,9366,3
2025-05-15,3,Golden Hour,82979,30311,113290,65456,0,17523,20945,9366,3
2025-05-15,4,Lisan al-Caleb,73518,36310,109828,67080,0,6438,24535,11775,4
2025-05-15,5,Mommy Rainier,68883,21302,90185,48699,0,20184,9527,11775,5
2025-05-15,6,Mostly Washed,81207,28118,109325,78356,0,2851,17737,10381,2
2025-05-15,7,Cártel de Breece y Puka,91164,25110,116274,65640,0,25524,15744,9366,1
2025-05-15,8,Loading…,81469,35664,117133,68587,0,12882,23889,11775,3
2025-05-15,9,Gaeta Spur FC,71391,45139,116530,64167,0,7224,34758,10381,5
2025-05-15,10,Rashid Shaheed Truthers,80238,32793,113031,75782,0,4456,22412,10381,5
2025-05-15,11,All You Need Is LOVE,70558,51081,121639,50450,0,20108,39306,11775,6
2025-05-15,12,Omar Comin,88078,24788,112866,63367,0,24711,14407,10381,2
2025-05-16,1,208 Ferrari Way,68157,33226,101383,55509,0,12648,23862,9364,5
2025-05-16,2,The Federal Reserve,99499,43773,143272,93553,0,5946,34409,9364,3
2025-05-16,3,Golden Hour,82917,30324,113241,65338,0,17579,20960,9364,3
2025-05-16,4,Lisan al-Caleb,73568,36357,109925,67118,0,6450,24571,11786,4
2025-05-16,5,Mommy Rainier,68904,21302,90206,48702,0,20202,9516,11786,5
2025-05-16,6,Mostly Washed,81271,28143,109414,78401,0,2870,17741,10402,2
2025-05-16,7,Cártel de Breece y Puka,91153,25092,116245,65691,0,25462,15728,9364,1
2025-05-16,8,Loading…,81539,35708,117247,68655,0,12884,23922,11786,3
2025-05-16,9,Gaeta Spur FC,71384,45221,116605,64137,0,7247,34819,10402,5
2025-05-16,10,Rashid Shaheed Truthers,80184,32791,112975,75730,0,4454,22389,10402,5
2025-05-16,11,All You Need Is LOVE,70575,51105,121680,50433,0,20142,39319,11786,6
2025-05-16,12,Omar Comin,87990,24838,112828,63270,0,24720,14436,10402,2
2025-05-17,1,208 Ferrari Way,68078,33233,101311,55438,0,12640,23865,9368,5
2025-05-17,2,The Federal Reserve,99582,43840,143422,93642,0,5940,34472,9368,3
2025-05-17,3,Golden Hour,82890,30334,113224,65274,0,17616,20966,9368,3
2025-05-17,4,Lisan al-Caleb,73529,36377,109906,67102,0,6427,24578,11799,4
2025-05-17,5,Mommy Rainier,68967,21263,90230,48801,0,20166,9464,11799,5
2025-05-17,6,Mostly Washed,81238,28208,109446,78352,0,2886,17780,10428,2
2025-05-17,7,Cártel de Breece y Puka,91084,25084,116168,65641,0,25443,15716,9368,1
2025-05-17,8,Loading…,81543,35707,117250,68670,0,12873,23908,11799,3
2025-05-17,9,Gaeta Spur FC,71296,45274,116570,64074,0,7222,34846,10428,5
2025-05-17,10,Rashid Shaheed Truthers,80189,32839,113028,75698,0,4491,22411,10428,5
2025-05-17,11,All You Need Is LOVE,70608,51135,121743,50451,0,20157,39336,11799,6
2025-05-17,12,Omar Comin,88092,24886,112978,63337,0,24755,14458,10428,2
2025-05-18,1,208 Ferrari Way,68159,33201,101360,55460,0,12699,23851,9350,5
2025-05-18,2,The Federal Reserve,99872,43740,143612,93906,0,5966,34390,9350,3
2025-05-18,3,Golden Hour,82830,30297,113127,65221,0,17609,20947,9350,3
2025-05-18,4,Lisan al-Caleb,73522,36225,109747,67094,0,6428,24491,11734,4
2025-05-18,5,Mommy Rainier,68842,21193,90035,48755,0,20087,9459,11734,5
2025-05-18,6,Mostly Washed,81211,28220,109431,78331,0,2880,17792,10428,2
2025-05-18,7,Cártel de Breece y Puka,91052,25014,116066,65616,0,25436,15664,9350,1
2025-05-18,8,Loading…,81475,35560,117035,68607,0,12868,23826,11734,3
2025-05-18,9,Gaeta Spur FC,71324,45289,116613,64129,0,7195,34861,10428,5
2025-05-18,10,Rashid Shaheed Truthers,80139,32823,112962,75651,0,4488,22395,10428,5
2025-05-18,11,All You Need Is LOVE,70688,50985,121673,50514,0,20174,39251,11734,6
2025-05-18,12,Omar Comin,88156,24909,113065,63397,0,24759,14481,10428,2
2025-05-19,1,208 Ferrari Way,68255,33279,101534,55570,0,12685,23898,9381,5
2025-05-19,2,The Federal Reserve,99747,43838,143585,93807,0,5940,34457,9381,3
2025-05-19,3,Golden Hour,82814,30381,113195,65218,0,17596,21000,9381,3
2025-05-19,4,Lisan al-Caleb,73482,36350,109832,67033,0,6449,24573,11777,4
2025-05-19,5,Mommy Rainier,68824,21275,90099,48719,0,20105,9498,11777,5
2025-05-19,6,Mostly Washed,81316,28190,109506,78430,0,2886,17779,10411,2
2025-05-19,7,Cártel de Breece y Puka,90936,25077,116013,65532,0,25404,15696,9381,1
2025-05-19,8,Loading…,81509,35697,117206,68591,0,12918,23920,11777,3
2025-05-19,9,Gaeta Spur FC,71323,45280,116603,64134,0,7189,34869,10411,5
2025-05-19,10,Rashid Shaheed Truthers,80190,32784,112974,75698,0,4492,22373,10411,5
2025-05-19,11,All You Need Is LOVE,70697,51161,121858,50559,0,20138,39384,11777,6
2025-05-19,12,Omar Comin,88159,24884,113043,63397,0,24762,14473,10411,2
2025-05-20,1,208 Ferrari Way,68236,33263,101499,55538,0,12698,23887,9376,5
2025-05-20,2,The Federal Reserve,99722,43814,143536,93760,0,5962,34438,9376,3
2025-05-20,3,Golden Hour,82742,30337,113079,65151,0,17591,20961,9376,3
2025-05-20,4,Lisan al-Caleb,73404,36283,109687,66942,0,6462,24517,11766,4
2025-05-20,5,Mommy Rainier,69333,21267,90600,49205,0,20128,9501,11766,5
2025-05-20,6,Mostly Washed,81219,28258,109477,78328,0,2891,17819,10439,2
2025-05-20,7,Cártel de Breece y Puka,91687,25068,116755,66288,0,25399,15692,9376,0
2025-05-20,8,Loading…,81527,35632,117159,68576,0,12951,23866,11766,3
2025-05-20,9,Gaeta Spur FC,71277,45298,116575,64034,0,7243,34859,10439,5
2025-05-20,10,Rashid Shaheed Truthers,80196,32851,113047,75692,0,4504,22412,10439,4
2025-05-20,11,All You Need Is LOVE,70627,51068,121695,50565,0,20062,39302,11766,6
2025-05-20,12,Omar Comin,88293,24941,113234,63490,0,24803,14502,10439,2
2025-05-21,1,208 Ferrari Way,68426,33309,101735,55647,0,12779,23891,9418,5
2025-05-21,2,The Federal Reserve,99758,43904,143662,93868,0,5890,34486,9418,3
2025-05-21,3,Golden Hour,82833,30426,113259,65164,0,17669,21008,9418,3
2025-05-21,4,Lisan al-Caleb,73395,36311,109706,66913,0,6482,24549,11762,4
2025-05-21,5,Mommy Rainier,69524,21275,90799,49334,0,20190,9513,11762,5
2025-05-21,6,Mostly Washed,80928,28411,109339,78020,0,2908,17917,10494,2
2025-05-21,7,Cártel de Breece y Puka,91796,25181,116977,66348,0,25448,15763,9418,0
2025-05-21,8,Loading…,81348,35631,116979,68379,0,12969,23869,11762,3
2025-05-21,9,Gaeta Spur FC,71230,45408,116638,63986,0,7244,34914,10494,5
2025-05-21,10,Rashid Shaheed Truthers,79854,33019,112873,75393,0,4461,22525,10494,4
2025-05-21,11,All You Need Is LOVE,70501,51181,121682,50429,0,20072,39419,11762,6
2025-05-21,12,Omar Comin,88435,25032,113467,63536,0,24899,14538,10494,2
2025-05-22,1,208 Ferrari Way,68378,33510,101888,55578,0,12800,23987,9523,5
2025-05-22,2,The Federal Reserve,99888,44061,143949,93943,0,5945,34538,9523,3
2025-05-22,3,Golden Hour,82780,30669,113449,65084,0,17696,21146,9523,3
2025-05-22,4,Lisan al-Caleb,73280,36388,109668,66823,0,6457,24584,11804,4
2025-05-22,5,Mommy Rainier,71407,20004,91411,51240,0,20167,8200,11804,4
2025-05-22,6,Mostly Washed,80943,28417,109360,78058,0,2885,17915,10502,2
2025-05-22,7,Cártel de Breece y Puka,91922,25450,117372,66348,0,25574,15927,9523,0
2025-05-22,8,Loading…,81445,35738,117183,68459,0,12986,23934,11804,3
2025-05-22,9,Gaeta Spur FC,71044,45433,116477,63827,0,7217,34931,10502,5
2025-05-22,10,Rashid Shaheed Truthers,80037,33084,113121,75579,0,4458,22582,10502,4
2025-05-22,11,All You Need Is LOVE,70345,51251,121596,50318,0,20027,39447,11804,6
2025-05-22,12,Omar Comin,86838,26483,113321,61750,0,25088,15981,10502,2
2025-05-23,1,208 Ferrari Way,68309,33471,101780,55429,0,12880,23928,9543,5
2025-05-23,2,The Federal Reserve,99971,44105,144076,94063,0,5908,34562,9543,3
2025-05-23,3,Golden Hour,82665,30639,113304,64983,0,17682,21096,9543,3
2025-05-23,4,Lisan al-Caleb,73319,36422,109741,66784,0,6535,24583,11839,4
2025-05-23,5,Mommy Rainier,71580,19991,91571,51442,0,20138,8152,11839,4
2025-05-23,6,Mostly Washed,79216,28543,107759,76321,0,2895,17982,10561,3
2025-05-23,7,Cártel de Breece y Puka,91994,25420,117414,66428,0,25566,15877,9543,0
2025-05-23,8,Loading…,81625,35750,117375,68548,0,13077,23911,11839,3
2025-05-23,9,Gaeta Spur FC,70981,45468,116449,63735,0,7246,34907,10561,5
2025-05-23,10,Rashid Shaheed Truthers,80006,33137,113143,75559,0,4447,22576,10561,4
2025-05-23,11,All You Need Is LOVE,70294,51262,121556,50323,0,19971,39423,11839,6
2025-05-23,12,Omar Comin,86761,26520,113281,61655,0,25106,15959,10561,3
2025-05-24,1,208 Ferrari Way,68270,33483,101753,55293,0,12977,23936,9547,5
2025-05-24,2,The Federal Reserve,100254,44079,144333,94259,0,5995,34532,9547,3
2025-05-24,3,Golden Hour,82406,30636,113042,64659,0,17747,21089,9547,3
2025-05-24,4,Lisan al-Caleb,73261,36274,109535,66719,0,6542,24462,11812,4
2025-05-24,5,Mommy Rainier,71641,19878,91519,51491,0,20150,8066,11812,4
2025-05-24,6,Mostly Washed,79177,28411,107588,76284,0,2893,17905,10506,3
2025-05-24,7,Cártel de Breece y Puka,92158,25432,117590,66518,0,25640,15885,9547,0
2025-05-24,8,Loading…,81668,35602,117270,68522,0,13146,23790,11812,3
2025-05-24,9,Gaeta Spur FC,70807,45283,116090,63599,0,7208,34777,10506,5
2025-05-24,10,Rashid Shaheed Truthers,80134,33008,113142,75641,0,4493,22502,10506,4
2025-05-24,11,All You Need Is LOVE,70339,51119,121458,50367,0,19972,39307,11812,6
2025-05-24,12,Omar Comin,87041,26427,113468,61750,0,25291,15921,10506,3
2025-05-25,1,208 Ferrari Way,68287,33491,101778,55295,0,12992,23912,9579,5
2025-05-25,2,The Federal Reserve,100260,44078,144338,94269,0,5991,34499,9579,3
2025-05-25,3,Golden Hour,82437,30706,113143,64596,0,17841,21127,9579,3
2025-05-25,4,Lisan al-Caleb,73233,36315,109548,66719,0,6514,24452,11863,4
2025-05-25,5,Mommy Rainier,71576,19946,91522,51440,0,20136,8083,11863,4
2025-05-25,6,Mostly Washed,79213,28389,107602,76304,0,2909,17898,10491,3
2025-05-25,7,Cártel de Breece y Puka,92112,25547,117659,66410,0,25702,15968,9579,0
2025-05-25,8,Loading…,81640,35644,117284,68422,0,13218,23781,11863,3
2025-05-25,9,Gaeta Spur FC,70816,45229,116045,63623,0,7193,34738,10491,5
2025-05-25,10,Rashid Shaheed Truthers,80018,32976,112994,75490,0,4528,22485,10491,4
2025-05-25,11,All You Need Is LOVE,70323,51147,121470,50299,0,20024,39284,11863,6
2025-05-25,12,Omar Comin,87220,26452,113672,61915,0,25305,15961,10491,3
2025-05-26,1,208 Ferrari Way,68365,33557,101922,55378,0,12987,23975,9582,5
2025-05-26,2,The Federal Reserve,100192,44121,144313,94227,0,5965,34539,9582,3
2025-05-26,3,Golden Hour,82517,30740,113257,64633,0,17884,21158,9582,3
2025-05-26,4,Lisan al-Caleb,73091,36354,109445,66541,0,6550,24494,11860,4
2025-05-26,5,Mommy Rainier,71624,19970,91594,51439,0,20185,8110,11860,4
2025-05-26,6,Mostly Washed,79166,28301,107467,76263,0,2903,17847,10454,3
2025-05-26,7,Cártel de Breece y Puka,92179,25529,117708,66546,0,25633,15947,9582,0
2025-05-26,8,Loading…,81574,35699,117273,68276,0,13298,23839,11860,3
2025-05-26,9,Gaeta Spur FC,70884,45195,116079,63732,0,7152,34741,10454,5
2025-05-26,10,Rashid Shaheed Truthers,79842,32839,112681,75301,0,4541,22385,10454,4
2025-05-26,11,All You Need Is LOVE,70228,51169,121397,50202,0,20026,39309,11860,6
2025-05-26,12,Omar Comin,87417,26378,113795,62023,0,25394,15924,10454,3
2025-05-27,1,208 Ferrari Way,68477,33617,102094,55425,0,13052,24024,9593,5
2025-05-27,2,The Federal Reserve,100340,44154,144494,94395,0,5945,34561,9593,3
2025-05-27,3,Golden Hour,82495,30732,113227,64568,0,17927,21139,9593,3
2025-05-27,4,Lisan al-Caleb,72942,36521,109463,66383,0,6559,24599,11922,4
2025-05-27,5,Mommy Rainier,71792,20091,91883,51559,0,20233,8169,11922,4
2025-05-27,6,Mostly Washed,79306,28247,107553,76411,0,2895,17810,10437,3
2025-05-27,7,Cártel de Breece y Puka,91971,25500,117471,66417,0,25554,15907,9593,0
2025-05-27,8,Loading…,81540,35854,117394,68262,0,13278,23932,11922,3
2025-05-27,9,Gaeta Spur FC,70921,45165,116086,63734,0,7187,34728,10437,5
2025-05-27,10,Rashid Shaheed Truthers,79685,32794,112479,75126,0,4559,22357,10437,4
2025-05-27,11,All You Need Is LOVE,70193,51340,121533,50124,0,20069,39418,11922,6
2025-05-27,12,Omar Comin,87322,26341,113663,61906,0,25416,15904,10437,3
2025-05-28,1,208 Ferrari Way,68495,33630,102125,55413,0,13082,24067,9563,5
2025-05-28,2,The Federal Reserve,100300,44250,144550,94420,0,5880,34687,9563,3
2025-05-28,3,Golden Hour,82507,30678,113185,64555,0,17952,21115,9563,3
2025-05-28,4,Lisan al-Caleb,72890,36707,109597,66350,0,6540,24696,12011,4
2025-05-28,5,Mommy Rainier,71847,20151,91998,51677,0,20170,8140,12011,4
2025-05-28,6,Mostly Washed,79160,28313,107473,76248,0,2912,17852,10461,3
2025-05-28,7,Cártel de Breece y Puka,92005,25462,117467,66494,0,25511,15899,9563,0
2025-05-28,8,Loading…,81581,36019,117600,68330,0,13251,24008,12011,3
2025-05-28,9,Gaeta Spur FC,70646,45267,115913,63552,0,7094,34806,10461,5
2025-05-28,10,Rashid Shaheed Truthers,79875,32857,112732,75301,0,4574,22396,10461,4
2025-05-28,11,All You Need Is LOVE,70356,51555,121911,50194,0,20162,39544,12011,6
2025-05-28,12,Omar Comin,87241,26363,113604,61771,0,25470,15902,10461,3
2025-05-29,1,208 Ferrari Way,68528,33486,102014,55439,0,13089,24003,9483,5
2025-05-29,2,The Federal Reserve,100074,44101,144175,94156,0,5918,34618,9483,3
2025-05-29,3,Golden Hour,82509,30506,113015,64563,0,17946,21023,9483,3
2025-05-29,4,Lisan al-Caleb,72991,36754,109745,66447,0,6544,24741,12013,4
2025-05-29,5,Mommy Rainier,71983,20177,92160,51828,0,20155,8164,12013,4
2025-05-29,6,Mostly Washed,79026,28265,107291,76162,0,2864,17816,10449,3
2025-05-29,7,Cártel de Breece y Puka,91950,25357,117307,66382,0,25568,15874,9483,0
2025-05-29,8,Loading…,81622,36067,117689,68342,0,13280,24054,12013,3
2025-05-29,9,Gaeta Spur FC,70603,45261,115864,63523,0,7080,34812,10449,5
2025-05-29,10,Rashid Shaheed Truthers,79988,32879,112867,75371,0,4617,22430,10449,4
2025-05-29,11,All You Need Is LOVE,70262,51640,121902,50193,0,20069,39627,12013,6
2025-05-29,12,Omar Comin,87100,26319,113419,61820,0,25280,15870,10449,3
2025-05-30,1,208 Ferrari Way,68613,33378,101991,55373,0,13240,23937,9441,5
2025-05-30,2,The Federal Reserve,100206,44109,144315,94353,0,5853,34668,9441,3
2025-05-30,3,Golden Hour,82559,30469,113028,64574,0,17985,21028,9441,3
2025-05-30,4,Lisan al-Caleb,72963,36914,109877,66412,0,6551,24850,12064,4
2025-05-30,5,Mommy Rainier,72046,20241,92287,51866,0,20180,8177,12064,4
2025-05-30,6,Mostly Washed,79063,28300,107363,76208,0,2855,17828,10472,3
2025-05-30,7,Cártel de Breece y Puka,92222,25290,117512,66651,0,25571,15849,9441,0
2025-05-30,8,Loading…,81624,36213,117837,68330,0,13294,24149,12064,3
2025-05-30,9,Gaeta Spur FC,70541,45297,115838,63444,0,7097,34825,10472,5
2025-05-30,10,Rashid Shaheed Truthers,79804,32929,112733,75218,0,4586,22457,10472,4
2025-05-30,11,All You Need Is LOVE,70134,51878,122012,50109,0,20025,39814,12064,6
2025-05-30,12,Omar Comin,87123,26350,113473,61840,0,25283,15878,10472,3
2025-05-31,1,208 Ferrari Way,68601,33383,101984,55391,0,13210,23914,9469,5
2025-05-31,2,The Federal Reserve,99971,44115,144086,94136,0,5835,34646,9469,3
2025-05-31,3,Golden Hour,82571,30533,113104,64514,0,18057,21064,9469,3
2025-05-31,4,Lisan al-Caleb,72926,36915,109841,66382,0,6544,24855,12060,4
2025-05-31,5,Mommy Rainier,72033,20215,92248,51831,0,20202,8155,12060,4
2025-05-31,6,Mostly Washed,79156,28150,107306,76265,0,2891,17728,10422,3
2025-05-31,7,Cártel de Breece y Puka,92337,25329,117666,66747,0,25590,15860,9469,0
2025-05-31,8,Loading…,81567,36219,117786,68308,0,13259,24159,12060,3
2025-05-31,9,Gaeta Spur FC,70523,45141,115664,63461,0,7062,34719,10422,5
2025-05-31,10,Rashid Shaheed Truthers,79747,32754,112501,75124,0,4623,22332,10422,4
2025-05-31,11,All You Need Is LOVE,70176,51854,122030,50098,0,20078,39794,12060,6
2025-05-31,12,Omar Comin,87203,26240,113443,61874,0,25329,15818,10422,3
2025-06-01,1,208 Ferrari Way,68531,33322,101853,55395,0,13136,23839,9483,5
2025-06-01,2,The Federal Reserve,101251,41082,142333,95360,0,5891,31599,9483,3
2025-06-01,3,Golden Hour,82710,30468,113178,64585,0,18125,20985,9483,3
2025-06-01,4,Lisan al-Caleb,72926,36840,109766,66381,0,6545,24774,12066,4
2025-06-01,5,Mommy Rainier,72001,20246,92247,51798,0,20203,8180,12066,4
2025-06-01,6,Mostly Washed,79147,28224,107371,76251,0,2896,17778,10446,3
2025-06-01,7,Cártel de Breece y Puka,91069,28282,119351,65497,0,25572,18799,9483,0
2025-06-01,8,Loading…,81580,36222,117802,68290,0,13290,24156,12066,3
2025-06-01,9,Gaeta Spur FC,70520,45132,115652,63481,0,7039,34686,10446,5
2025-06-01,10,Rashid Shaheed Truthers,79731,32848,112579,75106,0,4625,22402,10446,4
2025-06-01,11,All You Need Is LOVE,70264,51692,121956,50111,0,20153,39626,12066,6
2025-06-01,12,Omar Comin,87266,26290,113556,61837,0,25429,15844,10446,3
2025-06-02,1,208 Ferrari Way,68543,33357,101900,55425,0,13118,23859,9498,5
2025-06-02,2,The Federal Reserve,101305,41093,142398,95446,0,5859,31595,9498,3
2025-06-02,3,Golden Hour,82725,30491,113216,64530,0,18195,20993,9498,3
2025-06-02,4,Lisan al-Caleb,72894,36950,109844,66353,0,6541,24862,12088,4
2025-06-02,5,Mommy Rainier,71937,20302,92239,51764,0,20173,8214,12088,4
2025-06-02,6,Mostly Washed,79109,28212,107321,76226,0,2883,17799,10413,3
2025-06-02,7,Cártel de Breece y Puka,91130,28289,119419,65503,0,25627,18791,9498,0
2025-06-02,8,Loading…,81666,36288,117954,68350,0,13316,24200,12088,3
2025-06-02,9,Gaeta Spur FC,70498,45132,115630,63476,0,7022,34719,10413,5
2025-06-02,10,Rashid Shaheed Truthers,79606,32768,112374,74982,0,4624,22355,10413,4
2025-06-02,11,All You Need Is LOVE,70162,51832,121994,50034,0,20128,39744,12088,6
2025-06-02,12,Omar Comin,87250,26238,113488,61879,0,25371,15825,10413,3
2025-06-03,1,208 Ferrari Way,68660,33280,101940,55502,0,13158,23830,9450,5
2025-06-03,2,The Federal Reserve,101524,40917,142441,95692,0,5832,31467,9450,3
2025-06-03,3,Golden Hour,82826,30407,113233,64605,0,18221,20957,9450,3
2025-06-03,4,Lisan al-Caleb,72805,36897,109702,66273,0,6532,24811,12086,4
2025-06-03,5,Mommy Rainier,72075,20316,92391,51781,0,20294,8230,12086,4
2025-06-03,6,Mostly Washed,78919,28220,107139,76060,0,2859,17799,10421,3
2025-06-03,7,Cártel de Breece y Puka,90966,28265,119231,65330,0,25636,18815,9450,0
2025-06-03,8,Loading…,81486,36226,117712,68145,0,13341,24140,12086,3
2025-06-03,9,Gaeta Spur FC,70453,45177,115630,63409,0,7044,34756,10421,5
2025-06-03,10,Rashid Shaheed Truthers,79608,32809,112417,74998,0,4610,22388,10421,4
2025-06-03,11,All You Need Is LOVE,70255,51780,122035,50145,0,20110,39694,12086,6
2025-06-03,12,Omar Comin,87334,26290,113624,61928,0,25406,15869,10421,3
2025-06-04,1,208 Ferrari Way,68533,33447,101980,55368,0,13165,23969,9478,5
2025-06-04,2,The Federal Reserve,101461,41024,142485,95650,0,5811,31546,9478,3
2025-06-04,3,Golden Hour,82698,30549,113247,64453,0,18245,21071,9478,3
2025-06-04,4,Lisan al-Caleb,72903,36662,109565,66310,0,6593,24670,11992,4
2025-06-04,5,Mommy Rainier,72238,20183,92421,51854,0,20384,8191,11992,4
2025-06-04,6,Mostly Washed,78970,28334,107304,76113,0,2857,17854,10480,3
2025-06-04,7,Cártel de Breece y Puka,91012,28310,119322,65479,0,25533,18832,9478,0
2025-06-04,8,Loading…,81721,36019,117740,68276,0,13445,24027,11992,3
2025-06-04,9,Gaeta Spur FC,70068,45355,115423,63137,0,6931,34875,10480,5
2025-06-04,10,Rashid Shaheed Truthers,79616,32883,112499,75021,0,4595,22403,10480,4
2025-06-04,11,All You Need Is LOVE,70164,51517,121681,50220,0,19944,39525,11992,6
2025-06-04,12,Omar Comin,87605,26413,114018,62113,0,25492,15933,10480,3
2025-06-05,1,208 Ferrari Way,68438,33542,101980,55284,0,13154,24040,9502,5
2025-06-05,2,The Federal Reserve,101586,41061,142647,95734,0,5852,31559,9502,3
2025-06-05,3,Golden Hour,82640,30594,113234,64371,0,18269,21092,9502,3
2025-06-05,4,Lisan al-Caleb,73010,36535,109545,66443,0,6567,24570,11965,4
2025-06-05,5,Mommy Rainier,72086,20135,92221,51739,0,20347,8170,11965,4
2025-06-05,6,Mostly Washed,79030,28396,107426,76149,0,2881,17865,10531,3
2025-06-05,7,Cártel de Breece y Puka,90915,28422,119337,65405,0,25510,18920,9502,0
2025-06-05,8,Loading…,81729,35917,117646,68298,0,13431,23952,11965,3
2025-06-05,9,Gaeta Spur FC,70271,45396,115667,63378,0,6893,34865,10531,5
2025-06-05,10,Rashid Shaheed Truthers,79735,32966,112701,75146,0,4589,22435,10531,4
2025-06-05,11,All You Need Is LOVE,69978,51319,121297,50091,0,19887,39354,11965,6
2025-06-05,12,Omar Comin,87629,26517,114146,62096,0,25533,15986,10531,3
2025-06-06,1,208 Ferrari Way,68344,33578,101922,55245,0,13099,24072,9506,5
2025-06-06,2,The Federal Reserve,101947,41058,143005,96087,0,5860,31552,9506,3
2025-06-06,3,Golden Hour,82369,30605,112974,64128,0,18241,21099,9506,3
2025-06-06,4,Lisan al-Caleb,73099,36518,109617,66521,0,6578,24548,11970,4
2025-06-06,5,Mommy Rainier,71997,20146,92143,51733,0,20264,8176,11970,4
2025-06-06,6,Mostly Washed,79484,28388,107872,76602,0,2882,17845,10543,3
2025-06-06,7,Cártel de Breece y Puka,90823,28401,119224,65338,0,25485,18895,9506,0
2025-06-06,8,Loading…,81341,35878,117219,67898,0,13443,23908,11970,3
2025-06-06,9,Gaeta Spur FC,70345,45398,115743,63475,0,6870,34855,10543,5
2025-06-06,10,Rashid Shaheed Truthers,79615,32960,112575,75097,0,4518,22417,10543,4
2025-06-06,11,All You Need Is LOVE,70148,51214,121362,50275,0,19873,39244,11970,6
2025-06-06,12,Omar Comin,87686,26504,114190,62233,0,25453,15961,10543,3
2025-06-07,1,208 Ferrari Way,68423,33700,102123,55361,0,13062,24119,9581,5
2025-06-07,2,The Federal Reserve,102051,41255,143306,96204,0,5847,31674,9581,3
2025-06-07,3,Golden Hour,82316,30751,113067,64002,0,18314,21170,9581,3
2025-06-07,4,Lisan al-Caleb,72839,36544,109383,66290,0,6549,24559,11985,4
2025-06-07,5,Mommy Rainier,71802,20180,91982,51627,0,20175,8195,11985,4
2025-06-07,6,Mostly Washed,79727,28477,108204,76851,0,2876,17870,10607,3
2025-06-07,7,Cártel de Breece y Puka,90941,28508,119449,65491,0,25450,18927,9581,0
2025-06-07,8,Loading…,80998,35907,116905,67553,0,13445,23922,11985,3
2025-06-07,9,Gaeta Spur FC,70266,45459,115725,63383,0,6883,34852,10607,5
2025-06-07,10,Rashid Shaheed Truthers,79665,33075,112740,75144,0,4521,22468,10607,4
2025-06-07,11,All You Need Is LOVE,70262,51211,121473,50304,0,19958,39226,11985,6
2025-06-07,12,Omar Comin,87713,26629,114342,62304,0,25409,16022,10607,3
2025-06-08,1,208 Ferrari Way,68632,33595,102227,55493,0,13139,24011,9584,5
2025-06-08,2,The Federal Reserve,102092,41155,143247,96254,0,5838,31571,9584,3
2025-06-08,3,Golden Hour,82236,30646,112882,63947,0,18289,21062,9584,3
2025-06-08,4,Lisan al-Caleb,72936,36494,109430,66379,0,6557,24515,11979,4
2025-06-08,5,Mommy Rainier,71717,20151,91868,51595,0,20122,8172,11979,4
2025-06-08,6,Mostly Washed,79762,28437,108199,76884,0,2878,17867,10570,3
2025-06-08,7,Cártel de Breece y Puka,91011,28349,119360,65556,0,25455,18765,9584,0
2025-06-08,8,Loading…,80876,35867,116743,67462,0,13414,23888,11979,3
2025-06-08,9,Gaeta Spur FC,70342,45360,115702,63482,0,6860,34790,10570,5
2025-06-08,10,Rashid Shaheed Truthers,79684,33012,112696,75156,0,4528,22442,10570,4
2025-06-08,11,All You Need Is LOVE,70130,51148,121278,50183,0,19947,39169,11979,6
2025-06-08,12,Omar Comin,87727,26530,114257,62319,0,25408,15960,10570,3
2025-06-09,1,208 Ferrari Way,68623,33651,102274,55527,0,13096,24091,9560,5
2025-06-09,2,The Federal Reserve,102241,41179,143420,96351,0,5890,31619,9560,3
2025-06-09,3,Golden Hour,82033,30646,112679,63853,0,18180,21086,9560,3
2025-06-09,4,Lisan al-Caleb,72876,36567,109443,66335,0,6541,24592,11975,4
2025-06-09,5,Mommy Rainier,71650,20137,91787,51547,0,20103,8162,11975,4
2025-06-09,6,Mostly Washed,79736,28436,108172,76879,0,2857,17868,10568,3
2025-06-09,7,Cártel de Breece y Puka,91010,28382,119392,65649,0,25361,18822,9560,0
2025-06-09,8,Loading…,80873,35926,116799,67476,0,13397,23951,11975,3
2025-06-09,9,Gaeta Spur FC,70356,45419,115775,63526,0,6830,34851,10568,5
2025-06-09,10,Rashid Shaheed Truthers,79654,32965,112619,75116,0,4538,22397,10568,4
2025-06-09,11,All You Need Is LOVE,70177,51246,121423,50179,0,19998,39271,11975,6
2025-06-09,12,Omar Comin,87786,26498,114284,62399,0,25387,15930,10568,3
2025-06-10,1,208 Ferrari Way,68492,33675,102167,55440,0,13052,24103,9572,5
2025-06-10,2,The Federal Reserve,102397,41208,143605,96498,0,5899,31636,9572,3
2025-06-10,3,Golden Hour,82071,30671,112742,63846,0,18225,21099,9572,3
2025-06-10,4,Lisan al-Caleb,72731,36437,109168,66178,0,6553,24501,11936,4
2025-06-10,5,Mommy Rainier,71736,20037,91773,51634,0,20102,8101,11936,4
2025-06-10,6,Mostly Washed,79740,28476,108216,76881,0,2859,17890,10586,3
2025-06-10,7,Cártel de Breece y Puka,91104,28407,119511,65739,0,25365,18835,9572,0
2025-06-10,8,Loading…,80707,35799,116506,67312,0,13395,23863,11936,3
2025-06-10,9,Gaeta Spur FC,70316,45477,115793,63463,0,6853,34891,10586,5
2025-06-10,10,Rashid Shaheed Truthers,79769,33059,112828,75226,0,4543,22473,10586,4
2025-06-10,11,All You Need Is LOVE,70135,51096,121231,50135,0,20000,39160,11936,6
2025-06-10,12,Omar Comin,87627,26510,114137,62266,0,25361,15924,10586,3
2025-06-11,1,208 Ferrari Way,68479,33558,102037,55481,0,12998,24015,9543,5
2025-06-11,2,The Federal Reserve,102462,41181,143643,96534,0,5928,31638,9543,3
2025-06-11,3,Golden Hour,82008,30637,112645,63830,0,18178,21094,9543,3
2025-06-11,4,Lisan al-Caleb,72686,36303,108989,66151,0,6535,24429,11874,4
2025-06-11,5,Mommy Rainier,71649,19930,91579,51575,0,20074,8056,11874,4
2025-06-11,6,Mostly Washed,81017,28367,109384,78157,0,2860,17805,10562,2
2025-06-11,7,Cártel de Breece y Puka,91391,28301,119692,66043,0,25348,18758,9543,0
2025-06-11,8,Loading…,80707,35671,116378,67283,0,13424,23797,11874,3
2025-06-11,9,Gaeta Spur FC,70413,45295,115708,63491,0,6922,34733,10562,5
2025-06-11,10,Rashid Shaheed Truthers,79715,32925,112640,75177,0,4538,22363,10562,4
2025-06-11,11,All You Need Is LOVE,70272,50893,121165,50265,0,20007,39019,11874,6
2025-06-11,12,Omar Comin,87502,26459,113961,62155,0,25347,15897,10562,3
2025-06-12,1,208 Ferrari Way,68449,33576,102025,55402,0,13047,24024,9552,5
2025-06-12,2,The Federal Reserve,102345,41204,143549,96415,0,5930,31652,9552,3
2025-06-12,3,Golden Hour,82003,30623,112626,63849,0,18154,21071,9552,3
2025-06-12,4,Lisan al-Caleb,72789,36336,109125,66171,0,6618,24458,11878,4
2025-06-12,5,Mommy Rainier,71766,19928,91694,51703,0,20063,8050,11878,4
2025-06-12,6,Mostly Washed,81086,28403,109489,78207,0,2879,17833,10570,2
2025-06-12,7,Cártel de Breece y Puka,91573,28323,119896,66139,0,25434,18771,9552,0
2025-06-12,8,Loading…,80578,35697,116275,67152,0,13426,23819,11878,3
2025-06-12,9,Gaeta Spur FC,70359,45317,115676,63426,0,6933,34747,10570,5
2025-06-12,10,Rashid Shaheed Truthers,79538,32985,112523,75021,0,4517,22415,10570,4
2025-06-12,11,All You Need Is LOVE,70207,50971,121178,50199,0,20008,39093,11878,6
2025-06-12,12,Omar Comin,87570,26529,114099,62320,0,25250,15959,10570,3
2025-06-13,1,208 Ferrari Way,68512,33449,101961,55496,0,13016,23908,9541,5
2025-06-13,2,The Federal Reserve,102368,41089,143457,96397,0,5971,31548,9541,3
2025-06-13,3,Golden Hour,82011,30600,112611,63834,0,18177,21059,9541,3
2025-06-13,4,Lisan al-Caleb,72724,36363,109087,66088,0,6636,24470,11893,4
2025-06-13,5,Mommy Rainier,71712,20003,91715,51617,0,20095,8110,11893,4
2025-06-13,6,Mostly Washed,80973,28441,109414,78111,0,2862,17843,10598,2
2025-06-13,7,Cártel de Breece y Puka,91827,28316,120143,66404,0,25423,18775,9541,0
2025-06-13,8,Loading…,80626,35770,116396,67178,0,13448,23877,11893,3
2025-06-13,9,Gaeta Spur FC,70370,45269,115639,63456,0,6914,34671,10598,5
2025-06-13,10,Rashid Shaheed Truthers,79603,33045,112648,75042,0,4561,22447,10598,4
2025-06-13,11,All You Need Is LOVE,70216,50991,121207,50210,0,20006,39098,11893,6
2025-06-13,12,Omar Comin,87369,26584,113953,62169,0,25200,15986,10598,3
2025-06-14,1,208 Ferrari Way,68435,33483,101918,55453,0,12982,23930,9553,5
2025-06-14,2,The Federal Reserve,102348,41085,143433,96414,0,5934,31532,9553,3
2025-06-14,3,Golden Hour,82205,30644,112849,63982,0,18223,21091,9553,3
2025-06-14,4,Lisan al-Caleb,72738,36299,109037,66064,0,6674,24417,11882,4
2025-06-14,5,Mommy Rainier,71797,19940,91737,51634,0,20163,8058,11882,4
2025-06-14,6,Mostly Washed,80921,28462,109383,78083,0,2838,17867,10595,2
2025-06-14,7,Cártel de Breece y Puka,91652,28334,119986,66255,0,25397,18781,9553,0
2025-06-14,8,Loading…,80777,35670,116447,67380,0,13397,23788,11882,3
2025-06-14,9,Gaeta Spur FC,70228,45283,115511,63311,0,6917,34688,10595,5
2025-06-14,10,Rashid Shaheed Truthers,79555,32999,112554,75017,0,4538,22404,10595,4
2025-06-14,11,All You Need Is LOVE,70335,50982,121317,50291,0,20044,39100,11882,6
2025-06-14,12,Omar Comin,87437,26579,114016,62274,0,25163,15984,10595,3
2025-06-15,1,208 Ferrari Way,68367,33607,101974,55386,0,12981,23998,9609,5
2025-06-15,2,The Federal Reserve,102248,41227,143475,96289,0,5959,31618,9609,3
2025-06-15,3,Golden Hour,82114,30751,112865,63912,0,18202,21142,9609,3
2025-06-15,4,Lisan al-Caleb,72834,36318,109152,66151,0,6683,24461,11857,4
2025-06-15,5,Mommy Rainier,71971,19944,91915,51748,0,20223,8087,11857,4
2025-06-15,6,Mostly Washed,80762,28512,109274,77911,0,2851,17909,10603,2
2025-06-15,7,Cártel de Breece y Puka,91663,28403,120066,66302,0,25361,18794,9609,0
2025-06-15,8,Loading…,80824,35693,116517,67425,0,13399,23836,11857,3
2025-06-15,9,Gaeta Spur FC,70281,45389,115670,63387,0,6894,34786,10603,5
2025-06-15,10,Rashid Shaheed Truthers,79513,33089,112602,74971,0,4542,22486,10603,4
2025-06-15,11,All You Need Is LOVE,70168,51061,121229,50098,0,20070,39204,11857,6
2025-06-15,12,Omar Comin,87368,26630,113998,62241,0,25127,16027,10603,3
2025-06-16,1,208 Ferrari Way,68404,33660,102064,55403,0,13001,24053,9607,5
2025-06-16,2,The Federal Reserve,102281,41261,143542,96309,0,5972,31654,9607,3
2025-06-16,3,Golden Hour,82094,30767,112861,63928,0,18166,21160,9607,3
2025-06-16,4,Lisan al-Caleb,72879,36433,109312,66217,0,6662,24532,11901,4
2025-06-16,5,Mommy Rainier,72097,20005,92102,51895,0,20202,8104,11901,4
2025-06-16,6,Mostly Washed,80808,28560,109368,77949,0,2859,17930,10630,2
2025-06-16,7,Cártel de Breece y Puka,91619,28412,120031,66277,0,25342,18805,9607,0
2025-06-16,8,Loading…,80721,35794,116515,67329,0,13392,23893,11901,3
2025-06-16,9,Gaeta Spur FC,70287,45497,115784,63379,0,6908,34867,10630,5
2025-06-16,10,Rashid Shaheed Truthers,79453,33135,112588,74912,0,4541,22505,10630,4
2025-06-16,11,All You Need Is LOVE,70235,51174,121409,50163,0,20072,39273,11901,6
2025-06-16,12,Omar Comin,87352,26634,113986,62214,0,25138,16004,10630,3
2025-06-17,1,208 Ferrari Way,68316,33572,101888,55312,0,13004,24015,9557,5
2025-06-17,2,The Federal Reserve,102544,41214,143758,96556,0,5988,31657,9557,3
2025-06-17,3,Golden Hour,82007,30634,112641,63840,0,18167,21077,9557,3
2025-06-17,4,Lisan al-Caleb,72741,36381,109122,66110,0,6631,24507,11874,4
2025-06-17,5,Mommy Rainier,71913,19931,91844,51905,0,20008,8057,11874,4
2025-06-17,6,Mostly Washed,80932,28603,109535,78107,0,2825,17975,10628,2
2025-06-17,7,Cártel de Breece y Puka,91756,28299,120055,66316,0,25440,18742,9557,0
2025-06-17,8,Loading…,80696,35767,116463,67376,0,13320,23893,11874,3
2025-06-17,9,Gaeta Spur FC,70299,45535,115834,63385,0,6914,34907,10628,5
2025-06-17,10,Rashid Shaheed Truthers,79491,33161,112652,74918,0,4573,22533,10628,4
2025-06-17,11,All You Need Is LOVE,70317,51172,121489,50218,0,20099,39298,11874,6
2025-06-17,12,Omar Comin,87184,26615,113799,62188,0,24996,15987,10628,3
2025-06-18,1,208 Ferrari Way,68250,33584,101834,55248,0,13002,24012,9572,5
2025-06-18,2,The Federal Reserve,102317,41175,143492,96362,0,5955,31603,9572,3
2025-06-18,3,Golden Hour,82002,30665,112667,63787,0,18215,21093,9572,3
2025-06-18,4,Lisan al-Caleb,72766,36440,109206,66158,0,6608,24537,11903,4
2025-06-18,5,Mommy Rainier,71950,19996,91946,51976,0,19974,8093,11903,4
2025-06-18,6,Mostly Washed,80993,28531,109524,78155,0,2838,17916,10615,2
2025-06-18,7,Cártel de Breece y Puka,91708,28331,120039,66313,0,25395,18759,9572,0
2025-06-18,8,Loading…,80688,35815,116503,67329,0,13359,23912,11903,3
2025-06-18,9,Gaeta Spur FC,70369,45457,115826,63451,0,6918,34842,10615,5
2025-06-18,10,Rashid Shaheed Truthers,79586,33034,112620,75055,0,4531,22419,10615,4
2025-06-18,11,All You Need Is LOVE,70264,51179,121443,50218,0,20046,39276,11903,6
2025-06-18,12,Omar Comin,87199,26625,113824,62123,0,25076,16010,10615,3
2025-06-19,1,208 Ferrari Way,68241,33507,101748,55234,0,13007,23964,9543,5
2025-06-19,2,The Federal Reserve,102362,41058,143420,96422,0,5940,31515,9543,3
2025-06-19,3,Golden Hour,81994,30634,112628,63794,0,18200,21091,9543,3
2025-06-19,4,Lisan al-Caleb,72758,36432,109190,66162,0,6596,24524,11908,4
2025-06-19,5,Mommy Rainier,72097,20032,92129,52105,0,19992,8124,11908,4
2025-06-19,6,Mostly Washed,80995,28431,109426,78136,0,2859,17868,10563,2
2025-06-19,7,Cártel de Breece y Puka,91625,28328,119953,66331,0,25294,18785,9543,0
2025-06-19,8,Loading…,80717,35795,116512,67357,0,13360,23887,11908,3
2025-06-19,9,Gaeta Spur FC,70411,45384,115795,63512,0,6899,34821,10563,5
2025-06-19,10,Rashid Shaheed Truthers,79659,32938,112597,75148,0,4511,22375,10563,4
2025-06-19,11,All You Need Is LOVE,70290,51153,121443,50216,0,20074,39245,11908,6
2025-06-19,12,Omar Comin,87161,26540,113701,62080,0,25081,15977,10563,3
2025-06-20,1,208 Ferrari Way,68104,33408,101512,55127,0,12977,23910,9498,5
2025-06-20,2,The Federal Reserve,102298,40969,143267,96375,0,5923,31471,9498,3
2025-06-20,3,Golden Hour,82029,30528,112557,63810,0,18219,21030,9498,3
2025-06-20,4,Lisan al-Caleb,72685,36617,109302,66094,0,6591,24636,11981,4
2025-06-20,5,Mommy Rainier,73028,20133,93161,53060,0,19968,8152,11981,3
2025-06-20,6,Mostly Washed,81069,28212,109281,78197,0,2872,17739,10473,2
2025-06-20,7,Cártel de Breece y Puka,91653,28263,119916,66391,0,25262,18765,9498,0
2025-06-20,8,Loading…,80646,35983,116629,67326,0,13320,24002,11981,3
2025-06-20,9,Gaeta Spur FC,70356,45150,115506,63475,0,6881,34677,10473,5
2025-06-20,10,Rashid Shaheed Truthers,79748,32738,112486,75248,0,4500,22265,10473,4
2025-06-20,11,All You Need Is LOVE,70409,51323,121732,50312,0,20097,39342,11981,6
2025-06-20,12,Omar Comin,87154,26388,113542,62101,0,25053,15915,10473,3
2025-06-21,1,208 Ferrari Way,68078,33360,101438,55151,0,12927,23876,9484,5
2025-06-21,2,The Federal Reserve,102244,40971,143215,96336,0,5908,31487,9484,3
2025-06-21,3,Golden Hour,82031,30537,112568,63788,0,18243,21053,9484,3
2025-06-21,4,Lisan al-Caleb,72661,36676,109337,66064,0,6597,24674,12002,4
2025-06-21,5,Mommy Rainier,72857,20177,93034,52973,0,19884,8175,12002,3
2025-06-21,6,Mostly Washed,81032,28292,109324,78142,0,2890,17782,10510,2
2025-06-21,7,Cártel de Breece y Puka,91510,28233,119743,66396,0,25114,18749,9484,0
2025-06-21,8,Loading…,80598,36018,116616,67315,0,13283,24016,12002,3
2025-06-21,9,Gaeta Spur FC,70403,45209,115612,63540,0,6863,34699,10510,5
2025-06-21,10,Rashid Shaheed Truthers,79702,32765,112467,75184,0,4518,22255,10510,4
2025-06-21,11,All You Need Is LOVE,70493,51402,121895,50319,0,20174,39400,12002,6
2025-06-21,12,Omar Comin,87258,26484,113742,62147,0,25111,15974,10510,3
2025-06-22,1,208 Ferrari Way,68012,33373,101385,55123,0,12889,23892,9481,5
2025-06-22,2,The Federal Reserve,102272,40973,143245,96396,0,5876,31492,9481,3
2025-06-22,3,Golden Hour,81997,30560,112557,63740,0,18257,21079,9481,3
2025-06-22,4,Lisan al-Caleb,72637,36684,109321,66066,0,6571,24672,12012,4
2025-06-22,5,Mommy Rainier,73043,20210,93253,53169,0,19874,8198,12012,3
2025-06-22,6,Mostly Washed,81015,28317,109332,78138,0,2877,17801,10516,2
2025-06-22,7,Cártel de Breece y Puka,91325,28262,119587,66298,0,25027,18781,9481,0
2025-06-22,8,Loading…,80552,36038,116590,67253,0,13299,24026,12012,3
2025-06-22,9,Gaeta Spur FC,70342,45277,115619,63495,0,6847,34761,10516,5
2025-06-22,10,Rashid Shaheed Truthers,79605,32809,112414,75110,0,4495,22293,10516,4
2025-06-22,11,All You Need Is LOVE,70586,51400,121986,50426,0,20160,39388,12012,6
2025-06-22,12,Omar Comin,87269,26501,113770,62150,0,25119,15985,10516,3
2025-06-23,1,208 Ferrari Way,68001,33264,101265,55155,0,12846,23771,9493,5
2025-06-23,2,The Federal Reserve,102250,40913,143163,96347,0,5903,31420,9493,3
2025-06-23,3,Golden Hour,82077,30551,112628,63791,0,18286,21058,9493,3
2025-06-23,4,Lisan al-Caleb,72680,36558,109238,66112,0,6568,24565,11993,4
2025-06-23,5,Mommy Rainier,72961,20144,93105,53076,0,19885,8151,11993,3
2025-06-23,6,Mostly Washed,81088,28330,109418,78210,0,2878,17791,10539,2
2025-06-23,7,Cártel de Breece y Puka,91426,28265,119691,66391,0,25035,18772,9493,0
2025-06-23,8,Loading…,80544,35939,116483,67242,0,13302,23946,11993,3
2025-06-23,9,Gaeta Spur FC,70376,45198,115574,63570,0,6806,34659,10539,5
2025-06-23,10,Rashid Shaheed Truthers,79638,32861,112499,75156,0,4482,22322,10539,4
2025-06-23,11,All You Need Is LOVE,70527,51229,121756,50364,0,20163,39236,11993,6
2025-06-23,12,Omar Comin,87338,26568,113906,62198,0,25140,16029,10539,3
2025-06-24,1,208 Ferrari Way,68034,33172,101206,55218,0,12816,23698,9474,5
2025-06-24,2,The Federal Reserve,102120,40808,142928,96202,0,5918,31334,9474,3
2025-06-24,3,Golden Hour,81992,30523,112515,63756,0,18236,21049,9474,3
2025-06-24,4,Lisan al-Caleb,72739,36550,109289,66134,0,6605,24563,11987,4
2025-06-24,5,Mommy Rainier,73097,20171,93268,53131,0,19966,8184,11987,3
2025-06-24,6,Mostly Washed,80894,28410,109304,78028,0,2866,17820,10590,2
2025-06-24,7,Cártel de Breece y Puka,91612,28228,119840,66474,0,25138,18754,9474,0
2025-06-24,8,Loading…,80648,35929,116577,67315,0,13333,23942,11987,3
2025-06-24,9,Gaeta Spur FC,70407,45243,115650,63597,0,6810,34653,10590,5
2025-06-24,10,Rashid Shaheed Truthers,79625,32897,112522,75118,0,4507,22307,10590,4
2025-06-24,11,All You Need Is LOVE,70543,51206,121749,50351,0,20192,39219,11987,6
2025-06-24,12,Omar Comin,87234,26639,113873,62037,0,25197,16049,10590,3
2025-06-25,1,208 Ferrari Way,68005,33194,101199,55234,0,12771,23726,9468,5
2025-06-25,2,The Federal Reserve,102227,40833,143060,96305,0,5922,31365,9468,3
2025-06-25,3,Golden Hour,82070,30416,112486,63801,0,18269,20948,9468,3
2025-06-25,4,Lisan al-Caleb,75383,34684,110067,65511,0,9872,22697,11987,4
2025-06-25,5,Mommy Rainier,73057,20140,93197,53145,0,19912,8153,11987,3
2025-06-25,6,Mostly Washed,80814,28429,109243,77937,0,2877,17818,10611,2
2025-06-25,7,Cártel de Breece y Puka,88842,29980,118822,67009,0,21833,20512,9468,0
2025-06-25,8,Loading…,80607,35879,116486,67256,0,13351,23892,11987,3
2025-06-25,9,Gaeta Spur FC,70443,45264,115707,63622,0,6821,34653,10611,5
2025-06-25,10,Rashid Shaheed Truthers,79523,32972,112495,75019,0,4504,22361,10611,4
2025-06-25,11,All You Need Is LOVE,70495,51145,121640,50307,0,20188,39158,11987,6
2025-06-25,12,Omar Comin,87377,26540,113917,62036,0,25341,15929,10611,3
2025-06-26,1,208 Ferrari Way,68066,33163,101229,55248,0,12818,23701,9462,5
2025-06-26,2,The Federal Reserve,102144,40852,142996,96183,0,5961,31390,9462,3
2025-06-26,3,Golden Hour,82152,30345,112497,63897,0,18255,20883,9462,3
2025-06-26,4,Lisan al-Caleb,75516,34716,110232,65599,0,9917,22716,12000,4
2025-06-26,5,Mommy Rainier,72969,20131,93100,53115,0,19854,8131,12000,3
2025-06-26,6,Mostly Washed,80667,28512,109179,77792,0,2875,17881,10631,2
2025-06-26,7,Cártel de Breece y Puka,90384,29903,120287,68590,0,21794,20441,9462,0
2025-06-26,8,Loading…,80604,35876,116480,67322,0,13282,23876,12000,3
2025-06-26,9,Gaeta Spur FC,70508,45303,115811,63660,0,6848,34672,10631,5
2025-06-26,10,Rashid Shaheed Truthers,79494,33000,112494,74962,0,4532,22369,10631,4
2025-06-26,11,All You Need Is LOVE,70533,51203,121736,50302,0,20231,39203,12000,6
2025-06-26,12,Omar Comin,87310,26592,113902,61982,0,25328,15961,10631,3
2025-06-27,1,208 Ferrari Way,68121,33054,101175,55228,0,12893,23640,9414,5
2025-06-27,2,The Federal Reserve,102084,40720,142804,96165,0,5919,31306,9414,3
2025-06-27,3,Golden Hour,81984,30238,112222,63797,0,18187,20824,9414,3
2025-06-27,4,Lisan al-Caleb,75583,34690,110273,65666,0,9917,22689,12001,4
2025-06-27,5,Mommy Rainier,72866,20156,93022,52967,0,19899,8155,12001,3
2025-06-27,6,Mostly Washed,80606,28454,109060,77739,0,2867,17864,10590,2
2025-06-27,7,Cártel de Breece y Puka,90491,29806,120297,68716,0,21775,20392,9414,0
2025-06-27,8,Loading…,80642,35915,116557,67317,0,13325,23914,12001,3
2025-06-27,9,Gaeta Spur FC,70585,45240,115825,63769,0,6816,34650,10590,5
2025-06-27,10,Rashid Shaheed Truthers,79503,32925,112428,74955,0,4548,22335,10590,4
2025-06-27,11,All You Need Is LOVE,70577,51232,121809,50352,0,20225,39231,12001,6
2025-06-27,12,Omar Comin,87345,26534,113879,62005,0,25340,15944,10590,3
2025-06-28,1,208 Ferrari Way,67991,33230,101221,55123,0,12868,23792,9438,5
2025-06-28,2,The Federal Reserve,102171,40864,143035,96272,0,5899,31426,9438,3
2025-06-28,3,Golden Hour,82076,30284,112360,63850,0,18226,20846,9438,3
2025-06-28,4,Lisan al-Caleb,75525,34642,110167,65646,0,9879,22672,11970,4
2025-06-28,5,Mommy Rainier,72794,20121,92915,52898,0,19896,8151,11970,3
2025-06-28,6,Mostly Washed,80490,28480,108970,77631,0,2859,17838,10642,2
2025-06-28,7,Cártel de Breece y Puka,90536,29860,120396,68798,0,21738,20422,9438,0
2025-06-28,8,Loading…,80650,35875,116525,67373,0,13277,23905,11970,3
2025-06-28,9,Gaeta Spur FC,70539,45300,115839,63746,0,6793,34658,10642,5
2025-06-28,10,Rashid Shaheed Truthers,79412,32964,112376,74902,0,4510,22322,10642,4
2025-06-28,11,All You Need Is LOVE,70672,51098,121770,50409,0,20263,39128,11970,6
2025-06-28,12,Omar Comin,87252,26566,113818,61950,0,25302,15924,10642,3
2025-06-29,1,208 Ferrari Way,68057,33334,101391,55244,0,12813,23844,9490,5
2025-06-29,2,The Federal Reserve,102218,40985,143203,96294,0,5924,31495,9490,3
2025-06-29,3,Golden Hour,81922,30429,112351,63792,0,18130,20939,9490,3
2025-06-29,4,Lisan al-Caleb,75540,34585,110125,65706,0,9834,22640,11945,4
2025-06-29,5,Mommy Rainier,72862,20047,92909,52897,0,19965,8102,11945,3
2025-06-29,6,Mostly Washed,80498,28432,108930,77618,0,2880,17814,10618,2
2025-06-29,7,Cártel de Breece y Puka,90521,29939,120460,68793,0,21728,20449,9490,0
2025-06-29,8,Loading…,80660,35767,116427,67411,0,13249,23822,11945,3
2025-06-29,9,Gaeta Spur FC,70328,45277,115605,63585,0,6743,34659,10618,5
2025-06-29,10,Rashid Shaheed Truthers,79322,32967,112289,74848,0,4474,22349,10618,4
2025-06-29,11,All You Need Is LOVE,70759,51017,121776,50426,0,20333,39072,11945,6
2025-06-29,12,Omar Comin,87253,26569,113822,61980,0,25273,15951,10618,3
2025-06-30,1,208 Ferrari Way,68016,33297,101313,55156,0,12860,23822,9475,5
2025-06-30,2,The Federal Reserve,102339,40989,143328,96393,0,5946,31514,9475,3
2025-06-30,3,Golden Hour,81897,30399,112296,63846,0,18051,20924,9475,3
2025-06-30,4,Lisan al-Caleb,75424,34511,109935,65629,0,9795,22586,11925,4
2025-06-30,5,Mommy Rainier,72896,20008,92904,52963,0,19933,8083,11925,3
2025-06-30,6,Mostly Washed,80627,28370,108997,77724,0,2903,17786,10584,2
2025-06-30,7,Cártel de Breece y Puka,90454,29900,120354,68693,0,21761,20425,9475,0
2025-06-30,8,Loading…,80607,35720,116327,67328,0,13279,23795,11925,3
2025-06-30,9,Gaeta Spur FC,70466,45240,115706,63644,0,6822,34656,10584,5
2025-06-30,10,Rashid Shaheed Truthers,79360,32890,112250,74877,0,4483,22306,10584,4
2025-06-30,11,All You Need Is LOVE,70744,50936,121680,50454,0,20290,39011,11925,6
2025-06-30,12,Omar Comin,87146,26528,113674,61918,0,25228,15944,10584,3
2025-07-01,1,208 Ferrari Way,68291,33375,101666,55384,0,12907,23875,9500,5
2025-07-01,2,The Federal Reserve,102306,41029,143335,96351,0,5955,31529,9500,3
2025-07-01,3,Golden Hour,81849,30517,112366,63760,0,18089,21017,9500,3
2025-07-01,4,Lisan al-Caleb,75438,34550,109988,65659,0,9779,22602,11948,4
2025-07-01,5,Mommy Rainier,72631,20026,92657,52784,0,19847,8078,11948,3
2025-07-01,6,Mostly Washed,80523,28430,108953,77638,0,2885,17816,10614,2
2025-07-01,7,Cártel de Breece y Puka,90524,29991,120515,68817,0,21707,20491,9500,0
2025-07-01,8,Loading…,80818,35752,116570,67500,0,13318,23804,11948,3
2025-07-01,9,Gaeta Spur FC,70550,45298,115848,63705,0,6845,34684,10614,5
2025-07-01,10,Rashid Shaheed Truthers,79280,32963,112243,74855,0,4425,22349,10614,4
2025-07-01,11,All You Need Is LOVE,70341,51023,121364,50052,0,20289,39075,11948,6
2025-07-01,12,Omar Comin,87302,26638,113940,61998,0,25304,16024,10614,3
2025-07-02,1,208 Ferrari Way,68220,33282,101502,55329,0,12891,23821,9461,5
2025-07-02,2,The Federal Reserve,102335,40942,143277,96378,0,5957,31481,9461,3
2025-07-02,3,Golden Hour,81913,30399,112312,63825,0,18088,20938,9461,3
2025-07-02,4,Lisan al-Caleb,75484,34459,109943,65737,0,9747,22535,11924,4
2025-07-02,5,Mommy Rainier,72641,19958,92599,52710,0,19931,8034,11924,3
2025-07-02,6,Mostly Washed,80516,28365,108881,77659,0,2857,17788,10577,2
2025-07-02,7,Cártel de Breece y Puka,90664,29799,120463,68881,0,21783,20338,9461,0
2025-07-02,8,Loading…,80908,35625,116533,67576,0,13332,23701,11924,3
2025-07-02,9,Gaeta Spur FC,70647,45185,115832,63830,0,6817,34608,10577,5
2025-07-02,10,Rashid Shaheed Truthers,79193,32818,112011,74826,0,4367,22241,10577,4
2025-07-02,11,All You Need Is LOVE,70187,50910,121097,49981,0,20206,38986,11924,6
2025-07-02,12,Omar Comin,87318,26586,113904,62031,0,25287,16009,10577,3
2025-07-03,1,208 Ferrari Way,68296,33361,101657,55430,0,12866,23875,9486,5
2025-07-03,2,The Federal Reserve,102355,41044,143399,96400,0,5955,31558,9486,3
2025-07-03,3,Golden Hour,81810,30447,112257,63745,0,18065,20961,9486,3
2025-07-03,4,Lisan al-Caleb,75617,34558,110175,65840,0,9777,22608,11950,4
2025-07-03,5,Mommy Rainier,72627,19990,92617,52728,0,19899,8040,11950,3
2025-07-03,6,Mostly Washed,80527,28350,108877,77671,0,2856,17786,10564,2
2025-07-03,7,Cártel de Breece y Puka,90760,29895,120655,68946,0,21814,20409,9486,0
2025-07-03,8,Loading…,80746,35694,116440,67455,0,13291,23744,11950,3
2025-07-03,9,Gaeta Spur FC,70618,45228,115846,63799,0,6819,34664,10564,5
2025-07-03,10,Rashid Shaheed Truthers,79274,32859,112133,74873,0,4401,22295,10564,4
2025-07-03,11,All You Need Is LOVE,70062,51094,121156,49932,0,20130,39144,11950,6
2025-07-03,12,Omar Comin,87305,26532,113837,62132,0,25173,15968,10564,3
2025-07-04,1,208 Ferrari Way,68448,33332,101780,55547,0,12901,23866,9466,5
2025-07-04,2,The Federal Reserve,102369,41055,143424,96421,0,5948,31589,9466,3
2025-07-04,3,Golden Hour,81837,30384,112221,63824,0,18013,20918,9466,3
2025-07-04,4,Lisan al-Caleb,75446,34571,110017,65697,0,9749,22606,11965,4
2025-07-04,5,Mommy Rainier,72728,19980,92708,52835,0,19893,8015,11965,3
2025-07-04,6,Mostly Washed,80398,28327,108725,77559,0,2839,17769,10558,2
2025-07-04,7,Cártel de Breece y Puka,90791,29806,120597,69043,0,21748,20340,9466,0
2025-07-04,8,Loading…,80688,35743,116431,67451,0,13237,23778,11965,3
2025-07-04,9,Gaeta Spur FC,70686,45171,115857,63889,0,6797,34613,10558,5
2025-07-04,10,Rashid Shaheed Truthers,79197,32799,111996,74820,0,4377,22241,10558,4
2025-07-04,11,All You Need Is LOVE,69997,51053,121050,49940,0,20057,39088,11965,6
2025-07-04,12,Omar Comin,87321,26527,113848,62157,0,25164,15969,10558,3
2025-07-05,1,208 Ferrari Way,68315,33381,101696,55492,0,12823,23902,9479,5
2025-07-05,2,The Federal Reserve,102391,41153,143544,96477,0,5914,31674,9479,3
2025-07-05,3,Golden Hour,81842,30403,112245,63858,0,17984,20924,9479,3
2025-07-05,4,Lisan al-Caleb,75579,34566,110145,65784,0,9795,22607,11959,4
2025-07-05,5,Mommy Rainier,72811,19950,92761,52948,0,19863,7991,11959,3
2025-07-05,6,Mostly Washed,80357,28323,108680,77507,0,2850,17768,10555,2
2025-07-05,7,Cártel de Breece y Puka,90719,29820,120539,68965,0,21754,20341,9479,0
2025-07-05,8,Loading…,80658,35746,116404,67430,0,13228,23787,11959,3
2025-07-05,9,Gaeta Spur FC,70754,45147,115901,63919,0,6835,34592,10555,5
2025-07-05,10,Rashid Shaheed Truthers,79107,32757,111864,74764,0,4343,22202,10555,4
2025-07-05,11,All You Need Is LOVE,69929,51005,120934,49857,0,20072,39046,11959,6
2025-07-05,12,Omar Comin,88543,26513,115056,63315,0,25228,15958,10555,2
2025-07-06,1,208 Ferrari Way,68287,33400,101687,55420,0,12867,23895,9505,5
2025-07-06,2,The Federal Reserve,102438,41169,143607,96529,0,5909,31664,9505,3
2025-07-06,3,Golden Hour,81889,30478,112367,63853,0,18036,20973,9505,3
2025-07-06,4,Lisan al-Caleb,75572,34609,110181,65804,0,9768,22641,11968,4
2025-07-06,5,Mommy Rainier,72815,19984,92799,52955,0,19860,8016,11968,3
2025-07-06,6,Mostly Washed,80460,28257,108717,77602,0,2858,17738,10519,2
2025-07-06,7,Cártel de Breece y Puka,90815,29909,120724,69024,0,21791,20404,9505,0
2025-07-06,8,Loading…,80564,35792,116356,67308,0,13256,23824,11968,3
2025-07-06,9,Gaeta Spur FC,70847,45085,115932,63969,0,6878,34566,10519,5
2025-07-06,10,Rashid Shaheed Truthers,79017,32684,111701,74674,0,4343,22165,10519,4
2025-07-06,11,All You Need Is LOVE,69902,51094,120996,49795,0,20107,39126,11968,6
2025-07-06,12,Omar Comin,88443,26463,114906,63328,0,25115,15944,10519,2
2025-07-07,1,208 Ferrari Way,68116,33432,101548,55289,0,12827,23916,9516,5
2025-07-07,2,The Federal Reserve,102439,41217,143656,96533,0,5906,31701,9516,3
2025-07-07,3,Golden Hour,81791,30495,112286,63758,0,18033,20979,9516,3
2025-07-07,4,Lisan al-Caleb,75658,34650,110308,65867,0,9791,22673,11977,4
2025-07-07,5,Mommy Rainier,72769,19955,92724,52883,0,19886,7978,11977,3
2025-07-07,6,Mostly Washed,80527,28317,108844,77662,0,2865,17770,10547,2
2025-07-07,7,Cártel de Breece y Puka,90855,29886,120741,69112,0,21743,20370,9516,0
2025-07-07,8,Loading…,80581,35789,116370,67345,0,13236,23812,11977,3
2025-07-07,9,Gaeta Spur FC,70734,45130,115864,63889,0,6845,34583,10547,5
2025-07-07,10,Rashid Shaheed Truthers,79078,32680,111758,74690,0,4388,22133,10547,4
2025-07-07,11,All You Need Is LOVE,69790,51131,120921,49740,0,20050,39154,11977,6
2025-07-07,12,Omar Comin,88525,26570,115095,63361,0,25164,16023,10547,2
2025-07-08,1,208 Ferrari Way,68082,33554,101636,55263,0,12819,23993,9561,5
2025-07-08,2,The Federal Reserve,102207,41355,143562,96361,0,5846,31794,9561,3
2025-07-08,3,Golden Hour,81817,30597,112414,63828,0,17989,21036,9561,3
2025-07-08,4,Lisan al-Caleb,75662,34711,110373,65860,0,9802,22729,11982,4
2025-07-08,5,Mommy Rainier,72731,19910,92641,52856,0,19875,7928,11982,3
2025-07-08,6,Mostly Washed,80651,28296,108947,77785,0,2866,17783,10513,2
2025-07-08,7,Cártel de Breece y Puka,88758,29876,118634,66955,0,21803,20315,9561,1
2025-07-08,8,Loading…,80763,35789,116552,67532,0,13231,23807,11982,3
2025-07-08,9,Gaeta Spur FC,70709,45175,115884,63867,0,6842,34662,10513,5
2025-07-08,10,Rashid Shaheed Truthers,79270,32675,111945,74879,0,4391,22162,10513,4
2025-07-08,11,All You Need Is LOVE,69811,51148,120959,49789,0,20022,39166,11982,6
2025-07-08,12,Omar Comin,88363,26518,114881,63243,0,25120,16005,10513,2
2025-07-09,1,208 Ferrari Way,68029,33658,101687,55257,0,12772,24061,9597,5
2025-07-09,2,The Federal Reserve,102154,41423,143577,96314,0,5840,31826,9597,3
2025-07-09,3,Golden Hour,81848,30684,112532,63712,0,18136,21087,9597,3
2025-07-09,4,Lisan al-Caleb,75718,34723,110441,65939,0,9779,22726,11997,4
2025-07-09,5,Mommy Rainier,72702,19968,92670,52858,0,19844,7971,11997,3
2025-07-09,6,Mostly Washed,80582,28267,108849,77733,0,2849,17752,10515,2
2025-07-09,7,Cártel de Breece y Puka,91977,26488,118465,70196,0,21781,16891,9597,1
2025-07-09,8,Loading…,80670,35842,116512,67488,0,13182,23845,11997,3
2025-07-09,9,Gaeta Spur FC,70741,45142,115883,63939,0,6802,34627,10515,5
2025-07-09,10,Rashid Shaheed Truthers,79373,32690,112063,74952,0,4421,22175,10515,4
2025-07-09,11,All You Need Is LOVE,67609,54665,122274,47685,0,19924,42668,11997,5
2025-07-09,12,Omar Comin,88502,26494,114996,63440,0,25062,15979,10515,2
2025-07-10,1,208 Ferrari Way,68004,33564,101568,55142,0,12862,23991,9573,5
2025-07-10,2,The Federal Reserve,102140,41346,143486,96252,0,5888,31773,9573,3
2025-07-10,3,Golden Hour,81971,30678,112649,63799,0,18172,21105,9573,3
2025-07-10,4,Lisan al-Caleb,75645,34792,110437,65906,0,9739,22785,12007,4
2025-07-10,5,Mommy Rainier,72697,20005,92702,52833,0,19864,7998,12007,3
2025-07-10,6,Mostly Washed,80687,28307,108994,77855,0,2832,17768,10539,2
2025-07-10,7,Cártel de Breece y Puka,90555,26529,117084,68818,0,21737,16956,9573,1
2025-07-10,8,Loading…,80441,35887,116328,67254,0,13187,23880,12007,3
2025-07-10,9,Gaeta Spur FC,70783,45207,115990,63984,0,6799,34668,10539,5
2025-07-10,10,Rashid Shaheed Truthers,79289,32765,112054,74895,0,4394,22226,10539,4
2025-07-10,11,All You Need Is LOVE,71291,54793,126084,51328,0,19963,42786,12007,5
2025-07-10,12,Omar Comin,88558,26543,115101,63463,0,25095,16004,10539,2
2025-07-11,1,208 Ferrari Way,68069,33433,101502,55197,0,12872,23900,9533,5
2025-07-11,2,The Federal Reserve,102195,41259,143454,96334,0,5861,31726,9533,3
2025-07-11,3,Golden Hour,81830,30582,112412,63662,0,18168,21049,9533,3
2025-07-11,4,Lisan al-Caleb,75615,34803,110418,65910,0,9705,22789,12014,4
2025-07-11,5,Mommy Rainier,72639,19971,92610,52807,0,19832,7957,12014,3
2025-07-11,6,Mostly Washed,80722,28289,109011,77849,0,2873,17762,10527,2
2025-07-11,7,Cártel de Breece y Puka,90483,26437,116920,68765,0,21718,16904,9533,1
2025-07-11,8,Loading…,80318,35886,116204,67206,0,13112,23872,12014,3
2025-07-11,9,Gaeta Spur FC,70922,45137,116059,64138,0,6784,34610,10527,5
2025-07-11,10,Rashid Shaheed Truthers,79200,32648,111848,74786,0,4414,22121,10527,4
2025-07-11,11,All You Need Is LOVE,71283,54711,125994,51308,0,19975,42697,12014,5
2025-07-11,12,Omar Comin,88730,26516,115246,63572,0,25158,15989,10527,2
2025-07-12,1,208 Ferrari Way,67986,33397,101383,55184,0,12802,23880,9517,5
2025-07-12,2,The Federal Reserve,102164,41268,143432,96313,0,5851,31751,9517,3
2025-07-12,3,Golden Hour,81729,30600,112329,63573,0,18156,21083,9517,3
2025-07-12,4,Lisan al-Caleb,75720,34866,110586,65950,0,9770,22825,12041,4
2025-07-12,5,Mommy Rainier,72657,19970,92627,52804,0,19853,7929,12041,3
2025-07-12,6,Mostly Washed,80647,28345,108992,77740,0,2907,17801,10544,2
2025-07-12,7,Cártel de Breece y Puka,90648,26436,117084,68896,0,21752,16919,9517,1
2025-07-12,8,Loading…,80333,35932,116265,67193,0,13140,23891,12041,3
2025-07-12,9,Gaeta Spur FC,70748,45194,115942,63962,0,6786,34650,10544,5
2025-07-12,10,Rashid Shaheed Truthers,79212,32707,111919,74818,0,4394,22163,10544,4
2025-07-12,11,All You Need Is LOVE,71278,54719,125997,51323,0,19955,42678,12041,5
2025-07-12,12,Omar Comin,88716,26578,115294,63690,0,25026,16034,10544,2
2025-07-13,1,208 Ferrari Way,68029,33417,101446,55206,0,12823,23861,9556,5
2025-07-13,2,The Federal Reserve,102154,41281,143435,96305,0,5849,31725,9556,3
2025-07-13,3,Golden Hour,81802,30665,112467,63697,0,18105,21109,9556,3
2025-07-13,4,Lisan al-Caleb,75712,34892,110604,65980,0,9732,22815,12077,4
2025-07-13,5,Mommy Rainier,72698,20069,92767,52802,0,19896,7992,12077,3
2025-07-13,6,Mostly Washed,80702,28426,109128,77803,0,2899,17848,10578,2
2025-07-13,7,Cártel de Breece y Puka,90001,26472,116473,68900,0,21101,16916,9556,1
2025-07-13,8,Loading…,80393,35992,116385,67222,0,13171,23915,12077,3
2025-07-13,9,Gaeta Spur FC,70913,45207,116120,64103,0,6810,34629,10578,5
2025-07-13,10,Rashid Shaheed Truthers,79316,32741,112057,74910,0,4406,22163,10578,4
2025-07-13,11,All You Need Is LOVE,71387,54743,126130,51372,0,20015,42666,12077,5
2025-07-13,12,Omar Comin,88669,26643,115312,63709,0,24960,16065,10578,2
2025-07-14,1,208 Ferrari Way,68400,33552,101952,55304,0,13096,23970,9582,5
2025-07-14,2,The Federal Reserve,102319,41376,143695,96454,0,5865,31794,9582,3
2025-07-14,3,Golden Hour,81626,30694,112320,63620,0,18006,21112,9582,3
2025-07-14,4,Lisan al-Caleb,75673,34776,110449,65986,0,9687,22730,12046,4
2025-07-14,5,Mommy Rainier,72596,20042,92638,52721,0,19875,7996,12046,3
2025-07-14,6,Mostly Washed,80651,28614,109265,77778,0,2873,17970,10644,2
2025-07-14,7,Cártel de Breece y Puka,89647,26456,116103,69063,0,20584,16874,9582,1
2025-07-14,8,Loading…,80303,35899,116202,67118,0,13185,23853,12046,3
2025-07-14,9,Gaeta Spur FC,71037,45423,116460,64247,0,6790,34779,10644,5
2025-07-14,10,Rashid Shaheed Truthers,79218,32919,112137,74814,0,4404,22275,10644,4
2025-07-14,11,All You Need Is LOVE,71459,54645,126104,51426,0,20033,42599,12046,5
2025-07-14,12,Omar Comin,88477,26768,115245,63587,0,24890,16124,10644,2
2025-07-15,1,208 Ferrari Way,68379,33608,101987,55334,0,13045,24047,9561,5
2025-07-15,2,The Federal Reserve,102251,41359,143610,96410,0,5841,31798,9561,3
2025-07-15,3,Golden Hour,81604,30616,112220,63640,0,17964,21055,9561,3
2025-07-15,4,Lisan al-Caleb,75723,34791,110514,66057,0,9666,22727,12064,4
2025-07-15,5,Mommy Rainier,72605,20058,92663,52790,0,19815,7994,12064,3
2025-07-15,6,Mostly Washed,80540,28405,108945,77674,0,2866,17847,10558,2
2025-07-15,7,Cártel de Breece y Puka,89617,26415,116032,69075,0,20542,16854,9561,1
2025-07-15,8,Loading…,80277,35935,116212,67091,0,13186,23871,12064,3
2025-07-15,9,Gaeta Spur FC,71155,45209,116364,64444,0,6711,34651,10558,5
2025-07-15,10,Rashid Shaheed Truthers,79123,32785,111908,74732,0,4391,22227,10558,4
2025-07-15,11,All You Need Is LOVE,71690,54621,126311,51671,0,20019,42557,12064,5
2025-07-15,12,Omar Comin,88448,26494,114942,63503,0,24945,15936,10558,2
2025-07-16,1,208 Ferrari Way,68282,33514,101796,55195,0,13087,23955,9559,5
2025-07-16,2,The Federal Reserve,102219,41302,143521,96381,0,5838,31743,9559,3
2025-07-16,3,Golden Hour,81541,30536,112077,63704,0,17837,20977,9559,3
2025-07-16,4,Lisan al-Caleb,75773,34735,110508,66062,0,9711,22697,12038,4
2025-07-16,5,Mommy Rainier,72788,19995,92783,53000,0,19788,7957,12038,3
2025-07-16,6,Mostly Washed,80622,28448,109070,77779,0,2843,17877,10571,2
2025-07-16,7,Cártel de Breece y Puka,89473,26372,115845,68978,0,20495,16813,9559,1
2025-07-16,8,Loading…,80307,35856,116163,67110,0,13197,23818,12038,3
2025-07-16,9,Gaeta Spur FC,71062,45194,116256,64357,0,6705,34623,10571,5
2025-07-16,10,Rashid Shaheed Truthers,79230,32818,112048,74805,0,4425,22247,10571,4
2025-07-16,11,All You Need Is LOVE,71683,54538,126221,51644,0,20039,42500,12038,5
2025-07-16,12,Omar Comin,88364,26476,114840,63395,0,24969,15905,10571,2
2025-07-17,1,208 Ferrari Way,68209,33585,101794,55166,0,13043,23992,9593,5
2025-07-17,2,The Federal Reserve,102333,41475,143808,96514,0,5819,31882,9593,3
2025-07-17,3,Golden Hour,81482,30598,112080,63681,0,17801,21005,9593,3
2025-07-17,4,Lisan al-Caleb,75800,34791,110591,66079,0,9721,22711,12080,4
2025-07-17,5,Mommy Rainier,68728,23660,92388,48955,0,19773,11580,12080,3
2025-07-17,6,Mostly Washed,80630,28390,109020,77765,0,2865,17841,10549,2
2025-07-17,7,Cártel de Breece y Puka,89736,26434,116170,69184,0,20552,16841,9593,1
2025-07-17,8,Loading…,80293,35924,116217,67123,0,13170,23844,12080,3
2025-07-17,9,Gaeta Spur FC,73384,42916,116300,66700,0,6684,32367,10549,5
2025-07-17,10,Rashid Shaheed Truthers,79172,32762,111934,74728,0,4444,22213,10549,4
2025-07-17,11,All You Need Is LOVE,71565,54600,126165,51580,0,19985,42520,12080,5
2025-07-17,12,Omar Comin,90116,25005,115121,65118,0,24998,14456,10549,1
2025-07-18,1,208 Ferrari Way,68171,33617,101788,55107,0,13064,23999,9618,5
2025-07-18,2,The Federal Reserve,102034,41521,143555,96227,0,5807,31903,9618,3
2025-07-18,3,Golden Hour,81633,30641,112274,63786,0,17847,21023,9618,3
2025-07-18,4,Lisan al-Caleb,75689,34880,110569,66016,0,9673,22773,12107,4
2025-07-18,5,Mommy Rainier,68861,23655,92516,48965,0,19896,11548,12107,3
2025-07-18,6,Mostly Washed,80644,28539,109183,77726,0,2918,17947,10592,2
2025-07-18,7,Cártel de Breece y Puka,89692,26480,116172,69273,0,20419,16862,9618,1
2025-07-18,8,Loading…,80319,35949,116268,67085,0,13234,23842,12107,3
2025-07-18,9,Gaeta Spur FC,73368,43084,116452,66686,0,6682,32492,10592,5
2025-07-18,10,Rashid Shaheed Truthers,79246,32855,112101,74784,0,4462,22263,10592,4
2025-07-18,11,All You Need Is LOVE,71483,54670,126153,51521,0,19962,42563,12107,5
2025-07-18,12,Omar Comin,90165,25057,115222,65193,0,24972,14465,10592,1
2025-07-19,1,208 Ferrari Way,68190,33565,101755,55122,0,13068,23955,9610,5
2025-07-19,2,The Federal Reserve,102066,41486,143552,96240,0,5826,31876,9610,3
2025-07-19,3,Golden Hour,81648,30620,112268,63793,0,17855,21010,9610,3
2025-07-19,4,Lisan al-Caleb,75676,34895,110571,66002,0,9674,22773,12122,4
2025-07-19,5,Mommy Rainier,68871,23687,92558,48952,0,19919,11565,12122,3
2025-07-19,6,Mostly Washed,80654,28573,109227,77738,0,2916,17960,10613,2
2025-07-19,7,Cártel de Breece y Puka,89636,26467,116103,69230,0,20406,16857,9610,1
2025-07-19,8,Loading…,80399,35985,116384,67168,0,13231,23863,12122,3
2025-07-19,9,Gaeta Spur FC,73440,43081,116521,66754,0,6686,32468,10613,5
2025-07-19,10,Rashid Shaheed Truthers,79238,32919,112157,74795,0,4443,22306,10613,4
2025-07-19,11,All You Need Is LOVE,71471,54724,126195,51524,0,19947,42602,12122,5
2025-07-19,12,Omar Comin,90122,25110,115232,65232,0,24890,14497,10613,1
2025-07-20,1,208 Ferrari Way,68166,33567,101733,55089,0,13077,23949,9618,5
2025-07-20,2,The Federal Reserve,102067,41516,143583,96234,0,5833,31898,9618,3
2025-07-20,3,Golden Hour,81663,30628,112291,63807,0,17856,21010,9618,3
2025-07-20,4,Lisan al-Caleb,75620,34921,110541,65946,0,9674,22799,12122,4
2025-07-20,5,Mommy Rainier,68849,23651,92500,48891,0,19958,11529,12122,3
2025-07-20,6,Mostly Washed,80641,28645,109286,77731,0,2910,18012,10633,2
2025-07-20,7,Cártel de Breece y Puka,89647,26458,116105,69281,0,20366,16840,9618,1
2025-07-20,8,Loading…,80358,36001,116359,67139,0,13219,23879,12122,3
2025-07-20,9,Gaeta Spur FC,73413,43165,116578,66740,0,6673,32532,10633,5
2025-07-20,10,Rashid Shaheed Truthers,79244,32976,112220,74807,0,4437,22343,10633,4
2025-07-20,11,All You Need Is LOVE,71496,54747,126243,51524,0,19972,42625,12122,5
2025-07-20,12,Omar Comin,90083,25153,115236,65241,0,24842,14520,10633,1
2025-07-21,1,208 Ferrari Way,68139,33585,101724,55074,0,13065,23960,9625,5
2025-07-21,2,The Federal Reserve,102147,41554,143701,96311,0,5836,31929,9625,3
2025-07-21,3,Golden Hour,81672,30626,112298,63828,0,17844,21001,9625,3
2025-07-21,4,Lisan al-Caleb,75546,34902,110448,65876,0,9670,22789,12113,4
2025-07-21,5,Mommy Rainier,68812,23611,92423,48882,0,19930,11498,12113,3
2025-07-21,6,Mostly Washed,80618,28666,109284,77708,0,2910,18018,10648,2
2025-07-21,7,Cártel de Breece y Puka,89553,26445,115998,69212,0,20341,16820,9625,1
2025-07-21,8,Loading…,80349,35970,116319,67125,0,13224,23857,12113,3
2025-07-21,9,Gaeta Spur FC,73480,43178,116658,66788,0,6692,32530,10648,5
2025-07-21,10,Rashid Shaheed Truthers,79228,32986,112214,74785,0,4443,22338,10648,4
2025-07-21,11,All You Need Is LOVE,71484,54689,126173,51484,0,20000,42576,12113,5
2025-07-21,12,Omar Comin,90094,25160,115254,65216,0,24878,14512,10648,1
2025-07-22,1,208 Ferrari Way,68138,33526,101664,55042,0,13096,23915,9611,5
2025-07-22,2,The Federal Reserve,102086,41494,143580,96245,0,5841,31883,9611,3
2025-07-22,3,Golden Hour,81714,30581,112295,63887,0,17827,20970,9611,3
2025-07-22,4,Lisan al-Caleb,75613,34865,110478,65968,0,9645,22778,12087,4
2025-07-22,5,Mommy Rainier,68736,23586,92322,48815,0,19921,11499,12087,3
2025-07-22,6,Mostly Washed,80639,28620,109259,77735,0,2904,17991,10629,2
2025-07-22,7,Cártel de Breece y Puka,89491,26424,115915,69142,0,20349,16813,9611,1
2025-07-22,8,Loading…,80337,35935,116272,67109,0,13228,23848,12087,3
2025-07-22,9,Gaeta Spur FC,73464,43118,116582,66770,0,6694,32489,10629,5
2025-07-22,10,Rashid Shaheed Truthers,79208,32966,112174,74774,0,4434,22337,10629,4
2025-07-22,11,All You Need Is LOVE,71396,54654,126050,51440,0,19956,42567,12087,5
2025-07-22,12,Omar Comin,90209,25127,115336,65155,0,25054,14498,10629,1
2025-07-23,1,208 Ferrari Way,68163,33461,101624,55050,0,13113,23869,9592,5
2025-07-23,2,The Federal Reserve,102034,41461,143495,96165,0,5869,31869,9592,3
2025-07-23,3,Golden Hour,81792,30558,112350,63926,0,17866,20966,9592,3
2025-07-23,4,Lisan al-Caleb,75525,34863,110388,65900,0,9625,22783,12080,4
2025-07-23,5,Mommy Rainier,68714,23564,92278,48796,0,19918,11484,12080,3
2025-07-23,6,Mostly Washed,80617,28638,109255,77716,0,2901,17997,10641,2
2025-07-23,7,Cártel de Breece y Puka,89526,26410,115936,69148,0,20378,16818,9592,1
2025-07-23,8,Loading…,80412,35925,116337,67174,0,13238,23845,12080,3
2025-07-23,9,Gaeta Spur FC,73343,43132,116475,66661,0,6682,32491,10641,5
2025-07-23,10,Rashid Shaheed Truthers,79213,33029,112242,74782,0,4431,22388,10641,4
2025-07-23,11,All You Need Is LOVE,73061,54636,127697,53118,0,19943,42556,12080,5
2025-07-23,12,Omar Comin,90307,25171,115478,65261,0,25046,14530,10641,1
2025-07-24,1,208 Ferrari Way,68133,33409,101542,55013,0,13120,23848,9561,5
2025-07-24,2,The Federal Reserve,102007,41375,143382,96151,0,5856,31814,9561,3
2025-07-24,3,Golden Hour,81762,30510,112272,63893,0,17869,20949,9561,3
2025-07-24,4,Lisan al-Caleb,75487,34858,110345,65856,0,9631,22794,12064,4
2025-07-24,5,Mommy Rainier,68704,23555,92259,48805,0,19899,11491,12064,3
2025-07-24,6,Mostly Washed,80651,28637,109288,77768,0,2883,17995,10642,2
2025-07-24,7,Cártel de Breece y Puka,89441,26401,115842,69103,0,20338,16840,9561,1
2025-07-24,8,Loading…,80521,35924,116445,67276,0,13245,23860,12064,3
2025-07-24,9,Gaeta Spur FC,73283,43157,116440,66621,0,6662,32515,10642,5
2025-07-24,10,Rashid Shaheed Truthers,79245,33030,112275,74829,0,4416,22388,10642,4
2025-07-24,11,All You Need Is LOVE,73033,54616,127649,53111,0,19922,42552,12064,5
2025-07-24,12,Omar Comin,90355,25156,115511,65298,0,25057,14514,10642,1
2025-07-25,1,208 Ferrari Way,68246,33416,101662,55088,0,13158,23862,9554,5
2025-07-25,2,The Federal Reserve,102053,41329,143382,96201,0,5852,31775,9554,3
2025-07-25,3,Golden Hour,81796,30520,112316,63884,0,17912,20966,9554,3
2025-07-25,4,Lisan al-Caleb,75477,34778,110255,65836,0,9641,22739,12039,3
2025-07-25,5,Mommy Rainier,68624,23525,92149,48753,0,19871,11486,12039,5
2025-07-25,6,Mostly Washed,80594,28730,109324,77734,0,2860,18047,10683,2
2025-07-25,7,Cártel de Breece y Puka,89478,26407,115885,69090,0,20388,16853,9554,1
2025-07-25,8,Loading…,80497,35828,116325,67268,0,13229,23789,12039,3
2025-07-25,9,Gaeta Spur FC,73314,43252,116566,66660,0,6654,32569,10683,5
2025-07-25,10,Rashid Shaheed Truthers,79208,33089,112297,74816,0,4392,22406,10683,4
2025-07-25,11,All You Need Is LOVE,72991,54538,127529,53087,0,19904,42499,12039,5
2025-07-25,12,Omar Comin,90465,25224,115689,65365,0,25100,14541,10683,1
2025-07-26,1,208 Ferrari Way,68260,33382,101642,55062,0,13198,23844,9538,5
2025-07-26,2,The Federal Reserve,101993,41249,143242,96154,0,5839,31711,9538,3
2025-07-26,3,Golden Hour,81752,30486,112238,63795,0,17957,20948,9538,3
2025-07-26,4,Lisan al-Caleb,75494,34743,110237,65863,0,9631,22713,12030,3
2025-07-26,5,Mommy Rainier,68596,23531,92127,48743,0,19853,11501,12030,5
2025-07-26,6,Mostly Washed,80593,28668,109261,77730,0,2863,18015,10653,2
2025-07-26,7,Cártel de Breece y Puka,89514,26398,115912,69158,0,20356,16860,9538,1
2025-07-26,8,Loading…,80531,35792,116323,67292,0,13239,23762,12030,3
2025-07-26,9,Gaeta Spur FC,73316,43162,116478,66648,0,6668,32509,10653,5
2025-07-26,10,Rashid Shaheed Truthers,79247,33014,112261,74869,0,4378,22361,10653,4
2025-07-26,11,All You Need Is LOVE,72953,54478,127431,53024,0,19929,42448,12030,5
2025-07-26,12,Omar Comin,90522,25169,115691,65417,0,25105,14516,10653,1
2025-07-27,1,208 Ferrari Way,68186,33707,101893,54982,0,13204,24074,9633,5
2025-07-27,2,The Federal Reserve,101956,41543,143499,96076,0,5880,31910,9633,3
2025-07-27,3,Golden Hour,81742,30718,112460,63732,0,18010,21085,9633,3
2025-07-27,4,Lisan al-Caleb,75464,34887,110351,65829,0,9635,22798,12089,3
2025-07-27,5,Mommy Rainier,68722,23657,92379,48777,0,19945,11568,12089,5
2025-07-27,6,Mostly Washed,80237,28748,108985,77417,0,2820,18051,10697,2
2025-07-27,7,Cártel de Breece y Puka,89538,26595,116133,69221,0,20317,16962,9633,1
2025-07-27,8,Loading…,80494,35980,116474,67248,0,13246,23891,12089,3
2025-07-27,9,Gaeta Spur FC,73174,43341,116515,66554,0,6620,32644,10697,5
2025-07-27,10,Rashid Shaheed Truthers,79080,33140,112220,74714,0,4366,22443,10697,4
2025-07-27,11,All You Need Is LOVE,72990,54743,127733,53064,0,19926,42654,12089,5
2025-07-27,12,Omar Comin,90699,25229,115928,65459,0,25240,14532,10697,1
2025-07-28,1,208 Ferrari Way,68203,33748,101951,54976,0,13227,24120,9628,5
2025-07-28,2,The Federal Reserve,101946,41543,143489,96084,0,5862,31915,9628,3
2025-07-28,3,Golden Hour,81651,30746,112397,63705,0,17946,21118,9628,3
2025-07-28,4,Lisan al-Caleb,75311,34809,110120,65671,0,9640,22734,12075,3
2025-07-28,5,Mommy Rainier,68739,23679,92418,48745,0,19994,11604,12075,5
2025-07-28,6,Mostly Washed,80251,28564,108815,77406,0,2845,17944,10620,2
2025-07-28,7,Cártel de Breece y Puka,89688,26683,116371,69408,0,20280,17055,9628,1
2025-07-28,8,Loading…,80587,35899,116486,67295,0,13292,23824,12075,3
2025-07-28,9,Gaeta Spur FC,73114,43148,116262,66451,0,6663,32528,10620,5
2025-07-28,10,Rashid Shaheed Truthers,79008,32941,111949,74683,0,4325,22321,10620,4
2025-07-28,11,All You Need Is LOVE,73075,54692,127767,52973,0,20102,42617,12075,5
2025-07-28,12,Omar Comin,90775,25104,115879,65479,0,25296,14484,10620,1
2025-07-29,1,208 Ferrari Way,68363,33674,102037,55173,0,13190,24051,9623,5
2025-07-29,2,The Federal Reserve,101837,41526,143363,95940,0,5897,31903,9623,3
2025-07-29,3,Golden Hour,81520,30729,112249,63531,0,17989,21106,9623,3
2025-07-29,4,Lisan al-Caleb,75206,34774,109980,65633,0,9573,22718,12056,3
2025-07-29,5,Mommy Rainier,68720,23679,92399,48742,0,19978,11623,12056,5
2025-07-29,6,Mostly Washed,80190,28593,108783,77351,0,2839,17953,10640,2
2025-07-29,7,Cártel de Breece y Puka,89990,26681,116671,69710,0,20280,17058,9623,1
2025-07-29,8,Loading…,80481,35888,116369,67240,0,13241,23832,12056,3
2025-07-29,9,Gaeta Spur FC,72971,43153,116124,66291,0,6680,32513,10640,5
2025-07-29,10,Rashid Shaheed Truthers,79072,33021,112093,74799,0,4273,22381,10640,4
2025-07-29,11,All You Need Is LOVE,72925,54642,127567,52818,0,20107,42586,12056,5
2025-07-29,12,Omar Comin,90923,25180,116103,65562,0,25361,14540,10640,1
2025-07-30,1,208 Ferrari Way,68310,33719,102029,55110,0,13200,24105,9614,5
2025-07-30,2,The Federal Reserve,101966,41450,143416,96052,0,5914,31836,9614,3
2025-07-30,3,Golden Hour,81548,30687,112235,63514,0,18034,21073,9614,3
2025-07-30,4,Lisan al-Caleb,75164,34758,109922,65637,0,9527,22696,12062,3
2025-07-30,5,Mommy Rainier,68778,23694,92472,48793,0,19985,11632,12062,5
2025-07-30,6,Mostly Washed,80153,28600,108753,77326,0,2827,17945,10655,2
2025-07-30,7,Cártel de Breece y Puka,89941,26657,116598,69650,0,20291,17043,9614,1
2025-07-30,8,Loading…,80615,35913,116528,67412,0,13203,23851,12062,3
2025-07-30,9,Gaeta Spur FC,73003,43232,116235,66299,0,6704,32577,10655,5
2025-07-30,10,Rashid Shaheed Truthers,78959,33035,111994,74680,0,4279,22380,10655,4
2025-07-30,11,All You Need Is LOVE,72904,54610,127514,52795,0,20109,42548,12062,5
2025-07-30,12,Omar Comin,90842,25225,116067,65447,0,25395,14570,10655,1
2025-07-31,1,208 Ferrari Way,68323,33581,101904,55111,0,13212,23968,9613,5
2025-07-31,2,The Federal Reserve,102138,41235,143373,96200,0,5938,31622,9613,3
2025-07-31,3,Golden Hour,81446,30691,112137,63383,0,18063,21078,9613,3
2025-07-31,4,Lisan al-Caleb,75276,34538,109814,65688,0,9588,22570,11968,3
2025-07-31,5,Mommy Rainier,68735,23542,92277,48793,0,19942,11574,11968,5
2025-07-31,6,Mostly Washed,80090,28432,108522,77287,0,2803,17846,10586,2
2025-07-31,7,Cártel de Breece y Puka,90167,26626,116793,69870,0,20297,17013,9613,1
2025-07-31,8,Loading…,80648,35655,116303,67348,0,13300,23687,11968,3
2025-07-31,9,Gaeta Spur FC,72798,43016,115814,66167,0,6631,32430,10586,5
2025-07-31,10,Rashid Shaheed Truthers,79120,32880,112000,74863,0,4257,22294,10586,4
2025-07-31,11,All You Need Is LOVE,72795,54363,127158,52734,0,20061,42395,11968,5
2025-07-31,12,Omar Comin,91021,25153,116174,65612,0,25409,14567,10586,1
2025-08-01,1,208 Ferrari Way,68328,33351,101679,55109,0,13219,23811,9540,5
2025-08-01,2,The Federal Reserve,102508,40986,143494,96522,0,5986,31446,9540,3
2025-08-01,3,Golden Hour,81508,30484,111992,63390,0,18118,20944,9540,3
2025-08-01,4,Lisan al-Caleb,75243,34427,109670,65646,0,9597,22515,11912,3
2025-08-01,5,Mommy Rainier,68629,23481,92110,48795,0,19834,11569,11912,5
2025-08-01,6,Mostly Washed,79987,28347,108334,77188,0,2799,17813,10534,2
2025-08-01,7,Cártel de Breece y Puka,90186,26487,116673,70060,0,20126,16947,9540,1
2025-08-01,8,Loading…,80672,35576,116248,67381,0,13291,23664,11912,3
2025-08-01,9,Gaeta Spur FC,72868,42899,115767,66224,0,6644,32365,10534,5
2025-08-01,10,Rashid Shaheed Truthers,79121,32799,111920,74921,0,4200,22265,10534,4
2025-08-01,11,All You Need Is LOVE,72772,54249,127021,52666,0,20106,42337,11912,5
2025-08-01,12,Omar Comin,91042,25090,116132,65552,0,25490,14556,10534,1
2025-08-02,1,208 Ferrari Way,68419,33384,101803,55152,0,13267,23832,9552,5
2025-08-02,2,The Federal Reserve,102463,41071,143534,96461,0,6002,31519,9552,3
2025-08-02,3,Golden Hour,81525,30525,112050,63385,0,18140,20973,9552,3
2025-08-02,4,Lisan al-Caleb,75234,34423,109657,65614,0,9620,22507,11916,3
2025-08-02,5,Mommy Rainier,68564,23446,92010,48713,0,19851,11530,11916,5
2025-08-02,6,Mostly Washed,79793,28369,108162,77009,0,2784,17825,10544,2
2025-08-02,7,Cártel de Breece y Puka,90253,26490,116743,70080,0,20173,16938,9552,1
2025-08-02,8,Loading…,80645,35613,116258,67358,0,13287,23697,11916,3
2025-08-02,9,Gaeta Spur FC,72869,42887,115756,66359,0,6510,32343,10544,5
2025-08-02,10,Rashid Shaheed Truthers,78985,32890,111875,74780,0,4205,22346,10544,4
2025-08-02,11,All You Need Is LOVE,72804,54322,127126,52651,0,20153,42406,11916,5
2025-08-02,12,Omar Comin,91259,25116,116375,65819,0,25440,14572,10544,1
2025-08-03,1,208 Ferrari Way,68414,33327,101741,55072,0,13342,23805,9522,5
2025-08-03,2,The Federal Reserve,102532,41086,143618,96521,0,6011,31564,9522,3
2025-08-03,3,Golden Hour,81596,30470,112066,63355,0,18241,20948,9522,3
2025-08-03,4,Lisan al-Caleb,75026,34497,109523,65521,0,9505,22557,11940,3
2025-08-03,5,Mommy Rainier,68585,23516,92101,48793,0,19792,11576,11940,5
2025-08-03,6,Mostly Washed,79863,28359,108222,77027,0,2836,17813,10546,2
2025-08-03,7,Cártel de Breece y Puka,90272,26408,116680,70043,0,20229,16886,9522,1
2025-08-03,8,Loading…,80676,35664,116340,67422,0,13254,23724,11940,3
2025-08-03,9,Gaeta Spur FC,72919,42883,115802,66419,0,6500,32337,10546,5
2025-08-03,10,Rashid Shaheed Truthers,78737,32818,111555,74508,0,4229,22272,10546,4
2025-08-03,11,All You Need Is LOVE,72799,54284,127083,52665,0,20134,42344,11940,5
2025-08-03,12,Omar Comin,91538,25052,116590,65993,0,25545,14506,10546,1
2025-08-04,1,208 Ferrari Way,68362,33552,101914,54987,0,13375,23944,9608,5
2025-08-04,2,The Federal Reserve,102730,41260,143990,96641,0,6089,31652,9608,3
2025-08-04,3,Golden Hour,81549,30670,112219,63270,0,18279,21062,9608,3
2025-08-04,4,Lisan al-Caleb,75031,34535,109566,65505,0,9526,22589,11946,3
2025-08-04,5,Mommy Rainier,68598,23505,92103,48810,0,19788,11559,11946,5
2025-08-04,6,Mostly Washed,79719,28418,108137,76891,0,2828,17846,10572,2
2025-08-04,7,Cártel de Breece y Puka,90142,26671,116813,69841,0,20301,17063,9608,1
2025-08-04,8,Loading…,80661,35630,116291,67391,0,13270,23684,11946,3
2025-08-04,9,Gaeta Spur FC,72843,42946,115789,66346,0,6497,32374,10572,5
2025-08-04,10,Rashid Shaheed Truthers,78586,32975,111561,74386,0,4200,22403,10572,4
2025-08-04,11,All You Need Is LOVE,72869,54283,127152,52694,0,20175,42337,11946,5
2025-08-04,12,Omar Comin,91689,25123,116812,66095,0,25594,14551,10572,1
2025-08-05,1,208 Ferrari Way,68201,33428,101629,54870,0,13331,23864,9564,5
2025-08-05,2,The Federal Reserve,102730,41091,143821,96658,0,6072,31527,9564,3
2025-08-05,3,Golden Hour,81654,30593,112247,63296,0,18358,21029,9564,3
2025-08-05,4,Lisan al-Caleb,74936,34627,109563,65388,0,9548,22644,11983,3
2025-08-05,5,Mommy Rainier,68332,23537,91869,48578,0,19754,11554,11983,5
2025-08-05,6,Mostly Washed,79986,28418,108404,77117,0,2869,17872,10546,2
2025-08-05,7,Cártel de Breece y Puka,90406,26624,117030,70059,0,20347,17060,9564,1
2025-08-05,8,Loading…,80728,35681,116409,67431,0,13297,23698,11983,3
2025-08-05,9,Gaeta Spur FC,72664,42948,115612,66197,0,6467,32402,10546,5
2025-08-05,10,Rashid Shaheed Truthers,78589,32909,111498,74376,0,4213,22363,10546,4
2025-08-05,11,All You Need Is LOVE,72771,54394,127165,52542,0,20229,42411,11983,5
2025-08-05,12,Omar Comin,91714,25090,116804,66223,0,25491,14544,10546,1
2025-08-06,1,208 Ferrari Way,68094,33627,101721,54732,0,13362,24011,9616,5
2025-08-06,2,The Federal Reserve,102820,41183,144003,96793,0,6027,31567,9616,3
2025-08-06,3,Golden Hour,80963,31868,112831,62678,0,18285,22252,9616,3
2025-08-06,4,Lisan al-Caleb,76236,34556,110792,66644,0,9592,22631,11925,3
2025-08-06,5,Mommy Rainier,68349,23507,91856,48659,0,19690,11582,11925,5
2025-08-06,6,Mostly Washed,79946,28470,108416,77073,0,2873,17907,10563,2
2025-08-06,7,Cártel de Breece y Puka,90230,26770,117000,69978,0,20252,17154,9616,1
2025-08-06,8,Loading…,80645,35613,116258,67321,0,13324,23688,11925,3
2025-08-06,9,Gaeta Spur FC,72587,43157,115744,66176,0,6411,32594,10563,5
2025-08-06,10,Rashid Shaheed Truthers,79133,31888,111021,74912,0,4221,21325,10563,4
2025-08-06,11,All You Need Is LOVE,72817,54427,127244,52533,0,20284,42502,11925,5
2025-08-06,12,Omar Comin,91884,25178,117062,66311,0,25573,14615,10563,1
2025-08-07,1,208 Ferrari Way,69701,35657,105358,56304,0,13397,26001,9656,5
2025-08-07,2,The Federal Reserve,102967,41351,144318,96876,0,6091,31695,9656,3
2025-08-07,3,Golden Hour,80855,31923,112778,62701,0,18154,22267,9656,3
2025-08-07,4,Lisan al-Caleb,76169,34732,110901,66526,0,9643,22740,11992,3
2025-08-07,5,Mommy Rainier,68076,18696,86772,48314,0,19762,6704,11992,6
2025-08-07,6,Mostly Washed,78082,26575,104657,75203,0,2879,15960,10615,2
2025-08-07,7,Cártel de Breece y Puka,90098,26778,116876,69898,0,20200,17122,9656,1
2025-08-07,8,Loading…,80561,35743,116304,67282,0,13279,23751,11992,3
2025-08-07,9,Gaeta Spur FC,73223,48078,121301,66782,0,6441,37463,10615,3
2025-08-07,10,Rashid Shaheed Truthers,79380,31966,111346,75228,0,4152,21351,10615,4
2025-08-07,11,All You Need Is LOVE,72823,54603,127426,52532,0,20291,42611,11992,5
2025-08-07,12,Omar Comin,91772,25298,117070,66294,0,25478,14683,10615,1
2025-08-08,1,208 Ferrari Way,69883,35536,105419,56378,0,13505,25930,9606,5
2025-08-08,2,The Federal Reserve,102944,41246,144190,96932,0,6012,31640,9606,3
2025-08-08,3,Golden Hour,81234,31834,113068,62987,0,18247,22228,9606,4
2025-08-08,4,Lisan al-Caleb,76173,34815,110988,66499,0,9674,22807,12008,3
2025-08-08,5,Mommy Rainier,67950,18739,86689,48150,0,19800,6731,12008,6
2025-08-08,6,Mostly Washed,79118,26420,105538,76274,0,2844,15896,10524,3
2025-08-08,7,Cártel de Breece y Puka,90024,26745,116769,69862,0,20162,17139,9606,1
2025-08-08,8,Loading…,80418,35826,116244,67100,0,13318,23818,12008,3
2025-08-08,9,Gaeta Spur FC,74143,47936,122079,67687,0,6456,37412,10524,2
2025-08-08,10,Rashid Shaheed Truthers,79324,31712,111036,75162,0,4162,21188,10524,4
2025-08-08,11,All You Need Is LOVE,72834,54757,127591,52472,0,20362,42749,12008,5
2025-08-08,12,Omar Comin,91783,25086,116869,66333,0,25450,14562,10524,1
2025-08-09,1,208 Ferrari Way,74011,27801,101812,56319,0,17692,18173,9628,5
2025-08-09,2,The Federal Reserve,102942,41236,144178,96963,0,5979,31608,9628,3
2025-08-09,3,Golden Hour,81345,31827,113172,63077,0,18268,22199,9628,4
2025-08-09,4,Lisan al-Caleb,78059,32491,110550,66463,0,11596,20453,12038,3
2025-08-09,5,Mommy Rainier,65881,21213,87094,48066,0,17815,9175,12038,6
2025-08-09,6,Mostly Washed,79228,26390,105618,76374,0,2854,15879,10511,3
2025-08-09,7,Cártel de Breece y Puka,85916,34382,120298,69878,0,16038,24754,9628,1
2025-08-09,8,Loading…,80463,35914,116377,67165,0,13298,23876,12038,3
2025-08-09,9,Gaeta Spur FC,74110,47835,121945,67638,0,6472,37324,10511,2
2025-08-09,10,Rashid Shaheed Truthers,79422,31704,111126,75223,0,4199,21193,10511,4
2025-08-09,11,All You Need Is LOVE,72772,54856,127628,52341,0,20431,42818,12038,5
2025-08-09,12,Omar Comin,91866,25027,116893,66428,0,25438,14516,10511,1
2025-08-10,1,208 Ferrari Way,74013,27878,101891,56220,0,17793,18206,9672,5
2025-08-10,2,The Federal Reserve,102881,41301,144182,96907,0,5974,31629,9672,3
2025-08-10,3,Golden Hour,81411,31963,113374,63093,0,18318,22291,9672,4
2025-08-10,4,Lisan al-Caleb,77943,32395,110338,66360,0,11583,20391,12004,3
2025-08-10,5,Mommy Rainier,66035,21201,87236,48185,0,17850,9197,12004,6
2025-08-10,6,Mostly Washed,79414,26279,105693,76502,0,2912,15832,10447,3
2025-08-10,7,Cártel de Breece y Puka,87253,34500,121753,71223,0,16030,24828,9672,1
2025-08-10,8,Loading…,80431,35849,116280,67259,0,13172,23845,12004,3
2025-08-10,9,Gaeta Spur FC,74128,47729,121857,67626,0,6502,37282,10447,2
2025-08-10,10,Rashid Shaheed Truthers,79319,31563,110882,75160,0,4159,21116,10447,4
2025-08-10,11,All You Need Is LOVE,72752,54839,127591,52353,0,20399,42835,12004,5
2025-08-10,12,Omar Comin,91757,24899,116656,66385,0,25372,14452,10447,1
2025-08-11,1,208 Ferrari Way,74026,27924,101950,56225,0,17801,18208,9716,5
2025-08-11,2,The Federal Reserve,102953,41322,144275,96994,0,5959,31606,9716,3
2025-08-11,3,Golden Hour,81406,32024,113430,63110,0,18296,22308,9716,4
2025-08-11,4,Lisan al-Caleb,77776,32315,110091,66192,0,11584,20343,11972,3
2025-08-11,5,Mommy Rainier,66173,21161,87334,48287,0,17886,9189,11972,6
2025-08-11,6,Mostly Washed,79458,26126,105584,76515,0,2943,15744,10382,3
2025-08-11,7,Cártel de Breece y Puka,87340,34531,121871,71265,0,16075,24815,9716,1
2025-08-11,8,Loading…,80367,35781,116148,67229,0,13138,23809,11972,3
2025-08-11,9,Gaeta Spur FC,73923,47497,121420,67425,0,6498,37115,10382,2
2025-08-11,10,Rashid Shaheed Truthers,79297,31372,110669,75138,0,4159,20990,10382,4
2025-08-11,11,All You Need Is LOVE,72858,54818,127676,52434,0,20424,42846,11972,5
2025-08-11,12,Omar Comin,91744,24801,116545,66391,0,25353,14419,10382,1
2025-08-12,1,208 Ferrari Way,74041,28074,102115,56178,0,17863,18296,9778,5
2025-08-12,2,The Federal Reserve,102666,41563,144229,96780,0,5886,31785,9778,3
2025-08-12,3,Golden Hour,81448,32132,113580,63154,0,18294,22354,9778,4
2025-08-12,4,Lisan al-Caleb,77658,32311,109969,66042,0,11616,20340,11971,3
2025-08-12,5,Mommy Rainier,66313,21108,87421,48349,0,17964,9137,11971,6
2025-08-12,6,Mostly Washed,79539,26196,105735,76577,0,2962,15776,10420,3
2025-08-12,7,Cártel de Breece y Puka,87235,34572,121807,71195,0,16040,24794,9778,1
2025-08-12,8,Loading…,80233,35776,116009,67087,0,13146,23805,11971,3
2025-08-12,9,Gaeta Spur FC,73873,47536,121409,67367,0,6506,37116,10420,2
2025-08-12,10,Rashid Shaheed Truthers,79391,31407,110798,75213,0,4178,20987,10420,4
2025-08-12,11,All You Need Is LOVE,72706,54791,127497,52273,0,20433,42820,11971,5
2025-08-12,12,Omar Comin,92256,24818,117074,66699,0,25557,14398,10420,1
2025-08-13,1,208 Ferrari Way,74141,28068,102209,56267,0,17874,18306,9762,5
2025-08-13,2,The Federal Reserve,102602,41552,144154,96785,0,5817,31790,9762,3
2025-08-13,3,Golden Hour,81457,32059,113516,63157,0,18300,22297,9762,4
2025-08-13,4,Lisan al-Caleb,77451,32311,109762,65833,0,11618,20322,11989,3
2025-08-13,5,Mommy Rainier,66393,21113,87506,48324,0,18069,9124,11989,6
2025-08-13,6,Mostly Washed,79409,26161,105570,76472,0,2937,15747,10414,3
2025-08-13,7,Cártel de Breece y Puka,87119,34497,121616,71070,0,16049,24735,9762,1
2025-08-13,8,Loading…,80312,35745,116057,67165,0,13147,23756,11989,3
2025-08-13,9,Gaeta Spur FC,73865,47461,121326,67296,0,6569,37047,10414,2
2025-08-13,10,Rashid Shaheed Truthers,79479,31405,110884,75258,0,4221,20991,10414,4
2025-08-13,11,All You Need Is LOVE,72684,54614,127298,52173,0,20511,42625,11989,5
2025-08-13,12,Omar Comin,92335,24746,117081,66741,0,25594,14332,10414,1
2025-08-14,1,208 Ferrari Way,74141,28068,102209,0,56267,17874,18306,9762,5
2025-08-14,2,The Federal Reserve,102602,41552,144154,0,96785,5817,31790,9762,3
2025-08-14,3,Golden Hour,81457,32059,113516,0,63157,18300,22297,9762,4
2025-08-14,4,Lisan al-Caleb,77451,32311,109762,0,65833,11618,20322,11989,3
2025-08-14,5,Mommy Rainier,66393,21113,87506,0,48324,18069,9124,11989,6
2025-08-14,6,Mostly Washed,79409,26161,105570,0,76472,2937,15747,10414,3
2025-08-14,7,Cártel de Breece y Puka,87119,34497,121616,0,71070,16049,24735,9762,1
2025-08-14,8,Loading…,80312,35745,116057,0,67165,13147,23756,11989,3
2025-08-14,9,Gaeta Spur FC,73865,47461,121326,0,67296,6569,37047,10414,2
2025-08-14,10,Rashid Shaheed Truthers,79479,31405,110884,0,75258,4221,20991,10414,4
2025-08-14,11,All You Need Is LOVE,72684,54614,127298,0,52173,20511,42625,11989,5
2025-08-14,12,Omar Comin,92335,24746,117081,0,66741,25594,14332,10414,1
2025-08-15,1,208 Ferrari Way,74141,28068,102209,0,56267,17874,18306,9762,5
2025-08-15,2,The Federal Reserve,102602,41552,144154,0,96785,5817,31790,9762,3
2025-08-15,3,Golden Hour,81457,32059,113516,0,63157,18300,22297,9762,4
2025-08-15,4,Lisan al-Caleb,77451,32311,109762,0,65833,11618,20322,11989,3
2025-08-15,5,Mommy Rainier,66393,21113,87506,0,48324,18069,9124,11989,6
2025-08-15,6,Mostly Washed,79409,26161,105570,0,76472,2937,15747,10414,3
2025-08-15,7,Cártel de Breece y Puka,87119,34497,121616,0,71070,16049,24735,9762,1
2025-08-15,8,Loading…,80312,35745,116057,0,67165,13147,23756,11989,3
2025-08-15,9,Gaeta Spur FC,73865,47461,121326,0,67296,6569,37047,10414,2
2025-08-15,10,Rashid Shaheed Truthers,79479,31405,110884,0,75258,4221,20991,10414,4
2025-08-15,11,All You Need Is LOVE,72684,54614,127298,0,52173,20511,42625,11989,5
2025-08-15,12,Omar Comin,92335,24746,117081,0,66741,25594,14332,10414,1
2025-08-16,1,208 Ferrari Way,74851,28255,103106,56236,0,18615,28255,0,5
2025-08-16,2,The Federal Reserve,102571,41656,144227,96735,0,5836,41656,0,3
2025-08-16,3,Golden Hour,81857,32279,114136,63370,0,18487,32279,0,4
2025-08-16,4,Lisan al-Caleb,77391,32230,109621,65818,0,11573,32230,0,1
2025-08-16,5,Mommy Rainier,66448,20969,87417,48352,0,18096,20969,0,6
2025-08-16,6,Mostly Washed,79566,26414,105980,76648,0,2918,26414,0,3
2025-08-16,7,Cártel de Breece y Puka,86935,34695,121630,70938,0,15997,34695,0,1
2025-08-16,8,Loading…,80223,35645,115868,67194,0,13029,35645,0,3
2025-08-16,9,Gaeta Spur FC,73737,47854,121591,67207,0,6530,47854,0,2
2025-08-16,10,Rashid Shaheed Truthers,79303,31656,110959,75034,0,4269,31656,0,4
2025-08-16,11,All You Need Is LOVE,72526,54514,127040,52037,0,20489,54514,0,5
2025-08-16,12,Omar Comin,92262,25037,117299,66693,0,25569,25037,0,1
2025-08-17,1,208 Ferrari Way,75041,28234,103275,56231,0,18810,28234,0,5
2025-08-17,2,The Federal Reserve,102490,41632,144122,96661,0,5829,41632,0,3
2025-08-17,3,Golden Hour,82409,32237,114646,63919,0,18490,32237,0,4
2025-08-17,4,Lisan al-Caleb,77314,32169,109483,65779,0,11535,32169,0,2
2025-08-17,5,Mommy Rainier,66526,20889,87415,48409,0,18117,20889,0,6
2025-08-17,6,Mostly Washed,79613,26314,105927,76692,0,2921,26314,0,3
2025-08-17,7,Cártel de Breece y Puka,86840,34650,121490,70864,0,15976,34650,0,1
2025-08-17,8,Loading…,80242,35566,115808,67211,0,13031,35566,0,3
2025-08-17,9,Gaeta Spur FC,73753,47768,121521,67214,0,6539,47768,0,3
2025-08-17,10,Rashid Shaheed Truthers,79336,31582,110918,75060,0,4276,31582,0,4
2025-08-17,11,All You Need Is LOVE,72495,54449,126944,52010,0,20485,54449,0,5
2025-08-17,12,Omar Comin,92231,24970,117201,66695,0,25536,24970,0,1
2025-08-18,1,208 Ferrari Way,74896,28198,103094,56205,0,18691,28198,0,4
2025-08-18,2,The Federal Reserve,102597,41584,144181,96753,0,5844,41584,0,3
2025-08-18,3,Golden Hour,82620,32195,114815,64122,0,18498,32195,0,4
2025-08-18,4,Lisan al-Caleb,78178,32090,110268,66621,0,11557,32090,0,1
2025-08-18,5,Mommy Rainier,66628,20854,87482,48495,0,18133,20854,0,6
2025-08-18,6,Mostly Washed,79584,26312,105896,76666,0,2918,26312,0,3
2025-08-18,7,Cártel de Breece y Puka,86839,34590,121429,70870,0,15969,34590,0,1
2025-08-18,8,Loading…,80128,35506,115634,67099,0,13029,35506,0,3
2025-08-18,9,Gaeta Spur FC,75141,47770,122911,68580,0,6561,47770,0,2
2025-08-18,10,Rashid Shaheed Truthers,79372,31563,110935,75094,0,4278,31563,0,4
2025-08-18,11,All You Need Is LOVE,72399,54394,126793,51959,0,20440,54394,0,5
2025-08-18,12,Omar Comin,92265,24956,117221,66764,0,25501,24956,0,1
2025-08-19,1,208 Ferrari Way,74913,28165,103078,56204,0,18709,28165,0,4
2025-08-19,2,The Federal Reserve,102563,41602,144165,96727,0,5836,41602,0,3
2025-08-19,3,Golden Hour,82675,32185,114860,64176,0,18499,32185,0,4
2025-08-19,4,Lisan al-Caleb,78101,32101,110202,66565,0,11536,32101,0,1
2025-08-19,5,Mommy Rainier,66569,20892,87461,48451,0,18118,20892,0,7
2025-08-19,6,Mostly Washed,79538,26211,105749,76614,0,2924,26211,0,3
2025-08-19,7,Cártel de Breece y Puka,86929,34559,121488,70926,0,16003,34559,0,1
2025-08-19,8,Loading…,81705,35558,117263,68657,0,13048,35558,0,2
2025-08-19,9,Gaeta Spur FC,75169,47647,122816,68632,0,6537,47647,0,2
2025-08-19,10,Rashid Shaheed Truthers,79262,31408,110670,74990,0,4272,31408,0,4
2025-08-19,11,All You Need Is LOVE,72413,54532,126945,51955,0,20458,54532,0,5
2025-08-19,12,Omar Comin,91587,24820,116407,66026,0,25561,24820,0,1
2025-08-20,1,208 Ferrari Way,74820,28184,103004,56110,0,18710,28184,0,4
2025-08-20,2,The Federal Reserve,102564,41595,144159,96765,0,5799,41595,0,3
2025-08-20,3,Golden Hour,81166,32181,113347,62675,0,18491,32181,0,4
2025-08-20,4,Lisan al-Caleb,78230,31999,110229,66640,0,11590,31999,0,1
2025-08-20,5,Mommy Rainier,66555,20788,87343,48411,0,18144,20788,0,7
2025-08-20,6,Mostly Washed,79487,26236,105723,76517,0,2970,26236,0,3
2025-08-20,7,Cártel de Breece y Puka,87080,34555,121635,71027,0,16053,34555,0,1
2025-08-20,8,Loading…,81439,35459,116898,68404,0,13035,35459,0,2
2025-08-20,9,Gaeta Spur FC,75127,47670,122797,68574,0,6553,47670,0,2
2025-08-20,10,Rashid Shaheed Truthers,79139,31462,110601,74862,0,4277,31462,0,4
2025-08-20,11,All You Need Is LOVE,72719,54389,127108,52235,0,20484,54389,0,5
2025-08-20,12,Omar Comin,91670,24830,116500,66105,0,25565,24830,0,1
2025-08-21,1,208 Ferrari Way,74657,28222,102879,55975,0,18682,28222,0,4
2025-08-21,2,The Federal Reserve,102534,41645,144179,96745,0,5789,41645,0,3
2025-08-21,3,Golden Hour,81280,32223,113503,62813,0,18467,32223,0,4
2025-08-21,4,Lisan al-Caleb,78118,31962,110080,66523,0,11595,31962,0,1
2025-08-21,5,Mommy Rainier,66585,20716,87301,48451,0,18134,20716,0,7
2025-08-21,6,Mostly Washed,79535,26286,105821,76579,0,2956,26286,0,3
2025-08-21,7,Cártel de Breece y Puka,87111,34597,121708,70979,0,16132,34597,0,1
2025-08-21,8,Loading…,81252,35411,116663,68230,0,13022,35411,0,2
2025-08-21,9,Gaeta Spur FC,75144,47781,122925,68628,0,6516,47781,0,2
2025-08-21,10,Rashid Shaheed Truthers,79120,31548,110668,74795,0,4325,31548,0,4
2025-08-21,11,All You Need Is LOVE,72788,54347,127135,52309,0,20479,54347,0,5
2025-08-21,12,Omar Comin,91932,24906,116838,66428,0,25504,24906,0,1
2025-08-22,1,208 Ferrari Way,74565,28240,102805,55916,0,18649,28240,0,4
2025-08-22,2,The Federal Reserve,102528,41690,144218,96769,0,5759,41690,0,3
2025-08-22,3,Golden Hour,81275,32212,113487,62828,0,18447,32212,0,4
2025-08-22,4,Lisan al-Caleb,77952,31935,109887,66400,0,11552,31935,0,1
2025-08-22,5,Mommy Rainier,67915,20648,88563,49731,0,18184,20648,0,6
2025-08-22,6,Mostly Washed,79620,26217,105837,76646,0,2974,26217,0,3
2025-08-22,7,Cártel de Breece y Puka,88385,29707,118092,72225,0,16160,29707,0,1
2025-08-22,8,Loading…,79905,40281,120186,66882,0,13023,40281,0,2
2025-08-22,9,Gaeta Spur FC,75143,47757,122900,68596,0,6547,47757,0,2
2025-08-22,10,Rashid Shaheed Truthers,79144,31544,110688,74795,0,4349,31544,0,4
2025-08-22,11,All You Need Is LOVE,73008,54296,127304,52447,0,20561,54296,0,5
2025-08-22,12,Omar Comin,92237,24857,117094,66742,0,25495,24857,0,1
2025-08-23,1,208 Ferrari Way,74269,28274,102543,55700,0,18569,28274,0,4
2025-08-23,2,The Federal Reserve,102470,41768,144238,96732,0,5738,41768,0,3
2025-08-23,3,Golden Hour,81174,32298,113472,62703,0,18471,32298,0,4
2025-08-23,4,Lisan al-Caleb,77939,31917,109856,66380,0,11559,31917,0,1
2025-08-23,5,Mommy Rainier,67852,20599,88451,49676,0,18176,20599,0,6
2025-08-23,6,Mostly Washed,79606,26258,105864,76628,0,2978,26258,0,3
2025-08-23,7,Cártel de Breece y Puka,88485,29777,118262,72329,0,16156,29777,0,1
2025-08-23,8,Loading…,79935,40274,120209,66898,0,13037,40274,0,2
2025-08-23,9,Gaeta Spur FC,75192,47790,122982,68636,0,6556,47790,0,2
2025-08-23,10,Rashid Shaheed Truthers,79127,31529,110656,74787,0,4340,31529,0,4
2025-08-23,11,All You Need Is LOVE,72943,54299,127242,52382,0,20561,54299,0,5
2025-08-23,12,Omar Comin,92782,24853,117635,67229,0,25553,24853,0,1
2025-08-24,1,208 Ferrari Way,74044,28208,102252,55475,0,18569,28208,0,4
2025-08-24,2,The Federal Reserve,102539,41701,144240,96801,0,5738,41701,0,3
2025-08-24,3,Golden Hour,81120,32276,113396,62615,0,18505,32276,0,4
2025-08-24,4,Lisan al-Caleb,77628,31976,109604,60039,0,17589,31976,0,1
2025-08-24,5,Mommy Rainier,68104,20601,88705,55946,0,12158,20601,0,6
2025-08-24,6,Mostly Washed,79637,26309,105946,76665,0,2972,26309,0,3
2025-08-24,7,Cártel de Breece y Puka,88438,29724,118162,72244,0,16194,29724,0,1
2025-08-24,8,Loading…,79874,40336,120210,66859,0,13015,40336,0,2
2025-08-24,9,Gaeta Spur FC,75255,47876,123131,68711,0,6544,47876,0,2
2025-08-24,10,Rashid Shaheed Truthers,79075,31577,110652,74723,0,4352,31577,0,4
2025-08-24,11,All You Need Is LOVE,72873,54360,127233,52349,0,20524,54360,0,5
2025-08-24,12,Omar Comin,94924,24912,119836,69327,0,25597,24912,0,1
2025-08-25,1,208 Ferrari Way,74047,28241,102288,55488,0,18559,28241,0,4
2025-08-25,2,The Federal Reserve,102489,41771,144260,96747,0,5742,41771,0,3
2025-08-25,3,Golden Hour,81193,32299,113492,62677,0,18516,32299,0,4
2025-08-25,4,Lisan al-Caleb,77608,31956,109564,60074,0,17534,31956,0,1
2025-08-25,5,Mommy Rainier,68069,20630,88699,55910,0,12159,20630,0,6
2025-08-25,6,Mostly Washed,79637,26311,105948,76668,0,2969,26311,0,3
2025-08-25,7,Cártel de Breece y Puka,88383,29747,118130,72198,0,16185,29747,0,1
2025-08-25,8,Loading…,79801,40317,120118,66825,0,12976,40317,0,2
2025-08-25,9,Gaeta Spur FC,75236,47902,123138,68693,0,6543,47902,0,2
2025-08-25,10,Rashid Shaheed Truthers,78994,31586,110580,74638,0,4356,31586,0,4
2025-08-25,11,All You Need Is LOVE,72744,54405,127149,52253,0,20491,54405,0,5
2025-08-25,12,Omar Comin,95137,24911,120048,69525,0,25612,24911,0,1
2025-08-26,1,208 Ferrari Way,73812,28248,102060,55351,0,18461,28248,0,4
2025-08-26,2,The Federal Reserve,102492,41767,144259,96753,0,5739,41767,0,3
2025-08-26,3,Golden Hour,81173,32293,113466,62713,0,18460,32293,0,3
2025-08-26,4,Lisan al-Caleb,77668,31944,109612,60112,0,17556,31944,0,1
2025-08-26,5,Mommy Rainier,68134,20600,88734,55950,0,12184,20600,0,5
2025-08-26,6,Mostly Washed,79873,26328,106201,76886,0,2987,26328,0,2
2025-08-26,7,Cártel de Breece y Puka,88377,29709,118086,72198,0,16179,29709,0,1
2025-08-26,8,Loading…,79751,40330,120081,66750,0,13001,40330,0,2
2025-08-26,9,Gaeta Spur FC,75251,47982,123233,68719,0,6532,47982,0,2
2025-08-26,10,Rashid Shaheed Truthers,79083,31580,110663,74697,0,4386,31580,0,4
2025-08-26,11,All You Need Is LOVE,72642,54431,127073,52155,0,20487,54431,0,5
2025-08-26,12,Omar Comin,95176,24892,120068,69531,0,25645,24892,0,1
2025-08-27,1,208 Ferrari Way,73794,28173,101967,55340,0,18454,28173,0,4
2025-08-27,2,The Federal Reserve,102478,41767,144245,96751,0,5727,41767,0,3
2025-08-27,3,Golden Hour,81183,32270,113453,62705,0,18478,32270,0,3
2025-08-27,4,Lisan al-Caleb,77673,31934,109607,60057,0,17616,31934,0,1
2025-08-27,5,Mommy Rainier,68084,20662,88746,55917,0,12167,20662,0,5
2025-08-27,6,Mostly Washed,80009,26395,106404,77029,0,2980,26395,0,2
2025-08-27,7,Cártel de Breece y Puka,88348,29718,118066,72169,0,16179,29718,0,1
2025-08-27,8,Loading…,79691,40311,120002,66672,0,13019,40311,0,2
2025-08-27,9,Gaeta Spur FC,75232,47950,123182,68698,0,6534,47950,0,3
2025-08-27,10,Rashid Shaheed Truthers,79032,31616,110648,74607,0,4425,31616,0,4
2025-08-27,11,All You Need Is LOVE,72567,54454,127021,52097,0,20470,54454,0,5
2025-08-27,12,Omar Comin,95291,24922,120213,69662,0,25629,24922,0,1
2025-08-28,1,208 Ferrari Way,73730,28215,101945,55407,0,18323,28215,0,4
2025-08-28,2,The Federal Reserve,102439,41810,144249,96723,0,5716,41810,0,3
2025-08-28,3,Golden Hour,81171,32318,113489,62613,0,18558,32318,0,3
2025-08-28,4,Lisan al-Caleb,77675,31907,109582,60124,0,17551,31907,0,1
2025-08-28,5,Mommy Rainier,68075,20647,88722,55876,0,12199,20647,0,5
2025-08-28,6,Mostly Washed,79921,26424,106345,76953,0,2968,26424,0,2
2025-08-28,7,Cártel de Breece y Puka,88245,29772,118017,72091,0,16154,29772,0,1
2025-08-28,8,Loading…,79825,40310,120135,66818,0,13007,40310,0,2
2025-08-28,9,Gaeta Spur FC,75289,48039,123328,68747,0,6542,48039,0,3
2025-08-28,10,Rashid Shaheed Truthers,79042,31663,110705,74581,0,4461,31663,0,4
2025-08-28,11,All You Need Is LOVE,72569,54460,127029,52081,0,20488,54460,0,5
2025-08-28,12,Omar Comin,95424,24967,120391,69794,0,25630,24967,0,1
2025-08-29,1,208 Ferrari Way,73620,28281,101901,55337,0,18283,28281,0,4
2025-08-29,2,The Federal Reserve,102530,41827,144357,96787,0,5743,41827,0,3
2025-08-29,3,Golden Hour,81118,32345,113463,62569,0,18549,32345,0,3
2025-08-29,4,Lisan al-Caleb,77770,31898,109668,60218,0,17552,31898,0,1
2025-08-29,5,Mommy Rainier,68023,20596,88619,55824,0,12199,20596,0,5
2025-08-29,6,Mostly Washed,79954,26502,106456,76985,0,2969,26502,0,2
2025-08-29,7,Cártel de Breece y Puka,88159,29785,117944,72044,0,16115,29785,0,1
2025-08-29,8,Loading…,79984,40343,120327,66955,0,13029,40343,0,2
2025-08-29,9,Gaeta Spur FC,75340,48213,123553,68797,0,6543,48213,0,3
2025-08-29,10,Rashid Shaheed Truthers,78896,31800,110696,74428,0,4468,31800,0,4
2025-08-29,11,All You Need Is LOVE,72509,54458,126967,51970,0,20539,54458,0,5
2025-08-29,12,Omar Comin,95352,25044,120396,69725,0,25627,25044,0,1
2025-08-30,1,208 Ferrari Way,73532,28239,101771,55297,0,18235,28239,0,4
2025-08-30,2,The Federal Reserve,102459,41824,144283,96724,0,5735,41824,0,3
2025-08-30,3,Golden Hour,80995,32372,113367,62447,0,18548,32372,0,3
2025-08-30,4,Lisan al-Caleb,77624,31921,109545,60134,0,17490,31921,0,1
2025-08-30,5,Mommy Rainier,68117,20600,88717,55894,0,12223,20600,0,5
2025-08-30,6,Mostly Washed,80094,26525,106619,77126,0,2968,26525,0,2
2025-08-30,7,Cártel de Breece y Puka,88098,29799,117897,71965,0,16133,29799,0,1
2025-08-30,8,Loading…,80077,40365,120442,67118,0,12959,40365,0,2
2025-08-30,9,Gaeta Spur FC,75421,48247,123668,68874,0,6547,48247,0,3
2025-08-30,10,Rashid Shaheed Truthers,78948,31763,110711,74456,0,4492,31763,0,4
2025-08-30,11,All You Need Is LOVE,72512,54520,127032,51933,0,20579,54520,0,5
2025-08-30,12,Omar Comin,95299,25069,120368,69659,0,25640,25069,0,1
2025-08-31,1,208 Ferrari Way,73473,28191,101664,55224,0,18249,28191,0,4
2025-08-31,2,The Federal Reserve,102390,41793,144183,96626,0,5764,41793,0,3
2025-08-31,3,Golden Hour,80976,32345,113321,62440,0,18536,32345,0,3
2025-08-31,4,Lisan al-Caleb,77732,31914,109646,60195,0,17537,31914,0,1
2025-08-31,5,Mommy Rainier,68108,20569,88677,55882,0,12226,20569,0,5
2025-08-31,6,Mostly Washed,80088,26554,106642,77126,0,2962,26554,0,2
2025-08-31,7,Cártel de Breece y Puka,88104,29775,117879,72001,0,16103,29775,0,1
2025-08-31,8,Loading…,79956,40374,120330,67010,0,12946,40374,0,2
2025-08-31,9,Gaeta Spur FC,75483,48283,123766,68947,0,6536,48283,0,3
2025-08-31,10,Rashid Shaheed Truthers,79017,31759,110776,74512,0,4505,31759,0,4
2025-08-31,11,All You Need Is LOVE,72494,54557,127051,51941,0,20553,54557,0,5
2025-08-31,12,Omar Comin,95461,25082,120543,69775,0,25686,25082,0,1
2025-09-01,1,208 Ferrari Way,73481,28249,101730,55215,0,18266,28249,0,4
2025-09-01,2,The Federal Reserve,102377,41867,144244,96607,0,5770,41867,0,3
2025-09-01,3,Golden Hour,80934,32363,113297,62374,0,18560,32363,0,3
2025-09-01,4,Lisan al-Caleb,77631,31919,109550,60175,0,17456,31919,0,1
2025-09-01,5,Mommy Rainier,68104,20571,88675,55877,0,12227,20571,0,5
2025-09-01,6,Mostly Washed,79973,26594,106567,77012,0,2961,26594,0,2
2025-09-01,7,Cártel de Breece y Puka,88203,29813,118016,72090,0,16113,29813,0,1
2025-09-01,8,Loading…,79917,40391,120308,67019,0,12898,40391,0,2
2025-09-01,9,Gaeta Spur FC,75541,48343,123884,69034,0,6507,48343,0,3
2025-09-01,10,Rashid Shaheed Truthers,79044,31852,110896,74522,0,4522,31852,0,4
2025-09-01,11,All You Need Is LOVE,72537,54616,127153,51960,0,20577,54616,0,5
2025-09-01,12,Omar Comin,95452,25126,120578,69709,0,25743,25126,0,1
2025-09-02,1,208 Ferrari Way,73448,28328,101776,55236,0,18212,28328,0,4
2025-09-02,2,The Federal Reserve,102440,41873,144313,96643,0,5797,41873,0,3
2025-09-02,3,Golden Hour,81053,32376,113429,62433,0,18620,32376,0,3
2025-09-02,4,Lisan al-Caleb,77695,31913,109608,60325,0,17370,31913,0,1
2025-09-02,5,Mommy Rainier,68216,20541,88757,56043,0,12173,20541,0,5
2025-09-02,6,Mostly Washed,79909,26684,106593,76930,0,2979,26684,0,2
2025-09-02,7,Cártel de Breece y Puka,88267,29831,118098,72159,0,16108,29831,0,1
2025-09-02,8,Loading…,79714,40389,120103,66794,0,12920,40389,0,2
2025-09-02,9,Gaeta Spur FC,75553,48518,124071,69064,0,6489,48518,0,3
2025-09-02,10,Rashid Shaheed Truthers,78920,31931,110851,74388,0,4532,31931,0,4
2025-09-02,11,All You Need Is LOVE,72490,54651,127141,51892,0,20598,54651,0,5
2025-09-02,12,Omar Comin,95440,25257,120697,69716,0,25724,25257,0,1
2025-09-03,1,208 Ferrari Way,71670,28179,99849,53500,0,18170,28179,0,3
2025-09-03,2,The Federal Reserve,102661,41745,144406,96884,0,5777,41745,0,3
2025-09-03,3,Golden Hour,81159,32274,113433,62489,0,18670,32274,0,4
2025-09-03,4,Lisan al-Caleb,77623,31853,109476,60309,0,17314,31853,0,1
2025-09-03,5,Mommy Rainier,68308,20540,88848,56208,0,12100,20540,0,5
2025-09-03,6,Mostly Washed,79889,26643,106532,76907,0,2982,26643,0,2
2025-09-03,7,Cártel de Breece y Puka,88029,29823,117852,72010,0,16019,29823,0,1
2025-09-03,8,Loading…,81085,40337,121422,68160,0,12925,40337,0,2
2025-09-03,9,Gaeta Spur FC,75617,48416,124033,69129,0,6488,48416,0,3
2025-09-03,10,Rashid Shaheed Truthers,79052,31973,111025,74415,0,4637,31973,0,4
2025-09-03,11,All You Need Is LOVE,72387,54637,127024,51817,0,20570,54637,0,5
2025-09-03,12,Omar Comin,95450,25236,120686,69624,0,25826,25236,0,2
2025-09-04,1,208 Ferrari Way,71459,28153,99612,53312,0,18147,28153,0,6
2025-09-04,2,The Federal Reserve,102446,41804,144250,96656,0,5790,41804,0,3
2025-09-04,3,Golden Hour,81053,32268,113321,62381,0,18672,32268,0,4
2025-09-04,4,Lisan al-Caleb,77365,31895,109260,60053,0,17312,31895,0,1
2025-09-04,5,Mommy Rainier,68268,20594,88862,56172,0,12096,20594,0,5
2025-09-04,6,Mostly Washed,79960,26654,106614,77005,0,2955,26654,0,2
2025-09-04,7,Cártel de Breece y Puka,89780,29831,119611,73879,0,15901,29831,0,0
2025-09-04,8,Loading…,80945,40376,121321,68030,0,12915,40376,0,2
2025-09-04,9,Gaeta Spur FC,75682,48417,124099,69164,0,6518,48417,0,3
2025-09-04,10,Rashid Shaheed Truthers,79090,32051,111141,74396,0,4694,32051,0,4
2025-09-04,11,All You Need Is LOVE,72517,54700,127217,51895,0,20622,54700,0,5
2025-09-04,12,Omar Comin,95707,25249,120956,69835,0,25872,25249,0,2
2025-09-05,1,208 Ferrari Way,71456,28118,99574,53256,0,18200,28118,0,6
2025-09-05,2,The Federal Reserve,102523,41794,144317,96758,0,5765,41794,0,4
2025-09-05,3,Golden Hour,81235,32314,113549,62442,0,18793,32314,0,4
2025-09-05,4,Lisan al-Caleb,77472,31965,109437,60187,0,17285,31965,0,1
2025-09-05,5,Mommy Rainier,68248,20590,88838,56172,0,12076,20590,0,6
2025-09-05,6,Mostly Washed,79849,26611,106460,76914,0,2935,26611,0,2
2025-09-05,7,Cártel de Breece y Puka,89785,29849,119634,73972,0,15813,29849,0,0
2025-09-05,8,Loading…,81029,40400,121429,68068,0,12961,40400,0,2
2025-09-05,9,Gaeta Spur FC,75785,48402,124187,69259,0,6526,48402,0,3
2025-09-05,10,Rashid Shaheed Truthers,79110,31955,111065,74355,0,4755,31955,0,4
2025-09-05,11,All You Need Is LOVE,72381,54686,127067,51710,0,20671,54686,0,5
2025-09-05,12,Omar Comin,95672,25208,120880,70016,0,25656,25208,0,2
2025-09-06,1,208 Ferrari Way,71353,28085,99438,53209,0,18144,28085,0,6
2025-09-06,2,The Federal Reserve,102344,41758,144102,96649,0,5695,41758,0,4
2025-09-06,3,Golden Hour,81238,32268,113506,62435,0,18803,32268,0,4
2025-09-06,4,Lisan al-Caleb,77316,31947,109263,60067,0,17249,31947,0,1
2025-09-06,5,Mommy Rainier,68185,20539,88724,56123,0,12062,20539,0,6
2025-09-06,6,Mostly Washed,79853,26678,106531,76912,0,2941,26678,0,2
2025-09-06,7,Cártel de Breece y Puka,89656,29796,119452,73893,0,15763,29796,0,0
2025-09-06,8,Loading…,81009,40381,121390,68026,0,12983,40381,0,2
2025-09-06,9,Gaeta Spur FC,75872,48503,124375,69357,0,6515,48503,0,3
2025-09-06,10,Rashid Shaheed Truthers,79101,31997,111098,74319,0,4782,31997,0,4
2025-09-06,11,All You Need Is LOVE,72445,54711,127156,51718,0,20727,54711,0,5
2025-09-06,12,Omar Comin,95912,25289,121201,70352,0,25560,25289,0,2
2025-09-07,1,208 Ferrari Way,71343,28010,99353,53212,0,18131,28010,0,6
2025-09-07,2,The Federal Reserve,102348,41774,144122,96602,0,5746,41774,0,4
2025-09-07,3,Golden Hour,81174,32221,113395,62377,0,18797,32221,0,4
2025-09-07,4,Lisan al-Caleb,77315,31936,109251,60061,0,17254,31936,0,1
2025-09-07,5,Mommy Rainier,69385,20515,89900,57334,0,12051,20515,0,6
2025-09-07,6,Mostly Washed,80010,26624,106634,77076,0,2934,26624,0,2
2025-09-07,7,Cártel de Breece y Puka,89435,29737,119172,73744,0,15691,29737,0,0
2025-09-07,8,Loading…,81112,40361,121473,68142,0,12970,40361,0,2
2025-09-07,9,Gaeta Spur FC,75987,48424,124411,69504,0,6483,48424,0,3
2025-09-07,10,Rashid Shaheed Truthers,79158,32015,111173,74376,0,4782,32015,0,4
2025-09-07,11,All You Need Is LOVE,72504,54692,127196,51775,0,20729,54692,0,5
2025-09-07,12,Omar Comin,95796,25259,121055,70277,0,25519,25259,0,2
2025-09-08,1,208 Ferrari Way,71666,28099,99765,53384,0,18282,28099,0,6
2025-09-08,2,The Federal Reserve,102333,41825,144158,96604,0,5729,41825,0,4
2025-09-08,3,Golden Hour,81194,32304,113498,62411,0,18783,32304,0,4
2025-09-08,4,Lisan al-Caleb,77163,31954,109117,59895,0,17268,31954,0,1
2025-09-08,5,Mommy Rainier,69392,20449,89841,57348,0,12044,20449,0,6
2025-09-08,6,Mostly Washed,80026,26663,106689,77082,0,2944,26663,0,2
2025-09-08,7,Cártel de Breece y Puka,89382,29761,119143,73730,0,15652,29761,0,0
2025-09-08,8,Loading…,81282,40370,121652,68312,0,12970,40370,0,2
2025-09-08,9,Gaeta Spur FC,75779,48605,124384,69315,0,6464,48605,0,3
2025-09-08,10,Rashid Shaheed Truthers,79147,32063,111210,74381,0,4766,32063,0,4
2025-09-08,11,All You Need Is LOVE,72473,54655,127128,51775,0,20698,54655,0,5
2025-09-08,12,Omar Comin,95716,25316,121032,70201,0,25515,25316,0,2
2025-09-09,1,208 Ferrari Way,71964,28200,100164,53601,0,18363,28200,0,6
2025-09-09,2,The Federal Reserve,102477,41940,144417,96843,0,5634,41940,0,4
2025-09-09,3,Golden Hour,81409,32452,113861,62679,0,18730,32452,0,4
2025-09-09,4,Lisan al-Caleb,76877,31888,108765,59599,0,17278,31888,0,1
2025-09-09,5,Mommy Rainier,69307,20519,89826,57407,0,11900,20519,0,6
2025-09-09,6,Mostly Washed,79976,26721,106697,77071,0,2905,26721,0,2
2025-09-09,7,Cártel de Breece y Puka,89522,29877,119399,73904,0,15618,29877,0,0
2025-09-09,8,Loading…,81244,40343,121587,68417,0,12827,40343,0,2
2025-09-09,9,Gaeta Spur FC,75196,48617,123813,68755,0,6441,48617,0,3
2025-09-09,10,Rashid Shaheed Truthers,79102,32102,111204,74334,0,4768,32102,0,4
2025-09-09,11,All You Need Is LOVE,72399,54676,127075,51538,0,20861,54676,0,5
2025-09-09,12,Omar Comin,95795,25337,121132,70392,0,25403,25337,0,2
2025-09-10,1,208 Ferrari Way,72235,28202,100437,53739,0,18496,28202,0,6
2025-09-10,2,The Federal Reserve,102431,41931,144362,96778,0,5653,41931,0,4
2025-09-10,3,Golden Hour,81578,32567,114145,62906,0,18672,32567,0,4
2025-09-10,4,Lisan al-Caleb,76944,31945,108889,59625,0,17319,31945,0,1
2025-09-10,5,Mommy Rainier,69137,20559,89696,57372,0,11765,20559,0,6
2025-09-10,6,Mostly Washed,80120,26718,106838,77228,0,2892,26718,0,2
2025-09-10,7,Cártel de Breece y Puka,89519,29957,119476,73951,0,15568,29957,0,0
2025-09-10,8,Loading…,81507,40404,121911,68764,0,12743,40404,0,2
2025-09-10,9,Gaeta Spur FC,75891,48662,124553,69466,0,6425,48662,0,3
2025-09-10,10,Rashid Shaheed Truthers,78868,32157,111025,74135,0,4733,32157,0,4
2025-09-10,11,All You Need Is LOVE,73589,54748,128337,52640,0,20949,54748,0,4
2025-09-10,12,Omar Comin,95780,25354,121134,70424,0,25356,25354,0,2
2025-09-11,1,208 Ferrari Way,72367,28174,100541,53932,0,18435,28174,0,6
2025-09-11,2,The Federal Reserve,102377,41919,144296,96743,0,5634,41919,0,4
2025-09-11,3,Golden Hour,81698,32512,114210,63054,0,18644,32512,0,4
2025-09-11,4,Lisan al-Caleb,77001,31917,108918,59681,0,17320,31917,0,1
2025-09-11,5,Mommy Rainier,69335,20521,89856,57604,0,11731,20521,0,6
2025-09-11,6,Mostly Washed,80030,26761,106791,77158,0,2872,26761,0,2
2025-09-11,7,Cártel de Breece y Puka,89398,29925,119323,73839,0,15559,29925,0,0
2025-09-11,8,Loading…,81731,40343,122074,69014,0,12717,40343,0,2
2025-09-11,9,Gaeta Spur FC,75976,48682,124658,69531,0,6445,48682,0,3
2025-09-11,10,Rashid Shaheed Truthers,78851,32216,111067,74165,0,4686,32216,0,4
2025-09-11,11,All You Need Is LOVE,73608,54671,128279,52455,0,21153,54671,0,4
2025-09-11,12,Omar Comin,95655,25391,121046,70355,0,25300,25391,0,2
2025-09-12,1,208 Ferrari Way,72433,28354,100787,54020,0,18413,28354,0,6
2025-09-12,2,The Federal Reserve,102476,42155,144631,96796,0,5680,42155,0,4
2025-09-12,3,Golden Hour,81589,32667,114256,63156,0,18433,32667,0,4
2025-09-12,4,Lisan al-Caleb,76939,31986,108925,59782,0,17157,31986,0,1
2025-09-12,5,Mommy Rainier,69195,20567,89762,57660,0,11535,20567,0,6
2025-09-12,6,Mostly Washed,80100,26815,106915,77244,0,2856,26815,0,2
2025-09-12,7,Cártel de Breece y Puka,89309,29940,119249,73807,0,15502,29940,0,0
2025-09-12,8,Loading…,82085,40436,122521,69371,0,12714,40436,0,2
2025-09-12,9,Gaeta Spur FC,75793,48822,124615,69370,0,6423,48822,0,3
2025-09-12,10,Rashid Shaheed Truthers,78770,32185,110955,74078,0,4692,32185,0,4
2025-09-12,11,All You Need Is LOVE,73758,54780,128538,52498,0,21260,54780,0,4
2025-09-12,12,Omar Comin,95424,25401,120825,70301,0,25123,25401,0,2
2025-09-13,1,208 Ferrari Way,72285,28445,100730,53940,0,18345,28445,0,6
2025-09-13,2,The Federal Reserve,102859,42280,145139,97165,0,5694,42280,0,4
2025-09-13,3,Golden Hour,81826,32639,114465,63460,0,18366,32639,0,4
2025-09-13,4,Lisan al-Caleb,76965,31976,108941,59877,0,17088,31976,0,1
2025-09-13,5,Mommy Rainier,69536,20570,90106,58134,0,11402,20570,0,6
2025-09-13,6,Mostly Washed,80170,26871,107041,77305,0,2865,26871,0,2
2025-09-13,7,Cártel de Breece y Puka,89191,30057,119248,73775,0,15416,30057,0,0
2025-09-13,8,Loading…,81879,40394,122273,69231,0,12648,40394,0,2
2025-09-13,9,Gaeta Spur FC,75517,48969,124486,69119,0,6398,48969,0,3
2025-09-13,10,Rashid Shaheed Truthers,78829,32340,111169,74154,0,4675,32340,0,4
2025-09-13,11,All You Need Is LOVE,73829,54799,128628,52496,0,21333,54799,0,4
2025-09-13,12,Omar Comin,95818,25500,121318,70684,0,25134,25500,0,2
2025-09-14,1,208 Ferrari Way,72396,28566,100962,54045,0,18351,28566,0,6
2025-09-14,2,The Federal Reserve,103008,42336,145344,97318,0,5690,42336,0,4
2025-09-14,3,Golden Hour,81780,32647,114427,63475,0,18305,32647,0,4
2025-09-14,4,Lisan al-Caleb,76834,31932,108766,59722,0,17112,31932,0,1
2025-09-14,5,Mommy Rainier,72640,17139,89779,61226,0,11414,17139,0,5
2025-09-14,6,Mostly Washed,80124,26917,107041,77268,0,2856,26917,0,2
2025-09-14,7,Cártel de Breece y Puka,89193,30083,119276,73719,0,15474,30083,0,0
2025-09-14,8,Loading…,81889,40380,122269,69249,0,12640,40380,0,2
2025-09-14,9,Gaeta Spur FC,75402,49069,124471,69004,0,6398,49069,0,3
2025-09-14,10,Rashid Shaheed Truthers,78815,32378,111193,74155,0,4660,32378,0,4
2025-09-14,11,All You Need Is LOVE,70707,58284,128991,49397,0,21310,58284,0,4
2025-09-14,12,Omar Comin,96359,25565,121924,71294,0,25065,25565,0,1
2025-09-15,1,208 Ferrari Way,72468,28594,101062,54161,0,18307,28594,0,6
2025-09-15,2,The Federal Reserve,103253,42392,145645,97530,0,5723,42392,0,4
2025-09-15,3,Golden Hour,81990,32691,114681,63643,0,18347,32691,0,4
2025-09-15,4,Lisan al-Caleb,76572,31886,108458,59570,0,17002,31886,0,1
2025-09-15,5,Mommy Rainier,72733,17126,89859,61322,0,11411,17126,0,5
2025-09-15,6,Mostly Washed,80119,26902,107021,77276,0,2843,26902,0,2
2025-09-15,7,Cártel de Breece y Puka,89065,30121,119186,73647,0,15418,30121,0,0
2025-09-15,8,Loading…,81769,40332,122101,69156,0,12613,40332,0,2
2025-09-15,9,Gaeta Spur FC,75375,49010,124385,68933,0,6442,49010,0,3
2025-09-15,10,Rashid Shaheed Truthers,78806,32359,111165,74154,0,4652,32359,0,4
2025-09-15,11,All You Need Is LOVE,70758,58232,128990,49387,0,21371,58232,0,4
2025-09-15,12,Omar Comin,96619,25535,122154,71606,0,25013,25535,0,1
2025-09-16,1,208 Ferrari Way,73084,28656,101740,54631,0,18453,28656,0,6
2025-09-16,2,The Federal Reserve,103615,42287,145902,97792,0,5823,42287,0,4
2025-09-16,3,Golden Hour,82063,32745,114808,63768,0,18295,32745,0,4
2025-09-16,4,Lisan al-Caleb,75855,31863,107718,59111,0,16744,31863,0,1
2025-09-16,5,Mommy Rainier,72488,17111,89599,61129,0,11359,17111,0,5
2025-09-16,6,Mostly Washed,80272,26818,107090,77492,0,2780,26818,0,2
2025-09-16,7,Cártel de Breece y Puka,92322,24753,117075,76895,0,15427,24753,0,0
2025-09-16,8,Loading…,81183,40290,121473,68683,0,12500,40290,0,2
2025-09-16,9,Gaeta Spur FC,70343,52719,123062,63952,0,6391,52719,0,3
2025-09-16,10,Rashid Shaheed Truthers,78449,32239,110688,73817,0,4632,32239,0,4
2025-09-16,11,All You Need Is LOVE,70843,58077,128920,49506,0,21337,58077,0,4
2025-09-16,12,Omar Comin,96501,27110,123611,71639,0,24862,27110,0,0
2025-09-17,1,208 Ferrari Way,73621,28681,102302,55142,0,18479,28681,0,6
2025-09-17,2,The Federal Reserve,103660,42186,145846,97810,0,5850,42186,0,4
2025-09-17,3,Golden Hour,82290,32676,114966,63908,0,18382,32676,0,4
2025-09-17,4,Lisan al-Caleb,75546,31910,107456,59028,0,16518,31910,0,1
2025-09-17,5,Mommy Rainier,71899,17150,89049,60586,0,11313,17150,0,5
2025-09-17,6,Mostly Washed,80231,26843,107074,77464,0,2767,26843,0,2
2025-09-17,7,Cártel de Breece y Puka,92146,24752,116898,76743,0,15403,24752,0,1
2025-09-17,8,Loading…,80640,40369,121009,68312,0,12328,40369,0,2
2025-09-17,9,Gaeta Spur FC,68766,52793,121559,62287,0,6479,52793,0,4
2025-09-17,10,Rashid Shaheed Truthers,77985,32362,110347,73377,0,4608,32362,0,4
2025-09-17,11,All You Need Is LOVE,70778,58146,128924,49549,0,21229,58146,0,6
2025-09-17,12,Omar Comin,96372,27156,123528,71850,0,24522,27156,0,0
2025-09-18,1,208 Ferrari Way,74017,28705,102722,55441,0,18576,28705,0,6
2025-09-18,2,The Federal Reserve,103823,42241,146064,97888,0,5935,42241,0,4
2025-09-18,3,Golden Hour,82370,32777,115147,63913,0,18457,32777,0,4
2025-09-18,4,Lisan al-Caleb,75033,31958,106991,58765,0,16268,31958,0,1
2025-09-18,5,Mommy Rainier,72178,17197,89375,60852,0,11326,17197,0,5
2025-09-18,6,Mostly Washed,80288,26930,107218,77573,0,2715,26930,0,2
2025-09-18,7,Cártel de Breece y Puka,91986,24855,116841,76683,0,15303,24855,0,1
2025-09-18,8,Loading…,80141,40392,120533,68029,0,12112,40392,0,2
2025-09-18,9,Gaeta Spur FC,68542,52930,121472,61970,0,6572,52930,0,4
2025-09-18,10,Rashid Shaheed Truthers,77942,32578,110520,73379,0,4563,32578,0,4
2025-09-18,11,All You Need Is LOVE,70613,58134,128747,49454,0,21159,58134,0,6
2025-09-18,12,Omar Comin,96498,27331,123829,72151,0,24347,27331,0,0
2025-09-19,1,208 Ferrari Way,74393,28636,103029,55723,0,18670,28636,0,6
2025-09-19,2,The Federal Reserve,103784,42148,145932,97751,0,6033,42148,0,4
2025-09-19,3,Golden Hour,82489,32785,115274,63989,0,18500,32785,0,4
2025-09-19,4,Lisan al-Caleb,74835,32056,106891,58705,0,16130,32056,0,2
2025-09-19,5,Mommy Rainier,71733,17242,88975,60531,0,11202,17242,0,5
2025-09-19,6,Mostly Washed,80353,26953,107306,77687,0,2666,26953,0,2
2025-09-19,7,Cártel de Breece y Puka,92288,24758,117046,76922,0,15366,24758,0,1
2025-09-19,8,Loading…,80102,40539,120641,68097,0,12005,40539,0,2
2025-09-19,9,Gaeta Spur FC,68430,53129,121559,61797,0,6633,53129,0,4
2025-09-19,10,Rashid Shaheed Truthers,77611,32579,110190,73032,0,4579,32579,0,4
2025-09-19,11,All You Need Is LOVE,70591,58433,129024,49504,0,21087,58433,0,6
2025-09-19,12,Omar Comin,97766,27410,125176,73634,0,24132,27410,0,0
2025-09-20,1,208 Ferrari Way,74783,28528,103311,56020,0,18763,28528,0,6
2025-09-20,2,The Federal Reserve,103727,42055,145782,97676,0,6051,42055,0,4
2025-09-20,3,Golden Hour,82288,32654,114942,63860,0,18428,32654,0,4
2025-09-20,4,Lisan al-Caleb,74710,32047,106757,58623,0,16087,32047,0,2
2025-09-20,5,Mommy Rainier,71833,17230,89063,60602,0,11231,17230,0,5
2025-09-20,6,Mostly Washed,80483,26995,107478,77851,0,2632,26995,0,2
2025-09-20,7,Cártel de Breece y Puka,92274,24801,117075,76836,0,15438,24801,0,1
2025-09-20,8,Loading…,79835,40474,120309,67884,0,11951,40474,0,2
2025-09-20,9,Gaeta Spur FC,68409,52975,121384,61764,0,6645,52975,0,4
2025-09-20,10,Rashid Shaheed Truthers,77818,32701,110519,73170,0,4648,32701,0,4
2025-09-20,11,All You Need Is LOVE,70552,58264,128816,49607,0,20945,58264,0,6
2025-09-20,12,Omar Comin,97650,27472,125122,73567,0,24083,27472,0,0
2025-09-21,1,208 Ferrari Way,75001,28534,103535,56161,0,18840,28534,0,6
2025-09-21,2,The Federal Reserve,103785,42114,145899,97746,0,6039,42114,0,4
2025-09-21,3,Golden Hour,82318,32696,115014,63874,0,18444,32696,0,4
2025-09-21,4,Lisan al-Caleb,74532,31998,106530,58453,0,16079,31998,0,2
2025-09-21,5,Mommy Rainier,71938,17202,89140,60690,0,11248,17202,0,5
2025-09-21,6,Mostly Washed,80740,26983,107723,78086,0,2654,26983,0,2
2025-09-21,7,Cártel de Breece y Puka,92087,24823,116910,76686,0,15401,24823,0,1
2025-09-21,8,Loading…,79733,40459,120192,67860,0,11873,40459,0,2
2025-09-21,9,Gaeta Spur FC,68325,52949,121274,61731,0,6594,52949,0,4
2025-09-21,10,Rashid Shaheed Truthers,77854,32701,110555,73180,0,4674,32701,0,4
2025-09-21,11,All You Need Is LOVE,70392,58241,128633,49395,0,20997,58241,0,6
2025-09-21,12,Omar Comin,97662,27396,125058,73595,0,24067,27396,0,0
2025-09-22,1,208 Ferrari Way,75206,28577,103783,56289,0,18917,28577,0,6
2025-09-22,2,The Federal Reserve,103752,42191,145943,97646,0,6106,42191,0,4
2025-09-22,3,Golden Hour,82312,32736,115048,63834,0,18478,32736,0,4
2025-09-22,4,Lisan al-Caleb,74692,31966,106658,58659,0,16033,31966,0,2
2025-09-22,5,Mommy Rainier,71921,17152,89073,60712,0,11209,17152,0,5
2025-09-22,6,Mostly Washed,80867,27054,107921,78198,0,2669,27054,0,2
2025-09-22,7,Cártel de Breece y Puka,91880,24783,116663,76485,0,15395,24783,0,1
2025-09-22,8,Loading…,79611,40450,120061,67803,0,11808,40450,0,2
2025-09-22,9,Gaeta Spur FC,68071,53062,121133,61406,0,6665,53062,0,4
2025-09-22,10,Rashid Shaheed Truthers,77956,32817,110773,73306,0,4650,32817,0,4
2025-09-22,11,All You Need Is LOVE,70419,58305,128724,49424,0,20995,58305,0,6
2025-09-22,12,Omar Comin,97633,27495,125128,73578,0,24055,27495,0,0
2025-09-23,1,208 Ferrari Way,75741,28591,104332,56612,0,19129,28591,0,6
2025-09-23,2,The Federal Reserve,103868,42350,146218,97399,0,6469,42350,0,4
2025-09-23,3,Golden Hour,82272,32813,115085,63684,0,18588,32813,0,4
2025-09-23,4,Lisan al-Caleb,74716,32115,106831,58838,0,15878,32115,0,2
2025-09-23,5,Mommy Rainier,71553,17179,88732,60414,0,11139,17179,0,5
2025-09-23,6,Mostly Washed,80515,27204,107719,77863,0,2652,27204,0,2
2025-09-23,7,Cártel de Breece y Puka,92064,24895,116959,76642,0,15422,24895,0,1
2025-09-23,8,Loading…,79491,40625,120116,67716,0,11775,40625,0,2
2025-09-23,9,Gaeta Spur FC,67804,53235,121039,61126,0,6678,53235,0,4
2025-09-23,10,Rashid Shaheed Truthers,78358,33051,111409,73589,0,4769,33051,0,4
2025-09-23,11,All You Need Is LOVE,70301,58384,128685,49099,0,21202,58384,0,6
2025-09-23,12,Omar Comin,97386,27566,124952,73374,0,24012,27566,0,0
2025-09-24,1,208 Ferrari Way,77402,28716,106118,58105,0,19297,28716,0,5
2025-09-24,2,The Federal Reserve,103923,42576,146499,97311,0,6612,42576,0,4
2025-09-24,3,Golden Hour,81961,33007,114968,63397,0,18564,33007,0,4
2025-09-24,4,Lisan al-Caleb,75749,32215,107964,60009,0,15740,32215,0,2
2025-09-24,5,Mommy Rainier,71334,17372,88706,60220,0,11114,17372,0,5
2025-09-24,6,Mostly Washed,80314,27363,107677,77672,0,2642,27363,0,2
2025-09-24,7,Cártel de Breece y Puka,93835,25068,118903,78287,0,15548,25068,0,1
2025-09-24,8,Loading…,79553,40740,120293,67851,0,11702,40740,0,3
2025-09-24,9,Gaeta Spur FC,67709,53503,121212,61006,0,6703,53503,0,4
2025-09-24,10,Rashid Shaheed Truthers,78648,33217,111865,73861,0,4787,33217,0,4
2025-09-24,11,All You Need Is LOVE,70448,58487,128935,49186,0,21262,58487,0,6
2025-09-24,12,Omar Comin,96076,27644,123720,71721,0,24355,27644,0,0
2025-09-25,1,208 Ferrari Way,77844,28744,106588,58484,0,19360,28744,0,5
2025-09-25,2,The Federal Reserve,103857,42594,146451,97062,0,6795,42594,0,4
2025-09-25,3,Golden Hour,81834,33025,114859,63263,0,18571,33025,0,4
2025-09-25,4,Lisan al-Caleb,75808,32345,108153,59959,0,15849,32345,0,2
2025-09-25,5,Mommy Rainier,71363,17362,88725,60306,0,11057,17362,0,5
2025-09-25,6,Mostly Washed,80210,27478,107688,77589,0,2621,27478,0,2
2025-09-25,7,Cártel de Breece y Puka,93977,25132,119109,78369,0,15608,25132,0,1
2025-09-25,8,Loading…,79363,40875,120238,67789,0,11574,40875,0,3
2025-09-25,9,Gaeta Spur FC,67553,53702,121255,60840,0,6713,53702,0,4
2025-09-25,10,Rashid Shaheed Truthers,75809,36536,112345,71017,0,4792,36536,0,4
2025-09-25,11,All You Need Is LOVE,70283,58557,128840,49031,0,21252,58557,0,6
2025-09-25,12,Omar Comin,99048,24646,123694,74656,0,24392,24646,0,0
2025-09-26,1,208 Ferrari Way,76306,28887,105193,56890,0,19416,28887,0,6
2025-09-26,2,The Federal Reserve,106984,42831,149815,100007,0,6977,42831,0,2
2025-09-26,3,Golden Hour,83288,33217,116505,64824,0,18464,33217,0,3
2025-09-26,4,Lisan al-Caleb,75830,32398,108228,60051,0,15779,32398,0,2
2025-09-26,5,Mommy Rainier,70172,17447,87619,59212,0,10960,17447,0,5
2025-09-26,6,Mostly Washed,80126,27382,107508,77504,0,2622,27382,0,2
2025-09-26,7,Cártel de Breece y Puka,94178,25282,119460,78433,0,15745,25282,0,1
2025-09-26,8,Loading…,79218,40958,120176,67729,0,11489,40958,0,3
2025-09-26,9,Gaeta Spur FC,67205,53648,120853,60494,0,6711,53648,0,4
2025-09-26,10,Rashid Shaheed Truthers,76108,36407,112515,71300,0,4808,36407,0,4
2025-09-26,11,All You Need Is LOVE,70135,58817,128952,48804,0,21331,58817,0,6
2025-09-26,12,Omar Comin,98587,24538,123125,74097,0,24490,24538,0,0
2025-09-27,1,208 Ferrari Way,76453,28784,105237,57018,0,19435,28784,0,6
2025-09-27,2,The Federal Reserve,106875,42794,149669,99819,0,7056,42794,0,2
2025-09-27,3,Golden Hour,83348,33174,116522,64829,0,18519,33174,0,3
2025-09-27,4,Lisan al-Caleb,76004,32426,108430,60228,0,15776,32426,0,2
2025-09-27,5,Mommy Rainier,70109,17444,87553,59170,0,10939,17444,0,5
2025-09-27,6,Mostly Washed,80177,27411,107588,77549,0,2628,27411,0,2
2025-09-27,7,Cártel de Breece y Puka,94131,25298,119429,78374,0,15757,25298,0,1
2025-09-27,8,Loading…,79207,40965,120172,67744,0,11463,40965,0,3
2025-09-27,9,Gaeta Spur FC,67231,53557,120788,60448,0,6783,53557,0,4
2025-09-27,10,Rashid Shaheed Truthers,76140,36459,112599,71316,0,4824,36459,0,4
2025-09-27,11,All You Need Is LOVE,70113,58824,128937,48811,0,21302,58824,0,6
2025-09-27,12,Omar Comin,98592,24600,123192,74085,0,24507,24600,0,0
2025-09-28,1,208 Ferrari Way,76498,28782,105280,57049,0,19449,28782,0,6
2025-09-28,2,The Federal Reserve,106895,42806,149701,99786,0,7109,42806,0,2
2025-09-28,3,Golden Hour,83342,33192,116534,64854,0,18488,33192,0,3
2025-09-28,4,Lisan al-Caleb,76056,32426,108482,60277,0,15779,32426,0,2
2025-09-28,5,Mommy Rainier,70169,17444,87613,59276,0,10893,17444,0,5
2025-09-28,6,Mostly Washed,80147,27430,107577,77509,0,2638,27430,0,2
2025-09-28,7,Cártel de Breece y Puka,94056,25322,119378,78287,0,15769,25322,0,1
2025-09-28,8,Loading…,79259,40995,120254,67810,0,11449,40995,0,3
2025-09-28,9,Gaeta Spur FC,67226,53597,120823,60464,0,6762,53597,0,4
2025-09-28,10,Rashid Shaheed Truthers,76177,36522,112699,71336,0,4841,36522,0,4
2025-09-28,11,All You Need Is LOVE,70089,58861,128950,48808,0,21281,58861,0,6
2025-09-28,12,Omar Comin,98565,24591,123156,74039,0,24526,24591,0,0
2025-09-29,1,208 Ferrari Way,76571,28836,105407,57083,0,19488,28836,0,6
2025-09-29,2,The Federal Reserve,106830,42877,149707,99755,0,7075,42877,0,2
2025-09-29,3,Golden Hour,83356,33252,116608,64887,0,18469,33252,0,3
2025-09-29,4,Lisan al-Caleb,76028,32495,108523,60245,0,15783,32495,0,2
2025-09-29,5,Mommy Rainier,70163,17459,87622,59276,0,10887,17459,0,5
2025-09-29,6,Mostly Washed,80072,27430,107502,77425,0,2647,27430,0,2
2025-09-29,7,Cártel de Breece y Puka,94065,25330,119395,78260,0,15805,25330,0,1
2025-09-29,8,Loading…,79361,41100,120461,67908,0,11453,41100,0,3
2025-09-29,9,Gaeta Spur FC,67208,53690,120898,60457,0,6751,53690,0,4
2025-09-29,10,Rashid Shaheed Truthers,76113,36494,112607,71293,0,4820,36494,0,4
2025-09-29,11,All You Need Is LOVE,70103,59019,129122,48848,0,21255,59019,0,6
2025-09-29,12,Omar Comin,98563,24554,123117,74040,0,24523,24554,0,0
2025-09-30,1,208 Ferrari Way,76832,28934,105766,57256,0,19576,28934,0,6
2025-09-30,2,The Federal Reserve,106302,42987,149289,99215,0,7087,42987,0,2
2025-09-30,3,Golden Hour,83430,33329,116759,65049,0,18381,33329,0,3
2025-09-30,4,Lisan al-Caleb,76070,32599,108669,60277,0,15793,32599,0,2
2025-09-30,5,Mommy Rainier,69727,19721,89448,58865,0,10862,19721,0,5
2025-09-30,6,Mostly Washed,79830,27528,107358,77176,0,2654,27528,0,2
2025-09-30,7,Cártel de Breece y Puka,91504,24796,116300,75690,0,15814,24796,0,1
2025-09-30,8,Loading…,79595,41250,120845,68091,0,11504,41250,0,2
2025-09-30,9,Gaeta Spur FC,67147,53811,120958,60437,0,6710,53811,0,4
2025-09-30,10,Rashid Shaheed Truthers,76033,36559,112592,71226,0,4807,36559,0,4
2025-09-30,11,All You Need Is LOVE,70165,59212,129377,48922,0,21243,59212,0,6
2025-09-30,12,Omar Comin,100103,23054,123157,75413,0,24690,23054,0,0
2025-10-01,1,208 Ferrari Way,79180,26495,105675,59117,0,20063,26495,0,6
2025-10-01,2,The Federal Reserve,110607,38314,148921,103481,0,7126,38314,0,2
2025-10-01,3,Golden Hour,83337,33296,116633,65023,0,18314,33296,0,3
2025-10-01,4,Lisan al-Caleb,75864,32600,108464,60084,0,15780,32600,0,2
2025-10-01,5,Mommy Rainier,66892,22314,89206,56130,0,10762,22314,0,5
2025-10-01,6,Mostly Washed,79763,27549,107312,77060,0,2703,27549,0,2
2025-10-01,7,Cártel de Breece y Puka,91562,24905,116467,75723,0,15839,24905,0,3
2025-10-01,8,Loading…,76703,45916,122619,65133,0,11570,45916,0,2
2025-10-01,9,Gaeta Spur FC,67359,53815,121174,60653,0,6706,53815,0,4
2025-10-01,10,Rashid Shaheed Truthers,76448,36662,113110,71621,0,4827,36662,0,3
2025-10-01,11,All You Need Is LOVE,70191,59307,129498,48974,0,21217,59307,0,6
2025-10-01,12,Omar Comin,99495,23155,122650,74569,0,24926,23155,0,0
2025-10-02,1,208 Ferrari Way,80973,22700,103673,60584,0,20389,22700,0,6
2025-10-02,2,The Federal Reserve,110621,38312,148933,103454,0,7167,38312,0,2
2025-10-02,3,Golden Hour,83221,33365,116586,64973,0,18248,33365,0,3
2025-10-02,4,Lisan al-Caleb,74473,32625,107098,58722,0,15751,32625,0,2
2025-10-02,5,Mommy Rainier,66159,23944,90103,55450,0,10709,23944,0,5
2025-10-02,6,Mostly Washed,79667,27514,107181,76928,0,2739,27514,0,2
2025-10-02,7,Cártel de Breece y Puka,90887,27109,117996,75056,0,15831,27109,0,3
2025-10-02,8,Loading…,76684,45940,122624,65110,0,11574,45940,0,2
2025-10-02,9,Gaeta Spur FC,67385,53817,121202,60682,0,6703,53817,0,4
2025-10-02,10,Rashid Shaheed Truthers,77155,36570,113725,72319,0,4836,36570,0,3
2025-10-02,11,All You Need Is LOVE,70038,59328,129366,48868,0,21170,59328,0,6
2025-10-02,12,Omar Comin,99667,23100,122767,74597,0,25070,23100,0,0
2025-10-03,1,208 Ferrari Way,81090,22747,103837,60642,0,20448,22747,0,6
2025-10-03,2,The Federal Reserve,110580,38371,148951,103347,0,7233,38371,0,2
2025-10-03,3,Golden Hour,83145,33397,116542,64940,0,18205,33397,0,2
2025-10-03,4,Lisan al-Caleb,74417,32662,107079,58719,0,15698,32662,0,2
2025-10-03,5,Mommy Rainier,66053,24008,90061,55369,0,10684,24008,0,5
2025-10-03,6,Mostly Washed,79587,27524,107111,76833,0,2754,27524,0,2
2025-10-03,7,Cártel de Breece y Puka,90914,27133,118047,75077,0,15837,27133,0,3
2025-10-03,8,Loading…,76675,46043,122718,65066,0,11609,46043,0,2
2025-10-03,9,Gaeta Spur FC,67271,53887,121158,60585,0,6686,53887,0,4
2025-10-03,10,Rashid Shaheed Truthers,77723,36583,114306,72887,0,4836,36583,0,3
2025-10-03,11,All You Need Is LOVE,70000,59522,129522,48829,0,21171,59522,0,6
2025-10-03,12,Omar Comin,99644,23055,122699,74498,0,25146,23055,0,0
2025-10-04,1,208 Ferrari Way,81197,22739,103936,60728,0,20469,22739,0,6
2025-10-04,2,The Federal Reserve,110403,38381,148784,103150,0,7253,38381,0,2
2025-10-04,3,Golden Hour,83117,33370,116487,64899,0,18218,33370,0,2
2025-10-04,4,Lisan al-Caleb,74546,32657,107203,58842,0,15704,32657,0,2
2025-10-04,5,Mommy Rainier,64793,23936,88729,54108,0,10685,23936,0,6
2025-10-04,6,Mostly Washed,79503,27508,107011,76746,0,2757,27508,0,2
2025-10-04,7,Cártel de Breece y Puka,90997,27125,118122,75193,0,15804,27125,0,3
2025-10-04,8,Loading…,76740,46033,122773,65113,0,11627,46033,0,2
2025-10-04,9,Gaeta Spur FC,67199,53795,120994,60494,0,6705,53795,0,4
2025-10-04,10,Rashid Shaheed Truthers,77700,36542,114242,72861,0,4839,36542,0,3
2025-10-04,11,All You Need Is LOVE,69984,59507,129491,48848,0,21136,59507,0,6
2025-10-04,12,Omar Comin,99706,23043,122749,74512,0,25194,23043,0,0
2025-10-05,1,208 Ferrari Way,79970,22752,102722,59479,0,20491,22752,0,6
2025-10-05,2,The Federal Reserve,110399,38402,148801,103143,0,7256,38402,0,2
2025-10-05,3,Golden Hour,83113,33377,116490,64891,0,18222,33377,0,2
2025-10-05,4,Lisan al-Caleb,74603,32626,107229,58888,0,15715,32626,0,2
2025-10-05,5,Mommy Rainier,64799,23929,88728,54149,0,10650,23929,0,6
2025-10-05,6,Mostly Washed,79398,27479,106877,76612,0,2786,27479,0,2
2025-10-05,7,Cártel de Breece y Puka,91043,27114,118157,75211,0,15832,27114,0,2
2025-10-05,8,Loading…,76816,46012,122828,65164,0,11652,46012,0,2
2025-10-05,9,Gaeta Spur FC,67205,53774,120979,60506,0,6699,53774,0,4
2025-10-05,10,Rashid Shaheed Truthers,77673,36475,114148,72845,0,4828,36475,0,3
2025-10-05,11,All You Need Is LOVE,69912,59467,129379,48803,0,21109,59467,0,6
2025-10-05,12,Omar Comin,99829,23005,122834,74591,0,25238,23005,0,0
2025-10-06,1,208 Ferrari Way,79999,22683,102682,59517,0,20482,22683,0,6
2025-10-06,2,The Federal Reserve,110372,38327,148699,103058,0,7314,38327,0,2
2025-10-06,3,Golden Hour,83155,33313,116468,64939,0,18216,33313,0,2
2025-10-06,4,Lisan al-Caleb,74554,32610,107164,58893,0,15661,32610,0,2
2025-10-06,5,Mommy Rainier,64785,23908,88693,54157,0,10628,23908,0,6
2025-10-06,6,Mostly Washed,79359,27490,106849,76557,0,2802,27490,0,2
2025-10-06,7,Cártel de Breece y Puka,91142,27040,118182,75255,0,15887,27040,0,2
2025-10-06,8,Loading…,76876,46001,122877,65220,0,11656,46001,0,2
2025-10-06,9,Gaeta Spur FC,67157,53727,120884,60449,0,6708,53727,0,4
2025-10-06,10,Rashid Shaheed Truthers,77583,36486,114069,72764,0,4819,36486,0,3
2025-10-06,11,All You Need Is LOVE,69967,59425,129392,48809,0,21158,59425,0,6
2025-10-06,12,Omar Comin,99874,23042,122916,74557,0,25317,23042,0,0
2025-10-07,1,208 Ferrari Way,79983,22738,102721,59516,0,20467,22738,0,6
2025-10-07,2,The Federal Reserve,110303,38395,148698,102960,0,7343,38395,0,2
2025-10-07,3,Golden Hour,83229,33400,116629,65031,0,18198,33400,0,2
2025-10-07,4,Lisan al-Caleb,74458,32646,107104,58849,0,15609,32646,0,2
2025-10-07,5,Mommy Rainier,64704,23880,88584,54106,0,10598,23880,0,6
2025-10-07,6,Mostly Washed,79141,27542,106683,76321,0,2820,27542,0,2
2025-10-07,7,Cártel de Breece y Puka,91155,27102,118257,75276,0,15879,27102,0,2
2025-10-07,8,Loading…,77811,46019,123830,66100,0,11711,46019,0,2
2025-10-07,9,Gaeta Spur FC,67119,53830,120949,60453,0,6666,53830,0,4
2025-10-07,10,Rashid Shaheed Truthers,77572,36445,114017,72761,0,4811,36445,0,3
2025-10-07,11,All You Need Is LOVE,70063,59493,129556,48852,0,21211,59493,0,6
2025-10-07,12,Omar Comin,99186,23082,122268,73824,0,25362,23082,0,0
2025-10-08,1,208 Ferrari Way,80097,22741,102838,59661,0,20436,22741,0,6
2025-10-08,2,The Federal Reserve,110086,38396,148482,102766,0,7320,38396,0,2
2025-10-08,3,Golden Hour,83193,33388,116581,65055,0,18138,33388,0,2
2025-10-08,4,Lisan al-Caleb,74347,32667,107014,58824,0,15523,32667,0,2
2025-10-08,5,Mommy Rainier,66150,23935,90085,55581,0,10569,23935,0,5
2025-10-08,6,Mostly Washed,79088,27504,106592,76255,0,2833,27504,0,2
2025-10-08,7,Cártel de Breece y Puka,92852,27078,119930,76973,0,15879,27078,0,1
2025-10-08,8,Loading…,77834,46021,123855,66111,0,11723,46021,0,2
2025-10-08,9,Gaeta Spur FC,67261,53771,121032,60618,0,6643,53771,0,4
2025-10-08,10,Rashid Shaheed Truthers,77532,36396,113928,72782,0,4750,36396,0,3
2025-10-08,11,All You Need Is LOVE,71529,59436,130965,50244,0,21285,59436,0,5
2025-10-08,12,Omar Comin,99266,23047,122313,73930,0,25336,23047,0,0
2025-10-09,1,208 Ferrari Way,80131,22777,102908,59688,0,20443,22777,0,6
2025-10-09,2,The Federal Reserve,109876,38435,148311,102559,0,7317,38435,0,2
2025-10-09,3,Golden Hour,83250,33423,116673,65068,0,18182,33423,0,2
2025-10-09,4,Lisan al-Caleb,74055,32630,106685,58564,0,15491,32630,0,2
2025-10-09,5,Mommy Rainier,65989,23892,89881,55427,0,10562,23892,0,5
2025-10-09,6,Mostly Washed,79682,27490,107172,76813,0,2869,27490,0,2
2025-10-09,7,Cártel de Breece y Puka,92942,27060,120002,77059,0,15883,27060,0,1
2025-10-09,8,Loading…,77805,46005,123810,66090,0,11715,46005,0,2
2025-10-09,9,Gaeta Spur FC,67236,53736,120972,60646,0,6590,53736,0,4
2025-10-09,10,Rashid Shaheed Truthers,77447,36432,113879,72705,0,4742,36432,0,3
2025-10-09,11,All You Need Is LOVE,71907,59392,131299,50598,0,21309,59392,0,5
2025-10-09,12,Omar Comin,99289,23020,122309,73978,0,25311,23020,0,0
2025-10-10,1,208 Ferrari Way,80092,22746,102838,59713,0,20379,22746,0,6
2025-10-10,2,The Federal Reserve,109719,38453,148172,102378,0,7341,38453,0,2
2025-10-10,3,Golden Hour,83271,33421,116692,65101,0,18170,33421,0,2
2025-10-10,4,Lisan al-Caleb,73936,32645,106581,58473,0,15463,32645,0,2
2025-10-10,5,Mommy Rainier,65812,23841,89653,55312,0,10500,23841,0,5
2025-10-10,6,Mostly Washed,79588,27505,107093,76634,0,2954,27505,0,2
2025-10-10,7,Cártel de Breece y Puka,93000,27032,120032,77136,0,15864,27032,0,1
2025-10-10,8,Loading…,77994,46013,124007,66213,0,11781,46013,0,2
2025-10-10,9,Gaeta Spur FC,67311,53613,120924,60736,0,6575,53613,0,4
2025-10-10,10,Rashid Shaheed Truthers,77589,36386,113975,72847,0,4742,36386,0,3
2025-10-10,11,All You Need Is LOVE,72054,59379,131433,50642,0,21412,59379,0,4
2025-10-10,12,Omar Comin,99444,22974,122418,74174,0,25270,22974,0,0
2025-10-11,1,208 Ferrari Way,77758,25200,102958,59871,0,17887,25200,0,6
2025-10-11,2,The Federal Reserve,109677,38417,148094,102308,0,7369,38417,0,2
2025-10-11,3,Golden Hour,83261,33422,116683,65109,0,18152,33422,0,2
2025-10-11,4,Lisan al-Caleb,73853,32660,106513,58395,0,15458,32660,0,2
2025-10-11,5,Mommy Rainier,65252,31641,96893,54748,0,10504,31641,0,5
2025-10-11,6,Mostly Washed,79415,27401,106816,76448,0,2967,27401,0,2
2025-10-11,7,Cártel de Breece y Puka,93602,19256,112858,77746,0,15856,19256,0,0
2025-10-11,8,Loading…,77928,46041,123969,66136,0,11792,46041,0,2
2025-10-11,9,Gaeta Spur FC,67397,53625,121022,60818,0,6579,53625,0,4
2025-10-11,10,Rashid Shaheed Truthers,77499,36325,113824,72793,0,4706,36325,0,3
2025-10-11,11,All You Need Is LOVE,74642,56945,131587,50732,0,23910,56945,0,4
2025-10-11,12,Omar Comin,99595,22887,122482,74251,0,25344,22887,0,0
2025-10-12,1,208 Ferrari Way,77718,25155,102873,59815,0,17903,25155,0,6
2025-10-12,2,The Federal Reserve,109623,38408,148031,102239,0,7384,38408,0,2
2025-10-12,3,Golden Hour,83258,33413,116671,65156,0,18102,33413,0,2
2025-10-12,4,Lisan al-Caleb,72801,32651,105452,57344,0,15457,32651,0,2
2025-10-12,5,Mommy Rainier,65258,31679,96937,54754,0,10504,31679,0,6
2025-10-12,6,Mostly Washed,79404,27359,106763,76419,0,2985,27359,0,2
2025-10-12,7,Cártel de Breece y Puka,93737,19236,112973,77854,0,15883,19236,0,0
2025-10-12,8,Loading…,77881,46026,123907,66089,0,11792,46026,0,2
2025-10-12,9,Gaeta Spur FC,67427,53584,121011,60855,0,6572,53584,0,4
2025-10-12,10,Rashid Shaheed Truthers,77444,36266,113710,72773,0,4671,36266,0,3
2025-10-12,11,All You Need Is LOVE,73556,56953,130509,49638,0,23918,56953,0,4
2025-10-12,12,Omar Comin,99658,22850,122508,74208,0,25450,22850,0,0
2025-10-13,1,208 Ferrari Way,77657,25175,102832,59799,0,17858,25175,0,6
2025-10-13,2,The Federal Reserve,109530,38416,147946,102108,0,7422,38416,0,2
2025-10-13,3,Golden Hour,83331,33445,116776,65210,0,18121,33445,0,2
2025-10-13,4,Lisan al-Caleb,72756,32597,105353,57291,0,15465,32597,0,2
2025-10-13,5,Mommy Rainier,65691,31663,97354,55187,0,10504,31663,0,6
2025-10-13,6,Mostly Washed,79416,27346,106762,76412,0,3004,27346,0,2
2025-10-13,7,Cártel de Breece y Puka,93775,19271,113046,77911,0,15864,19271,0,0
2025-10-13,8,Loading…,77876,45958,123834,66063,0,11813,45958,0,2
2025-10-13,9,Gaeta Spur FC,67476,53493,120969,60907,0,6569,53493,0,4
2025-10-13,10,Rashid Shaheed Truthers,77472,36259,113731,72780,0,4692,36259,0,3
2025-10-13,11,All You Need Is LOVE,73545,56860,130405,49624,0,23921,56860,0,4
2025-10-13,12,Omar Comin,99777,22837,122614,74255,0,25522,22837,0,0
2025-10-14,1,208 Ferrari Way,77544,25215,102759,59746,0,17798,25215,0,6
2025-10-14,2,The Federal Reserve,109507,38482,147989,102080,0,7427,38482,0,2
2025-10-14,3,Golden Hour,83450,33482,116932,65301,0,18149,33482,0,2
2025-10-14,4,Lisan al-Caleb,72642,32599,105241,57178,0,15464,32599,0,2
2025-10-14,5,Mommy Rainier,65942,31656,97598,55461,0,10481,31656,0,6
2025-10-14,6,Mostly Washed,79379,27367,106746,76363,0,3016,27367,0,1
2025-10-14,7,Cártel de Breece y Puka,93880,19314,113194,78016,0,15864,19314,0,0
2025-10-14,8,Loading…,77920,45944,123864,66102,0,11818,45944,0,2
2025-10-14,9,Gaeta Spur FC,67531,53417,120948,60972,0,6559,53417,0,4
2025-10-14,10,Rashid Shaheed Truthers,77453,36227,113680,72785,0,4668,36227,0,3
2025-10-14,11,All You Need Is LOVE,73567,56854,130421,49638,0,23929,56854,0,4
2025-10-14,12,Omar Comin,99790,22831,122621,74335,0,25455,22831,0,0
2025-10-15,1,208 Ferrari Way,77571,25199,102770,59796,0,17775,25199,0,6
2025-10-15,2,The Federal Reserve,109480,38475,147955,102034,0,7446,38475,0,2
2025-10-15,3,Golden Hour,83615,33490,117105,65431,0,18184,33490,0,2
2025-10-15,4,Lisan al-Caleb,72581,32608,105189,57143,0,15438,32608,0,2
2025-10-15,5,Mommy Rainier,65942,31673,97615,55486,0,10456,31673,0,6
2025-10-15,6,Mostly Washed,79332,27424,106756,76297,0,3035,27424,0,1
2025-10-15,7,Cártel de Breece y Puka,93957,19301,113258,78073,0,15884,19301,0,0
2025-10-15,8,Loading…,76537,45963,122500,64695,0,11842,45963,0,3
2025-10-15,9,Gaeta Spur FC,67667,53457,121124,61116,0,6551,53457,0,4
2025-10-15,10,Rashid Shaheed Truthers,77369,36283,113652,72697,0,4672,36283,0,3
2025-10-15,11,All You Need Is LOVE,73600,56897,130497,49670,0,23930,56897,0,4
2025-10-15,12,Omar Comin,100008,22842,122850,74541,0,25467,22842,0,0
2025-10-16,1,208 Ferrari Way,77617,25259,102876,59846,0,17771,25259,0,6
2025-10-16,2,The Federal Reserve,109587,38525,148112,102066,0,7521,38525,0,2
2025-10-16,3,Golden Hour,83582,33535,117117,65452,0,18130,33535,0,2
2025-10-16,4,Lisan al-Caleb,72418,32612,105030,57013,0,15405,32612,0,2
2025-10-16,5,Mommy Rainier,65994,31726,97720,55525,0,10469,31726,0,6
2025-10-16,6,Mostly Washed,79174,27493,106667,76116,0,3058,27493,0,1
2025-10-16,7,Cártel de Breece y Puka,94091,19306,113397,78213,0,15878,19306,0,0
2025-10-16,8,Loading…,76368,45990,122358,64525,0,11843,45990,0,3
2025-10-16,9,Gaeta Spur FC,67673,53629,121302,61171,0,6502,53629,0,4
2025-10-16,10,Rashid Shaheed Truthers,77310,36367,113677,72677,0,4633,36367,0,3
2025-10-16,11,All You Need Is LOVE,73666,56940,130606,49687,0,23979,56940,0,4
2025-10-16,12,Omar Comin,100084,22918,123002,74687,0,25397,22918,0,0
2025-10-17,1,208 Ferrari Way,77508,25249,102757,59812,0,17696,25249,0,6
2025-10-17,2,The Federal Reserve,109600,38583,148183,102026,0,7574,38583,0,2
2025-10-17,3,Golden Hour,83700,33585,117285,65531,0,18169,33585,0,2
2025-10-17,4,Lisan al-Caleb,72426,32639,105065,57013,0,15413,32639,0,2
2025-10-17,5,Mommy Rainier,65948,31722,97670,55470,0,10478,31722,0,6
2025-10-17,6,Mostly Washed,79175,27499,106674,76140,0,3035,27499,0,1
2025-10-17,7,Cártel de Breece y Puka,94125,19312,113437,78240,0,15885,19312,0,0
2025-10-17,8,Loading…,76321,46012,122333,64449,0,11872,46012,0,3
2025-10-17,9,Gaeta Spur FC,67747,53693,121440,61259,0,6488,53693,0,4
2025-10-17,10,Rashid Shaheed Truthers,77315,36397,113712,72712,0,4603,36397,0,3
2025-10-17,11,All You Need Is LOVE,73635,56969,130604,49719,0,23916,56969,0,4
2025-10-17,12,Omar Comin,100063,22920,122983,74698,0,25365,22920,0,0
2025-10-18,1,208 Ferrari Way,77448,25282,102730,59794,0,17654,25282,0,6
2025-10-18,2,The Federal Reserve,109656,38640,148296,102050,0,7606,38640,0,2
2025-10-18,3,Golden Hour,83704,33611,117315,65542,0,18162,33611,0,2
2025-10-18,4,Lisan al-Caleb,72383,32663,105046,56988,0,15395,32663,0,2
2025-10-18,5,Mommy Rainier,65913,31770,97683,55441,0,10472,31770,0,6
2025-10-18,6,Mostly Washed,79092,27494,106586,76060,0,3032,27494,0,1
2025-10-18,7,Cártel de Breece y Puka,94148,19299,113447,78250,0,15898,19299,0,0
2025-10-18,8,Loading…,76290,46042,122332,64420,0,11870,46042,0,3
2025-10-18,9,Gaeta Spur FC,67787,53693,121480,61304,0,6483,53693,0,4
2025-10-18,10,Rashid Shaheed Truthers,77267,36384,113651,72703,0,4564,36384,0,3
2025-10-18,11,All You Need Is LOVE,73696,57020,130716,49811,0,23885,57020,0,4
2025-10-18,12,Omar Comin,100152,22930,123082,74796,0,25356,22930,0,0
2025-10-19,1,208 Ferrari Way,77480,25226,102706,59859,0,17621,25226,0,6
2025-10-19,2,The Federal Reserve,109595,38640,148235,101990,0,7605,38640,0,2
2025-10-19,3,Golden Hour,83747,33584,117331,65588,0,18159,33584,0,2
2025-10-19,4,Lisan al-Caleb,72343,32648,104991,56961,0,15382,32648,0,2
2025-10-19,5,Mommy Rainier,65895,31743,97638,55411,0,10484,31743,0,6
2025-10-19,6,Mostly Washed,79052,27515,106567,76001,0,3051,27515,0,1
2025-10-19,7,Cártel de Breece y Puka,94159,19308,113467,78232,0,15927,19308,0,0
2025-10-19,8,Loading…,76271,46080,122351,64385,0,11886,46080,0,3
2025-10-19,9,Gaeta Spur FC,67110,53714,120824,60641,0,6469,53714,0,4
2025-10-19,10,Rashid Shaheed Truthers,77185,36443,113628,72627,0,4558,36443,0,3
2025-10-19,11,All You Need Is LOVE,73753,57128,130881,49907,0,23846,57128,0,4
2025-10-19,12,Omar Comin,100159,22951,123110,74807,0,25352,22951,0,0
2025-10-20,1,208 Ferrari Way,77449,25267,102716,59844,0,17605,25267,0,6
2025-10-20,2,The Federal Reserve,109534,38675,148209,101938,0,7596,38675,0,2
2025-10-20,3,Golden Hour,83862,33602,117464,65721,0,18141,33602,0,2
2025-10-20,4,Lisan al-Caleb,72325,32730,105055,56926,0,15399,32730,0,2
2025-10-20,5,Mommy Rainier,65801,31857,97658,55346,0,10455,31857,0,6
2025-10-20,6,Mostly Washed,78958,27539,106497,75897,0,3061,27539,0,1
2025-10-20,7,Cártel de Breece y Puka,94171,19306,113477,78239,0,15932,19306,0,0
2025-10-20,8,Loading…,76215,46181,122396,64312,0,11903,46181,0,3
2025-10-20,9,Gaeta Spur FC,67128,53772,120900,60658,0,6470,53772,0,4
2025-10-20,10,Rashid Shaheed Truthers,77159,36445,113604,72616,0,4543,36445,0,3
2025-10-20,11,All You Need Is LOVE,73840,57235,131075,50010,0,23830,57235,0,4
2025-10-20,12,Omar Comin,100208,22991,123199,74805,0,25403,22991,0,0
2025-10-21,1,208 Ferrari Way,77257,25259,102516,59764,0,17493,25259,0,6
2025-10-21,2,The Federal Reserve,109434,38677,148111,101857,0,7577,38677,0,2
2025-10-21,3,Golden Hour,83941,33607,117548,65851,0,18090,33607,0,2
2025-10-21,4,Lisan al-Caleb,72272,32717,104989,56915,0,15357,32717,0,2
2025-10-21,5,Mommy Rainier,66094,31867,97961,55626,0,10468,31867,0,6
2025-10-21,6,Mostly Washed,78797,27536,106333,75719,0,3078,27536,0,1
2025-10-21,7,Cártel de Breece y Puka,94350,19316,113666,78404,0,15946,19316,0,0
2025-10-21,8,Loading…,76226,46172,122398,64326,0,11900,46172,0,3
2025-10-21,9,Gaeta Spur FC,66978,53792,120770,60529,0,6449,53792,0,4
2025-10-21,10,Rashid Shaheed Truthers,77060,36453,113513,72529,0,4531,36453,0,3
2025-10-21,11,All You Need Is LOVE,73866,57289,131155,50001,0,23865,57289,0,4
2025-10-21,12,Omar Comin,100455,22967,123422,74963,0,25492,22967,0,0
2025-10-22,1,208 Ferrari Way,77571,25232,102803,60001,0,17570,25232,0,6
2025-10-22,2,The Federal Reserve,109341,38602,147943,101738,0,7603,38602,0,2
2025-10-22,3,Golden Hour,84020,33594,117614,65916,0,18104,33594,0,2
2025-10-22,4,Lisan al-Caleb,72017,32806,104823,56729,0,15288,32806,0,2
2025-10-22,5,Mommy Rainier,65935,31985,97920,55519,0,10416,31985,0,6
2025-10-22,6,Mostly Washed,78610,27542,106152,75518,0,3092,27542,0,1
2025-10-22,7,Cártel de Breece y Puka,95662,19266,114928,79660,0,16002,19266,0,0
2025-10-22,8,Loading…,76204,46230,122434,64297,0,11907,46230,0,3
2025-10-22,9,Gaeta Spur FC,66881,53850,120731,60472,0,6409,53850,0,4
2025-10-22,10,Rashid Shaheed Truthers,77225,36423,113648,72690,0,4535,36423,0,3
2025-10-22,11,All You Need Is LOVE,74028,57366,131394,50068,0,23960,57366,0,4
2025-10-22,12,Omar Comin,100647,22980,123627,75140,0,25507,22980,0,0
2025-10-23,1,208 Ferrari Way,77748,25256,103004,60222,0,17526,25256,0,6
2025-10-23,2,The Federal Reserve,109352,38663,148015,101745,0,7607,38663,0,2
2025-10-23,3,Golden Hour,84068,33643,117711,65968,0,18100,33643,0,2
2025-10-23,4,Lisan al-Caleb,65500,45919,111419,50260,0,15240,45919,0,2
2025-10-23,5,Mommy Rainier,65405,34144,99549,55006,0,10399,34144,0,5
2025-10-23,6,Mostly Washed,78595,27526,106121,75487,0,3108,27526,0,1
2025-10-23,7,Cártel de Breece y Puka,96101,16524,112625,80070,0,16031,16524,0,0
2025-10-23,8,Loading…,82355,33352,115707,70458,0,11897,33352,0,2
2025-10-23,9,Gaeta Spur FC,66759,54573,121332,60328,0,6431,54573,0,4
2025-10-23,10,Rashid Shaheed Truthers,77310,36387,113697,72787,0,4523,36387,0,3
2025-10-23,11,All You Need Is LOVE,74232,57531,131763,50173,0,24059,57531,0,4
2025-10-23,12,Omar Comin,100734,22950,123684,75195,0,25539,22950,0,0
2025-10-24,1,208 Ferrari Way,77847,25311,103158,60310,0,17537,25311,0,6
2025-10-24,2,The Federal Reserve,109251,38671,147922,101637,0,7614,38671,0,2
2025-10-24,3,Golden Hour,84119,33698,117817,66066,0,18053,33698,0,2
2025-10-24,4,Lisan al-Caleb,65380,45808,111188,50209,0,15171,45808,0,2
2025-10-24,5,Mommy Rainier,65397,34240,99637,55070,0,10327,34240,0,5
2025-10-24,6,Mostly Washed,78541,27595,106136,75418,0,3123,27595,0,1
2025-10-24,7,Cártel de Breece y Puka,96097,16586,112683,80091,0,16006,16586,0,0
2025-10-24,8,Loading…,82927,31575,114502,73313,0,9614,31575,0,2
2025-10-24,9,Gaeta Spur FC,66802,54631,121433,60384,0,6418,54631,0,4
2025-10-24,10,Rashid Shaheed Truthers,77320,36458,113778,72800,0,4520,36458,0,3
2025-10-24,11,All You Need Is LOVE,74334,57395,131729,50186,0,24148,57395,0,4
2025-10-24,12,Omar Comin,100244,24752,124996,72402,0,27842,24752,0,0
2025-10-25,1,208 Ferrari Way,77911,25308,103219,60387,0,17524,25308,0,6
2025-10-25,2,The Federal Reserve,109137,38651,147788,101519,0,7618,38651,0,2
2025-10-25,3,Golden Hour,82685,33677,116362,64675,0,18010,33677,0,2
2025-10-25,4,Lisan al-Caleb,65316,45883,111199,50149,0,15167,45883,0,2
2025-10-25,5,Mommy Rainier,64635,34147,98782,54350,0,10285,34147,0,6
2025-10-25,6,Mostly Washed,78361,27552,105913,75250,0,3111,27552,0,1
2025-10-25,7,Cártel de Breece y Puka,96041,16623,112664,80001,0,16040,16623,0,0
2025-10-25,8,Loading…,82764,31594,114358,73157,0,9607,31594,0,2
2025-10-25,9,Gaeta Spur FC,66661,54543,121204,60282,0,6379,54543,0,4
2025-10-25,10,Rashid Shaheed Truthers,77252,36399,113651,72737,0,4515,36399,0,3
2025-10-25,11,All You Need Is LOVE,74384,57483,131867,50211,0,24173,57483,0,4
2025-10-25,12,Omar Comin,100321,24680,125001,72448,0,27873,24680,0,0
2025-10-26,1,208 Ferrari Way,77887,25259,103146,60375,0,17512,25259,0,6
2025-10-26,2,The Federal Reserve,108804,38577,147381,101188,0,7616,38577,0,2
2025-10-26,3,Golden Hour,82634,33625,116259,64659,0,17975,33625,0,2
2025-10-26,4,Lisan al-Caleb,65191,45872,111063,50057,0,15134,45872,0,2
2025-10-26,5,Mommy Rainier,65711,34154,99865,55500,0,10211,34154,0,6
2025-10-26,6,Mostly Washed,78274,27530,105804,75162,0,3112,27530,0,1
2025-10-26,7,Cártel de Breece y Puka,95979,16569,112548,79993,0,15986,16569,0,0
2025-10-26,8,Loading…,82725,31589,114314,73116,0,9609,31589,0,2
2025-10-26,9,Gaeta Spur FC,66300,54529,120829,59917,0,6383,54529,0,4
2025-10-26,10,Rashid Shaheed Truthers,77045,36386,113431,72524,0,4521,36386,0,3
2025-10-26,11,All You Need Is LOVE,74354,57476,131830,50254,0,24100,57476,0,4
2025-10-26,12,Omar Comin,100206,24670,124876,72344,0,27862,24670,0,0
2025-10-27,1,208 Ferrari Way,77932,25211,103143,60428,0,17504,25211,0,6
2025-10-27,2,The Federal Reserve,108766,38558,147324,101160,0,7606,38558,0,2
2025-10-27,3,Golden Hour,82656,33583,116239,64689,0,17967,33583,0,2
2025-10-27,4,Lisan al-Caleb,65178,45901,111079,50066,0,15112,45901,0,2
2025-10-27,5,Mommy Rainier,65652,34157,99809,55416,0,10236,34157,0,6
2025-10-27,6,Mostly Washed,78352,27545,105897,75213,0,3139,27545,0,1
2025-10-27,7,Cártel de Breece y Puka,95926,16556,112482,79953,0,15973,16556,0,0
2025-10-27,8,Loading…,82762,31584,114346,73139,0,9623,31584,0,2
2025-10-27,9,Gaeta Spur FC,66265,54521,120786,59888,0,6377,54521,0,4
2025-10-27,10,Rashid Shaheed Truthers,77031,36415,113446,72523,0,4508,36415,0,3
2025-10-27,11,All You Need Is LOVE,74405,57505,131910,50302,0,24103,57505,0,4
2025-10-27,12,Omar Comin,100262,24740,125002,72362,0,27900,24740,0,0
2025-10-28,1,208 Ferrari Way,77945,25212,103157,60419,0,17526,25212,0,6
2025-10-28,2,The Federal Reserve,106986,48069,155055,99449,0,7537,48069,0,2
2025-10-28,3,Golden Hour,82737,33577,116314,64834,0,17903,33577,0,2
2025-10-28,4,Lisan al-Caleb,65152,45988,111140,50058,0,15094,45988,0,2
2025-10-28,5,Mommy Rainier,65648,34181,99829,55433,0,10215,34181,0,6
2025-10-28,6,Mostly Washed,78314,27500,105814,75160,0,3154,27500,0,1
2025-10-28,7,Cártel de Breece y Puka,95900,16576,112476,79902,0,15998,16576,0,0
2025-10-28,8,Loading…,82752,31594,114346,73114,0,9638,31594,0,2
2025-10-28,9,Gaeta Spur FC,66321,54467,120788,59937,0,6384,54467,0,4
2025-10-28,10,Rashid Shaheed Truthers,77020,36364,113384,72494,0,4526,36364,0,3
2025-10-28,11,All You Need Is LOVE,74420,57641,132061,50290,0,24130,57641,0,4
2025-10-28,12,Omar Comin,102076,15223,117299,74061,0,28015,15223,0,0
2025-10-29,1,208 Ferrari Way,78001,25237,103238,60457,0,17544,25237,0,6
2025-10-29,2,The Federal Reserve,106364,48194,154558,99188,0,7176,48194,0,3
2025-10-29,3,Golden Hour,83021,33600,116621,65277,0,17744,33600,0,2
2025-10-29,4,Lisan al-Caleb,65359,46152,111511,50351,0,15008,46152,0,2
2025-10-29,5,Mommy Rainier,65534,34320,99854,55346,0,10188,34320,0,6
2025-10-29,6,Mostly Washed,77970,27489,105459,74767,0,3203,27489,0,1
2025-10-29,7,Cártel de Breece y Puka,94824,16609,111433,78774,0,16050,16609,0,1
2025-10-29,8,Loading…,82577,31650,114227,72810,0,9767,31650,0,2
2025-10-29,9,Gaeta Spur FC,67542,54350,121892,60927,0,6615,54350,0,3
2025-10-29,10,Rashid Shaheed Truthers,77063,36432,113495,72555,0,4508,36432,0,3
2025-10-29,11,All You Need Is LOVE,75740,57809,133549,51531,0,24209,57809,0,3
2025-10-29,12,Omar Comin,101927,15246,117173,73756,0,28171,15246,0,0
2025-10-30,1,208 Ferrari Way,77889,25282,103171,60393,0,17496,25282,0,6
2025-10-30,2,The Federal Reserve,105826,48203,154029,98901,0,6925,48203,0,3
2025-10-30,3,Golden Hour,83385,33634,117019,65684,0,17701,33634,0,2
2025-10-30,4,Lisan al-Caleb,65207,46063,111270,50205,0,15002,46063,0,2
2025-10-30,5,Mommy Rainier,65496,34251,99747,55355,0,10141,34251,0,6
2025-10-30,6,Mostly Washed,77637,27509,105146,74411,0,3226,27509,0,1
2025-10-30,7,Cártel de Breece y Puka,95140,16633,111773,78965,0,16175,16633,0,1
2025-10-30,8,Loading…,82646,31637,114283,72893,0,9753,31637,0,2
2025-10-30,9,Gaeta Spur FC,67727,54308,122035,60857,0,6870,54308,0,3
2025-10-30,10,Rashid Shaheed Truthers,76960,36321,113281,72460,0,4500,36321,0,3
2025-10-30,11,All You Need Is LOVE,76052,57672,133724,51771,0,24281,57672,0,3
2025-10-30,12,Omar Comin,102308,15207,117515,74031,0,28277,15207,0,0
2025-10-31,1,208 Ferrari Way,78054,25324,103378,60537,0,17517,25324,0,6
2025-10-31,2,The Federal Reserve,105440,48167,153607,98561,0,6879,48167,0,3
2025-10-31,3,Golden Hour,83352,33720,117072,65836,0,17516,33720,0,2
2025-10-31,4,Lisan al-Caleb,65248,46216,111464,50146,0,15102,46216,0,2
2025-10-31,5,Mommy Rainier,65415,34283,99698,55362,0,10053,34283,0,6
2025-10-31,6,Mostly Washed,77844,27523,105367,74530,0,3314,27523,0,1
2025-10-31,7,Cártel de Breece y Puka,95342,16726,112068,79164,0,16178,16726,0,1
2025-10-31,8,Loading…,82653,31493,114146,72853,0,9800,31493,0,2
2025-10-31,9,Gaeta Spur FC,67960,54416,122376,61044,0,6916,54416,0,3
2025-10-31,10,Rashid Shaheed Truthers,77610,36317,113927,73141,0,4469,36317,0,3
2025-10-31,11,All You Need Is LOVE,76164,57623,133787,51877,0,24287,57623,0,3
2025-10-31,12,Omar Comin,102454,15212,117666,74001,0,28453,15212,0,0
2025-11-01,1,208 Ferrari Way,79514,20602,100116,61368,0,18146,20602,0,5
2025-11-01,2,The Federal Reserve,105172,48274,153446,98300,0,6872,48274,0,3
2025-11-01,3,Golden Hour,83439,33688,117127,65967,0,17472,33688,0,2
2025-11-01,4,Lisan al-Caleb,62417,51034,113451,47893,0,14524,51034,0,3
2025-11-01,5,Mommy Rainier,65588,34247,99835,55586,0,10002,34247,0,6
2025-11-01,6,Mostly Washed,77919,27551,105470,74568,0,3351,27551,0,1
2025-11-01,7,Cártel de Breece y Puka,95506,16725,112231,79279,0,16227,16725,0,1
2025-11-01,8,Loading…,82457,31500,113957,72692,0,9765,31500,0,2
2025-11-01,9,Gaeta Spur FC,67928,54415,122343,61018,0,6910,54415,0,3
2025-11-01,10,Rashid Shaheed Truthers,77478,36315,113793,73014,0,4464,36315,0,3
2025-11-01,11,All You Need Is LOVE,76260,57730,133990,51911,0,24349,57730,0,3
2025-11-01,12,Omar Comin,102533,15207,117740,74032,0,28501,15207,0,0
2025-11-02,1,208 Ferrari Way,79574,20596,100170,61407,0,18167,20596,0,5
2025-11-02,2,The Federal Reserve,105091,48267,153358,98237,0,6854,48267,0,3
2025-11-02,3,Golden Hour,83463,33704,117167,65992,0,17471,33704,0,2
2025-11-02,4,Lisan al-Caleb,62361,50923,113284,47759,0,14602,50923,0,3
2025-11-02,5,Mommy Rainier,65690,34236,99926,55748,0,9942,34236,0,6
2025-11-02,6,Mostly Washed,77977,27602,105579,74619,0,3358,27602,0,1
2025-11-02,7,Cártel de Breece y Puka,96325,19049,115374,80054,0,16271,19049,0,1
2025-11-02,8,Loading…,83125,29049,112174,73394,0,9731,29049,0,1
2025-11-02,9,Gaeta Spur FC,67843,54478,122321,60962,0,6881,54478,0,3
2025-11-02,10,Rashid Shaheed Truthers,77459,36264,113723,72994,0,4465,36264,0,3
2025-11-02,11,All You Need Is LOVE,76348,57646,133994,52038,0,24310,57646,0,3
2025-11-02,12,Omar Comin,102607,15230,117837,74066,0,28541,15230,0,0
2025-11-03,1,208 Ferrari Way,79586,20608,100194,61293,0,18293,20608,0,5
2025-11-03,2,The Federal Reserve,104890,48311,153201,98082,0,6808,48311,0,3
2025-11-03,3,Golden Hour,83463,33724,117187,65967,0,17496,33724,0,2
2025-11-03,4,Lisan al-Caleb,62431,50952,113383,47819,0,14612,50952,0,3
2025-11-03,5,Mommy Rainier,65882,34401,100283,55957,0,9925,34401,0,6
2025-11-03,6,Mostly Washed,77822,27664,105486,74489,0,3333,27664,0,1
2025-11-03,7,Cártel de Breece y Puka,96247,19101,115348,80090,0,16157,19101,0,1
2025-11-03,8,Loading…,83029,29085,112114,73346,0,9683,29085,0,1
2025-11-03,9,Gaeta Spur FC,67915,54579,122494,61031,0,6884,54579,0,3
2025-11-03,10,Rashid Shaheed Truthers,77471,36292,113763,73009,0,4462,36292,0,3
2025-11-03,11,All You Need Is LOVE,76320,57740,134060,52082,0,24238,57740,0,3
2025-11-03,12,Omar Comin,102590,15275,117865,73975,0,28615,15275,0,0
2025-11-04,1,208 Ferrari Way,79828,20664,100492,61405,0,18423,20664,0,5
2025-11-04,2,The Federal Reserve,104602,48355,152957,97789,0,6813,48355,0,3
2025-11-04,3,Golden Hour,83143,33740,116883,65755,0,17388,33740,0,2
2025-11-04,4,Lisan al-Caleb,63000,50970,113970,48175,0,14825,50970,0,3
2025-11-04,5,Mommy Rainier,65858,34386,100244,55958,0,9900,34386,0,6
2025-11-04,6,Mostly Washed,77388,27677,105065,74055,0,3333,27677,0,1
2025-11-04,7,Cártel de Breece y Puka,96214,19142,115356,80154,0,16060,19142,0,1
2025-11-04,8,Loading…,82856,29058,111914,73168,0,9688,29058,0,1
2025-11-04,9,Gaeta Spur FC,67943,54573,122516,61089,0,6854,54573,0,3
2025-11-04,10,Rashid Shaheed Truthers,77790,36371,114161,73350,0,4440,36371,0,3
2025-11-04,11,All You Need Is LOVE,76558,57714,134272,52258,0,24300,57714,0,3
2025-11-04,12,Omar Comin,102621,15242,117863,73970,0,28651,15242,0,0
2025-11-05,1,208 Ferrari Way,79707,20664,100371,61268,0,18439,20664,0,5
2025-11-05,2,The Federal Reserve,104421,48441,152862,97711,0,6710,48441,0,3
2025-11-05,3,Golden Hour,82856,33775,116631,65666,0,17190,33775,0,2
2025-11-05,4,Lisan al-Caleb,63055,50965,114020,48124,0,14931,50965,0,3
2025-11-05,5,Mommy Rainier,66890,34309,101199,57075,0,9815,34309,0,5
2025-11-05,6,Mostly Washed,77171,27694,104865,73852,0,3319,27694,0,1
2025-11-05,7,Cártel de Breece y Puka,95770,19206,114976,79668,0,16102,19206,0,1
2025-11-05,8,Loading…,83924,29034,112958,74291,0,9633,29034,0,1
2025-11-05,9,Gaeta Spur FC,67779,54477,122256,61079,0,6700,54477,0,3
2025-11-05,10,Rashid Shaheed Truthers,78439,36411,114850,74007,0,4432,36411,0,4
2025-11-05,11,All You Need Is LOVE,76597,57899,134496,52275,0,24322,57899,0,3
2025-11-05,12,Omar Comin,102661,15261,117922,74021,0,28640,15261,0,0
2025-11-06,1,208 Ferrari Way,79739,20727,100466,61276,0,18463,20727,0,5
2025-11-06,2,The Federal Reserve,104735,48440,153175,98005,0,6730,48440,0,3
2025-11-06,3,Golden Hour,82448,33834,116282,65400,0,17048,33834,0,2
2025-11-06,4,Lisan al-Caleb,64578,50900,115478,49424,0,15154,50900,0,2
2025-11-06,5,Mommy Rainier,66759,34180,100939,56995,0,9764,34180,0,5
2025-11-06,6,Mostly Washed,77321,27804,105125,73990,0,3331,27804,0,1
2025-11-06,7,Cártel de Breece y Puka,95888,19175,115063,79895,0,15993,19175,0,1
2025-11-06,8,Loading…,83787,28959,112746,74184,0,9603,28959,0,1
2025-11-06,9,Gaeta Spur FC,67600,54611,122211,60884,0,6716,54611,0,3
2025-11-06,10,Rashid Shaheed Truthers,78519,36469,114988,74089,0,4430,36469,0,4
2025-11-06,11,All You Need Is LOVE,76828,57656,134484,52481,0,24347,57656,0,3
2025-11-06,12,Omar Comin,102773,15405,118178,74169,0,28604,15405,0,0
2025-11-07,1,208 Ferrari Way,79995,20729,100724,61296,0,18699,20729,0,5
2025-11-07,2,The Federal Reserve,104555,48458,153013,97764,0,6791,48458,0,3
2025-11-07,3,Golden Hour,82326,33821,116147,65303,0,17023,33821,0,2
2025-11-07,4,Lisan al-Caleb,64540,50864,115404,49408,0,15132,50864,0,2
2025-11-07,5,Mommy Rainier,66783,34324,101107,57064,0,9719,34324,0,5
2025-11-07,6,Mostly Washed,77239,27841,105080,73913,0,3326,27841,0,1
2025-11-07,7,Cártel de Breece y Puka,96046,19223,115269,80081,0,15965,19223,0,1
2025-11-07,8,Loading…,83899,29066,112965,74360,0,9539,29066,0,1
2025-11-07,9,Gaeta Spur FC,67406,54672,122078,60688,0,6718,54672,0,3
2025-11-07,10,Rashid Shaheed Truthers,78539,36621,115160,74114,0,4425,36621,0,4
2025-11-07,11,All You Need Is LOVE,76932,57817,134749,52601,0,24331,57817,0,3
2025-11-07,12,Omar Comin,102812,15456,118268,74261,0,28551,15456,0,0
2025-11-08,1,208 Ferrari Way,80122,20773,100895,61338,0,18784,20773,0,5
2025-11-08,2,The Federal Reserve,104457,48578,153035,97720,0,6737,48578,0,3
2025-11-08,3,Golden Hour,82235,33905,116140,65227,0,17008,33905,0,2
2025-11-08,4,Lisan al-Caleb,64500,51044,115544,49397,0,15103,51044,0,2
2025-11-08,5,Mommy Rainier,66988,34535,101523,57225,0,9763,34535,0,5
2025-11-08,6,Mostly Washed,77330,27957,105287,74022,0,3308,27957,0,1
2025-11-08,7,Cártel de Breece y Puka,96136,19189,115325,80130,0,16006,19189,0,1
2025-11-08,8,Loading…,84103,29137,113240,74508,0,9595,29137,0,1
2025-11-08,9,Gaeta Spur FC,67216,54813,122029,60501,0,6715,54813,0,3
2025-11-08,10,Rashid Shaheed Truthers,78580,36779,115359,74152,0,4428,36779,0,4
2025-11-08,11,All You Need Is LOVE,76812,57902,134714,52472,0,24340,57902,0,3
2025-11-08,12,Omar Comin,102619,15536,118155,74116,0,28503,15536,0,0
2025-11-09,1,208 Ferrari Way,80221,20738,100959,61450,0,18771,20738,0,5
2025-11-09,2,The Federal Reserve,104415,48596,153011,97689,0,6726,48596,0,3
2025-11-09,3,Golden Hour,82168,33897,116065,65162,0,17006,33897,0,2
2025-11-09,4,Lisan al-Caleb,64501,51141,115642,49372,0,15129,51141,0,2
2025-11-09,5,Mommy Rainier,68703,34626,103329,58965,0,9738,34626,0,4
2025-11-09,6,Mostly Washed,77296,27904,105200,74002,0,3294,27904,0,1
2025-11-09,7,Cártel de Breece y Puka,96271,19177,115448,80251,0,16020,19177,0,1
2025-11-09,8,Loading…,84053,29229,113282,74481,0,9572,29229,0,1
2025-11-09,9,Gaeta Spur FC,67206,54768,121974,60558,0,6648,54768,0,3
2025-11-09,10,Rashid Shaheed Truthers,78661,36797,115458,74265,0,4396,36797,0,4
2025-11-09,11,All You Need Is LOVE,76808,57943,134751,52413,0,24395,57943,0,3
2025-11-09,12,Omar Comin,102513,15508,118021,73933,0,28580,15508,0,0
2025-11-10,1,208 Ferrari Way,80371,20806,101177,61573,0,18798,20806,0,5
2025-11-10,2,The Federal Reserve,104324,48716,153040,97596,0,6728,48716,0,3
2025-11-10,3,Golden Hour,82189,34053,116242,65198,0,16991,34053,0,2
2025-11-10,4,Lisan al-Caleb,64612,51116,115728,49432,0,15180,51116,0,2
2025-11-10,5,Mommy Rainier,68805,34598,103403,59096,0,9709,34598,0,4
2025-11-10,6,Mostly Washed,77205,27902,105107,73911,0,3294,27902,0,1
2025-11-10,7,Cártel de Breece y Puka,96371,19301,115672,80311,0,16060,19301,0,1
2025-11-10,8,Loading…,84010,29270,113280,74432,0,9578,29270,0,1
2025-11-10,9,Gaeta Spur FC,67195,54820,122015,60549,0,6646,54820,0,3
2025-11-10,10,Rashid Shaheed Truthers,78622,36736,115358,74194,0,4428,36736,0,4
2025-11-10,11,All You Need Is LOVE,76836,57980,134816,52427,0,24409,57980,0,3
2025-11-10,12,Omar Comin,102347,15462,117809,73769,0,28578,15462,0,0
2025-11-11,1,208 Ferrari Way,80407,20655,101062,61552,0,18855,20655,0,5
2025-11-11,2,The Federal Reserve,105125,48032,153157,98326,0,6799,48032,0,3
2025-11-11,3,Golden Hour,82422,33969,116391,65561,0,16861,33969,0,2
2025-11-11,4,Lisan al-Caleb,64966,51283,116249,49509,0,15457,51283,0,2
2025-11-11,5,Mommy Rainier,67807,35159,102966,58168,0,9639,35159,0,4
2025-11-11,6,Mostly Washed,77231,27964,105195,73952,0,3279,27964,0,1
2025-11-11,7,Cártel de Breece y Puka,96384,19197,115581,80259,0,16125,19197,0,1
2025-11-11,8,Loading…,83583,29258,112841,74077,0,9506,29258,0,1
2025-11-11,9,Gaeta Spur FC,67272,54953,122225,60561,0,6711,54953,0,3
2025-11-11,10,Rashid Shaheed Truthers,78417,36785,115202,74096,0,4321,36785,0,4
2025-11-11,11,All You Need Is LOVE,77130,58057,135187,52629,0,24501,58057,0,3
2025-11-11,12,Omar Comin,102337,15436,117773,73690,0,28647,15436,0,0
2025-11-12,1,208 Ferrari Way,84367,19562,103929,68574,0,15793,19562,0,4
2025-11-12,2,The Federal Reserve,110797,41649,152446,103983,0,6814,41649,0,1
2025-11-12,3,Golden Hour,82536,33977,116513,65824,0,16712,33977,0,2
2025-11-12,4,Lisan al-Caleb,66114,55553,121667,44227,0,21887,55553,0,2
2025-11-12,5,Mommy Rainier,67977,35202,103179,58334,0,9643,35202,0,4
2025-11-12,6,Mostly Washed,76990,27882,104872,73738,0,3252,27882,0,1
2025-11-12,7,Cártel de Breece y Puka,95173,14731,109904,85153,0,10020,14731,0,2
2025-11-12,8,Loading…,81332,34019,115351,71820,0,9512,34019,0,1
2025-11-12,9,Gaeta Spur FC,64386,58873,123259,57674,0,6712,58873,0,3
2025-11-12,10,Rashid Shaheed Truthers,78401,36761,115162,74088,0,4313,36761,0,4
2025-11-12,11,All You Need Is LOVE,73585,58989,132574,45829,0,27756,58989,0,3
2025-11-12,12,Omar Comin,102587,12986,115573,73912,0,28675,12986,0,0
2025-11-13,1,208 Ferrari Way,84381,19510,103891,68495,0,15886,19510,0,4
2025-11-13,2,The Federal Reserve,111016,41721,152737,104225,0,6791,41721,0,1
2025-11-13,3,Golden Hour,82606,34051,116657,66043,0,16563,34051,0,2
2025-11-13,4,Lisan al-Caleb,66393,55843,122236,44350,0,22043,55843,0,2
2025-11-13,5,Mommy Rainier,68111,35329,103440,58471,0,9640,35329,0,4
2025-11-13,6,Mostly Washed,76759,27908,104667,73541,0,3218,27908,0,1
2025-11-13,7,Cártel de Breece y Puka,95282,14719,110001,85122,0,10160,14719,0,2
2025-11-13,8,Loading…,80824,34016,114840,71340,0,9484,34016,0,1
2025-11-13,9,Gaeta Spur FC,64261,59031,123292,57491,0,6770,59031,0,4
2025-11-13,10,Rashid Shaheed Truthers,78243,36759,115002,73979,0,4264,36759,0,4
2025-11-13,11,All You Need Is LOVE,73795,59239,133034,45838,0,27957,59239,0,3
2025-11-13,12,Omar Comin,102485,12990,115475,73828,0,28657,12990,0,0
2025-11-14,1,208 Ferrari Way,84166,19564,103730,68254,0,15912,19564,0,4
2025-11-14,2,The Federal Reserve,111384,41783,153167,104526,0,6858,41783,0,1
2025-11-14,3,Golden Hour,82797,34019,116816,66207,0,16590,34019,0,2
2025-11-14,4,Lisan al-Caleb,66906,55787,122693,44471,0,22435,55787,0,1
2025-11-14,5,Mommy Rainier,68107,35259,103366,58478,0,9629,35259,0,4
2025-11-14,6,Mostly Washed,76741,27995,104736,73502,0,3239,27995,0,1
2025-11-14,7,Cártel de Breece y Puka,95422,14744,110166,85213,0,10209,14744,0,2
2025-11-14,8,Loading…,80518,34020,114538,70955,0,9563,34020,0,1
2025-11-14,9,Gaeta Spur FC,64261,59113,123374,57500,0,6761,59113,0,4
2025-11-14,10,Rashid Shaheed Truthers,77833,36845,114678,73579,0,4254,36845,0,4
2025-11-14,11,All You Need Is LOVE,74763,59307,134070,46780,0,27983,59307,0,3
2025-11-14,12,Omar Comin,102328,13076,115404,73687,0,28641,13076,0,0
2025-11-15,1,208 Ferrari Way,84085,19533,103618,68168,0,15917,19533,0,4
2025-11-15,2,The Federal Reserve,111437,41818,153255,104581,0,6856,41818,0,1
2025-11-15,3,Golden Hour,82696,33985,116681,66145,0,16551,33985,0,2
2025-11-15,4,Lisan al-Caleb,67438,55757,123195,44708,0,22730,55757,0,1
2025-11-15,5,Mommy Rainier,68251,35143,103394,58616,0,9635,35143,0,4
2025-11-15,6,Mostly Washed,76735,27977,104712,73489,0,3246,27977,0,1
2025-11-15,7,Cártel de Breece y Puka,95272,14715,109987,85046,0,10226,14715,0,2
2025-11-15,8,Loading…,80453,34042,114495,70777,0,9676,34042,0,1
2025-11-15,9,Gaeta Spur FC,64335,58959,123294,57569,0,6766,58959,0,4
2025-11-15,10,Rashid Shaheed Truthers,77790,36835,114625,73564,0,4226,36835,0,4
2025-11-15,11,All You Need Is LOVE,74802,59318,134120,46852,0,27950,59318,0,3
2025-11-15,12,Omar Comin,102282,13066,115348,73491,0,28791,13066,0,0
2025-11-16,1,208 Ferrari Way,84235,19575,103810,68383,0,15852,19575,0,4
2025-11-16,2,The Federal Reserve,111244,41890,153134,104371,0,6873,41890,0,1
2025-11-16,3,Golden Hour,82866,34018,116884,66367,0,16499,34018,0,2
2025-11-16,4,Lisan al-Caleb,67689,55787,123476,44854,0,22835,55787,0,1
2025-11-16,5,Mommy Rainier,68228,35035,103263,58606,0,9622,35035,0,4
2025-11-16,6,Mostly Washed,77116,28060,105176,73854,0,3262,28060,0,1
2025-11-16,7,Cártel de Breece y Puka,95010,14723,109733,84748,0,10262,14723,0,2
2025-11-16,8,Loading…,80272,33998,114270,70609,0,9663,33998,0,1
2025-11-16,9,Gaeta Spur FC,64212,59041,123253,57440,0,6772,59041,0,5
2025-11-16,10,Rashid Shaheed Truthers,77534,36919,114453,73351,0,4183,36919,0,5
2025-11-16,11,All You Need Is LOVE,75076,59308,134384,47112,0,27964,59308,0,3
2025-11-16,12,Omar Comin,102278,13174,115452,73300,0,28978,13174,0,0
2025-11-17,1,208 Ferrari Way,84220,19650,103870,68373,0,15847,19650,0,4
2025-11-17,2,The Federal Reserve,111581,41877,153458,104670,0,6911,41877,0,1
2025-11-17,3,Golden Hour,82904,34059,116963,66316,0,16588,34059,0,2
2025-11-17,4,Lisan al-Caleb,67666,55687,123353,44827,0,22839,55687,0,1
2025-11-17,5,Mommy Rainier,68370,35129,103499,58732,0,9638,35129,0,4
2025-11-17,6,Mostly Washed,76950,28059,105009,73697,0,3253,28059,0,1
2025-11-17,7,Cártel de Breece y Puka,94927,14789,109716,84721,0,10206,14789,0,2
2025-11-17,8,Loading…,80297,33996,114293,70644,0,9653,33996,0,1
2025-11-17,9,Gaeta Spur FC,64077,58910,122987,57273,0,6804,58910,0,5
2025-11-17,10,Rashid Shaheed Truthers,77343,36938,114281,73133,0,4210,36938,0,5
2025-11-17,11,All You Need Is LOVE,75228,59189,134417,47279,0,27949,59189,0,3
2025-11-17,12,Omar Comin,102319,13161,115480,73265,0,29054,13161,0,0
2025-11-18,1,208 Ferrari Way,84006,19629,103635,68273,0,15733,19629,0,4
2025-11-18,2,The Federal Reserve,109818,43482,153300,104931,0,4887,43482,0,1
2025-11-18,3,Golden Hour,87083,27557,114640,70411,0,16672,27557,0,2
2025-11-18,4,Lisan al-Caleb,66012,57812,123824,43042,0,22970,57812,0,1
2025-11-18,5,Mommy Rainier,68474,35171,103645,58792,0,9682,35171,0,4
2025-11-18,6,Mostly Washed,76847,28065,104912,73561,0,3286,28065,0,1
2025-11-18,7,Cártel de Breece y Puka,94843,14762,109605,84654,0,10189,14762,0,2
2025-11-18,8,Loading…,79434,31936,111370,69830,0,9604,31936,0,1
2025-11-18,9,Gaeta Spur FC,60106,65270,125376,53298,0,6808,65270,0,5
2025-11-18,10,Rashid Shaheed Truthers,77002,37040,114042,72702,0,4300,37040,0,5
2025-11-18,11,All You Need Is LOVE,77279,57806,135085,47299,0,29980,57806,0,2
2025-11-18,12,Omar Comin,100685,13110,113795,71582,0,29103,13110,0,0
2025-11-19,1,208 Ferrari Way,83884,19572,103456,68243,0,15641,19572,0,4
2025-11-19,2,The Federal Reserve,110870,43488,154358,106014,0,4856,43488,0,1
2025-11-19,3,Golden Hour,87222,27593,114815,70463,0,16759,27593,0,2
2025-11-19,4,Lisan al-Caleb,66139,57937,124076,43060,0,23079,57937,0,1
2025-11-19,5,Mommy Rainier,68932,35141,104073,59183,0,9749,35141,0,4
2025-11-19,6,Mostly Washed,76588,27927,104515,73329,0,3259,27927,0,2
2025-11-19,7,Cártel de Breece y Puka,96436,14784,111220,86255,0,10181,14784,0,1
2025-11-19,8,Loading…,79534,32046,111580,69991,0,9543,32046,0,1
2025-11-19,9,Gaeta Spur FC,60083,65209,125292,53219,0,6864,65209,0,7
2025-11-19,10,Rashid Shaheed Truthers,76834,36848,113682,72483,0,4351,36848,0,5
2025-11-19,11,All You Need Is LOVE,77387,57908,135295,47342,0,30045,57908,0,2
2025-11-19,12,Omar Comin,101978,13067,115045,72907,0,29071,13067,0,0
2025-11-20,1,208 Ferrari Way,83858,19434,103292,68271,0,15587,19434,0,4
2025-11-20,2,The Federal Reserve,111144,43410,154554,106284,0,4860,43410,0,1
2025-11-20,3,Golden Hour,87184,27452,114636,70322,0,16862,27452,0,2
2025-11-20,4,Lisan al-Caleb,66121,58051,124172,43064,0,23057,58051,0,1
2025-11-20,5,Mommy Rainier,69352,35108,104460,59570,0,9782,35108,0,3
2025-11-20,6,Mostly Washed,76338,27890,104228,73067,0,3271,27890,0,2
2025-11-20,7,Cártel de Breece y Puka,96546,14722,111268,86344,0,10202,14722,0,1
2025-11-20,8,Loading…,79849,32059,111908,70364,0,9485,32059,0,1
2025-11-20,9,Gaeta Spur FC,60095,65087,125182,53193,0,6902,65087,0,7
2025-11-20,10,Rashid Shaheed Truthers,76704,36798,113502,72384,0,4320,36798,0,5
2025-11-20,11,All You Need Is LOVE,77505,57855,135360,47457,0,30048,57855,0,2
2025-11-20,12,Omar Comin,101782,13022,114804,72790,0,28992,13022,0,0
2025-11-21,1,208 Ferrari Way,83691,19453,103144,68155,0,15536,19453,0,4
2025-11-21,2,The Federal Reserve,111144,43419,154563,106304,0,4840,43419,0,1
2025-11-21,3,Golden Hour,87144,27470,114614,70294,0,16850,27470,0,2
2025-11-21,4,Lisan al-Caleb,66251,58091,124342,43146,0,23105,58091,0,1
2025-11-21,5,Mommy Rainier,69368,35163,104531,59543,0,9825,35163,0,4
2025-11-21,6,Mostly Washed,76217,27806,104023,72970,0,3247,27806,0,2
2025-11-21,7,Cártel de Breece y Puka,96537,14705,111242,86287,0,10250,14705,0,1
2025-11-21,8,Loading…,80004,31979,111983,70533,0,9471,31979,0,1
2025-11-21,9,Gaeta Spur FC,60110,65126,125236,53198,0,6912,65126,0,7
2025-11-21,10,Rashid Shaheed Truthers,76790,36701,113491,72447,0,4343,36701,0,5
2025-11-21,11,All You Need Is LOVE,77528,57874,135402,47530,0,29998,57874,0,2
2025-11-21,12,Omar Comin,101745,12957,114702,72778,0,28967,12957,0,0
2025-11-22,1,208 Ferrari Way,83639,19472,103111,68144,0,15495,19472,0,4
2025-11-22,2,The Federal Reserve,111322,43540,154862,106468,0,4854,43540,0,1
2025-11-22,3,Golden Hour,86954,27617,114571,70110,0,16844,27617,0,2
2025-11-22,4,Lisan al-Caleb,66290,58245,124535,43144,0,23146,58245,0,1
2025-11-22,5,Mommy Rainier,69411,35125,104536,59445,0,9966,35125,0,4
2025-11-22,6,Mostly Washed,76132,27742,103874,72907,0,3225,27742,0,2
2025-11-22,7,Cártel de Breece y Puka,96352,14740,111092,86136,0,10216,14740,0,1
2025-11-22,8,Loading…,80271,32084,112355,70804,0,9467,32084,0,1
2025-11-22,9,Gaeta Spur FC,60014,65103,125117,53080,0,6934,65103,0,7
2025-11-22,10,Rashid Shaheed Truthers,76828,36634,113462,72488,0,4340,36634,0,5
2025-11-22,11,All You Need Is LOVE,77600,57995,135595,47560,0,30040,57995,0,2
2025-11-22,12,Omar Comin,101641,12907,114548,72742,0,28899,12907,0,0
2025-11-23,1,208 Ferrari Way,83712,19463,103175,68220,0,15492,19463,0,4
2025-11-23,2,The Federal Reserve,111404,43447,154851,106563,0,4841,43447,0,1
2025-11-23,3,Golden Hour,87031,27564,114595,70181,0,16850,27564,0,2
2025-11-23,4,Lisan al-Caleb,66399,58150,124549,43210,0,23189,58150,0,1
2025-11-23,5,Mommy Rainier,69468,35067,104535,59442,0,10026,35067,0,4
2025-11-23,6,Mostly Washed,76114,27713,103827,72921,0,3193,27713,0,2
2025-11-23,7,Cártel de Breece y Puka,96249,14678,110927,86032,0,10217,14678,0,1
2025-11-23,8,Loading…,80219,32082,112301,70801,0,9418,32082,0,1
2025-11-23,9,Gaeta Spur FC,60145,65110,125255,53219,0,6926,65110,0,7
2025-11-23,10,Rashid Shaheed Truthers,76668,36604,113272,72349,0,4319,36604,0,5
2025-11-23,11,All You Need Is LOVE,77776,57940,135716,47643,0,30133,57940,0,2
2025-11-23,12,Omar Comin,101527,12914,114441,72723,0,28804,12914,0,0
2025-11-24,1,208 Ferrari Way,83789,19500,103289,68294,0,15495,19500,0,4
2025-11-24,2,The Federal Reserve,111394,43437,154831,106568,0,4826,43437,0,1
2025-11-24,3,Golden Hour,86985,27587,114572,70138,0,16847,27587,0,2
2025-11-24,4,Lisan al-Caleb,66611,58245,124856,43401,0,23210,58245,0,1
2025-11-24,5,Mommy Rainier,69530,35159,104689,59471,0,10059,35159,0,4
2025-11-24,6,Mostly Washed,76110,27781,103891,72937,0,3173,27781,0,2
2025-11-24,7,Cártel de Breece y Puka,96274,14631,110905,86016,0,10258,14631,0,1
2025-11-24,8,Loading…,80312,32010,112322,70891,0,9421,32010,0,1
2025-11-24,9,Gaeta Spur FC,60108,65270,125378,53210,0,6898,65270,0,7
2025-11-24,10,Rashid Shaheed Truthers,76656,36618,113274,72313,0,4343,36618,0,5
2025-11-24,11,All You Need Is LOVE,77580,58028,135608,47467,0,30113,58028,0,2
2025-11-24,12,Omar Comin,101320,12962,114282,72617,0,28703,12962,0,0
2025-11-25,1,208 Ferrari Way,84051,19549,103600,68425,0,15626,19549,0,4
2025-11-25,2,The Federal Reserve,111282,43523,154805,106492,0,4790,43523,0,1
2025-11-25,3,Golden Hour,86974,27644,114618,70173,0,16801,27644,0,2
2025-11-25,4,Lisan al-Caleb,66930,58137,125067,43528,0,23402,58137,0,1
2025-11-25,5,Mommy Rainier,69551,35062,104613,59452,0,10099,35062,0,3
2025-11-25,6,Mostly Washed,75973,27920,103893,72780,0,3193,27920,0,2
2025-11-25,7,Cártel de Breece y Puka,95861,14656,110517,85673,0,10188,14656,0,1
2025-11-25,8,Loading…,80578,31979,112557,71130,0,9448,31979,0,0
2025-11-25,9,Gaeta Spur FC,60038,65436,125474,53206,0,6832,65436,0,7
2025-11-25,10,Rashid Shaheed Truthers,76587,36686,113273,72273,0,4314,36686,0,5
2025-11-25,11,All You Need Is LOVE,77432,57997,135429,47458,0,29974,57997,0,2
2025-11-25,12,Omar Comin,101289,13055,114344,72453,0,28836,13055,0,0
2025-11-26,1,208 Ferrari Way,84012,19465,103477,68343,0,15669,19465,0,4
2025-11-26,2,The Federal Reserve,111118,43509,154627,106333,0,4785,43509,0,1
2025-11-26,3,Golden Hour,87076,27622,114698,70322,0,16754,27622,0,2
2025-11-26,4,Lisan al-Caleb,67194,58111,125305,43623,0,23571,58111,0,1
2025-11-26,5,Mommy Rainier,69822,35063,104885,59659,0,10163,35063,0,3
2025-11-26,6,Mostly Washed,75904,27982,103886,72743,0,3161,27982,0,2
2025-11-26,7,Cártel de Breece y Puka,95794,14623,110417,85601,0,10193,14623,0,1
2025-11-26,8,Loading…,80775,31947,112722,71362,0,9413,31947,0,1
2025-11-26,9,Gaeta Spur FC,59873,65488,125361,53060,0,6813,65488,0,7
2025-11-26,10,Rashid Shaheed Truthers,76517,36649,113166,72218,0,4299,36649,0,5
2025-11-26,11,All You Need Is LOVE,77316,58070,135386,47392,0,29924,58070,0,1
2025-11-26,12,Omar Comin,101189,13139,114328,72324,0,28865,13139,0,0
2025-11-27,1,208 Ferrari Way,84043,19539,103582,68304,0,15739,19539,0,4
2025-11-27,2,The Federal Reserve,111238,43529,154767,106433,0,4805,43529,0,1
2025-11-27,3,Golden Hour,87201,27689,114890,70444,0,16757,27689,0,2
2025-11-27,4,Lisan al-Caleb,67404,58068,125472,43722,0,23682,58068,0,1
2025-11-27,5,Mommy Rainier,69925,34995,104920,59737,0,10188,34995,0,3
2025-11-27,6,Mostly Washed,75757,27961,103718,72585,0,3172,27961,0,2
2025-11-27,7,Cártel de Breece y Puka,95807,14685,110492,85577,0,10230,14685,0,1
2025-11-27,8,Loading…,80904,31880,112784,71453,0,9451,31880,0,1
2025-11-27,9,Gaeta Spur FC,61319,65511,126830,54442,0,6877,65511,0,6
2025-11-27,10,Rashid Shaheed Truthers,76168,36587,112755,71867,0,4301,36587,0,5
2025-11-27,11,All You Need Is LOVE,77245,58058,135303,47317,0,29928,58058,0,1
2025-11-27,12,Omar Comin,101036,13146,114182,72183,0,28853,13146,0,0
2025-11-28,1,208 Ferrari Way,84133,19488,103621,68281,0,15852,19488,0,4
2025-11-28,2,The Federal Reserve,111033,43466,154499,106228,0,4805,43466,0,1
2025-11-28,3,Golden Hour,87195,27621,114816,70442,0,16753,27621,0,2
2025-11-28,4,Lisan al-Caleb,67460,58112,125572,43762,0,23698,58112,0,1
2025-11-28,5,Mommy Rainier,70063,35061,105124,59830,0,10233,35061,0,3
2025-11-28,6,Mostly Washed,75719,28010,103729,72560,0,3159,28010,0,2
2025-11-28,7,Cártel de Breece y Puka,95827,14625,110452,85558,0,10269,14625,0,1
2025-11-28,8,Loading…,81028,31879,112907,71578,0,9450,31879,0,1
2025-11-28,9,Gaeta Spur FC,61396,65526,126922,54525,0,6871,65526,0,6
2025-11-28,10,Rashid Shaheed Truthers,76052,36649,112701,71732,0,4320,36649,0,5
2025-11-28,11,All You Need Is LOVE,77064,58008,135072,47255,0,29809,58008,0,1
2025-11-28,12,Omar Comin,101007,13219,114226,72201,0,28806,13219,0,0
2025-11-29,1,208 Ferrari Way,84045,19449,103494,68150,0,15895,19449,0,4
2025-11-29,2,The Federal Reserve,111078,43490,154568,106261,0,4817,43490,0,1
2025-11-29,3,Golden Hour,87333,27616,114949,70535,0,16798,27616,0,2
2025-11-29,4,Lisan al-Caleb,67511,58046,125557,43715,0,23796,58046,0,1
2025-11-29,5,Mommy Rainier,70138,35094,105232,59838,0,10300,35094,0,3
2025-11-29,6,Mostly Washed,75769,28052,103821,72596,0,3173,28052,0,2
2025-11-29,7,Cártel de Breece y Puka,95749,14617,110366,85452,0,10297,14617,0,1
2025-11-29,8,Loading…,81144,31903,113047,71727,0,9417,31903,0,1
2025-11-29,9,Gaeta Spur FC,61416,65624,127040,54520,0,6896,65624,0,6
2025-11-29,10,Rashid Shaheed Truthers,75893,36696,112589,71587,0,4306,36696,0,5
2025-11-29,11,All You Need Is LOVE,76968,58032,135000,47185,0,29783,58032,0,1
2025-11-29,12,Omar Comin,100881,13213,114094,72156,0,28725,13213,0,0
2025-11-30,1,208 Ferrari Way,83973,19439,103412,68061,0,15912,19439,0,4
2025-11-30,2,The Federal Reserve,111056,43512,154568,106236,0,4820,43512,0,1
2025-11-30,3,Golden Hour,85655,27552,113207,68874,0,16781,27552,0,2
2025-11-30,4,Lisan al-Caleb,67639,58141,125780,43721,0,23918,58141,0,1
2025-11-30,5,Mommy Rainier,70044,35097,105141,59751,0,10293,35097,0,3
2025-11-30,6,Mostly Washed,75744,28062,103806,72568,0,3176,28062,0,2
2025-11-30,7,Cártel de Breece y Puka,95730,14641,110371,85434,0,10296,14641,0,1
2025-11-30,8,Loading…,81296,31958,113254,71896,0,9400,31958,0,1
2025-11-30,9,Gaeta Spur FC,61312,65540,126852,54402,0,6910,65540,0,6
2025-11-30,10,Rashid Shaheed Truthers,75871,36701,112572,71556,0,4315,36701,0,5
2025-11-30,11,All You Need Is LOVE,77054,58129,135183,47210,0,29844,58129,0,1
2025-11-30,12,Omar Comin,100839,13216,114055,72122,0,28717,13216,0,0
2025-12-01,1,208 Ferrari Way,83964,19440,103404,67984,0,15980,19440,0,4
2025-12-01,2,The Federal Reserve,110942,43620,154562,106115,0,4827,43620,0,1
2025-12-01,3,Golden Hour,85799,27594,113393,68950,0,16849,27594,0,2
2025-12-01,4,Lisan al-Caleb,67684,58199,125883,43764,0,23920,58199,0,1
2025-12-01,5,Mommy Rainier,70073,35134,105207,59755,0,10318,35134,0,3
2025-12-01,6,Mostly Washed,75730,28130,103860,72552,0,3178,28130,0,2
2025-12-01,7,Cártel de Breece y Puka,95650,14621,110271,85349,0,10301,14621,0,1
2025-12-01,8,Loading…,81372,31913,113285,71971,0,9401,31913,0,1
2025-12-01,9,Gaeta Spur FC,61365,65580,126945,54483,0,6882,65580,0,6
2025-12-01,10,Rashid Shaheed Truthers,75668,36740,112408,71364,0,4304,36740,0,5
2025-12-01,11,All You Need Is LOVE,77064,58049,135113,47202,0,29862,58049,0,1
2025-12-01,12,Omar Comin,100820,13228,114048,72128,0,28692,13228,0,0
2025-12-02,1,208 Ferrari Way,83967,19508,103475,67965,0,16002,19508,0,4
2025-12-02,2,The Federal Reserve,111102,43710,154812,106266,0,4836,43710,0,1
2025-12-02,3,Golden Hour,85840,27598,113438,69046,0,16794,27598,0,2
2025-12-02,4,Lisan al-Caleb,67797,58207,126004,43859,0,23938,58207,0,1
2025-12-02,5,Mommy Rainier,70105,35146,105251,59742,0,10363,35146,0,3
2025-12-02,6,Mostly Washed,75710,28187,103897,72547,0,3163,28187,0,2
2025-12-02,7,Cártel de Breece y Puka,95473,14676,110149,85152,0,10321,14676,0,1
2025-12-02,8,Loading…,81354,31974,113328,71968,0,9386,31974,0,1
2025-12-02,9,Gaeta Spur FC,61320,65540,126860,54468,0,6852,65540,0,6
2025-12-02,10,Rashid Shaheed Truthers,75405,36824,112229,71151,0,4254,36824,0,5
2025-12-02,11,All You Need Is LOVE,76994,58031,135025,47234,0,29760,58031,0,1
2025-12-02,12,Omar Comin,100894,13255,114149,72293,0,28601,13255,0,0
2025-12-03,1,208 Ferrari Way,85181,19511,104692,69062,0,16119,19511,0,3
2025-12-03,2,The Federal Reserve,111119,43707,154826,106337,0,4782,43707,0,1
2025-12-03,3,Golden Hour,85974,27564,113538,69124,0,16850,27564,0,2
2025-12-03,4,Lisan al-Caleb,67877,58280,126157,43910,0,23967,58280,0,1
2025-12-03,5,Mommy Rainier,70006,35145,105151,59643,0,10363,35145,0,3
2025-12-03,6,Mostly Washed,75748,28191,103939,72617,0,3131,28191,0,2
2025-12-03,7,Cártel de Breece y Puka,95399,14688,110087,85055,0,10344,14688,0,1
2025-12-03,8,Loading…,83051,31993,115044,73677,0,9374,31993,0,1
2025-12-03,9,Gaeta Spur FC,62560,65574,128134,55734,0,6826,65574,0,5
2025-12-03,10,Rashid Shaheed Truthers,75341,36870,112211,71109,0,4232,36870,0,5
2025-12-03,11,All You Need Is LOVE,76961,57986,134947,47214,0,29747,57986,0,1
2025-12-03,12,Omar Comin,100828,13227,114055,72229,0,28599,13227,0,0
2025-12-04,1,208 Ferrari Way,85130,19490,104620,68929,0,16201,19490,0,3
2025-12-04,2,The Federal Reserve,111168,43724,154892,106412,0,4756,43724,0,1
2025-12-04,3,Golden Hour,86089,27586,113675,69198,0,16891,27586,0,2
2025-12-04,4,Lisan al-Caleb,67930,58445,126375,43938,0,23992,58445,0,1
2025-12-04,5,Mommy Rainier,69870,35077,104947,59449,0,10421,35077,0,3
2025-12-04,6,Mostly Washed,75816,28129,103945,72704,0,3112,28129,0,2
2025-12-04,7,Cártel de Breece y Puka,93998,14669,108667,83612,0,10386,14669,0,1
2025-12-04,8,Loading…,83023,32024,115047,73676,0,9347,32024,0,1
2025-12-04,9,Gaeta Spur FC,62640,65439,128079,55742,0,6898,65439,0,5
2025-12-04,10,Rashid Shaheed Truthers,75315,36855,112170,71083,0,4232,36855,0,5
2025-12-04,11,All You Need Is LOVE,76919,58022,134941,47197,0,29722,58022,0,1
2025-12-04,12,Omar Comin,100799,13180,113979,72278,0,28521,13180,0,0
2025-12-05,1,208 Ferrari Way,85075,19482,104557,68786,0,16289,19482,0,3
2025-12-05,2,The Federal Reserve,111350,43676,155026,106584,0,4766,43676,0,1
2025-12-05,3,Golden Hour,86347,27594,113941,69417,0,16930,27594,0,2
2025-12-05,4,Lisan al-Caleb,67808,58400,126208,43862,0,23946,58400,0,1
2025-12-05,5,Mommy Rainier,69840,35058,104898,59401,0,10439,35058,0,3
2025-12-05,6,Mostly Washed,75867,28125,103992,72774,0,3093,28125,0,2
2025-12-05,7,Cártel de Breece y Puka,94034,14695,108729,83649,0,10385,14695,0,1
2025-12-05,8,Loading…,82962,32019,114981,73636,0,9326,32019,0,1
2025-12-05,9,Gaeta Spur FC,62557,65423,127980,55651,0,6906,65423,0,5
2025-12-05,10,Rashid Shaheed Truthers,75209,36845,112054,70964,0,4245,36845,0,5
2025-12-05,11,All You Need Is LOVE,76848,57991,134839,47208,0,29640,57991,0,1
2025-12-05,12,Omar Comin,100790,13212,114002,72254,0,28536,13212,0,0
2025-12-06,1,208 Ferrari Way,85002,19508,104510,68695,0,16307,19508,0,3
2025-12-06,2,The Federal Reserve,111326,43693,155019,106568,0,4758,43693,0,1
2025-12-06,3,Golden Hour,86530,27606,114136,69610,0,16920,27606,0,2
2025-12-06,4,Lisan al-Caleb,67879,58458,126337,43927,0,23952,58458,0,1
2025-12-06,5,Mommy Rainier,69790,35075,104865,59351,0,10439,35075,0,3
2025-12-06,6,Mostly Washed,75763,28139,103902,72664,0,3099,28139,0,2
2025-12-06,7,Cártel de Breece y Puka,94069,14719,108788,83667,0,10402,14719,0,1
2025-12-06,8,Loading…,83034,32028,115062,73653,0,9381,32028,0,1
2025-12-06,9,Gaeta Spur FC,62551,65399,127950,55659,0,6892,65399,0,5
2025-12-06,10,Rashid Shaheed Truthers,75155,36844,111999,70931,0,4224,36844,0,5
2025-12-06,11,All You Need Is LOVE,76848,57987,134835,47229,0,29619,57987,0,1
2025-12-06,12,Omar Comin,100725,13232,113957,72206,0,28519,13232,0,0
2025-12-07,1,208 Ferrari Way,84805,19490,104295,68564,0,16241,19490,0,3
2025-12-07,2,The Federal Reserve,111356,43674,155030,106598,0,4758,43674,0,1
2025-12-07,3,Golden Hour,86639,27574,114213,69677,0,16962,27574,0,2
2025-12-07,4,Lisan al-Caleb,67924,58467,126391,43921,0,24003,58467,0,1
2025-12-07,5,Mommy Rainier,69926,35000,104926,59414,0,10512,35000,0,3
2025-12-07,6,Mostly Washed,75764,28091,103855,72640,0,3124,28091,0,2
2025-12-07,7,Cártel de Breece y Puka,94034,14699,108733,83649,0,10385,14699,0,1
2025-12-07,8,Loading…,82983,32082,115065,73614,0,9369,32082,0,1
2025-12-07,9,Gaeta Spur FC,62574,65394,127968,55664,0,6910,65394,0,5
2025-12-07,10,Rashid Shaheed Truthers,74970,36786,111756,70760,0,4210,36786,0,5
2025-12-07,11,All You Need Is LOVE,76975,58011,134986,47349,0,29626,58011,0,1
2025-12-07,12,Omar Comin,100748,13236,113984,72178,0,28570,13236,0,0
2025-12-08,1,208 Ferrari Way,84740,19480,104220,68533,0,16207,19480,0,3
2025-12-08,2,The Federal Reserve,111430,43666,155096,106652,0,4778,43666,0,1
2025-12-08,3,Golden Hour,86838,27566,114404,69853,0,16985,27566,0,2
2025-12-08,4,Lisan al-Caleb,67990,58462,126452,43999,0,23991,58462,0,1
2025-12-08,5,Mommy Rainier,69730,35050,104780,59260,0,10470,35050,0,3
2025-12-08,6,Mostly Washed,75782,28063,103845,72682,0,3100,28063,0,2
2025-12-08,7,Cártel de Breece y Puka,93992,14660,108652,83545,0,10447,14660,0,1
2025-12-08,8,Loading…,82976,32115,115091,73595,0,9381,32115,0,1
2025-12-08,9,Gaeta Spur FC,62627,65373,128000,55680,0,6947,65373,0,5
2025-12-08,10,Rashid Shaheed Truthers,74968,36771,111739,70751,0,4217,36771,0,5
2025-12-08,11,All You Need Is LOVE,76937,58026,134963,47328,0,29609,58026,0,1
2025-12-08,12,Omar Comin,100624,13152,113776,72071,0,28553,13152,0,0
2025-12-09,1,208 Ferrari Way,84601,19503,104104,68307,0,16294,19503,0,3
2025-12-09,2,The Federal Reserve,111352,43746,155098,106561,0,4791,43746,0,1
2025-12-09,3,Golden Hour,86920,27587,114507,69973,0,16947,27587,0,2
2025-12-09,4,Lisan al-Caleb,68124,58443,126567,44012,0,24112,58443,0,1
2025-12-09,5,Mommy Rainier,69699,35031,104730,59199,0,10500,35031,0,3
2025-12-09,6,Mostly Washed,75680,28100,103780,72590,0,3090,28100,0,2
2025-12-09,7,Cártel de Breece y Puka,93860,14707,108567,83411,0,10449,14707,0,1
2025-12-09,8,Loading…,83056,32046,115102,73641,0,9415,32046,0,1
2025-12-09,9,Gaeta Spur FC,62739,65378,128117,55744,0,6995,65378,0,5
2025-12-09,10,Rashid Shaheed Truthers,75051,36882,111933,70841,0,4210,36882,0,5
2025-12-09,11,All You Need Is LOVE,77044,57928,134972,47405,0,29639,57928,0,1
2025-12-09,12,Omar Comin,100512,13161,113673,71850,0,28662,13161,0,0
2025-12-10,1,208 Ferrari Way,84526,19571,104097,68204,0,16322,19571,0,3
2025-12-10,2,The Federal Reserve,111224,43719,154943,106441,0,4783,43719,0,1
2025-12-10,3,Golden Hour,86996,27589,114585,69988,0,17008,27589,0,2
2025-12-10,4,Lisan al-Caleb,68222,58446,126668,43988,0,24234,58446,0,2
2025-12-10,5,Mommy Rainier,70837,35009,105846,60276,0,10561,35009,0,2
2025-12-10,6,Mostly Washed,75693,28046,103739,72605,0,3088,28046,0,2
2025-12-10,7,Cártel de Breece y Puka,92416,14754,107170,81951,0,10465,14754,0,1
2025-12-10,8,Loading…,83106,32000,115106,73661,0,9445,32000,0,1
2025-12-10,9,Gaeta Spur FC,64010,65225,129235,57006,0,7004,65225,0,4
2025-12-10,10,Rashid Shaheed Truthers,74987,36769,111756,70795,0,4192,36769,0,4
2025-12-10,11,All You Need Is LOVE,77017,57911,134928,47430,0,29587,57911,0,1
2025-12-10,12,Omar Comin,100460,13161,113621,71707,0,28753,13161,0,0
2025-12-11,1,208 Ferrari Way,84537,19615,104152,68178,0,16359,19615,0,3
2025-12-11,2,The Federal Reserve,111225,43752,154977,106419,0,4806,43752,0,1
2025-12-11,3,Golden Hour,87192,27587,114779,70180,0,17012,27587,0,2
2025-12-11,4,Lisan al-Caleb,68434,58562,126996,44101,0,24333,58562,0,2
2025-12-11,5,Mommy Rainier,70790,35005,105795,60222,0,10568,35005,0,2
2025-12-11,6,Mostly Washed,75707,28031,103738,72617,0,3090,28031,0,2
2025-12-11,7,Cártel de Breece y Puka,92231,14763,106994,81762,0,10469,14763,0,1
2025-12-11,8,Loading…,83051,31990,115041,73610,0,9441,31990,0,1
2025-12-11,9,Gaeta Spur FC,63988,65031,129019,56952,0,7036,65031,0,4
2025-12-11,10,Rashid Shaheed Truthers,74972,36683,111655,70817,0,4155,36683,0,4
2025-12-11,11,All You Need Is LOVE,76969,57861,134830,47409,0,29560,57861,0,1
2025-12-11,12,Omar Comin,98501,13176,111677,69670,0,28831,13176,0,0
2025-12-12,1,208 Ferrari Way,84413,19619,104032,68083,0,16330,19619,0,3
2025-12-12,2,The Federal Reserve,111195,43787,154982,106399,0,4796,43787,0,1
2025-12-12,3,Golden Hour,87204,27604,114808,70162,0,17042,27604,0,2
2025-12-12,4,Lisan al-Caleb,68479,58639,127118,44030,0,24449,58639,0,2
2025-12-12,5,Mommy Rainier,70781,35010,105791,60171,0,10610,35010,0,3
2025-12-12,6,Mostly Washed,75806,28046,103852,72725,0,3081,28046,0,2
2025-12-12,7,Cártel de Breece y Puka,92228,14771,106999,81772,0,10456,14771,0,1
2025-12-12,8,Loading…,82972,32041,115013,73530,0,9442,32041,0,1
2025-12-12,9,Gaeta Spur FC,64022,65120,129142,56973,0,7049,65120,0,4
2025-12-12,10,Rashid Shaheed Truthers,75030,36665,111695,70866,0,4164,36665,0,4
2025-12-12,11,All You Need Is LOVE,76955,57952,134907,47376,0,29579,57952,0,1
2025-12-12,12,Omar Comin,98441,13202,111643,69577,0,28864,13202,0,0
2025-12-13,1,208 Ferrari Way,84318,19660,103978,67980,0,16338,19660,0,3
2025-12-13,2,The Federal Reserve,111182,43812,154994,106395,0,4787,43812,0,1
2025-12-13,3,Golden Hour,87270,27616,114886,70221,0,17049,27616,0,2
2025-12-13,4,Lisan al-Caleb,68475,58767,127242,43998,0,24477,58767,0,2
2025-12-13,5,Mommy Rainier,70810,34975,105785,60181,0,10629,34975,0,3
2025-12-13,6,Mostly Washed,75716,28003,103719,72653,0,3063,28003,0,2
2025-12-13,7,Cártel de Breece y Puka,94195,14762,108957,83742,0,10453,14762,0,0
2025-12-13,8,Loading…,83113,32076,115189,73679,0,9434,32076,0,1
2025-12-13,9,Gaeta Spur FC,63999,65050,129049,56932,0,7067,65050,0,4
2025-12-13,10,Rashid Shaheed Truthers,75073,36637,111710,70910,0,4163,36637,0,4
2025-12-13,11,All You Need Is LOVE,76990,58110,135100,47364,0,29626,58110,0,1
2025-12-13,12,Omar Comin,98399,13244,111643,69508,0,28891,13244,0,0
2025-12-14,1,208 Ferrari Way,84323,19675,103998,67985,0,16338,19675,0,3
2025-12-14,2,The Federal Reserve,111214,43770,154984,106426,0,4788,43770,0,1
2025-12-14,3,Golden Hour,87303,27585,114888,70265,0,17038,27585,0,2
2025-12-14,4,Lisan al-Caleb,68521,58772,127293,44018,0,24503,58772,0,2
2025-12-14,5,Mommy Rainier,70849,34921,105770,60206,0,10643,34921,0,3
2025-12-14,6,Mostly Washed,75708,27981,103689,72647,0,3061,27981,0,2
2025-12-14,7,Cártel de Breece y Puka,94207,14734,108941,83763,0,10444,14734,0,0
2025-12-14,8,Loading…,83058,32049,115107,73622,0,9436,32049,0,1
2025-12-14,9,Gaeta Spur FC,64044,65007,129051,56958,0,7086,65007,0,4
2025-12-14,10,Rashid Shaheed Truthers,75051,36612,111663,70882,0,4169,36612,0,4
2025-12-14,11,All You Need Is LOVE,76992,58045,135037,47362,0,29630,58045,0,1
2025-12-14,12,Omar Comin,99949,13293,113242,71071,0,28878,13293,0,0
2025-12-15,1,208 Ferrari Way,84343,19678,104021,67965,0,16378,19678,0,3
2025-12-15,2,The Federal Reserve,111271,43737,155008,106513,0,4758,43737,0,1
2025-12-15,3,Golden Hour,87352,27533,114885,70303,0,17049,27533,0,2
2025-12-15,4,Lisan al-Caleb,68506,58652,127158,44066,0,24440,58652,0,2
2025-12-15,5,Mommy Rainier,70811,34849,105660,60178,0,10633,34849,0,3
2025-12-15,6,Mostly Washed,75754,27992,103746,72689,0,3065,27992,0,2
2025-12-15,7,Cártel de Breece y Puka,94134,14719,108853,83691,0,10443,14719,0,0
2025-12-15,8,Loading…,83125,31996,115121,73697,0,9428,31996,0,1
2025-12-15,9,Gaeta Spur FC,64084,64944,129028,56965,0,7119,64944,0,4
2025-12-15,10,Rashid Shaheed Truthers,75089,36641,111730,70916,0,4173,36641,0,4
2025-12-15,11,All You Need Is LOVE,76928,57948,134876,47406,0,29522,57948,0,1
2025-12-15,12,Omar Comin,100036,13331,113367,71094,0,28942,13331,0,0
2025-12-16,1,208 Ferrari Way,84341,19685,104026,67990,0,16351,19685,0,3
2025-12-16,2,The Federal Reserve,111251,43758,155009,106515,0,4736,43758,0,1
2025-12-16,3,Golden Hour,87335,27549,114884,70300,0,17035,27549,0,2
2025-12-16,4,Lisan al-Caleb,68679,58642,127321,44180,0,24499,58642,0,2
2025-12-16,5,Mommy Rainier,70777,34818,105595,60136,0,10641,34818,0,3
2025-12-16,6,Mostly Washed,75756,27970,103726,72707,0,3049,27970,0,2
2025-12-16,7,Cártel de Breece y Puka,94151,14725,108876,83690,0,10461,14725,0,0
2025-12-16,8,Loading…,83110,32031,115141,73661,0,9449,32031,0,1
2025-12-16,9,Gaeta Spur FC,64055,64922,128977,56903,0,7152,64922,0,4
2025-12-16,10,Rashid Shaheed Truthers,75023,36619,111642,70865,0,4158,36619,0,3
2025-12-16,11,All You Need Is LOVE,76884,57957,134841,47395,0,29489,57957,0,1
2025-12-16,12,Omar Comin,100029,13300,113329,71046,0,28983,13300,0,0
2025-12-17,1,208 Ferrari Way,84255,19685,103940,67968,0,16287,19685,0,3
2025-12-17,2,The Federal Reserve,111371,43787,155158,106630,0,4741,43787,0,1
2025-12-17,3,Golden Hour,87456,27577,115033,70408,0,17048,27577,0,2
2025-12-17,4,Lisan al-Caleb,68715,58734,127449,44177,0,24538,58734,0,2
2025-12-17,5,Mommy Rainier,70803,34747,105550,60158,0,10645,34747,0,1
2025-12-17,6,Mostly Washed,75871,27963,103834,72824,0,3047,27963,0,2
2025-12-17,7,Cártel de Breece y Puka,94101,14749,108850,83595,0,10506,14749,0,0
2025-12-17,8,Loading…,84515,32003,116518,75076,0,9439,32003,0,0
2025-12-17,9,Gaeta Spur FC,65065,64965,130030,57876,0,7189,64965,0,3
2025-12-17,10,Rashid Shaheed Truthers,74863,36604,111467,70709,0,4154,36604,0,3
2025-12-17,11,All You Need Is LOVE,75406,58020,133426,45952,0,29454,58020,0,2
2025-12-17,12,Omar Comin,100003,13290,113293,71016,0,28987,13290,0,0
2025-12-18,1,208 Ferrari Way,84239,19704,103943,67952,0,16287,19704,0,3
2025-12-18,2,The Federal Reserve,111465,43747,155212,106708,0,4757,43747,0,1
2025-12-18,3,Golden Hour,87556,27526,115082,70451,0,17105,27526,0,2
2025-12-18,4,Lisan al-Caleb,68918,58745,127663,44249,0,24669,58745,0,2
2025-12-18,5,Mommy Rainier,71539,34679,106218,60893,0,10646,34679,0,1
2025-12-18,6,Mostly Washed,75867,27948,103815,72829,0,3038,27948,0,2
2025-12-18,7,Cártel de Breece y Puka,94131,14726,108857,83623,0,10508,14726,0,0
2025-12-18,8,Loading…,84508,31959,116467,75075,0,9433,31959,0,0
2025-12-18,9,Gaeta Spur FC,65112,64940,130052,57904,0,7208,64940,0,3
2025-12-18,10,Rashid Shaheed Truthers,74866,36652,111518,70694,0,4172,36652,0,3
2025-12-18,11,All You Need Is LOVE,75318,58006,133324,45941,0,29377,58006,0,2
2025-12-18,12,Omar Comin,99952,13276,113228,70994,0,28958,13276,0,0
2025-12-19,1,208 Ferrari Way,84110,19707,103817,67831,0,16279,19707,0,3
2025-12-19,2,The Federal Reserve,111567,43700,155267,106817,0,4750,43700,0,1
2025-12-19,3,Golden Hour,87664,27526,115190,70566,0,17098,27526,0,2
2025-12-19,4,Lisan al-Caleb,68971,58798,127769,44255,0,24716,58798,0,2
2025-12-19,5,Mommy Rainier,71893,34668,106561,61228,0,10665,34668,0,1
2025-12-19,6,Mostly Washed,75827,27949,103776,72807,0,3020,27949,0,2
2025-12-19,7,Cártel de Breece y Puka,96124,14715,110839,85620,0,10504,14715,0,0
2025-12-19,8,Loading…,84513,31988,116501,75051,0,9462,31988,0,0
2025-12-19,9,Gaeta Spur FC,65223,64910,130133,57995,0,7228,64910,0,3
2025-12-19,10,Rashid Shaheed Truthers,74745,36705,111450,70562,0,4183,36705,0,3
2025-12-19,11,All You Need Is LOVE,75316,57951,133267,45969,0,29347,57951,0,2
2025-12-19,12,Omar Comin,99922,13259,113181,71014,0,28908,13259,0,0
2025-12-20,1,208 Ferrari Way,84042,19729,103771,67797,0,16245,19729,0,3
2025-12-20,2,The Federal Reserve,111597,43723,155320,106833,0,4764,43723,0,1
2025-12-20,3,Golden Hour,87674,27524,115198,70547,0,17127,27524,0,2
2025-12-20,4,Lisan al-Caleb,69174,58748,127922,44399,0,24775,58748,0,2
2025-12-20,5,Mommy Rainier,71830,34619,106449,61205,0,10625,34619,0,1
2025-12-20,6,Mostly Washed,75839,27960,103799,72821,0,3018,27960,0,2
2025-12-20,7,Cártel de Breece y Puka,96140,14702,110842,85652,0,10488,14702,0,0
2025-12-20,8,Loading…,84485,31950,116435,75084,0,9401,31950,0,0
2025-12-20,9,Gaeta Spur FC,65215,64911,130126,57984,0,7231,64911,0,3
2025-12-20,10,Rashid Shaheed Truthers,74731,36728,111459,70568,0,4163,36728,0,3
2025-12-20,11,All You Need Is LOVE,75366,57887,133253,46014,0,29352,57887,0,2
2025-12-20,12,Omar Comin,99870,13283,113153,70979,0,28891,13283,0,0
2025-12-21,1,208 Ferrari Way,84039,19714,103753,67811,0,16228,19714,0,3
2025-12-21,2,The Federal Reserve,111596,43710,155306,106841,0,4755,43710,0,1
2025-12-21,3,Golden Hour,87712,27502,115214,70576,0,17136,27502,0,2
2025-12-21,4,Lisan al-Caleb,69173,58789,127962,44364,0,24809,58789,0,2
2025-12-21,5,Mommy Rainier,71787,34620,106407,61200,0,10587,34620,0,1
2025-12-21,6,Mostly Washed,75912,27924,103836,72901,0,3011,27924,0,2
2025-12-21,7,Cártel de Breece y Puka,96084,14695,110779,85609,0,10475,14695,0,0
2025-12-21,8,Loading…,84502,31956,116458,75098,0,9404,31956,0,0
2025-12-21,9,Gaeta Spur FC,65218,64890,130108,57992,0,7226,64890,0,3
2025-12-21,10,Rashid Shaheed Truthers,74816,36680,111496,70671,0,4145,36680,0,3
2025-12-21,11,All You Need Is LOVE,75349,57863,133212,46028,0,29321,57863,0,2
2025-12-21,12,Omar Comin,99849,13261,113110,70947,0,28902,13261,0,0
2025-12-22,1,208 Ferrari Way,84031,19658,103689,67814,0,16217,19658,0,3
2025-12-22,2,The Federal Reserve,111680,43675,155355,106915,0,4765,43675,0,1
2025-12-22,3,Golden Hour,87676,27454,115130,70585,0,17091,27454,0,2
2025-12-22,4,Lisan al-Caleb,69222,58804,128026,44383,0,24839,58804,0,2
2025-12-22,5,Mommy Rainier,71792,34642,106434,61187,0,10605,34642,0,1
2025-12-22,6,Mostly Washed,75905,27935,103840,72893,0,3012,27935,0,2
2025-12-22,7,Cártel de Breece y Puka,96054,14629,110683,85575,0,10479,14629,0,0
2025-12-22,8,Loading…,84514,31972,116486,75118,0,9396,31972,0,0
2025-12-22,9,Gaeta Spur FC,65245,64893,130138,58004,0,7241,64893,0,3
2025-12-22,10,Rashid Shaheed Truthers,74830,36677,111507,70694,0,4136,36677,0,3
2025-12-22,11,All You Need Is LOVE,75267,57828,133095,46023,0,29244,57828,0,2
2025-12-22,12,Omar Comin,99875,13229,113104,70983,0,28892,13229,0,0
2025-12-23,1,208 Ferrari Way,83817,19651,103468,67669,0,16148,19651,0,3
2025-12-23,2,The Federal Reserve,111670,43745,155415,106899,0,4771,43745,0,1
2025-12-23,3,Golden Hour,87765,27481,115246,70631,0,17134,27481,0,2
2025-12-23,4,Lisan al-Caleb,69321,58755,128076,44421,0,24900,58755,0,2
2025-12-23,5,Mommy Rainier,71717,34590,106307,61104,0,10613,34590,0,1
2025-12-23,6,Mostly Washed,75981,27949,103930,72965,0,3016,27949,0,2
2025-12-23,7,Cártel de Breece y Puka,96010,14642,110652,85573,0,10437,14642,0,0
2025-12-23,8,Loading…,84504,31878,116382,75081,0,9423,31878,0,0
2025-12-23,9,Gaeta Spur FC,65234,64861,130095,57979,0,7255,64861,0,3
2025-12-23,10,Rashid Shaheed Truthers,74854,36662,111516,70730,0,4124,36662,0,3
2025-12-23,11,All You Need Is LOVE,75393,57789,133182,46183,0,29210,57789,0,2
2025-12-23,12,Omar Comin,99884,13269,113153,70995,0,28889,13269,0,0
2025-12-24,1,208 Ferrari Way,84518,19635,104153,68395,0,16123,19635,0,2
2025-12-24,2,The Federal Reserve,111858,43709,155567,107094,0,4764,43709,0,1
2025-12-24,3,Golden Hour,87900,27444,115344,70721,0,17179,27444,0,2
2025-12-24,4,Lisan al-Caleb,69388,58689,128077,44424,0,24964,58689,0,2
2025-12-24,5,Mommy Rainier,71331,34533,105864,60710,0,10621,34533,0,1
2025-12-24,6,Mostly Washed,76007,27908,103915,72983,0,3024,27908,0,2
2025-12-24,7,Cártel de Breece y Puka,94083,14629,108712,83654,0,10429,14629,0,1
2025-12-24,8,Loading…,84545,31814,116359,75093,0,9452,31814,0,0
2025-12-24,9,Gaeta Spur FC,65175,64736,129911,57900,0,7275,64736,0,3
2025-12-24,10,Rashid Shaheed Truthers,74852,36622,111474,70724,0,4128,36622,0,3
2025-12-24,11,All You Need Is LOVE,76821,57707,134528,47701,0,29120,57707,0,1
2025-12-24,12,Omar Comin,99837,13278,113115,70944,0,28893,13278,0,0
2025-12-25,1,208 Ferrari Way,84483,19628,104111,68363,0,16120,19628,0,2
2025-12-25,2,The Federal Reserve,111812,43714,155526,107057,0,4755,43714,0,1
2025-12-25,3,Golden Hour,88030,27409,115439,70797,0,17233,27409,0,2
2025-12-25,4,Lisan al-Caleb,69342,58752,128094,44390,0,24952,58752,0,2
2025-12-25,5,Mommy Rainier,71334,34591,105925,60711,0,10623,34591,0,1
2025-12-25,6,Mostly Washed,76021,27909,103930,72971,0,3050,27909,0,2
2025-12-25,7,Cártel de Breece y Puka,93999,14603,108602,83593,0,10406,14603,0,1
2025-12-25,8,Loading…,84536,31813,116349,75069,0,9467,31813,0,0
2025-12-25,9,Gaeta Spur FC,65254,64736,129990,57982,0,7272,64736,0,3
2025-12-25,10,Rashid Shaheed Truthers,74827,36633,111460,70714,0,4113,36633,0,3
2025-12-25,11,All You Need Is LOVE,76877,57730,134607,47722,0,29155,57730,0,1
2025-12-25,12,Omar Comin,99797,13238,113035,70935,0,28862,13238,0,0
2025-12-26,1,208 Ferrari Way,84492,19637,104129,68396,0,16096,19637,0,2
2025-12-26,2,The Federal Reserve,111811,43682,155493,107084,0,4727,43682,0,1
2025-12-26,3,Golden Hour,88024,27436,115460,70760,0,17264,27436,0,2
2025-12-26,4,Lisan al-Caleb,69445,58768,128213,44469,0,24976,58768,0,2
2025-12-26,5,Mommy Rainier,71378,34599,105977,60719,0,10659,34599,0,1
2025-12-26,6,Mostly Washed,75958,27875,103833,72917,0,3041,27875,0,2
2025-12-26,7,Cártel de Breece y Puka,94032,14632,108664,83625,0,10407,14632,0,1
2025-12-26,8,Loading…,84423,31835,116258,74954,0,9469,31835,0,0
2025-12-26,9,Gaeta Spur FC,65241,64706,129947,57966,0,7275,64706,0,3
2025-12-26,10,Rashid Shaheed Truthers,74801,36579,111380,70685,0,4116,36579,0,3
2025-12-26,11,All You Need Is LOVE,76912,57749,134661,47758,0,29154,57749,0,1
2025-12-26,12,Omar Comin,99757,13214,112971,70887,0,28870,13214,0,0
2025-12-27,1,208 Ferrari Way,84395,19670,104065,68304,0,16091,19670,0,2
2025-12-27,2,The Federal Reserve,111834,43680,155514,107113,0,4721,43680,0,1
2025-12-27,3,Golden Hour,88061,27433,115494,70760,0,17301,27433,0,2
2025-12-27,4,Lisan al-Caleb,69329,58855,128184,44391,0,24938,58855,0,2
2025-12-27,5,Mommy Rainier,71404,34653,106057,60728,0,10676,34653,0,1
2025-12-27,6,Mostly Washed,76004,27858,103862,72966,0,3038,27858,0,2
2025-12-27,7,Cártel de Breece y Puka,93957,14607,108564,83547,0,10410,14607,0,1
2025-12-27,8,Loading…,84436,31854,116290,74950,0,9486,31854,0,0
2025-12-27,9,Gaeta Spur FC,65237,64650,129887,57930,0,7307,64650,0,3
2025-12-27,10,Rashid Shaheed Truthers,74775,36587,111362,70687,0,4088,36587,0,3
2025-12-27,11,All You Need Is LOVE,77021,57745,134766,47880,0,29141,57745,0,1
2025-12-27,12,Omar Comin,99834,13204,113038,70971,0,28863,13204,0,0
2025-12-28,1,208 Ferrari Way,84316,19645,103961,68246,0,16070,19645,0,2
2025-12-28,2,The Federal Reserve,111883,43598,155481,107167,0,4716,43598,0,1
2025-12-28,3,Golden Hour,87995,27410,115405,70705,0,17290,27410,0,2
2025-12-28,4,Lisan al-Caleb,69367,58818,128185,44408,0,24959,58818,0,2
2025-12-28,5,Mommy Rainier,71472,34589,106061,60773,0,10699,34589,0,1
2025-12-28,6,Mostly Washed,76127,27871,103998,73082,0,3045,27871,0,2
2025-12-28,7,Cártel de Breece y Puka,93907,14600,108507,83507,0,10400,14600,0,1
2025-12-28,8,Loading…,84397,31814,116211,74881,0,9516,31814,0,0
2025-12-28,9,Gaeta Spur FC,65257,64717,129974,57923,0,7334,64717,0,3
2025-12-28,10,Rashid Shaheed Truthers,76233,36621,112854,72160,0,4073,36621,0,2
2025-12-28,11,All You Need Is LOVE,77056,57724,134780,47921,0,29135,57724,0,1
2025-12-28,12,Omar Comin,99853,13153,113006,71009,0,28844,13153,0,0
2025-12-29,1,208 Ferrari Way,84176,19642,103818,68115,0,16061,19642,0,2
2025-12-29,2,The Federal Reserve,111844,43540,155384,107142,0,4702,43540,0,1
2025-12-29,3,Golden Hour,88099,27353,115452,70803,0,17296,27353,0,2
2025-12-29,4,Lisan al-Caleb,69320,58824,128144,44407,0,24913,58824,0,2
2025-12-29,5,Mommy Rainier,71490,34613,106103,60751,0,10739,34613,0,1
2025-12-29,6,Mostly Washed,76139,27852,103991,73122,0,3017,27852,0,2
2025-12-29,7,Cártel de Breece y Puka,93870,14581,108451,83503,0,10367,14581,0,1
2025-12-29,8,Loading…,84367,31842,116209,74804,0,9563,31842,0,0
2025-12-29,9,Gaeta Spur FC,65316,64652,129968,57929,0,7387,64652,0,3
2025-12-29,10,Rashid Shaheed Truthers,76146,36625,112771,72079,0,4067,36625,0,2
2025-12-29,11,All You Need Is LOVE,77291,57700,134991,48068,0,29223,57700,0,1
2025-12-29,12,Omar Comin,99950,13140,113090,71051,0,28899,13140,0,0
2025-12-30,1,208 Ferrari Way,84029,19738,103767,67953,0,16076,19738,0,2
2025-12-30,2,The Federal Reserve,111971,43569,155540,107272,0,4699,43569,0,1
2025-12-30,3,Golden Hour,88079,27401,115480,70782,0,17297,27401,0,2
2025-12-30,4,Lisan al-Caleb,69500,58798,128298,44428,0,25072,58798,0,2
2025-12-30,5,Mommy Rainier,71524,34633,106157,60714,0,10810,34633,0,1
2025-12-30,6,Mostly Washed,75932,27863,103795,72924,0,3008,27863,0,2
2025-12-30,7,Cártel de Breece y Puka,93767,14675,108442,83387,0,10380,14675,0,0
2025-12-30,8,Loading…,84395,31803,116198,74782,0,9613,31803,0,0
2025-12-30,9,Gaeta Spur FC,65414,64675,130089,57927,0,7487,64675,0,3
2025-12-30,10,Rashid Shaheed Truthers,76048,36675,112723,71979,0,4069,36675,0,2
2025-12-30,11,All You Need Is LOVE,77433,57680,135113,48342,0,29091,57680,0,1
2025-12-30,12,Omar Comin,98322,13174,111496,69456,0,28866,13174,0,0
2025-12-31,1,208 Ferrari Way,83659,19695,103354,67626,0,16033,19695,0,2
2025-12-31,2,The Federal Reserve,112208,43573,155781,107476,0,4732,43573,0,1
2025-12-31,3,Golden Hour,88065,27349,115414,70740,0,17325,27349,0,2
2025-12-31,4,Lisan al-Caleb,69698,58831,128529,44429,0,25269,58831,0,2
2025-12-31,5,Mommy Rainier,71587,34565,106152,60717,0,10870,34565,0,1
2025-12-31,6,Mostly Washed,75810,27833,103643,72836,0,2974,27833,0,2
2025-12-31,7,Cártel de Breece y Puka,95636,14664,110300,85246,0,10390,14664,0,0
2025-12-31,8,Loading…,84271,31744,116015,74616,0,9655,31744,0,0
2025-12-31,9,Gaeta Spur FC,65544,64632,130176,57960,0,7584,64632,0,3
2025-12-31,10,Rashid Shaheed Truthers,77601,36626,114227,73548,0,4053,36626,0,1
2025-12-31,11,All You Need Is LOVE,77540,57656,135196,48534,0,29006,57656,0,1
2025-12-31,12,Omar Comin,98210,13172,111382,69372,0,28838,13172,0,0
2026-01-01,1,208 Ferrari Way,85780,19686,105466,69777,0,16003,19686,0,1
2026-01-01,2,The Federal Reserve,112316,43586,155902,107582,0,4734,43586,0,1
2026-01-01,3,Golden Hour,88021,27275,115296,70730,0,17291,27275,0,2
2026-01-01,4,Lisan al-Caleb,69886,58734,128620,44427,0,25459,58734,0,2
2026-01-01,5,Mommy Rainier,71569,34535,106104,60693,0,10876,34535,0,1
2026-01-01,6,Mostly Washed,75894,27900,103794,72908,0,2986,27900,0,2
2026-01-01,7,Cártel de Breece y Puka,95557,14645,110202,85188,0,10369,14645,0,0
2026-01-01,8,Loading…,84231,31719,115950,74513,0,9718,31719,0,0
2026-01-01,9,Gaeta Spur FC,65572,64600,130172,57932,0,7640,64600,0,3
2026-01-01,10,Rashid Shaheed Truthers,77668,36692,114360,73588,0,4080,36692,0,1
2026-01-01,11,All You Need Is LOVE,77722,57563,135285,48702,0,29020,57563,0,1
2026-01-01,12,Omar Comin,98170,13173,111343,69320,0,28850,13173,0,0
2026-01-02,1,208 Ferrari Way,85618,19694,105312,69617,0,16001,19694,0,1
2026-01-02,2,The Federal Reserve,112532,43544,156076,107755,0,4777,43544,0,1
2026-01-02,3,Golden Hour,88025,27244,115269,70711,0,17314,27244,0,2
2026-01-02,4,Lisan al-Caleb,70010,58748,128758,44433,0,25577,58748,0,2
2026-01-02,5,Mommy Rainier,71541,34585,106126,60666,0,10875,34585,0,1
2026-01-02,6,Mostly Washed,75858,27817,103675,72883,0,2975,27817,0,2
2026-01-02,7,Cártel de Breece y Puka,95584,14644,110228,85213,0,10371,14644,0,0
2026-01-02,8,Loading…,84164,31738,115902,74455,0,9709,31738,0,0
2026-01-02,9,Gaeta Spur FC,65674,64501,130175,57997,0,7677,64501,0,3
2026-01-02,10,Rashid Shaheed Truthers,77532,36629,114161,73481,0,4051,36629,0,1
2026-01-02,11,All You Need Is LOVE,77771,57609,135380,48815,0,28956,57609,0,1
2026-01-02,12,Omar Comin,98290,13135,111425,69392,0,28898,13135,0,0
2026-01-03,1,208 Ferrari Way,89636,19661,109297,73697,0,15939,19661,0,2
2026-01-03,2,The Federal Reserve,112585,43547,156132,107813,0,4772,43547,0,1
2026-01-03,3,Golden Hour,87949,27219,115168,70623,0,17326,27219,0,5
2026-01-03,4,Lisan al-Caleb,70115,58674,128789,44482,0,25633,58674,0,2
2026-01-03,5,Mommy Rainier,71673,34526,106199,60711,0,10962,34526,0,1
2026-01-03,6,Mostly Washed,75717,27786,103503,72744,0,2973,27786,0,2
2026-01-03,7,Cártel de Breece y Puka,95655,14619,110274,85316,0,10339,14619,0,0
2026-01-03,8,Loading…,84157,31689,115846,74419,0,9738,31689,0,0
2026-01-03,9,Gaeta Spur FC,65837,64429,130266,58076,0,7761,64429,0,3
2026-01-03,10,Rashid Shaheed Truthers,77576,36539,114115,73488,0,4088,36539,0,1
2026-01-03,11,All You Need Is LOVE,77826,57571,135397,48980,0,28846,57571,0,1
2026-01-03,12,Omar Comin,98305,13116,111421,69391,0,28914,13116,0,0
2026-01-04,1,208 Ferrari Way,89548,19643,109191,73662,0,15886,19643,0,2
2026-01-04,2,The Federal Reserve,112568,43540,156108,107805,0,4763,43540,0,1
2026-01-04,3,Golden Hour,87909,27207,115116,70611,0,17298,27207,0,5
2026-01-04,4,Lisan al-Caleb,70139,58628,128767,44417,0,25722,58628,0,2
2026-01-04,5,Mommy Rainier,71641,34508,106149,60671,0,10970,34508,0,1
2026-01-04,6,Mostly Washed,75557,27786,103343,72595,0,2962,27786,0,2
2026-01-04,7,Cártel de Breece y Puka,95680,14598,110278,85364,0,10316,14598,0,2
2026-01-04,8,Loading…,84231,31686,115917,74476,0,9755,31686,0,0
2026-01-04,9,Gaeta Spur FC,65924,64467,130391,58137,0,7787,64467,0,3
2026-01-04,10,Rashid Shaheed Truthers,77702,36534,114236,73575,0,4127,36534,0,1
2026-01-04,11,All You Need Is LOVE,77825,57524,135349,49053,0,28772,57524,0,1
2026-01-04,12,Omar Comin,98251,13135,111386,69350,0,28901,13135,0,0
2026-01-05,1,208 Ferrari Way,89427,19574,109001,73539,0,15888,19574,0,2
2026-01-05,2,The Federal Reserve,112685,43506,156191,107898,0,4787,43506,0,1
2026-01-05,3,Golden Hour,87916,27191,115107,70618,0,17298,27191,0,6
2026-01-05,4,Lisan al-Caleb,70140,58509,128649,44402,0,25738,58509,0,2
2026-01-05,5,Mommy Rainier,71730,34345,106075,60725,0,11005,34345,0,1
2026-01-05,6,Mostly Washed,75541,27733,103274,72588,0,2953,27733,0,3
2026-01-05,7,Cártel de Breece y Puka,95538,14626,110164,85282,0,10256,14626,0,2
2026-01-05,8,Loading…,84153,31573,115726,74381,0,9772,31573,0,0
2026-01-05,9,Gaeta Spur FC,66101,64412,130513,58215,0,7886,64412,0,3
2026-01-05,10,Rashid Shaheed Truthers,77781,36511,114292,73646,0,4135,36511,0,1
2026-01-05,11,All You Need Is LOVE,77904,57451,135355,49140,0,28764,57451,0,1
2026-01-05,12,Omar Comin,98282,13105,111387,69272,0,29010,13105,0,0
2026-01-06,1,208 Ferrari Way,89266,19610,108876,73443,0,15823,19610,0,2
2026-01-06,2,The Federal Reserve,112680,43631,156311,107897,0,4783,43631,0,1
2026-01-06,3,Golden Hour,87876,27233,115109,70572,0,17304,27233,0,6
2026-01-06,4,Lisan al-Caleb,70260,58681,128941,44368,0,25892,58681,0,2
2026-01-06,5,Mommy Rainier,71721,34430,106151,60724,0,10997,34430,0,1
2026-01-06,6,Mostly Washed,75549,27775,103324,72629,0,2920,27775,0,3
2026-01-06,7,Cártel de Breece y Puka,95330,14705,110035,85101,0,10229,14705,0,2
2026-01-06,8,Loading…,84052,31685,115737,74239,0,9813,31685,0,0
2026-01-06,9,Gaeta Spur FC,66146,64421,130567,58139,0,8007,64421,0,3
2026-01-06,10,Rashid Shaheed Truthers,77956,36595,114551,73839,0,4117,36595,0,1
2026-01-06,11,All You Need Is LOVE,77929,57476,135405,49230,0,28699,57476,0,1
2026-01-06,12,Omar Comin,98249,13102,111351,69112,0,29137,13102,0,0
2026-01-07,1,208 Ferrari Way,89114,19594,108708,73336,0,15778,19594,0,2
2026-01-07,2,The Federal Reserve,112752,43680,156432,107946,0,4806,43680,0,1
2026-01-07,3,Golden Hour,87920,27234,115154,70607,0,17313,27234,0,6
2026-01-07,4,Lisan al-Caleb,70384,58782,129166,44402,0,25982,58782,0,2
2026-01-07,5,Mommy Rainier,71675,34389,106064,60716,0,10959,34389,0,1
2026-01-07,6,Mostly Washed,75331,27786,103117,72400,0,2931,27786,0,3
2026-01-07,7,Cártel de Breece y Puka,95240,14671,109911,85027,0,10213,14671,0,2
2026-01-07,8,Loading…,84005,31619,115624,74211,0,9794,31619,0,0
2026-01-07,9,Gaeta Spur FC,66104,64440,130544,58071,0,8033,64440,0,3
2026-01-07,10,Rashid Shaheed Truthers,78145,36612,114757,74019,0,4126,36612,0,1
2026-01-07,11,All You Need Is LOVE,78151,57471,135622,49460,0,28691,57471,0,1
2026-01-07,12,Omar Comin,98223,13086,111309,69082,0,29141,13086,0,0
2026-01-08,1,208 Ferrari Way,89035,19591,108626,73275,0,15760,19591,0,2
2026-01-08,2,The Federal Reserve,112790,43627,156417,107978,0,4812,43627,0,1
2026-01-08,3,Golden Hour,87905,27214,115119,70596,0,17309,27214,0,6
2026-01-08,4,Lisan al-Caleb,70470,58770,129240,44428,0,26042,58770,0,2
2026-01-08,5,Mommy Rainier,71697,34408,106105,60753,0,10944,34408,0,1
2026-01-08,6,Mostly Washed,75317,27808,103125,72371,0,2946,27808,0,3
2026-01-08,7,Cártel de Breece y Puka,95226,14642,109868,85011,0,10215,14642,0,2
2026-01-08,8,Loading…,83913,31600,115513,74123,0,9790,31600,0,0
2026-01-08,9,Gaeta Spur FC,66129,64425,130554,58086,0,8043,64425,0,3
2026-01-08,10,Rashid Shaheed Truthers,78154,36617,114771,74010,0,4144,36617,0,1
2026-01-08,11,All You Need Is LOVE,78244,57475,135719,49511,0,28733,57475,0,1
2026-01-08,12,Omar Comin,98219,13123,111342,69056,0,29163,13123,0,0
2026-01-09,1,208 Ferrari Way,89046,19594,108640,73277,0,15769,19594,0,2
2026-01-09,2,The Federal Reserve,112786,43580,156366,107989,0,4797,43580,0,1
2026-01-09,3,Golden Hour,87872,27188,115060,70591,0,17281,27188,0,6
2026-01-09,4,Lisan al-Caleb,70502,58836,129338,44430,0,26072,58836,0,2
2026-01-09,5,Mommy Rainier,71756,34385,106141,60787,0,10969,34385,0,1
2026-01-09,6,Mostly Washed,75351,27784,103135,72398,0,2953,27784,0,3
2026-01-09,7,Cártel de Breece y Puka,95152,14616,109768,84946,0,10206,14616,0,2
2026-01-09,8,Loading…,82451,31624,114075,72653,0,9798,31624,0,0
2026-01-09,9,Gaeta Spur FC,66180,64427,130607,58104,0,8076,64427,0,3
2026-01-09,10,Rashid Shaheed Truthers,78200,36607,114807,74062,0,4138,36607,0,1
2026-01-09,11,All You Need Is LOVE,78227,57511,135738,49489,0,28738,57511,0,1
2026-01-09,12,Omar Comin,98147,13132,111279,69000,0,29147,13132,0,0
2026-01-10,1,208 Ferrari Way,88966,19587,108553,73210,0,15756,19587,0,2
2026-01-10,2,The Federal Reserve,112836,43608,156444,108039,0,4797,43608,0,1
2026-01-10,3,Golden Hour,87850,27174,115024,70608,0,17242,27174,0,6
2026-01-10,4,Lisan al-Caleb,70536,58902,129438,44452,0,26084,58902,0,2
2026-01-10,5,Mommy Rainier,71746,34409,106155,60778,0,10968,34409,0,1
2026-01-10,6,Mostly Washed,75358,27831,103189,72405,0,2953,27831,0,3
2026-01-10,7,Cártel de Breece y Puka,95111,14603,109714,84909,0,10202,14603,0,2
2026-01-10,8,Loading…,82398,31635,114033,72607,0,9791,31635,0,0
2026-01-10,9,Gaeta Spur FC,66207,64497,130704,58115,0,8092,64497,0,3
2026-01-10,10,Rashid Shaheed Truthers,78191,36640,114831,74059,0,4132,36640,0,1
2026-01-10,11,All You Need Is LOVE,78296,57616,135912,49535,0,28761,57616,0,1
2026-01-10,12,Omar Comin,98115,13158,111273,68903,0,29212,13158,0,0
2026-01-11,1,208 Ferrari Way,88885,19587,108472,73167,0,15718,19587,0,2
2026-01-11,2,The Federal Reserve,112866,43582,156448,108077,0,4789,43582,0,1
2026-01-11,3,Golden Hour,87917,27140,115057,70651,0,17266,27140,0,6
2026-01-11,4,Lisan al-Caleb,70552,58940,129492,44440,0,26112,58940,0,2
2026-01-11,5,Mommy Rainier,71711,34412,106123,60744,0,10967,34412,0,1
2026-01-11,6,Mostly Washed,75317,27827,103144,72373,0,2944,27827,0,3
2026-01-11,7,Cártel de Breece y Puka,95071,14577,109648,84873,0,10198,14577,0,2
2026-01-11,8,Loading…,82377,31649,114026,72589,0,9788,31649,0,0
2026-01-11,9,Gaeta Spur FC,66218,64479,130697,58112,0,8106,64479,0,3
2026-01-11,10,Rashid Shaheed Truthers,78223,36602,114825,74070,0,4153,36602,0,1
2026-01-11,11,All You Need Is LOVE,78344,57660,136004,49582,0,28762,57660,0,1
2026-01-11,12,Omar Comin,98127,13177,111304,68872,0,29255,13177,0,0
2026-01-12,1,208 Ferrari Way,88904,19548,108452,73193,0,15711,19548,0,2
2026-01-12,2,The Federal Reserve,112921,43570,156491,108129,0,4792,43570,0,1
2026-01-12,3,Golden Hour,87915,27140,115055,70654,0,17261,27140,0,6
2026-01-12,4,Lisan al-Caleb,70539,58898,129437,44428,0,26111,58898,0,2
2026-01-12,5,Mommy Rainier,71747,34371,106118,60788,0,10959,34371,0,1
2026-01-12,6,Mostly Washed,75271,27828,103099,72333,0,2938,27828,0,3
2026-01-12,7,Cártel de Breece y Puka,95018,14567,109585,84841,0,10177,14567,0,2
2026-01-12,8,Loading…,82439,31630,114069,72644,0,9795,31630,0,0
2026-01-12,9,Gaeta Spur FC,66228,64474,130702,58088,0,8140,64474,0,3
2026-01-12,10,Rashid Shaheed Truthers,78255,36567,114822,74108,0,4147,36567,0,1
2026-01-12,11,All You Need Is LOVE,78349,57603,135952,49645,0,28704,57603,0,1
2026-01-12,12,Omar Comin,98113,13152,111265,68841,0,29272,13152,0,1
2026-01-13,1,208 Ferrari Way,88898,19512,108410,73208,0,15690,19512,0,2
2026-01-13,2,The Federal Reserve,112909,43538,156447,108112,0,4797,43538,0,1
2026-01-13,3,Golden Hour,87868,27108,114976,70589,0,17279,27108,0,6
2026-01-13,4,Lisan al-Caleb,70554,58918,129472,44414,0,26140,58918,0,2
2026-01-13,5,Mommy Rainier,71791,34319,106110,60840,0,10951,34319,0,1
2026-01-13,6,Mostly Washed,75229,27822,103051,72294,0,2935,27822,0,3
2026-01-13,7,Cártel de Breece y Puka,95064,14525,109589,84896,0,10168,14525,0,2
2026-01-13,8,Loading…,82519,31626,114145,72735,0,9784,31626,0,0
2026-01-13,9,Gaeta Spur FC,66214,64474,130688,58065,0,8149,64474,0,3
2026-01-13,10,Rashid Shaheed Truthers,78309,36555,114864,74148,0,4161,36555,0,1
2026-01-13,11,All You Need Is LOVE,78431,57620,136051,49732,0,28699,57620,0,1
2026-01-13,12,Omar Comin,98003,13167,111170,68779,0,29224,13167,0,1
2026-01-14,1,208 Ferrari Way,88884,19528,108412,73211,0,15673,19528,0,2
2026-01-14,2,The Federal Reserve,112827,43625,156452,108022,0,4805,43625,0,1
2026-01-14,3,Golden Hour,87876,27107,114983,70603,0,17273,27107,0,6
2026-01-14,4,Lisan al-Caleb,70592,58992,129584,44405,0,26187,58992,0,2
2026-01-14,5,Mommy Rainier,71794,34345,106139,60860,0,10934,34345,0,1
2026-01-14,6,Mostly Washed,75168,27859,103027,72242,0,2926,27859,0,3
2026-01-14,7,Cártel de Breece y Puka,95046,14502,109548,84907,0,10139,14502,0,2
2026-01-14,8,Loading…,82575,31685,114260,72795,0,9780,31685,0,0
2026-01-14,9,Gaeta Spur FC,66212,64493,130705,58051,0,8161,64493,0,3
2026-01-14,10,Rashid Shaheed Truthers,78357,36602,114959,74187,0,4170,36602,0,1
2026-01-14,11,All You Need Is LOVE,78421,57619,136040,49706,0,28715,57619,0,1
2026-01-14,12,Omar Comin,97949,13179,111128,68749,0,29200,13179,0,1
2026-01-15,1,208 Ferrari Way,88884,19538,108422,73209,0,15675,19538,0,2
2026-01-15,2,The Federal Reserve,112805,43669,156474,108004,0,4801,43669,0,1
2026-01-15,3,Golden Hour,87967,27127,115094,70668,0,17299,27127,0,6
2026-01-15,4,Lisan al-Caleb,70612,58997,129609,44408,0,26204,58997,0,2
2026-01-15,5,Mommy Rainier,71738,34334,106072,60817,0,10921,34334,0,1
2026-01-15,6,Mostly Washed,75198,27840,103038,72269,0,2929,27840,0,3
2026-01-15,7,Cártel de Breece y Puka,95019,14514,109533,84883,0,10136,14514,0,2
2026-01-15,8,Loading…,82477,31690,114167,72692,0,9785,31690,0,0
2026-01-15,9,Gaeta Spur FC,66266,64491,130757,58063,0,8203,64491,0,3
2026-01-15,10,Rashid Shaheed Truthers,78332,36608,114940,74152,0,4180,36608,0,1
2026-01-15,11,All You Need Is LOVE,78479,57599,136078,49763,0,28716,57599,0,1
2026-01-15,12,Omar Comin,97919,13141,111060,68723,0,29196,13141,0,1
2026-01-16,1,208 Ferrari Way,88828,19560,108388,73156,0,15672,19560,0,2
2026-01-16,2,The Federal Reserve,112791,43691,156482,107995,0,4796,43691,0,1
2026-01-16,3,Golden Hour,88019,27147,115166,70677,0,17342,27147,0,6
2026-01-16,4,Lisan al-Caleb,70673,59020,129693,44413,0,26260,59020,0,2
2026-01-16,5,Mommy Rainier,71765,34302,106067,60864,0,10901,34302,0,1
2026-01-16,6,Mostly Washed,75099,27863,102962,72176,0,2923,27863,0,3
2026-01-16,7,Cártel de Breece y Puka,95043,14545,109588,84897,0,10146,14545,0,2
2026-01-16,8,Loading…,82516,31672,114188,72747,0,9769,31672,0,0
2026-01-16,9,Gaeta Spur FC,66234,64504,130738,58031,0,8203,64504,0,3
2026-01-16,10,Rashid Shaheed Truthers,78325,36632,114957,74138,0,4187,36632,0,1
2026-01-16,11,All You Need Is LOVE,78466,57602,136068,49729,0,28737,57602,0,1
2026-01-16,12,Omar Comin,97854,13142,110996,68711,0,29143,13142,0,2
2026-01-17,1,208 Ferrari Way,87917,19582,107499,72241,0,15676,19582,0,2
2026-01-17,2,The Federal Reserve,112816,43692,156508,108008,0,4808,43692,0,0
2026-01-17,3,Golden Hour,88037,27141,115178,70686,0,17351,27141,0,6
2026-01-17,4,Lisan al-Caleb,70706,59011,129717,44416,0,26290,59011,0,2
2026-01-17,5,Mommy Rainier,71787,34256,106043,60831,0,10956,34256,0,1
2026-01-17,6,Mostly Washed,75004,27851,102855,72075,0,2929,27851,0,3
2026-01-17,7,Cártel de Breece y Puka,94997,14558,109555,84861,0,10136,14558,0,2
2026-01-17,8,Loading…,82534,31667,114201,72759,0,9775,31667,0,0
2026-01-17,9,Gaeta Spur FC,66188,64484,130672,57990,0,8198,64484,0,3
2026-01-17,10,Rashid Shaheed Truthers,78333,36639,114972,74155,0,4178,36639,0,1
2026-01-17,11,All You Need Is LOVE,78548,57583,136131,49804,0,28744,57583,0,1
2026-01-17,12,Omar Comin,97855,13136,110991,68717,0,29138,13136,0,2
2026-01-18,1,208 Ferrari Way,87884,19608,107492,72228,0,15656,19608,0,4
2026-01-18,2,The Federal Reserve,112818,43718,156536,108010,0,4808,43718,0,0
2026-01-18,3,Golden Hour,87987,27167,115154,70629,0,17358,27167,0,6
2026-01-18,4,Lisan al-Caleb,70759,59022,129781,44440,0,26319,59022,0,2
2026-01-18,5,Mommy Rainier,71789,34207,105996,60822,0,10967,34207,0,1
2026-01-18,6,Mostly Washed,75017,27818,102835,72081,0,2936,27818,0,3
2026-01-18,7,Cártel de Breece y Puka,94957,14584,109541,84814,0,10143,14584,0,2
2026-01-18,8,Loading…,82591,31654,114245,72794,0,9797,31654,0,0
2026-01-18,9,Gaeta Spur FC,66161,64430,130591,57954,0,8207,64430,0,3
2026-01-18,10,Rashid Shaheed Truthers,78373,36607,114980,74198,0,4175,36607,0,1
2026-01-18,11,All You Need Is LOVE,78555,57561,136116,49803,0,28752,57561,0,1
2026-01-18,12,Omar Comin,97860,13124,110984,68690,0,29170,13124,0,2
2026-01-19,1,208 Ferrari Way,87868,19621,107489,72196,0,15672,19621,0,4
2026-01-19,2,The Federal Reserve,112809,43702,156511,107994,0,4815,43702,0,0
2026-01-19,3,Golden Hour,87976,27165,115141,70592,0,17384,27165,0,6
2026-01-19,4,Lisan al-Caleb,70832,59014,129846,44464,0,26368,59014,0,2
2026-01-19,5,Mommy Rainier,71896,34226,106122,60907,0,10989,34226,0,1
2026-01-19,6,Mostly Washed,75002,27806,102808,72066,0,2936,27806,0,3
2026-01-19,7,Cártel de Breece y Puka,94904,14578,109482,84765,0,10139,14578,0,2
2026-01-19,8,Loading…,82550,31654,114204,72755,0,9795,31654,0,0
2026-01-19,9,Gaeta Spur FC,66149,64437,130586,57940,0,8209,64437,0,3
2026-01-19,10,Rashid Shaheed Truthers,78433,36591,115024,74255,0,4178,36591,0,1
2026-01-19,11,All You Need Is LOVE,78509,57531,136040,49793,0,28716,57531,0,1
2026-01-19,12,Omar Comin,97859,13127,110986,68706,0,29153,13127,0,2
2026-01-20,1,208 Ferrari Way,87889,19622,107511,72229,0,15660,19622,0,4
2026-01-20,2,The Federal Reserve,112720,43728,156448,107916,0,4804,43728,0,0
2026-01-20,3,Golden Hour,87974,27175,115149,70595,0,17379,27175,0,6
2026-01-20,4,Lisan al-Caleb,70864,59045,129909,44473,0,26391,59045,0,2
2026-01-20,5,Mommy Rainier,71115,34239,105354,60088,0,11027,34239,0,2
2026-01-20,6,Mostly Washed,74909,27842,102751,71966,0,2943,27842,0,3
2026-01-20,7,Cártel de Breece y Puka,94909,14597,109506,84741,0,10168,14597,0,2
2026-01-20,8,Loading…,82596,31636,114232,72794,0,9802,31636,0,0
2026-01-20,9,Gaeta Spur FC,66169,64464,130633,57938,0,8231,64464,0,3
2026-01-20,10,Rashid Shaheed Truthers,78397,36597,114994,74217,0,4180,36597,0,1
2026-01-20,11,All You Need Is LOVE,78477,57520,135997,49795,0,28682,57520,0,1
2026-01-20,12,Omar Comin,97872,13163,111035,68716,0,29156,13163,0,2
2026-01-21,1,208 Ferrari Way,87888,19616,107504,72229,0,15659,19616,0,4
2026-01-21,2,The Federal Reserve,112693,43756,156449,107894,0,4799,43756,0,0
2026-01-21,3,Golden Hour,88014,27158,115172,70614,0,17400,27158,0,6
2026-01-21,4,Lisan al-Caleb,70947,59093,130040,44511,0,26436,59093,0,2
2026-01-21,5,Mommy Rainier,71144,34249,105393,60119,0,11025,34249,0,2
2026-01-21,6,Mostly Washed,74816,27855,102671,71878,0,2938,27855,0,3
2026-01-21,7,Cártel de Breece y Puka,94858,14591,109449,84693,0,10165,14591,0,2
2026-01-21,8,Loading…,82586,31629,114215,72794,0,9792,31629,0,0
2026-01-21,9,Gaeta Spur FC,66146,64435,130581,57945,0,8201,64435,0,3
2026-01-21,10,Rashid Shaheed Truthers,78438,36592,115030,74246,0,4192,36592,0,1
2026-01-21,11,All You Need Is LOVE,78506,57513,136019,49805,0,28701,57513,0,1
2026-01-21,12,Omar Comin,97891,13169,111060,68706,0,29185,13169,0,2
2026-01-22,1,208 Ferrari Way,87922,19603,107525,72238,0,15684,19603,0,4
2026-01-22,2,The Federal Reserve,112671,43762,156433,107869,0,4802,43762,0,0
2026-01-22,3,Golden Hour,87943,27128,115071,70562,0,17381,27128,0,6
2026-01-22,4,Lisan al-Caleb,70995,59100,130095,44547,0,26448,59100,0,2
2026-01-22,5,Mommy Rainier,71137,34195,105332,60122,0,11015,34195,0,2
2026-01-22,6,Mostly Washed,74742,27837,102579,71794,0,2948,27837,0,3
2026-01-22,7,Cártel de Breece y Puka,94974,14573,109547,84808,0,10166,14573,0,2
2026-01-22,8,Loading…,82600,31617,114217,72804,0,9796,31617,0,0
2026-01-22,9,Gaeta Spur FC,66094,64359,130453,57875,0,8219,64359,0,3
2026-01-22,10,Rashid Shaheed Truthers,78460,36577,115037,74259,0,4201,36577,0,1
2026-01-22,11,All You Need Is LOVE,78560,57519,136079,49827,0,28733,57519,0,1
2026-01-22,12,Omar Comin,97839,13198,111037,68635,0,29204,13198,0,2
2026-01-23,1,208 Ferrari Way,87979,19600,107579,72272,0,15707,19600,0,4
2026-01-23,2,The Federal Reserve,112725,43785,156510,107928,0,4797,43785,0,0
2026-01-23,3,Golden Hour,87887,27127,115014,70525,0,17362,27127,0,6
2026-01-23,4,Lisan al-Caleb,70981,59101,130082,44533,0,26448,59101,0,2
2026-01-23,5,Mommy Rainier,71209,34126,105335,60182,0,11027,34126,0,2
2026-01-23,6,Mostly Washed,74676,27855,102531,71715,0,2961,27855,0,3
2026-01-23,7,Cártel de Breece y Puka,94954,14580,109534,84809,0,10145,14580,0,2
2026-01-23,8,Loading…,82593,31615,114208,72789,0,9804,31615,0,0
2026-01-23,9,Gaeta Spur FC,66088,64337,130425,57858,0,8230,64337,0,3
2026-01-23,10,Rashid Shaheed Truthers,78481,36573,115054,74268,0,4213,36573,0,1
2026-01-23,11,All You Need Is LOVE,78502,57452,135954,49787,0,28715,57452,0,1
2026-01-23,12,Omar Comin,97907,13185,111092,68642,0,29265,13185,0,2
2026-01-24,1,208 Ferrari Way,87950,19589,107539,72232,0,15718,19589,0,4
2026-01-24,2,The Federal Reserve,112710,43771,156481,107925,0,4785,43771,0,0
2026-01-24,3,Golden Hour,87903,27117,115020,70527,0,17376,27117,0,6
2026-01-24,4,Lisan al-Caleb,70966,59084,130050,44500,0,26466,59084,0,2
2026-01-24,5,Mommy Rainier,71192,34083,105275,60172,0,11020,34083,0,2
2026-01-24,6,Mostly Washed,74617,27849,102466,71647,0,2970,27849,0,3
2026-01-24,7,Cártel de Breece y Puka,94877,14580,109457,84755,0,10122,14580,0,2
2026-01-24,8,Loading…,82619,31590,114209,72814,0,9805,31590,0,0
2026-01-24,9,Gaeta Spur FC,66123,64356,130479,57885,0,8238,64356,0,3
2026-01-24,10,Rashid Shaheed Truthers,78563,36550,115113,74353,0,4210,36550,0,1
2026-01-24,11,All You Need Is LOVE,78551,57443,135994,49819,0,28732,57443,0,1
2026-01-24,12,Omar Comin,97936,13180,111116,68614,0,29322,13180,0,2
2026-01-25,1,208 Ferrari Way,87986,19572,107558,72277,0,15709,19572,0,4
2026-01-25,2,The Federal Reserve,112748,43776,156524,107949,0,4799,43776,0,0
2026-01-25,3,Golden Hour,87916,27084,115000,70540,0,17376,27084,0,6
2026-01-25,4,Lisan al-Caleb,70938,59086,130024,44481,0,26457,59086,0,2
2026-01-25,5,Mommy Rainier,71156,34044,105200,60132,0,11024,34044,0,2
2026-01-25,6,Mostly Washed,74620,27850,102470,71656,0,2964,27850,0,3
2026-01-25,7,Cártel de Breece y Puka,94842,14544,109386,84734,0,10108,14544,0,2
2026-01-25,8,Loading…,82567,31576,114143,72772,0,9795,31576,0,0
2026-01-25,9,Gaeta Spur FC,66174,64335,130509,57910,0,8264,64335,0,3
2026-01-25,10,Rashid Shaheed Truthers,78596,36534,115130,74380,0,4216,36534,0,1
2026-01-25,11,All You Need Is LOVE,78547,57398,135945,49827,0,28720,57398,0,1
2026-01-25,12,Omar Comin,97943,13189,111132,68601,0,29342,13189,0,2
2026-01-26,1,208 Ferrari Way,87957,19559,107516,72261,0,15696,19559,0,4
2026-01-26,2,The Federal Reserve,112716,43788,156504,107899,0,4817,43788,0,0
2026-01-26,3,Golden Hour,87849,27095,114944,70455,0,17394,27095,0,6
2026-01-26,4,Lisan al-Caleb,70949,59142,130091,44526,0,26423,59142,0,2
2026-01-26,5,Mommy Rainier,71193,34079,105272,60145,0,11048,34079,0,2
2026-01-26,6,Mostly Washed,74602,27846,102448,71635,0,2967,27846,0,3
2026-01-26,7,Cártel de Breece y Puka,94823,14533,109356,84722,0,10101,14533,0,2
2026-01-26,8,Loading…,82622,31585,114207,72818,0,9804,31585,0,0
2026-01-26,9,Gaeta Spur FC,66178,64357,130535,57903,0,8275,64357,0,3
2026-01-26,10,Rashid Shaheed Truthers,78633,36498,115131,74417,0,4216,36498,0,1
2026-01-26,11,All You Need Is LOVE,78576,57430,136006,49834,0,28742,57430,0,1
2026-01-26,12,Omar Comin,97919,13176,111095,68585,0,29334,13176,0,1
2026-01-27,1,208 Ferrari Way,87957,19553,107510,72262,0,15695,19553,0,4
2026-01-27,2,The Federal Reserve,112703,43786,156489,107884,0,4819,43786,0,0
2026-01-27,3,Golden Hour,87854,27110,114964,70456,0,17398,27110,0,6
2026-01-27,4,Lisan al-Caleb,71007,59204,130211,44540,0,26467,59204,0,2
2026-01-27,5,Mommy Rainier,71185,34098,105283,60110,0,11075,34098,0,2
2026-01-27,6,Mostly Washed,74532,27827,102359,71582,0,2950,27827,0,3
2026-01-27,7,Cártel de Breece y Puka,94760,14543,109303,84670,0,10090,14543,0,2
2026-01-27,8,Loading…,82645,31615,114260,72837,0,9808,31615,0,0
2026-01-27,9,Gaeta Spur FC,66195,64348,130543,57929,0,8266,64348,0,3
2026-01-27,10,Rashid Shaheed Truthers,78656,36494,115150,74434,0,4222,36494,0,1
2026-01-27,11,All You Need Is LOVE,78564,57459,136023,49853,0,28711,57459,0,1
2026-01-27,12,Omar Comin,97919,13159,111078,68597,0,29322,13159,0,1
2026-01-28,1,208 Ferrari Way,87915,19566,107481,72229,0,15686,19566,0,4
2026-01-28,2,The Federal Reserve,112695,43791,156486,107864,0,4831,43791,0,0
2026-01-28,3,Golden Hour,87842,27119,114961,70470,0,17372,27119,0,6
2026-01-28,4,Lisan al-Caleb,71021,59228,130249,44549,0,26472,59228,0,2
2026-01-28,5,Mommy Rainier,71197,34098,105295,60122,0,11075,34098,0,2
2026-01-28,6,Mostly Washed,74529,27796,102325,71591,0,2938,27796,0,3
2026-01-28,7,Cártel de Breece y Puka,94780,14524,109304,84680,0,10100,14524,0,2
2026-01-28,8,Loading…,82683,31622,114305,72870,0,9813,31622,0,0
2026-01-28,9,Gaeta Spur FC,66181,64294,130475,57914,0,8267,64294,0,3
2026-01-28,10,Rashid Shaheed Truthers,78697,36466,115163,74448,0,4249,36466,0,1
2026-01-28,11,All You Need Is LOVE,78546,57438,135984,49874,0,28672,57438,0,1
2026-01-28,12,Omar Comin,97895,13138,111033,68569,0,29326,13138,0,1
2026-01-29,1,208 Ferrari Way,87899,19526,107425,72216,0,15683,19526,0,4
2026-01-29,2,The Federal Reserve,112653,43752,156405,107826,0,4827,43752,0,0
2026-01-29,3,Golden Hour,87895,27081,114976,70499,0,17396,27081,0,6
2026-01-29,4,Lisan al-Caleb,71025,59144,130169,44530,0,26495,59144,0,2
2026-01-29,5,Mommy Rainier,71183,34052,105235,60121,0,11062,34052,0,2
2026-01-29,6,Mostly Washed,74484,27767,102251,71560,0,2924,27767,0,3
2026-01-29,7,Cártel de Breece y Puka,94745,14504,109249,84665,0,10080,14504,0,2
2026-01-29,8,Loading…,82688,31590,114278,72902,0,9786,31590,0,0
2026-01-29,9,Gaeta Spur FC,66212,64213,130425,57939,0,8273,64213,0,3
2026-01-29,10,Rashid Shaheed Truthers,78765,36451,115216,74513,0,4252,36451,0,1
2026-01-29,11,All You Need Is LOVE,78579,57341,135920,49908,0,28671,57341,0,1
2026-01-29,12,Omar Comin,97926,13119,111045,68582,0,29344,13119,0,1
2026-01-30,1,208 Ferrari Way,87915,19509,107424,72237,0,15678,19509,0,4
2026-01-30,2,The Federal Reserve,112622,43734,156356,107800,0,4822,43734,0,0
2026-01-30,3,Golden Hour,87959,27047,115006,70562,0,17397,27047,0,6
2026-01-30,4,Lisan al-Caleb,71055,59161,130216,44564,0,26491,59161,0,2
2026-01-30,5,Mommy Rainier,71251,34011,105262,60159,0,11092,34011,0,2
2026-01-30,6,Mostly Washed,74471,27748,102219,71534,0,2937,27748,0,3
2026-01-30,7,Cártel de Breece y Puka,94619,14476,109095,84559,0,10060,14476,0,2
2026-01-30,8,Loading…,82681,31582,114263,72881,0,9800,31582,0,0
2026-01-30,9,Gaeta Spur FC,66221,64172,130393,57934,0,8287,64172,0,3
2026-01-30,10,Rashid Shaheed Truthers,78758,36425,115183,74500,0,4258,36425,0,1
2026-01-30,11,All You Need Is LOVE,78557,57345,135902,49874,0,28683,57345,0,1
2026-01-30,12,Omar Comin,98009,13110,111119,68625,0,29384,13110,0,1
2026-01-31,1,208 Ferrari Way,87916,19472,107388,72267,0,15649,19472,0,4
2026-01-31,2,The Federal Reserve,112618,43708,156326,107793,0,4825,43708,0,0
2026-01-31,3,Golden Hour,88021,27032,115053,70585,0,17436,27032,0,6
2026-01-31,4,Lisan al-Caleb,71052,59184,130236,44567,0,26485,59184,0,2
2026-01-31,5,Mommy Rainier,71249,33936,105185,60156,0,11093,33936,0,2
2026-01-31,6,Mostly Washed,74429,27718,102147,71501,0,2928,27718,0,3
2026-01-31,7,Cártel de Breece y Puka,94613,14456,109069,84566,0,10047,14456,0,2
2026-01-31,8,Loading…,82685,31572,114257,72879,0,9806,31572,0,0
2026-01-31,9,Gaeta Spur FC,66254,64126,130380,57951,0,8303,64126,0,3
2026-01-31,10,Rashid Shaheed Truthers,78760,36374,115134,74500,0,4260,36374,0,1
2026-01-31,11,All You Need Is LOVE,78602,57328,135930,49936,0,28666,57328,0,1
2026-01-31,12,Omar Comin,97984,13066,111050,68603,0,29381,13066,0,1
2026-02-01,1,208 Ferrari Way,87848,19517,107365,72210,0,15638,19517,0,4
2026-02-01,2,The Federal Reserve,112642,43759,156401,107811,0,4831,43759,0,0
2026-02-01,3,Golden Hour,88007,27079,115086,70554,0,17453,27079,0,6
2026-02-01,4,Lisan al-Caleb,71069,59191,130260,44570,0,26499,59191,0,2
2026-02-01,5,Mommy Rainier,71243,33940,105183,60161,0,11082,33940,0,2
2026-02-01,6,Mostly Washed,74454,27726,102180,71534,0,2920,27726,0,3
2026-02-01,7,Cártel de Breece y Puka,94637,14477,109114,84579,0,10058,14477,0,2
2026-02-01,8,Loading…,82623,31603,114226,72816,0,9807,31603,0,0
2026-02-01,9,Gaeta Spur FC,66227,64155,130382,57916,0,8311,64155,0,3
2026-02-01,10,Rashid Shaheed Truthers,78756,36380,115136,74496,0,4260,36380,0,1
2026-02-01,11,All You Need Is LOVE,78631,57334,135965,49929,0,28702,57334,0,1
2026-02-01,12,Omar Comin,98008,13063,111071,68604,0,29404,13063,0,1
2026-02-02,1,208 Ferrari Way,87845,19501,107346,72215,0,15630,19501,0,4
2026-02-02,2,The Federal Reserve,112650,43744,156394,107813,0,4837,43744,0,0
2026-02-02,3,Golden Hour,88005,27069,115074,70567,0,17438,27069,0,6
2026-02-02,4,Lisan al-Caleb,71082,59109,130191,44551,0,26531,59109,0,2
2026-02-02,5,Mommy Rainier,71264,33920,105184,60192,0,11072,33920,0,2
2026-02-02,6,Mostly Washed,74435,27736,102171,71518,0,2917,27736,0,3
2026-02-02,7,Cártel de Breece y Puka,94613,14464,109077,84546,0,10067,14464,0,2
2026-02-02,8,Loading…,82653,31581,114234,72846,0,9807,31581,0,0
2026-02-02,9,Gaeta Spur FC,66271,64145,130416,57948,0,8323,64145,0,3
2026-02-02,10,Rashid Shaheed Truthers,78713,36375,115088,74474,0,4239,36375,0,1
2026-02-02,11,All You Need Is LOVE,78614,57300,135914,49941,0,28673,57300,0,1
2026-02-02,12,Omar Comin,98055,13060,111115,68625,0,29430,13060,0,1
2026-02-03,1,208 Ferrari Way,87833,19500,107333,72221,0,15612,19500,0,4
2026-02-03,2,The Federal Reserve,112569,43721,156290,107734,0,4835,43721,0,0
2026-02-03,3,Golden Hour,88004,27034,115038,70547,0,17457,27034,0,6
2026-02-03,4,Lisan al-Caleb,71026,59108,130134,44497,0,26529,59108,0,2
2026-02-03,5,Mommy Rainier,71299,33903,105202,60219,0,11080,33903,0,2
2026-02-03,6,Mostly Washed,74434,27745,102179,71514,0,2920,27745,0,3
2026-02-03,7,Cártel de Breece y Puka,94624,14446,109070,84538,0,10086,14446,0,2
2026-02-03,8,Loading…,82668,31575,114243,72862,0,9806,31575,0,0
2026-02-03,9,Gaeta Spur FC,66256,64163,130419,57931,0,8325,64163,0,3
2026-02-03,10,Rashid Shaheed Truthers,78816,36382,115198,74586,0,4230,36382,0,1
2026-02-03,11,All You Need Is LOVE,78620,57357,135977,49957,0,28663,57357,0,1
2026-02-03,12,Omar Comin,98040,13054,111094,68609,0,29431,13054,0,1
2026-02-04,1,208 Ferrari Way,87816,19477,107293,72240,0,15576,19477,0,4
2026-02-04,2,The Federal Reserve,112594,43737,156331,107758,0,4836,43737,0,0
2026-02-04,3,Golden Hour,88045,27040,115085,70594,0,17451,27040,0,6
2026-02-04,4,Lisan al-Caleb,70995,59081,130076,44498,0,26497,59081,0,2
2026-02-04,5,Mommy Rainier,71310,33878,105188,60216,0,11094,33878,0,2
2026-02-04,6,Mostly Washed,74416,27664,102080,71495,0,2921,27664,0,3
2026-02-04,7,Cártel de Breece y Puka,94654,14445,109099,84594,0,10060,14445,0,2
2026-02-04,8,Loading…,82673,31544,114217,72879,0,9794,31544,0,0
2026-02-04,9,Gaeta Spur FC,66334,64006,130340,57980,0,8354,64006,0,3
2026-02-04,10,Rashid Shaheed Truthers,78803,36297,115100,74558,0,4245,36297,0,1
2026-02-04,11,All You Need Is LOVE,78614,57283,135897,49952,0,28662,57283,0,1
2026-02-04,12,Omar Comin,98072,12992,111064,68665,0,29407,12992,0,1
2026-02-05,1,208 Ferrari Way,87796,19464,107260,72245,0,15551,19464,0,4
2026-02-05,2,The Federal Reserve,112585,43752,156337,107766,0,4819,43752,0,0
2026-02-05,3,Golden Hour,88071,27050,115121,70627,0,17444,27050,0,6
2026-02-05,4,Lisan al-Caleb,71025,59050,130075,44497,0,26528,59050,0,2
2026-02-05,5,Mommy Rainier,71333,33853,105186,60254,0,11079,33853,0,2
2026-02-05,6,Mostly Washed,74376,27654,102030,71452,0,2924,27654,0,3
2026-02-05,7,Cártel de Breece y Puka,94642,14436,109078,84589,0,10053,14436,0,2
2026-02-05,8,Loading…,82708,31534,114242,72899,0,9809,31534,0,0
2026-02-05,9,Gaeta Spur FC,66265,63999,130264,57913,0,8352,63999,0,3
2026-02-05,10,Rashid Shaheed Truthers,78824,36296,115120,74582,0,4242,36296,0,1
2026-02-05,11,All You Need Is LOVE,78661,57267,135928,49978,0,28683,57267,0,1
2026-02-05,12,Omar Comin,98057,13001,111058,68634,0,29423,13001,0,1
2026-02-06,1,208 Ferrari Way,87765,19436,107201,72202,0,15563,19436,0,4
2026-02-06,2,The Federal Reserve,112612,43775,156387,107787,0,4825,43775,0,0
2026-02-06,3,Golden Hour,88057,27028,115085,70631,0,17426,27028,0,6
2026-02-06,4,Lisan al-Caleb,71009,59035,130044,44496,0,26513,59035,0,2
2026-02-06,5,Mommy Rainier,71345,33865,105210,60253,0,11092,33865,0,2
2026-02-06,6,Mostly Washed,74383,27674,102057,71462,0,2921,27674,0,3
2026-02-06,7,Cártel de Breece y Puka,94667,14440,109107,84625,0,10042,14440,0,2
2026-02-06,8,Loading…,82713,31486,114199,72892,0,9821,31486,0,0
2026-02-06,9,Gaeta Spur FC,66303,63961,130264,57942,0,8361,63961,0,3
2026-02-06,10,Rashid Shaheed Truthers,78871,36288,115159,74629,0,4242,36288,0,1
2026-02-06,11,All You Need Is LOVE,78611,57247,135858,49954,0,28657,57247,0,1
2026-02-06,12,Omar Comin,98087,12993,111080,68622,0,29465,12993,0,1
2026-02-07,1,208 Ferrari Way,87789,19422,107211,72240,0,15549,19422,0,4
2026-02-07,2,The Federal Reserve,112606,43743,156349,107784,0,4822,43743,0,0
2026-02-07,3,Golden Hour,88084,27019,115103,70633,0,17451,27019,0,6
2026-02-07,4,Lisan al-Caleb,70998,59040,130038,44496,0,26502,59040,0,2
2026-02-07,5,Mommy Rainier,71308,33796,105104,60227,0,11081,33796,0,2
2026-02-07,6,Mostly Washed,74397,27651,102048,71464,0,2933,27651,0,3
2026-02-07,7,Cártel de Breece y Puka,94649,14414,109063,84603,0,10046,14414,0,2
2026-02-07,8,Loading…,82724,31495,114219,72898,0,9826,31495,0,0
2026-02-07,9,Gaeta Spur FC,66285,63957,130242,57923,0,8362,63957,0,3
2026-02-07,10,Rashid Shaheed Truthers,78868,36278,115146,74620,0,4248,36278,0,1
2026-02-07,11,All You Need Is LOVE,78646,57239,135885,50000,0,28646,57239,0,1
2026-02-07,12,Omar Comin,98115,12978,111093,68655,0,29460,12978,0,1
2026-02-08,1,208 Ferrari Way,87758,19447,107205,72200,0,15558,19447,0,4
2026-02-08,2,The Federal Reserve,112647,43741,156388,107813,0,4834,43741,0,0
2026-02-08,3,Golden Hour,88055,27053,115108,70620,0,17435,27053,0,6
2026-02-08,4,Lisan al-Caleb,71022,59023,130045,44505,0,26517,59023,0,2
2026-02-08,5,Mommy Rainier,71278,33756,105034,60209,0,11069,33756,0,2
2026-02-08,6,Mostly Washed,74413,27632,102045,71477,0,2936,27632,0,3
2026-02-08,7,Cártel de Breece y Puka,94624,14432,109056,84595,0,10029,14432,0,2
2026-02-08,8,Loading…,82703,31499,114202,72891,0,9812,31499,0,0
2026-02-08,9,Gaeta Spur FC,66323,63960,130283,57965,0,8358,63960,0,3
2026-02-08,10,Rashid Shaheed Truthers,78848,36282,115130,74595,0,4253,36282,0,1
2026-02-08,11,All You Need Is LOVE,78654,57221,135875,50021,0,28633,57221,0,1
2026-02-08,12,Omar Comin,98163,12954,111117,68669,0,29494,12954,0,2
2026-02-09,1,208 Ferrari Way,87765,19462,107227,72204,0,15561,19462,0,4
2026-02-09,2,The Federal Reserve,112650,43714,156364,107814,0,4836,43714,0,0
2026-02-09,3,Golden Hour,88006,27076,115082,70551,0,17455,27076,0,6
2026-02-09,4,Lisan al-Caleb,71074,58948,130022,44541,0,26533,58948,0,2
2026-02-09,5,Mommy Rainier,71286,33707,104993,60212,0,11074,33707,0,2
2026-02-09,6,Mostly Washed,74432,27620,102052,71492,0,2940,27620,0,3
2026-02-09,7,Cártel de Breece y Puka,94638,14447,109085,84593,0,10045,14447,0,2
2026-02-09,8,Loading…,82703,31462,114165,72888,0,9815,31462,0,0
2026-02-09,9,Gaeta Spur FC,66344,63940,130284,57979,0,8365,63940,0,3
2026-02-09,10,Rashid Shaheed Truthers,78855,36259,115114,74599,0,4256,36259,0,1
2026-02-09,11,All You Need Is LOVE,78635,57166,135801,50007,0,28628,57166,0,1
2026-02-09,12,Omar Comin,98166,12955,111121,68705,0,29461,12955,0,2
2026-02-10,1,208 Ferrari Way,87746,19447,107193,72196,0,15550,19447,0,4
2026-02-10,2,The Federal Reserve,112676,43694,156370,107830,0,4846,43694,0,0
2026-02-10,3,Golden Hour,87994,27051,115045,70544,0,17450,27051,0,6
2026-02-10,4,Lisan al-Caleb,68687,58928,127615,42165,0,26522,58928,0,1
2026-02-10,5,Mommy Rainier,71257,33639,104896,60204,0,11053,33639,0,2
2026-02-10,6,Mostly Washed,74395,27604,101999,71469,0,2926,27604,0,3
2026-02-10,7,Cártel de Breece y Puka,94598,14427,109025,84558,0,10040,14427,0,2
2026-02-10,8,Loading…,82715,31462,114177,72900,0,9815,31462,0,0
2026-02-10,9,Gaeta Spur FC,66457,63884,130341,58073,0,8384,63884,0,3
2026-02-10,10,Rashid Shaheed Truthers,78835,36250,115085,74597,0,4238,36250,0,1
2026-02-10,11,All You Need Is LOVE,78700,57149,135849,50074,0,28626,57149,0,1
2026-02-10,12,Omar Comin,98135,12949,111084,68673,0,29462,12949,0,2
2026-02-11,1,208 Ferrari Way,87683,19432,107115,72164,0,15519,19432,0,4
2026-02-11,2,The Federal Reserve,112671,43678,156349,107818,0,4853,43678,0,0
2026-02-11,3,Golden Hour,88003,27044,115047,70583,0,17420,27044,0,6
2026-02-11,4,Lisan al-Caleb,68738,58940,127678,42190,0,26548,58940,0,2
2026-02-11,5,Mommy Rainier,71285,33632,104917,60210,0,11075,33632,0,2
2026-02-11,6,Mostly Washed,74462,27575,102037,71539,0,2923,27575,0,3
2026-02-11,7,Cártel de Breece y Puka,94581,14421,109002,84545,0,10036,14421,0,2
2026-02-11,8,Loading…,82649,31432,114081,72838,0,9811,31432,0,0
2026-02-11,9,Gaeta Spur FC,66531,63863,130394,58121,0,8410,63863,0,3
2026-02-11,10,Rashid Shaheed Truthers,78857,36198,115055,74622,0,4235,36198,0,1
2026-02-11,11,All You Need Is LOVE,78683,57144,135827,50075,0,28608,57144,0,1
2026-02-11,12,Omar Comin,98089,12925,111014,68621,0,29468,12925,0,2
2026-02-12,1,208 Ferrari Way,87625,19429,107054,72115,0,15510,19429,0,4
2026-02-12,2,The Federal Reserve,112691,43692,156383,107836,0,4855,43692,0,0
2026-02-12,3,Golden Hour,87998,27027,115025,70606,0,17392,27027,0,3
2026-02-12,4,Lisan al-Caleb,68720,58969,127689,42181,0,26539,58969,0,2
2026-02-12,5,Mommy Rainier,71326,33614,104940,60242,0,11084,33614,0,2
2026-02-12,6,Mostly Washed,74446,27610,102056,71526,0,2920,27610,0,3
2026-02-12,7,Cártel de Breece y Puka,94528,14404,108932,84514,0,10014,14404,0,1
2026-02-12,8,Loading…,82694,31437,114131,72881,0,9813,31437,0,0
2026-02-12,9,Gaeta Spur FC,66527,63853,130380,58106,0,8421,63853,0,3
2026-02-12,10,Rashid Shaheed Truthers,78855,36201,115056,74617,0,4238,36201,0,1
2026-02-12,11,All You Need Is LOVE,78726,57128,135854,50116,0,28610,57128,0,1
2026-02-12,12,Omar Comin,96138,12964,109102,66700,0,29438,12964,0,0
2026-02-13,1,208 Ferrari Way,87626,19430,107056,72130,0,15496,19430,0,4
2026-02-13,2,The Federal Reserve,112694,43698,156392,107846,0,4848,43698,0,0
2026-02-13,3,Golden Hour,87987,27036,115023,70586,0,17401,27036,0,3
2026-02-13,4,Lisan al-Caleb,68756,58964,127720,42188,0,26568,58964,0,2
2026-02-13,5,Mommy Rainier,71285,33606,104891,60234,0,11051,33606,0,2
2026-02-13,6,Mostly Washed,74396,27603,101999,71472,0,2924,27603,0,3
2026-02-13,7,Cártel de Breece y Puka,94518,14444,108962,84526,0,9992,14444,0,1
2026-02-13,8,Loading…,82730,31407,114137,72885,0,9845,31407,0,0
2026-02-13,9,Gaeta Spur FC,66492,63818,130310,58073,0,8419,63818,0,3
2026-02-13,10,Rashid Shaheed Truthers,78939,36174,115113,74695,0,4244,36174,0,1
2026-02-13,11,All You Need Is LOVE,78759,57045,135804,50147,0,28612,57045,0,1
2026-02-13,12,Omar Comin,96145,12955,109100,66723,0,29422,12955,0,0
2026-02-14,1,208 Ferrari Way,87662,19439,107101,72149,0,15513,19439,0,4
2026-02-14,2,The Federal Reserve,112661,43672,156333,107818,0,4843,43672,0,0
2026-02-14,3,Golden Hour,87935,27044,114979,70532,0,17403,27044,0,3
2026-02-14,4,Lisan al-Caleb,68751,58981,127732,42166,0,26585,58981,0,2
2026-02-14,5,Mommy Rainier,71342,33607,104949,60269,0,11073,33607,0,2
2026-02-14,6,Mostly Washed,74377,27584,101961,71455,0,2922,27584,0,3
2026-02-14,7,Cártel de Breece y Puka,94464,14444,108908,84474,0,9990,14444,0,1
2026-02-14,8,Loading…,82754,31393,114147,72898,0,9856,31393,0,0
2026-02-14,9,Gaeta Spur FC,66511,63790,130301,58096,0,8415,63790,0,3
2026-02-14,10,Rashid Shaheed Truthers,79025,36162,115187,74778,0,4247,36162,0,1
2026-02-14,11,All You Need Is LOVE,78737,57031,135768,50145,0,28592,57031,0,1
2026-02-14,12,Omar Comin,96176,12937,109113,66735,0,29441,12937,0,0
2026-02-15,1,208 Ferrari Way,87640,19431,107071,72156,0,15484,19431,0,4
2026-02-15,2,The Federal Reserve,112639,43671,156310,107804,0,4835,43671,0,0
2026-02-15,3,Golden Hour,87883,27049,114932,70509,0,17374,27049,0,3
2026-02-15,4,Lisan al-Caleb,68822,58970,127792,42236,0,26586,58970,0,2
2026-02-15,5,Mommy Rainier,71368,33615,104983,60281,0,11087,33615,0,2
2026-02-15,6,Mostly Washed,74358,27619,101977,71442,0,2916,27619,0,3
2026-02-15,7,Cártel de Breece y Puka,94477,14437,108914,84484,0,9993,14437,0,1
2026-02-15,8,Loading…,82782,31396,114178,72933,0,9849,31396,0,0
2026-02-15,9,Gaeta Spur FC,66481,63810,130291,58069,0,8412,63810,0,3
2026-02-15,10,Rashid Shaheed Truthers,79017,36209,115226,74758,0,4259,36209,0,1
2026-02-15,11,All You Need Is LOVE,78720,57012,135732,50166,0,28554,57012,0,1
2026-02-15,12,Omar Comin,96207,12961,109168,66738,0,29469,12961,0,0
2026-02-16,1,208 Ferrari Way,87660,19421,107081,72157,0,15503,19421,0,4
2026-02-16,2,The Federal Reserve,112616,43685,156301,107781,0,4835,43685,0,0
2026-02-16,3,Golden Hour,87832,27040,114872,70472,0,17360,27040,0,3
2026-02-16,4,Lisan al-Caleb,68798,58984,127782,42209,0,26589,58984,0,2
2026-02-16,5,Mommy Rainier,71390,33633,105023,60296,0,11094,33633,0,2
2026-02-16,6,Mostly Washed,74315,27606,101921,71404,0,2911,27606,0,3
2026-02-16,7,Cártel de Breece y Puka,94414,14435,108849,84439,0,9975,14435,0,1
2026-02-16,8,Loading…,82822,31422,114244,72965,0,9857,31422,0,0
2026-02-16,9,Gaeta Spur FC,66583,63845,130428,58147,0,8436,63845,0,3
2026-02-16,10,Rashid Shaheed Truthers,78983,36215,115198,74721,0,4262,36215,0,1
2026-02-16,11,All You Need Is LOVE,78745,57017,135762,50190,0,28555,57017,0,1
2026-02-16,12,Omar Comin,96186,12945,109131,66723,0,29463,12945,0,0
2026-02-17,1,208 Ferrari Way,87710,19382,107092,72218,0,15492,19382,0,4
2026-02-17,2,The Federal Reserve,112564,43695,156259,107741,0,4823,43695,0,0
2026-02-17,3,Golden Hour,87830,27000,114830,70478,0,17352,27000,0,3
2026-02-17,4,Lisan al-Caleb,68813,59048,127861,42213,0,26600,59048,0,2
2026-02-17,5,Mommy Rainier,71461,33625,105086,60315,0,11146,33625,0,2
2026-02-17,6,Mostly Washed,74298,27647,101945,71390,0,2908,27647,0,3
2026-02-17,7,Cártel de Breece y Puka,94412,14382,108794,84445,0,9967,14382,0,1
2026-02-17,8,Loading…,82767,31477,114244,72908,0,9859,31477,0,0
2026-02-17,9,Gaeta Spur FC,66556,63856,130412,58128,0,8428,63856,0,3
2026-02-17,10,Rashid Shaheed Truthers,78967,36228,115195,74711,0,4256,36228,0,1
2026-02-17,11,All You Need Is LOVE,78788,57043,135831,50236,0,28552,57043,0,1
2026-02-17,12,Omar Comin,96161,12969,109130,66651,0,29510,12969,0,0
2026-02-18,1,208 Ferrari Way,87717,19390,107107,72276,0,15441,19390,0,4
2026-02-18,2,The Federal Reserve,112606,43736,156342,107770,0,4836,43736,0,0
2026-02-18,3,Golden Hour,87911,27045,114956,70560,0,17351,27045,0,3
2026-02-18,4,Lisan al-Caleb,68950,59049,127999,42345,0,26605,59049,0,2
2026-02-18,5,Mommy Rainier,71612,33584,105196,60452,0,11160,33584,0,1
2026-02-18,6,Mostly Washed,74466,27686,102152,71551,0,2915,27686,0,3
2026-02-18,7,Cártel de Breece y Puka,94345,14399,108744,84376,0,9969,14399,0,1
2026-02-18,8,Loading…,82738,31427,114165,72882,0,9856,31427,0,0
2026-02-18,9,Gaeta Spur FC,66649,63972,130621,58204,0,8445,63972,0,3
2026-02-18,10,Rashid Shaheed Truthers,78311,36271,114582,74013,0,4298,36271,0,1
2026-02-18,11,All You Need Is LOVE,78990,57039,136029,50405,0,28585,57039,0,1
2026-02-18,12,Omar Comin,96225,12978,109203,66731,0,29494,12978,0,0
2026-02-19,1,208 Ferrari Way,87904,19463,107367,72401,0,15503,19463,0,4
2026-02-19,2,The Federal Reserve,112964,43856,156820,108140,0,4824,43856,0,0
2026-02-19,3,Golden Hour,88083,27179,115262,70708,0,17375,27179,0,3
2026-02-19,4,Lisan al-Caleb,69179,59253,128432,42485,0,26694,59253,0,2
2026-02-19,5,Mommy Rainier,71745,33562,105307,60559,0,11186,33562,0,1
2026-02-19,6,Mostly Washed,74684,27731,102415,71754,0,2930,27731,0,3
2026-02-19,7,Cártel de Breece y Puka,94389,14482,108871,84426,0,9963,14482,0,1
2026-02-19,8,Loading…,83062,31519,114581,73130,0,9932,31519,0,0
2026-02-19,9,Gaeta Spur FC,66839,64088,130927,58351,0,8488,64088,0,3
2026-02-19,10,Rashid Shaheed Truthers,78596,36307,114903,74302,0,4294,36307,0,1
2026-02-19,11,All You Need Is LOVE,79333,57190,136523,50771,0,28562,57190,0,1
2026-02-19,12,Omar Comin,96344,12962,109306,66786,0,29558,12962,0,0
2026-02-20,1,208 Ferrari Way,88000,19522,107522,72541,0,15459,19522,0,4
2026-02-20,2,The Federal Reserve,113279,43947,157226,108445,0,4834,43947,0,0
2026-02-20,3,Golden Hour,88325,27260,115585,70912,0,17413,27260,0,3
2026-02-20,4,Lisan al-Caleb,69457,59268,128725,42717,0,26740,59268,0,2
2026-02-20,5,Mommy Rainier,70343,33594,103937,59097,0,11246,33594,0,2
2026-02-20,6,Mostly Washed,74796,27782,102578,71865,0,2931,27782,0,3
2026-02-20,7,Cártel de Breece y Puka,94386,14526,108912,84446,0,9940,14526,0,1
2026-02-20,8,Loading…,83331,31549,114880,73361,0,9970,31549,0,0
2026-02-20,9,Gaeta Spur FC,66971,64212,131183,58436,0,8535,64212,0,3
2026-02-20,10,Rashid Shaheed Truthers,78777,36319,115096,74487,0,4290,36319,0,1
2026-02-20,11,All You Need Is LOVE,79582,57240,136822,50872,0,28710,57240,0,1
2026-02-20,12,Omar Comin,96391,12969,109360,66934,0,29457,12969,0,0
2026-02-21,1,208 Ferrari Way,88046,19526,107572,72562,0,15484,19526,0,4
2026-02-21,2,The Federal Reserve,113494,44032,157526,108687,0,4807,44032,0,0
2026-02-21,3,Golden Hour,88411,27275,115686,70965,0,17446,27275,0,3
2026-02-21,4,Lisan al-Caleb,69680,59391,129071,42876,0,26804,59391,0,2
2026-02-21,5,Mommy Rainier,70424,33604,104028,59207,0,11217,33604,0,2
2026-02-21,6,Mostly Washed,74801,27855,102656,71864,0,2937,27855,0,3
2026-02-21,7,Cártel de Breece y Puka,94298,14499,108797,84351,0,9947,14499,0,1
2026-02-21,8,Loading…,83635,31586,115221,73653,0,9982,31586,0,0
2026-02-21,9,Gaeta Spur FC,67154,64291,131445,58582,0,8572,64291,0,3
2026-02-21,10,Rashid Shaheed Truthers,78865,36394,115259,74545,0,4320,36394,0,1
2026-02-21,11,All You Need Is LOVE,79732,57286,137018,50959,0,28773,57286,0,1
2026-02-21,12,Omar Comin,96360,12985,109345,66909,0,29451,12985,0,0
2026-02-22,1,208 Ferrari Way,88117,19492,107609,72658,0,15459,19492,0,4
2026-02-22,2,The Federal Reserve,113651,44042,157693,108814,0,4837,44042,0,0
2026-02-22,3,Golden Hour,88554,27256,115810,71079,0,17475,27256,0,3
2026-02-22,4,Lisan al-Caleb,69831,59387,129218,42981,0,26850,59387,0,2
2026-02-22,5,Mommy Rainier,70451,33670,104121,59250,0,11201,33670,0,2
2026-02-22,6,Mostly Washed,74967,27927,102894,72038,0,2929,27927,0,3
2026-02-22,7,Cártel de Breece y Puka,94441,14506,108947,84490,0,9951,14506,0,1
2026-02-22,8,Loading…,83685,31592,115277,73703,0,9982,31592,0,0
2026-02-22,9,Gaeta Spur FC,67192,64373,131565,58614,0,8578,64373,0,3
2026-02-22,10,Rashid Shaheed Truthers,79116,36432,115548,74813,0,4303,36432,0,1
2026-02-22,11,All You Need Is LOVE,79825,57316,137141,51087,0,28738,57316,0,1
2026-02-22,12,Omar Comin,96512,13015,109527,66968,0,29544,13015,0,0
2026-02-23,1,208 Ferrari Way,88082,19469,107551,72600,0,15482,19469,0,4
2026-02-23,2,The Federal Reserve,113796,44005,157801,108938,0,4858,44005,0,0
2026-02-23,3,Golden Hour,88558,27220,115778,71092,0,17466,27220,0,3
2026-02-23,4,Lisan al-Caleb,70011,59376,129387,43085,0,26926,59376,0,2
2026-02-23,5,Mommy Rainier,70674,33652,104326,59438,0,11236,33652,0,2
2026-02-23,6,Mostly Washed,75053,27945,102998,72129,0,2924,27945,0,3
2026-02-23,7,Cártel de Breece y Puka,94537,14467,109004,84574,0,9963,14467,0,1
2026-02-23,8,Loading…,83836,31564,115400,73846,0,9990,31564,0,0
2026-02-23,9,Gaeta Spur FC,67332,64480,131812,58766,0,8566,64480,0,3
2026-02-23,10,Rashid Shaheed Truthers,79178,36486,115664,74859,0,4319,36486,0,1
2026-02-23,11,All You Need Is LOVE,79980,57364,137344,51174,0,28806,57364,0,1
2026-02-23,12,Omar Comin,96587,13016,109603,67024,0,29563,13016,0,0
2026-02-24,1,208 Ferrari Way,87111,19454,106565,71593,0,15518,19454,0,2
2026-02-24,2,The Federal Reserve,113830,44087,157917,108990,0,4840,44087,0,0
2026-02-24,3,Golden Hour,88724,27212,115936,71210,0,17514,27212,0,3
2026-02-24,4,Lisan al-Caleb,70266,59444,129710,43281,0,26985,59444,0,2
2026-02-24,5,Mommy Rainier,70767,33736,104503,59530,0,11237,33736,0,2
2026-02-24,6,Mostly Washed,75064,27949,103013,72139,0,2925,27949,0,3
2026-02-24,7,Cártel de Breece y Puka,94730,14460,109190,84777,0,9953,14460,0,1
2026-02-24,8,Loading…,83929,31565,115494,73938,0,9991,31565,0,0
2026-02-24,9,Gaeta Spur FC,67458,64421,131879,58857,0,8601,64421,0,3
2026-02-24,10,Rashid Shaheed Truthers,79415,36498,115913,75060,0,4355,36498,0,1
2026-02-24,11,All You Need Is LOVE,80070,57343,137413,51324,0,28746,57343,0,1
2026-02-24,12,Omar Comin,96460,13043,109503,66972,0,29488,13043,0,0
2026-02-25,1,208 Ferrari Way,87169,19518,106687,71653,0,15516,19518,0,2
2026-02-25,2,The Federal Reserve,114115,44142,158257,109264,0,4851,44142,0,0
2026-02-25,3,Golden Hour,88753,27247,116000,71207,0,17546,27247,0,3
2026-02-25,4,Lisan al-Caleb,70333,59295,129628,43346,0,26987,59295,0,2
2026-02-25,5,Mommy Rainier,70894,33680,104574,59625,0,11269,33680,0,2
2026-02-25,6,Mostly Washed,75141,27999,103140,72229,0,2912,27999,0,3
2026-02-25,7,Cártel de Breece y Puka,94772,14532,109304,84786,0,9986,14532,0,1
2026-02-25,8,Loading…,84096,31528,115624,74075,0,10021,31528,0,0
2026-02-25,9,Gaeta Spur FC,67599,64287,131886,59009,0,8590,64287,0,3
2026-02-25,10,Rashid Shaheed Truthers,79444,36531,115975,75071,0,4373,36531,0,1
2026-02-25,11,All You Need Is LOVE,80193,57188,137381,51434,0,28759,57188,0,1
2026-02-25,12,Omar Comin,96423,13069,109492,66940,0,29483,13069,0,0
2026-02-26,1,208 Ferrari Way,87165,19510,106675,71727,0,15438,19510,0,2
2026-02-26,2,The Federal Reserve,114146,44147,158293,109295,0,4851,44147,0,0
2026-02-26,3,Golden Hour,88886,27192,116078,71288,0,17598,27192,0,3
2026-02-26,4,Lisan al-Caleb,70401,59269,129670,43370,0,27031,59269,0,2
2026-02-26,5,Mommy Rainier,70985,33637,104622,59721,0,11264,33637,0,2
2026-02-26,6,Mostly Washed,75257,28018,103275,72329,0,2928,28018,0,3
2026-02-26,7,Cártel de Breece y Puka,94810,14500,109310,84816,0,9994,14500,0,1
2026-02-26,8,Loading…,84183,31550,115733,74176,0,10007,31550,0,0
2026-02-26,9,Gaeta Spur FC,67622,64200,131822,59046,0,8576,64200,0,3
2026-02-26,10,Rashid Shaheed Truthers,79541,36550,116091,75176,0,4365,36550,0,1
2026-02-26,11,All You Need Is LOVE,80457,57102,137559,51649,0,28808,57102,0,1
2026-02-26,12,Omar Comin,96594,13097,109691,67008,0,29586,13097,0,0
2026-02-27,1,208 Ferrari Way,87177,19530,106707,71832,0,15345,19530,0,2
2026-02-27,2,The Federal Reserve,114160,44218,158378,109340,0,4820,44218,0,0
2026-02-27,3,Golden Hour,88949,27207,116156,71413,0,17536,27207,0,3
2026-02-27,4,Lisan al-Caleb,70388,59318,129706,43367,0,27021,59318,0,2
2026-02-27,5,Mommy Rainier,71126,33561,104687,59789,0,11337,33561,0,2
2026-02-27,6,Mostly Washed,75414,28121,103535,72473,0,2941,28121,0,3
2026-02-27,7,Cártel de Breece y Puka,94908,14517,109425,84825,0,10083,14517,0,1
2026-02-27,8,Loading…,84267,31558,115825,74261,0,10006,31558,0,0
2026-02-27,9,Gaeta Spur FC,67688,64322,132010,59134,0,8554,64322,0,3
2026-02-27,10,Rashid Shaheed Truthers,79617,36617,116234,75231,0,4386,36617,0,1
2026-02-27,11,All You Need Is LOVE,80459,57089,137548,51712,0,28747,57089,0,1
2026-02-27,12,Omar Comin,96626,13134,109760,67072,0,29554,13134,0,0
2026-02-28,1,208 Ferrari Way,87093,19541,106634,71810,0,15283,19541,0,2
2026-02-28,2,The Federal Reserve,114260,44200,158460,109450,0,4810,44200,0,0
2026-02-28,3,Golden Hour,88932,27194,116126,71371,0,17561,27194,0,3
2026-02-28,4,Lisan al-Caleb,70521,59365,129886,43467,0,27054,59365,0,2
2026-02-28,5,Mommy Rainier,71232,33580,104812,59850,0,11382,33580,0,2
2026-02-28,6,Mostly Washed,75446,28108,103554,72520,0,2926,28108,0,3
2026-02-28,7,Cártel de Breece y Puka,94924,14498,109422,84884,0,10040,14498,0,1
2026-02-28,8,Loading…,84393,31539,115932,74376,0,10017,31539,0,0
2026-02-28,9,Gaeta Spur FC,67738,64249,131987,59158,0,8580,64249,0,3
2026-02-28,10,Rashid Shaheed Truthers,79653,36586,116239,75281,0,4372,36586,0,1
2026-02-28,11,All You Need Is LOVE,80542,57149,137691,51787,0,28755,57149,0,1
2026-02-28,12,Omar Comin,96579,13187,109766,66986,0,29593,13187,0,0
2026-03-01,1,208 Ferrari Way,87018,19565,106583,71742,0,15276,19565,0,2
2026-03-01,2,The Federal Reserve,114223,44217,158440,109437,0,4786,44217,0,0
2026-03-01,3,Golden Hour,89036,27208,116244,71444,0,17592,27208,0,3
2026-03-01,4,Lisan al-Caleb,70604,59413,130017,43608,0,26996,59413,0,2
2026-03-01,5,Mommy Rainier,71123,33538,104661,59803,0,11320,33538,0,2
2026-03-01,6,Mostly Washed,75495,28154,103649,72591,0,2904,28154,0,3
2026-03-01,7,Cártel de Breece y Puka,94850,14493,109343,84761,0,10089,14493,0,1
2026-03-01,8,Loading…,84548,31596,116144,74475,0,10073,31596,0,0
2026-03-01,9,Gaeta Spur FC,67685,64200,131885,59119,0,8566,64200,0,3
2026-03-01,10,Rashid Shaheed Truthers,79548,36590,116138,75197,0,4351,36590,0,1
2026-03-01,11,All You Need Is LOVE,80586,57051,137637,51814,0,28772,57051,0,1
2026-03-01,12,Omar Comin,96570,13279,109849,67002,0,29568,13279,0,0
2026-03-02,1,208 Ferrari Way,87111,19564,106675,71869,0,15242,19564,0,2
2026-03-02,2,The Federal Reserve,114063,44247,158310,109309,0,4754,44247,0,0
2026-03-02,3,Golden Hour,89184,27208,116392,71586,0,17598,27208,0,3
2026-03-02,4,Lisan al-Caleb,70624,59395,130019,43583,0,27041,59395,0,2
2026-03-02,5,Mommy Rainier,71165,33475,104640,59858,0,11307,33475,0,2
2026-03-02,6,Mostly Washed,75407,28153,103560,72491,0,2916,28153,0,3
2026-03-02,7,Cártel de Breece y Puka,94848,14506,109354,84742,0,10106,14506,0,1
2026-03-02,8,Loading…,84683,31552,116235,74607,0,10076,31552,0,0
2026-03-02,9,Gaeta Spur FC,67596,64114,131710,59027,0,8569,64114,0,3
2026-03-02,10,Rashid Shaheed Truthers,79562,36550,116112,75203,0,4359,36550,0,1
2026-03-02,11,All You Need Is LOVE,80520,56994,137514,51768,0,28752,56994,0,1
2026-03-02,12,Omar Comin,96621,13302,109923,66971,0,29650,13302,0,0
2026-03-03,1,208 Ferrari Way,86921,19591,106512,71891,0,15030,19591,0,2
2026-03-03,2,The Federal Reserve,114058,44274,158332,109318,0,4740,44274,0,0
2026-03-03,3,Golden Hour,89105,27244,116349,71571,0,17534,27244,0,3
2026-03-03,4,Lisan al-Caleb,70777,59433,130210,43787,0,26990,59433,0,2
2026-03-03,5,Mommy Rainier,71104,33510,104614,59818,0,11286,33510,0,2
2026-03-03,6,Mostly Washed,75435,28190,103625,72528,0,2907,28190,0,3
2026-03-03,7,Cártel de Breece y Puka,94840,14544,109384,84772,0,10068,14544,0,1
2026-03-03,8,Loading…,84763,31604,116367,74734,0,10029,31604,0,0
2026-03-03,9,Gaeta Spur FC,67873,64256,132129,59303,0,8570,64256,0,3
2026-03-03,10,Rashid Shaheed Truthers,79716,36660,116376,75312,0,4404,36660,0,1
2026-03-03,11,All You Need Is LOVE,80476,57023,137499,51726,0,28750,57023,0,1
2026-03-03,12,Omar Comin,96581,13279,109860,66984,0,29597,13279,0,0
2026-03-04,1,208 Ferrari Way,86785,19635,106420,71954,0,14831,19635,0,2
2026-03-04,2,The Federal Reserve,114132,44371,158503,109397,0,4735,44371,0,0
2026-03-04,3,Golden Hour,89055,27263,116318,71543,0,17512,27263,0,3
2026-03-04,4,Lisan al-Caleb,70831,59635,130466,43855,0,26976,59635,0,2
2026-03-04,5,Mommy Rainier,71127,33763,104890,59856,0,11271,33763,0,2
2026-03-04,6,Mostly Washed,75434,28279,103713,72527,0,2907,28279,0,3
2026-03-04,7,Cártel de Breece y Puka,94686,14553,109239,84582,0,10104,14553,0,1
2026-03-04,8,Loading…,84860,31726,116586,74786,0,10074,31726,0,0
2026-03-04,9,Gaeta Spur FC,68144,64529,132673,59537,0,8607,64529,0,3
2026-03-04,10,Rashid Shaheed Truthers,79733,36795,116528,75319,0,4414,36795,0,1
2026-03-04,11,All You Need Is LOVE,80395,57297,137692,51689,0,28706,57297,0,1
2026-03-04,12,Omar Comin,96497,13298,109795,66923,0,29574,13298,0,0
2026-03-05,1,208 Ferrari Way,86970,19645,106615,72136,0,14834,19645,0,2
2026-03-05,2,The Federal Reserve,114030,44406,158436,109350,0,4680,44406,0,0
2026-03-05,3,Golden Hour,89138,27266,116404,71641,0,17497,27266,0,3
2026-03-05,4,Lisan al-Caleb,70810,59512,130322,43889,0,26921,59512,0,2
2026-03-05,5,Mommy Rainier,71139,33760,104899,59877,0,11262,33760,0,2
2026-03-05,6,Mostly Washed,75324,28334,103658,72414,0,2910,28334,0,3
2026-03-05,7,Cártel de Breece y Puka,94520,14597,109117,84458,0,10062,14597,0,1
2026-03-05,8,Loading…,84873,31680,116553,74823,0,10050,31680,0,0
2026-03-05,9,Gaeta Spur FC,68229,64557,132786,59544,0,8685,64557,0,3
2026-03-05,10,Rashid Shaheed Truthers,79816,36856,116672,75379,0,4437,36856,0,1
2026-03-05,11,All You Need Is LOVE,80584,57205,137789,51828,0,28756,57205,0,1
2026-03-05,12,Omar Comin,96515,13266,109781,67042,0,29473,13266,0,0
2026-03-06,1,208 Ferrari Way,86958,19666,106624,72123,0,14835,19666,0,2
2026-03-06,2,The Federal Reserve,114102,44542,158644,109446,0,4656,44542,0,0
2026-03-06,3,Golden Hour,88974,27312,116286,71509,0,17465,27312,0,3
2026-03-06,4,Lisan al-Caleb,70786,59451,130237,43610,0,27176,59451,0,2
2026-03-06,5,Mommy Rainier,71225,33849,105074,59930,0,11295,33849,0,2
2026-03-06,6,Mostly Washed,75214,28480,103694,72340,0,2874,28480,0,3
2026-03-06,7,Cártel de Breece y Puka,94606,14644,109250,84513,0,10093,14644,0,1
2026-03-06,8,Loading…,84819,31742,116561,74760,0,10059,31742,0,0
2026-03-06,9,Gaeta Spur FC,68123,64700,132823,59497,0,8626,64700,0,3
2026-03-06,10,Rashid Shaheed Truthers,79693,37081,116774,75232,0,4461,37081,0,1
2026-03-06,11,All You Need Is LOVE,80514,57143,137657,51822,0,28692,57143,0,1
2026-03-06,12,Omar Comin,96470,13346,109816,67095,0,29375,13346,0,0
2026-03-07,1,208 Ferrari Way,86946,19670,106616,72149,0,14797,19670,0,2
2026-03-07,2,The Federal Reserve,114138,44535,158673,109468,0,4670,44535,0,0
2026-03-07,3,Golden Hour,88963,27328,116291,71479,0,17484,27328,0,3
2026-03-07,4,Lisan al-Caleb,71272,59385,130657,43894,0,27378,59385,0,3
2026-03-07,5,Mommy Rainier,71149,33971,105120,59856,0,11293,33971,0,2
2026-03-07,6,Mostly Washed,75054,28538,103592,72200,0,2854,28538,0,3
2026-03-07,7,Cártel de Breece y Puka,94542,14604,109146,84464,0,10078,14604,0,1
2026-03-07,8,Loading…,84937,31709,116646,74892,0,10045,31709,0,0
2026-03-07,9,Gaeta Spur FC,68055,64774,132829,59398,0,8657,64774,0,2
2026-03-07,10,Rashid Shaheed Truthers,79638,37183,116821,75189,0,4449,37183,0,1
2026-03-07,11,All You Need Is LOVE,80629,57075,137704,51921,0,28708,57075,0,1
2026-03-07,12,Omar Comin,96512,13344,109856,67207,0,29305,13344,0,0
2026-03-08,1,208 Ferrari Way,86892,19623,106515,72049,0,14843,19623,0,2
2026-03-08,2,The Federal Reserve,114191,44622,158813,109540,0,4651,44622,0,0
2026-03-08,3,Golden Hour,89055,27211,116266,71543,0,17512,27211,0,3
2026-03-08,4,Lisan al-Caleb,72708,61153,133861,45239,0,27469,61153,0,3
2026-03-08,5,Mommy Rainier,71045,34048,105093,59798,0,11247,34048,0,2
2026-03-08,6,Mostly Washed,75151,28592,103743,72327,0,2824,28592,0,3
2026-03-08,7,Cártel de Breece y Puka,94488,14554,109042,84409,0,10079,14554,0,1
2026-03-08,8,Loading…,84944,31820,116764,74883,0,10061,31820,0,0
2026-03-08,9,Gaeta Spur FC,68120,64667,132787,59477,0,8643,64667,0,2
2026-03-08,10,Rashid Shaheed Truthers,79609,37268,116877,75142,0,4467,37268,0,1
2026-03-08,11,All You Need Is LOVE,80570,57155,137725,51994,0,28576,57155,0,1
2026-03-08,12,Omar Comin,95120,11707,106827,65871,0,29249,11707,0,0
2026-03-09,1,208 Ferrari Way,86959,19646,106605,72102,0,14857,19646,0,2
2026-03-09,2,The Federal Reserve,114220,44748,158968,109582,0,4638,44748,0,0
2026-03-09,3,Golden Hour,89083,27254,116337,71526,0,17557,27254,0,3
2026-03-09,4,Lisan al-Caleb,70902,61385,132287,43520,0,27382,61385,0,3
2026-03-09,5,Mommy Rainier,70495,34145,104640,59268,0,11227,34145,0,2
2026-03-09,6,Mostly Washed,75154,28689,103843,72327,0,2827,28689,0,3
2026-03-09,7,Cártel de Breece y Puka,94450,14550,109000,84344,0,10106,14550,0,1
2026-03-09,8,Loading…,85000,31934,116934,74970,0,10030,31934,0,0
2026-03-09,9,Gaeta Spur FC,66886,64884,131770,58217,0,8669,64884,0,2
2026-03-09,10,Rashid Shaheed Truthers,79601,37358,116959,75107,0,4494,37358,0,1
2026-03-09,11,All You Need Is LOVE,80594,57218,137812,52055,0,28539,57218,0,0
2026-03-09,12,Omar Comin,95057,11717,106774,65817,0,29240,11717,0,0
2026-03-10,1,208 Ferrari Way,87041,19633,106674,72219,0,14822,19633,0,2
2026-03-10,2,The Federal Reserve,114171,44618,158789,109610,0,4561,44618,0,0
2026-03-10,3,Golden Hour,89204,27156,116360,71570,0,17634,27156,0,3
2026-03-10,4,Lisan al-Caleb,70927,61373,132300,43652,0,27275,61373,0,3
2026-03-10,5,Mommy Rainier,70291,34150,104441,59151,0,11140,34150,0,2
2026-03-10,6,Mostly Washed,75239,28700,103939,72428,0,2811,28700,0,3
2026-03-10,7,Cártel de Breece y Puka,93260,17647,110907,83242,0,10018,17647,0,1
2026-03-10,8,Loading…,86336,28852,115188,76294,0,10042,28852,0,0
2026-03-10,9,Gaeta Spur FC,67071,64932,132003,58431,0,8640,64932,0,2
2026-03-10,10,Rashid Shaheed Truthers,80047,37426,117473,75562,0,4485,37426,0,1
2026-03-10,11,All You Need Is LOVE,80912,57179,138091,52274,0,28638,57179,0,0
2026-03-10,12,Omar Comin,94748,11730,106478,65680,0,29068,11730,0,0
2026-03-11,1,208 Ferrari Way,87228,19722,106950,72458,0,14770,19722,0,2
2026-03-11,2,The Federal Reserve,114051,44704,158755,109519,0,4532,44704,0,0
2026-03-11,3,Golden Hour,89182,27170,116352,71569,0,17613,27170,0,3
2026-03-11,4,Lisan al-Caleb,71044,61607,132651,43913,0,27131,61607,0,3
2026-03-11,5,Mommy Rainier,70199,34313,104512,59063,0,11136,34313,0,2
2026-03-11,6,Mostly Washed,75044,28691,103735,72228,0,2816,28691,0,3
2026-03-11,7,Cártel de Breece y Puka,91785,17682,109467,81841,0,9944,17682,0,1
2026-03-11,8,Loading…,87296,29053,116349,77244,0,10052,29053,0,0
2026-03-11,9,Gaeta Spur FC,67005,64994,131999,58349,0,8656,64994,0,2
2026-03-11,10,Rashid Shaheed Truthers,80353,37550,117903,75819,0,4534,37550,0,1
2026-03-11,11,All You Need Is LOVE,80995,57386,138381,52260,0,28735,57386,0,0
2026-03-11,12,Omar Comin,94639,11740,106379,65616,0,29023,11740,0,0
2026-03-12,1,208 Ferrari Way,87265,19747,107012,72645,0,14620,19747,0,2
2026-03-12,2,The Federal Reserve,114045,44746,158791,109572,0,4473,44746,0,0
2026-03-12,3,Golden Hour,89113,27160,116273,71470,0,17643,27160,0,3
2026-03-12,4,Lisan al-Caleb,71253,61433,132686,44035,0,27218,61433,0,3
2026-03-12,5,Mommy Rainier,70149,34463,104612,59079,0,11070,34463,0,2
2026-03-12,6,Mostly Washed,75030,28759,103789,72185,0,2845,28759,0,3
2026-03-12,7,Cártel de Breece y Puka,91776,17773,109549,81856,0,9920,17773,0,1
2026-03-12,8,Loading…,87379,28955,116334,77283,0,10096,28955,0,0
2026-03-12,9,Gaeta Spur FC,67207,65005,132212,58514,0,8693,65005,0,2
2026-03-12,10,Rashid Shaheed Truthers,80447,37606,118053,75961,0,4486,37606,0,1
2026-03-12,11,All You Need Is LOVE,81050,57312,138362,52335,0,28715,57312,0,0
2026-03-12,12,Omar Comin,94594,11781,106375,65683,0,28911,11781,0,0
2026-03-13,1,208 Ferrari Way,87370,19763,107133,72786,0,14584,19763,0,2
2026-03-13,2,The Federal Reserve,112133,44815,156948,107694,0,4439,44815,0,0
2026-03-13,3,Golden Hour,89195,27296,116491,71508,0,17687,27296,0,3
2026-03-13,4,Lisan al-Caleb,71346,61543,132889,44253,0,27093,61543,0,3
2026-03-13,5,Mommy Rainier,70293,34396,104689,59169,0,11124,34396,0,2
2026-03-13,6,Mostly Washed,75049,28758,103807,72196,0,2853,28758,0,3
2026-03-13,7,Cártel de Breece y Puka,91873,17808,109681,81986,0,9887,17808,0,1
2026-03-13,8,Loading…,87476,29026,116502,77374,0,10102,29026,0,0
2026-03-13,9,Gaeta Spur FC,67247,64924,132171,58539,0,8708,64924,0,2
2026-03-13,10,Rashid Shaheed Truthers,80698,37563,118261,76186,0,4512,37563,0,1
2026-03-13,11,All You Need Is LOVE,81078,57358,138436,52330,0,28748,57358,0,0
2026-03-13,12,Omar Comin,95349,11794,107143,66523,0,28826,11794,0,0
2026-03-14,1,208 Ferrari Way,87427,19757,107184,72790,0,14637,19757,0,2
2026-03-14,2,The Federal Reserve,112143,44893,157036,107670,0,4473,44893,0,0
2026-03-14,3,Golden Hour,89104,27325,116429,71465,0,17639,27325,0,3
2026-03-14,4,Lisan al-Caleb,71623,61644,133267,44450,0,27173,61644,0,3
2026-03-14,5,Mommy Rainier,70388,34300,104688,59259,0,11129,34300,0,2
2026-03-14,6,Mostly Washed,75052,28661,103713,72160,0,2892,28661,0,3
2026-03-14,7,Cártel de Breece y Puka,91909,17754,109663,82107,0,9802,17754,0,1
2026-03-14,8,Loading…,87532,28997,116529,77376,0,10156,28997,0,0
2026-03-14,9,Gaeta Spur FC,67334,64680,132014,58612,0,8722,64680,0,2
2026-03-14,10,Rashid Shaheed Truthers,80587,37452,118039,76110,0,4477,37452,0,1
2026-03-14,11,All You Need Is LOVE,81063,57288,138351,52359,0,28704,57288,0,0
2026-03-14,12,Omar Comin,95163,11749,106912,66432,0,28731,11749,0,0
2026-03-15,1,208 Ferrari Way,87407,19762,107169,72767,0,14640,19762,0,2
2026-03-15,2,The Federal Reserve,112226,44866,157092,107717,0,4509,44866,0,0
2026-03-15,3,Golden Hour,88970,27285,116255,71295,0,17675,27285,0,3
2026-03-15,4,Lisan al-Caleb,71745,61647,133392,44590,0,27155,61647,0,3
2026-03-15,5,Mommy Rainier,70350,34373,104723,59247,0,11103,34373,0,2
2026-03-15,6,Mostly Washed,75085,28717,103802,72192,0,2893,28717,0,3
2026-03-15,7,Cártel de Breece y Puka,91883,17763,109646,82098,0,9785,17763,0,1
2026-03-15,8,Loading…,87771,28999,116770,77521,0,10250,28999,0,0
2026-03-15,9,Gaeta Spur FC,67274,64635,131909,58546,0,8728,64635,0,2
2026-03-15,10,Rashid Shaheed Truthers,80562,37488,118050,76091,0,4471,37488,0,1
2026-03-15,11,All You Need Is LOVE,81089,57178,138267,52399,0,28690,57178,0,0
2026-03-15,12,Omar Comin,95137,11795,106932,66395,0,28742,11795,0,0
2026-03-16,1,208 Ferrari Way,87310,19826,107136,72692,0,14618,19826,0,2
2026-03-16,2,The Federal Reserve,112173,44915,157088,107702,0,4471,44915,0,0
2026-03-16,3,Golden Hour,88978,27298,116276,71275,0,17703,27298,0,3
2026-03-16,4,Lisan al-Caleb,71760,61636,133396,44696,0,27064,61636,0,3
2026-03-16,5,Mommy Rainier,70343,34379,104722,59226,0,11117,34379,0,2
2026-03-16,6,Mostly Washed,74988,28672,103660,72119,0,2869,28672,0,3
2026-03-16,7,Cártel de Breece y Puka,91935,17828,109763,82175,0,9760,17828,0,1
2026-03-16,8,Loading…,87807,28976,116783,77581,0,10226,28976,0,0
2026-03-16,9,Gaeta Spur FC,67316,64514,131830,58569,0,8747,64514,0,2
2026-03-16,10,Rashid Shaheed Truthers,80613,37447,118060,76154,0,4459,37447,0,1
2026-03-16,11,All You Need Is LOVE,81080,57133,138213,52337,0,28743,57133,0,0
2026-03-16,12,Omar Comin,95079,11800,106879,66340,0,28739,11800,0,0
2026-03-17,1,208 Ferrari Way,87254,19850,107104,72665,0,14589,19850,0,2
2026-03-17,2,The Federal Reserve,112345,44901,157246,107884,0,4461,44901,0,0
2026-03-17,3,Golden Hour,89120,27389,116509,71444,0,17676,27389,0,3
2026-03-17,4,Lisan al-Caleb,71678,61565,133243,44692,0,26986,61565,0,3
2026-03-17,5,Mommy Rainier,70311,34377,104688,59182,0,11129,34377,0,2
2026-03-17,6,Mostly Washed,75091,28639,103730,72187,0,2904,28639,0,3
2026-03-17,7,Cártel de Breece y Puka,91908,17829,109737,82168,0,9740,17829,0,1
2026-03-17,8,Loading…,87793,28925,116718,77555,0,10238,28925,0,0
2026-03-17,9,Gaeta Spur FC,67208,64612,131820,58448,0,8760,64612,0,2
2026-03-17,10,Rashid Shaheed Truthers,80630,37406,118036,76187,0,4443,37406,0,1
2026-03-17,11,All You Need Is LOVE,81037,57056,138093,52292,0,28745,57056,0,0
2026-03-17,12,Omar Comin,94882,11807,106689,66184,0,28698,11807,0,0
2026-03-18,1,208 Ferrari Way,87045,19900,106945,72523,0,14522,19900,0,2
2026-03-18,2,The Federal Reserve,112302,44857,157159,107826,0,4476,44857,0,0
2026-03-18,3,Golden Hour,88797,27305,116102,71101,0,17696,27305,0,3
2026-03-18,4,Lisan al-Caleb,71991,61459,133450,44952,0,27039,61459,0,3
2026-03-18,5,Mommy Rainier,70409,34312,104721,59282,0,11127,34312,0,2
2026-03-18,6,Mostly Washed,75156,28696,103852,72232,0,2924,28696,0,3
2026-03-18,7,Cártel de Breece y Puka,91906,17883,109789,82178,0,9728,17883,0,1
2026-03-18,8,Loading…,87757,28938,116695,77504,0,10253,28938,0,0
2026-03-18,9,Gaeta Spur FC,67729,64369,132098,58898,0,8831,64369,0,2
2026-03-18,10,Rashid Shaheed Truthers,80605,37406,118011,76146,0,4459,37406,0,1
2026-03-18,11,All You Need Is LOVE,80869,57010,137879,52103,0,28766,57010,0,0
2026-03-18,12,Omar Comin,95319,11849,107168,66684,0,28635,11849,0,0
2026-03-19,1,208 Ferrari Way,87107,19890,106997,72604,0,14503,19890,0,2
2026-03-19,2,The Federal Reserve,112374,44791,157165,107854,0,4520,44791,0,0
2026-03-19,3,Golden Hour,88797,27262,116059,71160,0,17637,27262,0,3
2026-03-19,4,Lisan al-Caleb,72024,61468,133492,45028,0,26996,61468,0,3
2026-03-19,5,Mommy Rainier,70471,34262,104733,59336,0,11135,34262,0,2
2026-03-19,6,Mostly Washed,75156,28660,103816,72239,0,2917,28660,0,3
2026-03-19,7,Cártel de Breece y Puka,91680,17809,109489,81904,0,9776,17809,0,1
2026-03-19,8,Loading…,87943,28922,116865,77672,0,10271,28922,0,0
2026-03-19,9,Gaeta Spur FC,67780,64280,132060,58963,0,8817,64280,0,2
2026-03-19,10,Rashid Shaheed Truthers,80577,37394,117971,76086,0,4491,37394,0,1
2026-03-19,11,All You Need Is LOVE,80730,56934,137664,52011,0,28719,56934,0,0
2026-03-19,12,Omar Comin,95431,11852,107283,66769,0,28662,11852,0,0
2026-03-20,1,208 Ferrari Way,87151,19874,107025,72641,0,14510,19874,0,2
2026-03-20,2,The Federal Reserve,112478,44751,157229,107918,0,4560,44751,0,0
2026-03-20,3,Golden Hour,88683,27194,115877,71115,0,17568,27194,0,3
2026-03-20,4,Lisan al-Caleb,72140,61488,133628,45073,0,27067,61488,0,3
2026-03-20,5,Mommy Rainier,70583,34226,104809,59502,0,11081,34226,0,2
2026-03-20,6,Mostly Washed,75022,28670,103692,72110,0,2912,28670,0,3
2026-03-20,7,Cártel de Breece y Puka,91569,17739,109308,81807,0,9762,17739,0,1
2026-03-20,8,Loading…,87967,28963,116930,77726,0,10241,28963,0,0
2026-03-20,9,Gaeta Spur FC,67980,64299,132279,59140,0,8840,64299,0,2
2026-03-20,10,Rashid Shaheed Truthers,80551,37422,117973,76068,0,4483,37422,0,1
2026-03-20,11,All You Need Is LOVE,80750,56942,137692,52013,0,28737,56942,0,0
2026-03-20,12,Omar Comin,95334,11860,107194,66692,0,28642,11860,0,0
2026-03-21,1,208 Ferrari Way,87139,19881,107020,72679,0,14460,19881,0,2
2026-03-21,2,The Federal Reserve,112541,44790,157331,108003,0,4538,44790,0,0
2026-03-21,3,Golden Hour,88623,27159,115782,71054,0,17569,27159,0,3
2026-03-21,4,Lisan al-Caleb,72083,61505,133588,45025,0,27058,61505,0,3
2026-03-21,5,Mommy Rainier,70691,34135,104826,59611,0,11080,34135,0,2
2026-03-21,6,Mostly Washed,74920,28773,103693,72004,0,2916,28773,0,3
2026-03-21,7,Cártel de Breece y Puka,91369,17713,109082,81608,0,9761,17713,0,1
2026-03-21,8,Loading…,87948,28989,116937,77678,0,10270,28989,0,0
2026-03-21,9,Gaeta Spur FC,68038,64405,132443,59204,0,8834,64405,0,2
2026-03-21,10,Rashid Shaheed Truthers,80564,37495,118059,76084,0,4480,37495,0,1
2026-03-21,11,All You Need Is LOVE,80759,56932,137691,51974,0,28785,56932,0,0
2026-03-21,12,Omar Comin,95429,11879,107308,66789,0,28640,11879,0,0
2026-03-22,1,208 Ferrari Way,87211,19814,107025,72722,0,14489,19814,0,2
2026-03-22,2,The Federal Reserve,112507,44680,157187,107973,0,4534,44680,0,0
2026-03-22,3,Golden Hour,88509,27048,115557,70969,0,17540,27048,0,3
2026-03-22,4,Lisan al-Caleb,72132,61332,133464,45120,0,27012,61332,0,3
2026-03-22,5,Mommy Rainier,70855,34141,104996,59712,0,11143,34141,0,2
2026-03-22,6,Mostly Washed,75010,28793,103803,72102,0,2908,28793,0,3
2026-03-22,7,Cártel de Breece y Puka,91340,17675,109015,81551,0,9789,17675,0,1
2026-03-22,8,Loading…,87808,28844,116652,77536,0,10272,28844,0,0
2026-03-22,9,Gaeta Spur FC,68097,64344,132441,59300,0,8797,64344,0,2
2026-03-22,10,Rashid Shaheed Truthers,80555,37486,118041,76079,0,4476,37486,0,1
2026-03-22,11,All You Need Is LOVE,80857,56761,137618,52079,0,28778,56761,0,0
2026-03-22,12,Omar Comin,95428,11894,107322,66819,0,28609,11894,0,0
2026-03-23,1,208 Ferrari Way,87177,19769,106946,72724,0,14453,19769,0,2
2026-03-23,2,The Federal Reserve,112439,44694,157133,107960,0,4479,44694,0,0
2026-03-23,3,Golden Hour,88562,27079,115641,71002,0,17560,27079,0,3
2026-03-23,4,Lisan al-Caleb,72147,61287,133434,45071,0,27076,61287,0,3
2026-03-23,5,Mommy Rainier,70904,34207,105111,59749,0,11155,34207,0,2
2026-03-23,6,Mostly Washed,74980,28779,103759,72062,0,2918,28779,0,3
2026-03-23,7,Cártel de Breece y Puka,91471,17688,109159,81657,0,9814,17688,0,1
2026-03-23,8,Loading…,87732,28846,116578,77444,0,10288,28846,0,0
2026-03-23,9,Gaeta Spur FC,68148,64323,132471,59359,0,8789,64323,0,2
2026-03-23,10,Rashid Shaheed Truthers,80618,37479,118097,76141,0,4477,37479,0,1
2026-03-23,11,All You Need Is LOVE,80807,56728,137535,52104,0,28703,56728,0,0
2026-03-23,12,Omar Comin,95271,11869,107140,66647,0,28624,11869,0,0
2026-03-24,1,208 Ferrari Way,87267,19835,107102,72787,0,14480,19835,0,2
2026-03-24,2,The Federal Reserve,112497,44805,157302,108006,0,4491,44805,0,0
2026-03-24,3,Golden Hour,86909,27102,114011,69342,0,17567,27102,0,3
2026-03-24,4,Lisan al-Caleb,72166,61293,133459,45111,0,27055,61293,0,3
2026-03-24,5,Mommy Rainier,70908,34273,105181,59747,0,11161,34273,0,2
2026-03-24,6,Mostly Washed,74952,28851,103803,72027,0,2925,28851,0,3
2026-03-24,7,Cártel de Breece y Puka,91448,17753,109201,81658,0,9790,17753,0,1
2026-03-24,8,Loading…,87752,28871,116623,77465,0,10287,28871,0,0
2026-03-24,9,Gaeta Spur FC,68165,64325,132490,59395,0,8770,64325,0,2
2026-03-24,10,Rashid Shaheed Truthers,80520,37573,118093,76060,0,4460,37573,0,1
2026-03-24,11,All You Need Is LOVE,80612,56726,137338,51999,0,28613,56726,0,0
2026-03-24,12,Omar Comin,95255,11861,107116,66631,0,28624,11861,0,0
2026-03-25,1,208 Ferrari Way,87402,19828,107230,72915,0,14487,19828,0,2
2026-03-25,2,The Federal Reserve,112430,44831,157261,107933,0,4497,44831,0,0
2026-03-25,3,Golden Hour,86857,27090,113947,69324,0,17533,27090,0,4
2026-03-25,4,Lisan al-Caleb,72213,61264,133477,45179,0,27034,61264,0,3
2026-03-25,5,Mommy Rainier,70883,34240,105123,59751,0,11132,34240,0,2
2026-03-25,6,Mostly Washed,74979,28892,103871,72059,0,2920,28892,0,3
2026-03-25,7,Cártel de Breece y Puka,91485,17755,109240,81718,0,9767,17755,0,1
2026-03-25,8,Loading…,87711,28844,116555,77427,0,10284,28844,0,0
2026-03-25,9,Gaeta Spur FC,68100,64361,132461,59348,0,8752,64361,0,2
2026-03-25,10,Rashid Shaheed Truthers,80460,37609,118069,76006,0,4454,37609,0,1
2026-03-25,11,All You Need Is LOVE,80579,56679,137258,51964,0,28615,56679,0,0
2026-03-25,12,Omar Comin,95208,11855,107063,66611,0,28597,11855,0,0
2026-03-26,1,208 Ferrari Way,87406,19811,107217,72907,0,14499,19811,0,2
2026-03-26,2,The Federal Reserve,112444,44820,157264,107929,0,4515,44820,0,0
2026-03-26,3,Golden Hour,86863,27078,113941,69314,0,17549,27078,0,4
2026-03-26,4,Lisan al-Caleb,72170,61307,133477,45150,0,27020,61307,0,3
2026-03-26,5,Mommy Rainier,70878,34274,105152,59723,0,11155,34274,0,2
2026-03-26,6,Mostly Washed,74899,28914,103813,71981,0,2918,28914,0,3
2026-03-26,7,Cártel de Breece y Puka,91636,17743,109379,81837,0,9799,17743,0,1
2026-03-26,8,Loading…,87709,28866,116575,77424,0,10285,28866,0,0
2026-03-26,9,Gaeta Spur FC,68015,64425,132440,59255,0,8760,64425,0,2
2026-03-26,10,Rashid Shaheed Truthers,80456,37633,118089,76017,0,4439,37633,0,1
2026-03-26,11,All You Need Is LOVE,80561,56761,137322,52001,0,28560,56761,0,0
2026-03-26,12,Omar Comin,95198,11856,107054,66626,0,28572,11856,0,0
2026-03-27,1,208 Ferrari Way,87498,19815,107313,72980,0,14518,19815,0,2
2026-03-27,2,The Federal Reserve,112480,44795,157275,107966,0,4514,44795,0,0
2026-03-27,3,Golden Hour,86770,27079,113849,69237,0,17533,27079,0,4
2026-03-27,4,Lisan al-Caleb,72164,61425,133589,45127,0,27037,61425,0,3
2026-03-27,5,Mommy Rainier,70869,34304,105173,59687,0,11182,34304,0,2
2026-03-27,6,Mostly Washed,74917,28890,103807,71995,0,2922,28890,0,3
2026-03-27,7,Cártel de Breece y Puka,91532,17717,109249,81724,0,9808,17717,0,1
2026-03-27,8,Loading…,87688,28929,116617,77391,0,10297,28929,0,0
2026-03-27,9,Gaeta Spur FC,67917,64454,132371,59132,0,8785,64454,0,2
2026-03-27,10,Rashid Shaheed Truthers,80476,37615,118091,76011,0,4465,37615,0,1
2026-03-27,11,All You Need Is LOVE,80554,56907,137461,51974,0,28580,56907,0,0
2026-03-27,12,Omar Comin,95239,11870,107109,66654,0,28585,11870,0,0
2026-03-28,1,208 Ferrari Way,87526,19837,107363,73002,0,14524,19837,0,2
2026-03-28,2,The Federal Reserve,112506,44823,157329,107984,0,4522,44823,0,0
2026-03-28,3,Golden Hour,86708,27103,113811,69174,0,17534,27103,0,4
2026-03-28,4,Lisan al-Caleb,72223,61444,133667,45156,0,27067,61444,0,3
2026-03-28,5,Mommy Rainier,70914,34317,105231,59725,0,11189,34317,0,2
2026-03-28,6,Mostly Washed,74939,28893,103832,72017,0,2922,28893,0,3
2026-03-28,7,Cártel de Breece y Puka,91502,17730,109232,81703,0,9799,17730,0,1
2026-03-28,8,Loading…,87718,28944,116662,77411,0,10307,28944,0,0
2026-03-28,9,Gaeta Spur FC,67913,64516,132429,59133,0,8780,64516,0,2
2026-03-28,10,Rashid Shaheed Truthers,80489,37608,118097,76039,0,4450,37608,0,1
2026-03-28,11,All You Need Is LOVE,80484,56914,137398,51959,0,28525,56914,0,0
2026-03-28,12,Omar Comin,95213,11847,107060,66640,0,28573,11847,0,0
2026-03-29,1,208 Ferrari Way,87568,19884,107452,73057,0,14511,19884,0,2
2026-03-29,2,The Federal Reserve,112502,44905,157407,107974,0,4528,44905,0,0
2026-03-29,3,Golden Hour,86710,27146,113856,69174,0,17536,27146,0,4
2026-03-29,4,Lisan al-Caleb,72215,61478,133693,45164,0,27051,61478,0,3
2026-03-29,5,Mommy Rainier,70869,34328,105197,59684,0,11185,34328,0,2
2026-03-29,6,Mostly Washed,74940,28887,103827,72011,0,2929,28887,0,3
2026-03-29,7,Cártel de Breece y Puka,91449,17753,109202,81663,0,9786,17753,0,1
2026-03-29,8,Loading…,87629,28969,116598,77345,0,10284,28969,0,0
2026-03-29,9,Gaeta Spur FC,67950,64467,132417,59155,0,8795,64467,0,2
2026-03-29,10,Rashid Shaheed Truthers,80467,37580,118047,76026,0,4441,37580,0,1
2026-03-29,11,All You Need Is LOVE,80526,56973,137499,51996,0,28530,56973,0,0
2026-03-29,12,Omar Comin,95221,11854,107075,66641,0,28580,11854,0,0
2026-03-30,1,208 Ferrari Way,86892,18050,104942,74212,0,12680,18050,0,2
2026-03-30,2,The Federal Reserve,112540,44909,157449,108026,0,4514,44909,0,0
2026-03-30,3,Golden Hour,86725,27140,113865,69192,0,17533,27140,0,4
2026-03-30,4,Lisan al-Caleb,72256,61465,133721,45202,0,27054,61465,0,3
2026-03-30,5,Mommy Rainier,71004,34291,105295,59822,0,11182,34291,0,2
2026-03-30,6,Mostly Washed,74891,28890,103781,71962,0,2929,28890,0,3
2026-03-30,7,Cártel de Breece y Puka,92113,19600,111713,80490,0,11623,19600,0,0
2026-03-30,8,Loading…,87678,28959,116637,77396,0,10282,28959,0,0
2026-03-30,9,Gaeta Spur FC,67965,64386,132351,59174,0,8791,64386,0,2
2026-03-30,10,Rashid Shaheed Truthers,80516,37549,118065,76071,0,4445,37549,0,1
2026-03-30,11,All You Need Is LOVE,80465,56959,137424,51923,0,28542,56959,0,0
2026-03-30,12,Omar Comin,95152,11858,107010,66578,0,28574,11858,0,0
2026-03-31,1,208 Ferrari Way,86902,18086,104988,74216,0,12686,18086,0,2
2026-03-31,2,The Federal Reserve,112530,44922,157452,108005,0,4525,44922,0,0
2026-03-31,3,Golden Hour,86717,27147,113864,69165,0,17552,27147,0,4
2026-03-31,4,Lisan al-Caleb,72237,61426,133663,45191,0,27046,61426,0,3
2026-03-31,5,Mommy Rainier,73024,34275,107299,61827,0,11197,34275,0,1
2026-03-31,6,Mostly Washed,74874,28892,103766,71944,0,2930,28892,0,3
2026-03-31,7,Cártel de Breece y Puka,92153,19626,111779,80531,0,11622,19626,0,0
2026-03-31,8,Loading…,87693,28940,116633,77417,0,10276,28940,0,0
2026-03-31,9,Gaeta Spur FC,67954,64360,132314,59171,0,8783,64360,0,2
2026-03-31,10,Rashid Shaheed Truthers,80544,37567,118111,76093,0,4451,37567,0,1
2026-03-31,11,All You Need Is LOVE,80377,56954,137331,51871,0,28506,56954,0,0
2026-03-31,12,Omar Comin,95114,11845,106959,66565,0,28549,11845,0,0
2026-04-01,1,208 Ferrari Way,86842,18071,104913,74160,0,12682,18071,0,2
2026-04-01,2,The Federal Reserve,112632,44940,157572,108097,0,4535,44940,0,0
2026-04-01,3,Golden Hour,86755,27131,113886,69178,0,17577,27131,0,4
2026-04-01,4,Lisan al-Caleb,72215,61395,133610,45150,0,27065,61395,0,3
2026-04-01,5,Mommy Rainier,73494,34271,107765,62296,0,11198,34271,0,1
2026-04-01,6,Mostly Washed,74916,28861,103777,71980,0,2936,28861,0,3
2026-04-01,7,Cártel de Breece y Puka,92143,19622,111765,80509,0,11634,19622,0,0
2026-04-01,8,Loading…,87674,28924,116598,77418,0,10256,28924,0,0
2026-04-01,9,Gaeta Spur FC,67925,64277,132202,59135,0,8790,64277,0,2
2026-04-01,10,Rashid Shaheed Truthers,80529,37523,118052,76060,0,4469,37523,0,1
2026-04-01,11,All You Need Is LOVE,80342,56906,137248,51825,0,28517,56906,0,0
2026-04-01,12,Omar Comin,95107,11815,106922,66580,0,28527,11815,0,0
2026-04-02,1,208 Ferrari Way,86914,18077,104991,74238,0,12676,18077,0,2
2026-04-02,2,The Federal Reserve,112661,44939,157600,108131,0,4530,44939,0,0
2026-04-02,3,Golden Hour,86740,27130,113870,69155,0,17585,27130,0,4
2026-04-02,4,Lisan al-Caleb,72293,61425,133718,45211,0,27082,61425,0,3
2026-04-02,5,Mommy Rainier,74297,31836,106133,58606,0,15691,31836,0,1
2026-04-02,6,Mostly Washed,74950,28839,103789,72020,0,2930,28839,0,3
2026-04-02,7,Cártel de Breece y Puka,92150,19600,111750,80518,0,11632,19600,0,0
2026-04-02,8,Loading…,87617,28934,116551,77371,0,10246,28934,0,0
2026-04-02,9,Gaeta Spur FC,67922,64230,132152,59139,0,8783,64230,0,2
2026-04-02,10,Rashid Shaheed Truthers,78132,39899,118031,78132,0,0,39899,0,1
2026-04-02,11,All You Need Is LOVE,80361,56929,137290,51878,0,28483,56929,0,0
2026-04-02,12,Omar Comin,95065,11822,106887,66510,0,28555,11822,0,0
2026-04-03,1,208 Ferrari Way,86963,18028,104991,74274,0,12689,18028,0,2
2026-04-03,2,The Federal Reserve,112697,44906,157603,108175,0,4522,44906,0,0
2026-04-03,3,Golden Hour,86806,27087,113893,69187,0,17619,27087,0,4
2026-04-03,4,Lisan al-Caleb,72291,61386,133677,45225,0,27066,61386,0,3
2026-04-03,5,Mommy Rainier,74369,31857,106226,58682,0,15687,31857,0,1
2026-04-03,6,Mostly Washed,74920,28850,103770,72002,0,2918,28850,0,3
2026-04-03,7,Cártel de Breece y Puka,92048,19569,111617,80414,0,11634,19569,0,0
2026-04-03,8,Loading…,87607,28919,116526,77350,0,10257,28919,0,0
2026-04-03,9,Gaeta Spur FC,67877,64191,132068,59089,0,8788,64191,0,2
2026-04-03,10,Rashid Shaheed Truthers,78160,39919,118079,78160,0,0,39919,0,1
2026-04-03,11,All You Need Is LOVE,80337,56829,137166,51888,0,28449,56829,0,0
2026-04-03,12,Omar Comin,95133,11807,106940,66590,0,28543,11807,0,0
2026-04-04,1,208 Ferrari Way,86961,18026,104987,74261,0,12700,18026,0,2
2026-04-04,2,The Federal Reserve,112747,44917,157664,108229,0,4518,44917,0,0
2026-04-04,3,Golden Hour,86768,27085,113853,69127,0,17641,27085,0,4
2026-04-04,4,Lisan al-Caleb,72203,61414,133617,45156,0,27047,61414,0,3
2026-04-04,5,Mommy Rainier,74311,31896,106207,58641,0,15670,31896,0,1
2026-04-04,6,Mostly Washed,74929,28864,103793,71998,0,2931,28864,0,3
2026-04-04,7,Cártel de Breece y Puka,92046,19534,111580,80438,0,11608,19534,0,0
2026-04-04,8,Loading…,87646,28865,116511,77391,0,10255,28865,0,0
2026-04-04,9,Gaeta Spur FC,67942,64218,132160,59157,0,8785,64218,0,2
2026-04-04,10,Rashid Shaheed Truthers,78139,39865,118004,78139,0,0,39865,0,1
2026-04-04,11,All You Need Is LOVE,80338,56792,137130,51867,0,28471,56792,0,0
2026-04-04,12,Omar Comin,95138,11828,106966,66571,0,28567,11828,0,0
2026-04-05,1,208 Ferrari Way,86957,18017,104974,74240,0,12717,18017,0,2
2026-04-05,2,The Federal Reserve,112790,44903,157693,108278,0,4512,44903,0,0
2026-04-05,3,Golden Hour,86762,27091,113853,69126,0,17636,27091,0,4
2026-04-05,4,Lisan al-Caleb,72261,61418,133679,45176,0,27085,61418,0,3
2026-04-05,5,Mommy Rainier,74356,31874,106230,58683,0,15673,31874,0,1
2026-04-05,6,Mostly Washed,74964,28846,103810,72038,0,2926,28846,0,3
2026-04-05,7,Cártel de Breece y Puka,92079,19520,111599,80445,0,11634,19520,0,0
2026-04-05,8,Loading…,87538,28869,116407,77302,0,10236,28869,0,0
2026-04-05,9,Gaeta Spur FC,67908,64181,132089,59145,0,8763,64181,0,2
2026-04-05,10,Rashid Shaheed Truthers,78087,39828,117915,78087,0,0,39828,0,1
2026-04-05,11,All You Need Is LOVE,80296,56801,137097,51825,0,28471,56801,0,0
2026-04-05,12,Omar Comin,95190,11840,107030,66591,0,28599,11840,0,0
2026-04-06,1,208 Ferrari Way,86938,17998,104936,74250,0,12688,17998,0,2
2026-04-06,2,The Federal Reserve,112806,44861,157667,108286,0,4520,44861,0,0
2026-04-06,3,Golden Hour,86765,27064,113829,69098,0,17667,27064,0,4
2026-04-06,4,Lisan al-Caleb,72266,61417,133683,45178,0,27088,61417,0,3
2026-04-06,5,Mommy Rainier,74402,31909,106311,58714,0,15688,31909,0,1
2026-04-06,6,Mostly Washed,74971,28865,103836,72027,0,2944,28865,0,3
2026-04-06,7,Cártel de Breece y Puka,92049,19506,111555,80420,0,11629,19506,0,0
2026-04-06,8,Loading…,87603,28877,116480,77372,0,10231,28877,0,0
2026-04-06,9,Gaeta Spur FC,67927,64196,132123,59145,0,8782,64196,0,2
2026-04-06,10,Rashid Shaheed Truthers,78029,39824,117853,78029,0,0,39824,0,1
2026-04-06,11,All You Need Is LOVE,80269,56794,137063,51807,0,28462,56794,0,0
2026-04-06,12,Omar Comin,95178,11849,107027,66588,0,28590,11849,0,0
2026-04-07,1,208 Ferrari Way,86961,18015,104976,74270,0,12691,18015,0,2
2026-04-07,2,The Federal Reserve,112777,44854,157631,108275,0,4502,44854,0,0
2026-04-07,3,Golden Hour,86809,27100,113909,69125,0,17684,27100,0,4
2026-04-07,4,Lisan al-Caleb,72274,61406,133680,45214,0,27060,61406,0,3
2026-04-07,5,Mommy Rainier,74460,31938,106398,58794,0,15666,31938,0,1
2026-04-07,6,Mostly Washed,75086,28811,103897,72139,0,2947,28811,0,3
2026-04-07,7,Cártel de Breece y Puka,92036,19503,111539,80396,0,11640,19503,0,0
2026-04-07,8,Loading…,87578,28869,116447,77319,0,10259,28869,0,0
2026-04-07,9,Gaeta Spur FC,67839,64140,131979,59081,0,8758,64140,0,2
2026-04-07,10,Rashid Shaheed Truthers,77895,39749,117644,77895,0,0,39749,0,1
2026-04-07,11,All You Need Is LOVE,80292,56767,137059,51814,0,28478,56767,0,0
2026-04-07,12,Omar Comin,95126,11832,106958,66575,0,28551,11832,0,0
2026-04-08,1,208 Ferrari Way,86928,18019,104947,74238,0,12690,18019,0,2
2026-04-08,2,The Federal Reserve,112695,44865,157560,108210,0,4485,44865,0,0
2026-04-08,3,Golden Hour,86807,27121,113928,69124,0,17683,27121,0,4
2026-04-08,4,Lisan al-Caleb,72354,61438,133792,45280,0,27074,61438,0,3
2026-04-08,5,Mommy Rainier,74477,31911,106388,58817,0,15660,31911,0,1
2026-04-08,6,Mostly Washed,75057,28801,103858,72097,0,2960,28801,0,3
2026-04-08,7,Cártel de Breece y Puka,92007,19485,111492,80375,0,11632,19485,0,0
2026-04-08,8,Loading…,87683,28923,116606,77402,0,10281,28923,0,0
2026-04-08,9,Gaeta Spur FC,67750,64153,131903,58973,0,8777,64153,0,2
2026-04-08,10,Rashid Shaheed Truthers,77841,39724,117565,77841,0,0,39724,0,1
2026-04-08,11,All You Need Is LOVE,80275,56805,137080,51782,0,28493,56805,0,0
2026-04-08,12,Omar Comin,95155,11847,107002,66572,0,28583,11847,0,0
2026-04-09,1,208 Ferrari Way,86913,18043,104956,74224,0,12689,18043,0,2
2026-04-09,2,The Federal Reserve,112738,44878,157616,108256,0,4482,44878,0,0
2026-04-09,3,Golden Hour,86842,27156,113998,69142,0,17700,27156,0,4
2026-04-09,4,Lisan al-Caleb,72404,61458,133862,45299,0,27105,61458,0,3
2026-04-09,5,Mommy Rainier,74441,31841,106282,58807,0,15634,31841,0,1
2026-04-09,6,Mostly Washed,75071,28792,103863,72112,0,2959,28792,0,3
2026-04-09,7,Cártel de Breece y Puka,91946,19484,111430,80344,0,11602,19484,0,0
2026-04-09,8,Loading…,87557,28943,116500,77293,0,10264,28943,0,0
2026-04-09,9,Gaeta Spur FC,67764,64121,131885,58955,0,8809,64121,0,2
2026-04-09,10,Rashid Shaheed Truthers,77816,39701,117517,77816,0,0,39701,0,1
2026-04-09,11,All You Need Is LOVE,80261,56822,137083,51791,0,28470,56822,0,0
2026-04-09,12,Omar Comin,95213,11861,107074,66613,0,28600,11861,0,0
2026-04-10,1,208 Ferrari Way,86889,18052,104941,74218,0,12671,18052,0,2
2026-04-10,2,The Federal Reserve,112635,44864,157499,108172,0,4463,44864,0,0
2026-04-10,3,Golden Hour,86863,27170,114033,69185,0,17678,27170,0,4
2026-04-10,4,Lisan al-Caleb,72418,61410,133828,45290,0,27128,61410,0,3
2026-04-10,5,Mommy Rainier,74399,31763,106162,58730,0,15669,31763,0,1
2026-04-10,6,Mostly Washed,75085,28792,103877,72117,0,2968,28792,0,3
2026-04-10,7,Cártel de Breece y Puka,91898,19476,111374,80267,0,11631,19476,0,0
2026-04-10,8,Loading…,87610,28931,116541,77348,0,10262,28931,0,0
2026-04-10,9,Gaeta Spur FC,67852,64142,131994,59019,0,8833,64142,0,2
2026-04-10,10,Rashid Shaheed Truthers,77753,39692,117445,77753,0,0,39692,0,1
2026-04-10,11,All You Need Is LOVE,80231,56879,137110,51756,0,28475,56879,0,0
2026-04-10,12,Omar Comin,95183,11865,107048,66591,0,28592,11865,0,0
2026-04-11,1,208 Ferrari Way,86891,18074,104965,74224,0,12667,18074,0,2
2026-04-11,2,The Federal Reserve,112582,44903,157485,108130,0,4452,44903,0,0
2026-04-11,3,Golden Hour,86846,27219,114065,69180,0,17666,27219,0,4
2026-04-11,4,Lisan al-Caleb,72434,61347,133781,45294,0,27140,61347,0,3
2026-04-11,5,Mommy Rainier,74443,31734,106177,58778,0,15665,31734,0,1
2026-04-11,6,Mostly Washed,75127,28783,103910,72153,0,2974,28783,0,3
2026-04-11,7,Cártel de Breece y Puka,91889,19505,111394,80277,0,11612,19505,0,0
2026-04-11,8,Loading…,87611,28896,116507,77347,0,10264,28896,0,0
2026-04-11,9,Gaeta Spur FC,67862,64080,131942,58998,0,8864,64080,0,2
2026-04-11,10,Rashid Shaheed Truthers,77777,39669,117446,77777,0,0,39669,0,1
2026-04-11,11,All You Need Is LOVE,80155,56787,136942,51760,0,28395,56787,0,0
2026-04-11,12,Omar Comin,95217,11875,107092,66599,0,28618,11875,0,0
2026-04-12,1,208 Ferrari Way,86752,18031,104783,74076,0,12676,18031,0,2
2026-04-12,2,The Federal Reserve,112553,44843,157396,108125,0,4428,44843,0,0
2026-04-12,3,Golden Hour,86982,27146,114128,69231,0,17751,27146,0,4
2026-04-12,4,Lisan al-Caleb,72571,61345,133916,45435,0,27136,61345,0,3
2026-04-12,5,Mommy Rainier,74744,31698,106442,59083,0,15661,31698,0,1
2026-04-12,6,Mostly Washed,75103,28792,103895,72095,0,3008,28792,0,3
2026-04-12,7,Cártel de Breece y Puka,91790,19422,111212,80201,0,11589,19422,0,0
2026-04-12,8,Loading…,87884,28870,116754,77603,0,10281,28870,0,0
2026-04-12,9,Gaeta Spur FC,67838,64041,131879,58968,0,8870,64041,0,2
2026-04-12,10,Rashid Shaheed Truthers,77743,39641,117384,77743,0,0,39641,0,1
2026-04-12,11,All You Need Is LOVE,79799,56673,136472,51718,0,28081,56673,0,0
2026-04-12,12,Omar Comin,95037,11858,106895,66511,0,28526,11858,0,0
2026-04-13,1,208 Ferrari Way,86582,18019,104601,73891,0,12691,18019,0,2
2026-04-13,2,The Federal Reserve,112499,44861,157360,108101,0,4398,44861,0,0
2026-04-13,3,Golden Hour,87027,27134,114161,69203,0,17824,27134,0,4
2026-04-13,4,Lisan al-Caleb,72655,61521,134176,45530,0,27125,61521,0,3
2026-04-13,5,Mommy Rainier,74907,31746,106653,59238,0,15669,31746,0,1
2026-04-13,6,Mostly Washed,75177,28756,103933,72188,0,2989,28756,0,3
2026-04-13,7,Cártel de Breece y Puka,91625,19384,111009,80066,0,11559,19384,0,0
2026-04-13,8,Loading…,88111,28977,117088,77852,0,10259,28977,0,0
2026-04-13,9,Gaeta Spur FC,67662,64028,131690,58805,0,8857,64028,0,2
2026-04-13,10,Rashid Shaheed Truthers,77661,39622,117283,77661,0,0,39622,0,1
2026-04-13,11,All You Need Is LOVE,79752,56780,136532,51821,0,27931,56780,0,0
2026-04-13,12,Omar Comin,94951,11856,106807,66439,0,28512,11856,0,0
2026-04-14,1,208 Ferrari Way,86699,17962,104661,73997,0,12702,17962,0,2
2026-04-14,2,The Federal Reserve,112333,44782,157115,107979,0,4354,44782,0,0
2026-04-14,3,Golden Hour,87047,27068,114115,69206,0,17841,27068,0,4
2026-04-14,4,Lisan al-Caleb,72551,61397,133948,45387,0,27164,61397,0,3
2026-04-14,5,Mommy Rainier,74827,31667,106494,59167,0,15660,31667,0,1
2026-04-14,6,Mostly Washed,75037,28768,103805,72082,0,2955,28768,0,3
2026-04-14,7,Cártel de Breece y Puka,91666,19358,111024,80071,0,11595,19358,0,0
2026-04-14,8,Loading…,88067,28894,116961,77821,0,10246,28894,0,0
2026-04-14,9,Gaeta Spur FC,67611,64024,131635,58768,0,8843,64024,0,2
2026-04-14,10,Rashid Shaheed Truthers,77780,39659,117439,77780,0,0,39659,0,1
2026-04-14,11,All You Need Is LOVE,79729,56745,136474,51798,0,27931,56745,0,0
2026-04-14,12,Omar Comin,95060,11864,106924,66471,0,28589,11864,0,0
2026-04-15,1,208 Ferrari Way,86626,17983,104609,73960,0,12666,17983,0,2
2026-04-15,2,The Federal Reserve,112427,44869,157296,108044,0,4383,44869,0,0
2026-04-15,3,Golden Hour,87078,27184,114262,69205,0,17873,27184,0,4
2026-04-15,4,Lisan al-Caleb,72420,61394,133814,45281,0,27139,61394,0,3
2026-04-15,5,Mommy Rainier,74924,31649,106573,59287,0,15637,31649,0,1
2026-04-15,6,Mostly Washed,75100,28724,103824,72128,0,2972,28724,0,3
2026-04-15,7,Cártel de Breece y Puka,91534,19389,110923,79980,0,11554,19389,0,0
2026-04-15,8,Loading…,87985,28914,116899,77735,0,10250,28914,0,0
2026-04-15,9,Gaeta Spur FC,67440,64049,131489,58575,0,8865,64049,0,2
2026-04-15,10,Rashid Shaheed Truthers,77881,39598,117479,77881,0,0,39598,0,1
2026-04-15,11,All You Need Is LOVE,79590,56680,136270,51652,0,27938,56680,0,0
2026-04-15,12,Omar Comin,94960,11831,106791,66401,0,28559,11831,0,0
2026-04-16,1,208 Ferrari Way,86654,17950,104604,73978,0,12676,17950,0,2
2026-04-16,2,The Federal Reserve,112409,44860,157269,108045,0,4364,44860,0,0
2026-04-16,3,Golden Hour,87106,27155,114261,69211,0,17895,27155,0,4
2026-04-16,4,Lisan al-Caleb,72415,61431,133846,45228,0,27187,61431,0,3
2026-04-16,5,Mommy Rainier,75074,31668,106742,59396,0,15678,31668,0,1
2026-04-16,6,Mostly Washed,74958,28659,103617,71998,0,2960,28659,0,3
2026-04-16,7,Cártel de Breece y Puka,91465,19368,110833,79948,0,11517,19368,0,0
2026-04-16,8,Loading…,88090,28915,117005,77826,0,10264,28915,0,0
2026-04-16,9,Gaeta Spur FC,67362,64010,131372,58517,0,8845,64010,0,2
2026-04-16,10,Rashid Shaheed Truthers,77725,39538,117263,77725,0,0,39538,0,1
2026-04-16,11,All You Need Is LOVE,79554,56672,136226,51590,0,27964,56672,0,0
2026-04-16,12,Omar Comin,94922,11770,106692,66439,0,28483,11770,0,0
2026-04-17,1,208 Ferrari Way,86643,17954,104597,73932,0,12711,17954,0,2
2026-04-17,2,The Federal Reserve,112333,44805,157138,107966,0,4367,44805,0,0
2026-04-17,3,Golden Hour,87134,27165,114299,69175,0,17959,27165,0,4
2026-04-17,4,Lisan al-Caleb,72362,61453,133815,45081,0,27281,61453,0,3
2026-04-17,5,Mommy Rainier,75046,31611,106657,59372,0,15674,31611,0,1
2026-04-17,6,Mostly Washed,74862,28621,103483,71888,0,2974,28621,0,3
2026-04-17,7,Cártel de Breece y Puka,91316,19323,110639,79808,0,11508,19323,0,0
2026-04-17,8,Loading…,87989,28853,116842,77766,0,10223,28853,0,0
2026-04-17,9,Gaeta Spur FC,67296,64023,131319,58473,0,8823,64023,0,2
2026-04-17,10,Rashid Shaheed Truthers,77833,39456,117289,77833,0,0,39456,0,1
2026-04-17,11,All You Need Is LOVE,79722,56657,136379,51665,0,28057,56657,0,0
2026-04-17,12,Omar Comin,94942,11779,106721,66434,0,28508,11779,0,0
2026-04-18,1,208 Ferrari Way,86478,17932,104410,73850,0,12628,17932,0,2
2026-04-18,2,The Federal Reserve,112249,44864,157113,107901,0,4348,44864,0,0
2026-04-18,3,Golden Hour,87135,27211,114346,69200,0,17935,27211,0,4
2026-04-18,4,Lisan al-Caleb,72259,61552,133811,45020,0,27239,61552,0,3
2026-04-18,5,Mommy Rainier,75208,31563,106771,59505,0,15703,31563,0,1
2026-04-18,6,Mostly Washed,74935,28619,103554,71953,0,2982,28619,0,3
2026-04-18,7,Cártel de Breece y Puka,91235,19290,110525,79727,0,11508,19290,0,0
2026-04-18,8,Loading…,88062,28920,116982,77820,0,10242,28920,0,0
2026-04-18,9,Gaeta Spur FC,67227,64090,131317,58438,0,8789,64090,0,2
2026-04-18,10,Rashid Shaheed Truthers,77776,39441,117217,77776,0,0,39441,0,1
2026-04-18,11,All You Need Is LOVE,79716,56685,136401,51656,0,28060,56685,0,0
2026-04-18,12,Omar Comin,94983,11801,106784,66429,0,28554,11801,0,0
2026-04-19,1,208 Ferrari Way,86402,17937,104339,73781,0,12621,17937,0,2
2026-04-19,2,The Federal Reserve,112327,44841,157168,108006,0,4321,44841,0,0
2026-04-19,3,Golden Hour,87069,27199,114268,69165,0,17904,27199,0,4
2026-04-19,4,Lisan al-Caleb,72258,61413,133671,44983,0,27275,61413,0,3
2026-04-19,5,Mommy Rainier,75163,31534,106697,59418,0,15745,31534,0,1
2026-04-19,6,Mostly Washed,74947,28664,103611,71979,0,2968,28664,0,3
2026-04-19,7,Cártel de Breece y Puka,91253,19260,110513,79703,0,11550,19260,0,0
2026-04-19,8,Loading…,87956,28850,116806,77750,0,10206,28850,0,0
2026-04-19,9,Gaeta Spur FC,67264,64049,131313,58474,0,8790,64049,0,2
2026-04-19,10,Rashid Shaheed Truthers,77660,39391,117051,77660,0,0,39391,0,1
2026-04-19,11,All You Need Is LOVE,79716,56570,136286,51754,0,27962,56570,0,0
2026-04-19,12,Omar Comin,94989,11792,106781,66498,0,28491,11792,0,0
2026-04-20,1,208 Ferrari Way,86369,17866,104235,73737,0,12632,17866,0,2
2026-04-20,2,The Federal Reserve,112339,44768,157107,108006,0,4333,44768,0,0
2026-04-20,3,Golden Hour,87074,27104,114178,69156,0,17918,27104,0,4
2026-04-20,4,Lisan al-Caleb,72285,61464,133749,45065,0,27220,61464,0,3
2026-04-20,5,Mommy Rainier,75314,31553,106867,59503,0,15811,31553,0,1
2026-04-20,6,Mostly Washed,74793,28665,103458,71817,0,2976,28665,0,3
2026-04-20,7,Cártel de Breece y Puka,91265,19194,110459,79742,0,11523,19194,0,0
2026-04-20,8,Loading…,87919,28892,116811,77691,0,10228,28892,0,0
2026-04-20,9,Gaeta Spur FC,64754,64090,128844,57311,0,7443,64090,0,2
2026-04-20,10,Rashid Shaheed Truthers,77611,39439,117050,77611,0,0,39439,0,1
2026-04-20,11,All You Need Is LOVE,79487,56607,136094,51637,0,27850,56607,0,0
2026-04-20,12,Omar Comin,95155,11778,106933,66572,0,28583,11778,0,0
2026-04-21,1,208 Ferrari Way,86236,17829,104065,73695,0,12541,17829,0,2
2026-04-21,2,The Federal Reserve,112373,44647,157020,108049,0,4324,44647,0,0
2026-04-21,3,Golden Hour,86960,27018,113978,69124,0,17836,27018,0,4
2026-04-21,4,Lisan al-Caleb,72215,61427,133642,44995,0,27220,61427,0,3
2026-04-21,5,Mommy Rainier,75430,31573,107003,59641,0,15789,31573,0,1
2026-04-21,6,Mostly Washed,74829,28643,103472,71864,0,2965,28643,0,3
2026-04-21,7,Cártel de Breece y Puka,91212,19130,110342,79656,0,11556,19130,0,0
2026-04-21,8,Loading…,87901,28874,116775,77631,0,10270,28874,0,0
2026-04-21,9,Gaeta Spur FC,64925,64109,129034,57478,0,7447,64109,0,2
2026-04-21,10,Rashid Shaheed Truthers,77550,39404,116954,77550,0,0,39404,0,1
2026-04-21,11,All You Need Is LOVE,79390,56611,136001,51576,0,27814,56611,0,0
2026-04-21,12,Omar Comin,95247,11723,106970,66666,0,28581,11723,0,0
2026-04-22,1,208 Ferrari Way,86226,17796,104022,73590,0,12636,17796,0,2
2026-04-22,2,The Federal Reserve,112353,44628,156981,108061,0,4292,44628,0,0
2026-04-22,3,Golden Hour,87062,26967,114029,69245,0,17817,26967,0,4
2026-04-22,4,Lisan al-Caleb,72227,61360,133587,45149,0,27078,61360,0,3
2026-04-22,5,Mommy Rainier,75402,31497,106899,59592,0,15810,31497,0,1
2026-04-22,6,Mostly Washed,74806,28676,103482,71870,0,2936,28676,0,3
2026-04-22,7,Cártel de Breece y Puka,91102,19142,110244,79565,0,11537,19142,0,0
2026-04-22,8,Loading…,87844,28865,116709,77640,0,10204,28865,0,0
2026-04-22,9,Gaeta Spur FC,64852,64018,128870,57439,0,7413,64018,0,2
2026-04-22,10,Rashid Shaheed Truthers,77644,39425,117069,77644,0,0,39425,0,1
2026-04-22,11,All You Need Is LOVE,79317,56636,135953,51468,0,27849,56636,0,0
2026-04-22,12,Omar Comin,95337,11778,107115,66743,0,28594,11778,0,0
2026-04-23,1,208 Ferrari Way,86192,17851,104043,73593,0,12599,17851,0,2
2026-04-23,2,The Federal Reserve,112170,44778,156948,107917,0,4253,44778,0,0
2026-04-23,3,Golden Hour,87122,27066,114188,69299,0,17823,27066,0,4
2026-04-23,4,Lisan al-Caleb,72116,61365,133481,45006,0,27110,61365,0,3
2026-04-23,5,Mommy Rainier,75488,31574,107062,59684,0,15804,31574,0,1
2026-04-23,6,Mostly Washed,74829,28592,103421,71893,0,2936,28592,0,3
2026-04-23,7,Cártel de Breece y Puka,91164,19257,110421,79679,0,11485,19257,0,0
2026-04-23,8,Loading…,87739,28878,116617,77519,0,10220,28878,0,0
2026-04-23,9,Gaeta Spur FC,64876,63954,128830,57471,0,7405,63954,0,2
2026-04-23,10,Rashid Shaheed Truthers,77496,39415,116911,77496,0,0,39415,0,1
2026-04-23,11,All You Need Is LOVE,79546,56666,136212,51546,0,28000,56666,0,0
2026-04-23,12,Omar Comin,95145,11684,106829,66704,0,28441,11684,0,0
2026-04-24,1,208 Ferrari Way,86301,17842,104143,73700,0,12601,17842,0,2
2026-04-24,2,The Federal Reserve,111982,44810,156792,107702,0,4280,44810,0,0
2026-04-24,3,Golden Hour,87019,27082,114101,69168,0,17851,27082,0,4
2026-04-24,4,Lisan al-Caleb,72105,61459,133564,44978,0,27127,61459,0,3
2026-04-24,5,Mommy Rainier,75528,31584,107112,59716,0,15812,31584,0,1
2026-04-24,6,Mostly Washed,74824,28554,103378,71938,0,2886,28554,0,3
2026-04-24,7,Cártel de Breece y Puka,91110,19248,110358,79640,0,11470,19248,0,0
2026-04-24,8,Loading…,87822,28932,116754,77566,0,10256,28932,0,0
2026-04-24,9,Gaeta Spur FC,64866,64038,128904,57487,0,7379,64038,0,2
2026-04-24,10,Rashid Shaheed Truthers,77548,39452,117000,77548,0,0,39452,0,1
2026-04-24,11,All You Need Is LOVE,79399,56853,136252,51478,0,27921,56853,0,0
2026-04-24,12,Omar Comin,93552,11670,105222,65143,0,28409,11670,0,1
2026-04-25,1,208 Ferrari Way,86452,17903,104355,73877,0,12575,17903,0,2
2026-04-25,2,The Federal Reserve,111829,44831,156660,107512,0,4317,44831,0,0
2026-04-25,3,Golden Hour,86898,27090,113988,69099,0,17799,27090,0,4
2026-04-25,4,Lisan al-Caleb,68294,61405,129699,41247,0,27047,61405,0,2
2026-04-25,5,Mommy Rainier,75443,31400,106843,59533,0,15910,31400,0,1
2026-04-25,6,Mostly Washed,74476,28567,103043,71798,0,2678,28567,0,3
2026-04-25,7,Cártel de Breece y Puka,91055,19255,110310,79567,0,11488,19255,0,0
2026-04-25,8,Loading…,87802,28777,116579,77504,0,10298,28777,0,0
2026-04-25,9,Gaeta Spur FC,63556,63974,127530,56170,0,7386,63974,0,1
2026-04-25,10,Rashid Shaheed Truthers,78515,39436,117951,77225,0,1290,39436,0,1
2026-04-25,11,All You Need Is LOVE,79475,56770,136245,51465,0,28010,56770,0,0
2026-04-25,12,Omar Comin,93690,11732,105422,65331,0,28359,11732,0,1
2026-04-26,1,208 Ferrari Way,86413,17866,104279,73757,0,12656,17866,0,2
2026-04-26,2,The Federal Reserve,111690,44764,156454,107355,0,4335,44764,0,0
2026-04-26,3,Golden Hour,86840,27051,113891,69033,0,17807,27051,0,4
2026-04-26,4,Lisan al-Caleb,68174,61293,129467,41160,0,27014,61293,0,2
2026-04-26,5,Mommy Rainier,75318,31402,106720,59415,0,15903,31402,0,1
2026-04-26,6,Mostly Washed,73347,28635,101982,70776,0,2571,28635,0,2
2026-04-26,7,Cártel de Breece y Puka,90960,19241,110201,79543,0,11417,19241,0,0
2026-04-26,8,Loading…,87787,28806,116593,77483,0,10304,28806,0,0
2026-04-26,9,Gaeta Spur FC,63404,64084,127488,55968,0,7436,64084,0,1
2026-04-26,10,Rashid Shaheed Truthers,78359,39519,117878,77075,0,1284,39519,0,1
2026-04-26,11,All You Need Is LOVE,76329,56720,133049,48294,0,28035,56720,0,0
2026-04-26,12,Omar Comin,93686,11751,105437,65365,0,28321,11751,0,1
2026-04-27,1,208 Ferrari Way,87829,24477,112306,86354,0,1475,15461,9016,2
2026-04-27,2,The Federal Reserve,111801,48521,160322,111441,0,360,39505,9016,1
2026-04-27,3,Golden Hour,89145,30616,119761,86633,0,2512,21600,9016,5
2026-04-27,4,Lisan al-Caleb,81376,54092,135468,68085,0,13291,43165,10927,3
2026-04-27,5,Mommy Rainier,83555,24430,107985,75038,0,8517,13503,10927,2
2026-04-27,6,Mostly Washed,75685,34409,110094,73424,0,2261,24178,10231,1
2026-04-27,7,Cártel de Breece y Puka,96120,20447,116567,90805,0,5315,11431,9016,1
2026-04-27,8,Loading…,93532,31802,125334,85714,0,7818,20875,10927,1
2026-04-27,9,Gaeta Spur FC,85503,47181,132684,63210,0,22293,36950,10231,1
2026-04-27,10,Rashid Shaheed Truthers,86738,34409,121147,75347,0,11391,24178,10231,1
2026-04-27,11,All You Need Is LOVE,88099,41091,129190,70629,0,17470,30164,10927,0
2026-04-27,12,Omar Comin,98801,20393,119194,93546,0,5255,10162,10231,1
2026-04-28,1,208 Ferrari Way,87727,24498,112225,86120,0,1607,15499,8999,2
2026-04-28,2,The Federal Reserve,111537,48481,160018,111055,0,482,39482,8999,1
2026-04-28,3,Golden Hour,89304,30602,119906,86577,0,2727,21603,8999,4
2026-04-28,4,Lisan al-Caleb,81619,54269,135888,67958,0,13661,43324,10945,2
2026-04-28,5,Mommy Rainier,81384,24473,105857,71998,0,9386,13528,10945,1
2026-04-28,6,Mostly Washed,75983,34270,110253,73351,0,2632,24103,10167,1
2026-04-28,7,Cártel de Breece y Puka,96419,20417,116836,90625,0,5794,11418,8999,1
2026-04-28,8,Loading…,93572,31846,125418,85515,0,8057,20901,10945,1
2026-04-28,9,Gaeta Spur FC,86248,47067,133315,63444,0,22804,36900,10167,1
2026-04-28,10,Rashid Shaheed Truthers,86798,34270,121068,75139,0,11659,24103,10167,1
2026-04-28,11,All You Need Is LOVE,91620,41205,132825,73769,0,17851,30260,10945,0
2026-04-28,12,Omar Comin,95285,20326,115611,89743,0,5542,10159,10167,1
2026-04-29,1,208 Ferrari Way,87980,24495,112475,86235,0,1745,15492,9003,2
2026-04-29,2,The Federal Reserve,111578,48570,160148,110994,0,584,39567,9003,1
2026-04-29,3,Golden Hour,89206,30643,119849,86229,0,2977,21640,9003,4
2026-04-29,4,Lisan al-Caleb,81539,54257,135796,67659,0,13880,43332,10925,2
2026-04-29,5,Mommy Rainier,77134,24418,101552,66852,0,10282,13493,10925,0
2026-04-29,6,Mostly Washed,74417,34221,108638,71628,0,2789,24091,10130,1
2026-04-29,7,Cártel de Breece y Puka,93962,20413,114375,87740,0,6222,11410,9003,1
2026-04-29,8,Loading…,93383,31941,125324,85261,0,8122,21016,10925,1
2026-04-29,9,Gaeta Spur FC,89427,47070,136497,66050,0,23377,36940,10130,1
2026-04-29,10,Rashid Shaheed Truthers,86920,34221,121141,75094,0,11826,24091,10130,1
2026-04-29,11,All You Need Is LOVE,94505,42930,137435,76386,0,18119,32005,10925,0
2026-04-29,12,Omar Comin,92760,18593,111353,86977,0,5783,8463,10130,1
2026-04-30,1,208 Ferrari Way,87883,24498,112381,86042,0,1841,15483,9015,2
2026-04-30,2,The Federal Reserve,112621,48668,161289,111820,0,801,39653,9015,1
2026-04-30,3,Golden Hour,88944,30704,119648,85863,0,3081,21689,9015,4
2026-04-30,4,Lisan al-Caleb,81726,54441,136167,67522,0,14204,43495,10946,2
2026-04-30,5,Mommy Rainier,75601,24481,100082,64817,0,10784,13535,10946,0
2026-04-30,6,Mostly Washed,76660,34098,110758,73660,0,3000,24016,10082,1
2026-04-30,7,Cártel de Breece y Puka,90429,20455,110884,84050,0,6379,11440,9015,1
2026-04-30,8,Loading…,90628,32054,122682,82324,0,8304,21108,10946,1
2026-04-30,9,Gaeta Spur FC,88793,46987,135780,65242,0,23551,36905,10082,1
2026-04-30,10,Rashid Shaheed Truthers,89782,34098,123880,77518,0,12264,24016,10082,1
2026-04-30,11,All You Need Is LOVE,94690,43095,137785,76384,0,18306,32149,10946,0
2026-04-30,12,Omar Comin,92950,18481,111431,86912,0,6038,8399,10082,1
2026-05-01,1,208 Ferrari Way,88052,24400,112452,86156,0,1896,15426,8974,2
2026-05-01,2,The Federal Reserve,112694,48628,161322,111771,0,923,39654,8974,1
2026-05-01,3,Golden Hour,88653,30575,119228,85440,0,3213,21601,8974,4
2026-05-01,4,Lisan al-Caleb,82155,54447,136602,67541,0,14614,43476,10971,2
2026-05-01,5,Mommy Rainier,76093,24539,100632,64715,0,11378,13568,10971,0
2026-05-01,6,Mostly Washed,75155,34207,109362,71971,0,3184,24136,10071,1
2026-05-01,7,Cártel de Breece y Puka,90671,20377,111048,83948,0,6723,11403,8974,1
2026-05-01,8,Loading…,90440,32124,122564,82209,0,8231,21153,10971,1
2026-05-01,9,Gaeta Spur FC,85459,47156,132615,61544,0,23915,37085,10071,1
2026-05-01,10,Rashid Shaheed Truthers,89888,34207,124095,77366,0,12522,24136,10071,1
2026-05-01,11,All You Need Is LOVE,94725,43223,137948,76283,0,18442,32252,10971,0
2026-05-01,12,Omar Comin,92914,18449,111363,86666,0,6248,8378,10071,1
2026-05-02,1,208 Ferrari Way,88068,24396,112464,86136,0,1932,15422,8974,2
2026-05-02,2,The Federal Reserve,112640,48649,161289,111696,0,944,39675,8974,1
2026-05-02,3,Golden Hour,88668,30612,119280,85442,0,3226,21638,8974,3
2026-05-02,4,Lisan al-Caleb,82200,54473,136673,67519,0,14681,43507,10966,2
2026-05-02,5,Mommy Rainier,76370,24522,100892,64617,0,11753,13556,10966,0
2026-05-02,6,Mostly Washed,75252,34205,109457,71925,0,3327,24138,10067,1
2026-05-02,7,Cártel de Breece y Puka,90847,20370,111217,84001,0,6846,11396,8974,1
2026-05-02,8,Loading…,88701,32135,120836,80378,0,8323,21169,10966,0
2026-05-02,9,Gaeta Spur FC,81594,47174,128768,57620,0,23974,37107,10067,1
2026-05-02,10,Rashid Shaheed Truthers,89952,34205,124157,77325,0,12627,24138,10067,1
2026-05-02,11,All You Need Is LOVE,94643,43229,137872,76133,0,18510,32263,10966,0
2026-05-02,12,Omar Comin,93226,18442,111668,86700,0,6526,8375,10067,1
2026-05-03,1,208 Ferrari Way,88019,24408,112427,86077,0,1942,15437,8971,2
2026-05-03,2,The Federal Reserve,112587,48567,161154,111619,0,968,39596,8971,1
2026-05-03,3,Golden Hour,88803,30567,119370,85413,0,3390,21596,8971,3
2026-05-03,4,Lisan al-Caleb,82391,54462,136853,67628,0,14763,43504,10958,2
2026-05-03,5,Mommy Rainier,76828,24490,101318,64667,0,12161,13532,10958,0
2026-05-03,6,Mostly Washed,75207,34178,109385,71790,0,3417,24132,10046,1
2026-05-03,7,Cártel de Breece y Puka,85398,20349,105747,78511,0,6887,11378,8971,1
2026-05-03,8,Loading…,88716,32115,120831,80367,0,8349,21157,10958,0
2026-05-03,9,Gaeta Spur FC,81569,47153,128722,57544,0,24025,37107,10046,1
2026-05-03,10,Rashid Shaheed Truthers,88779,34178,122957,76125,0,12654,24132,10046,0
2026-05-03,11,All You Need Is LOVE,94785,43208,137993,76234,0,18551,32250,10958,0
2026-05-03,12,Omar Comin,88535,18437,106972,81816,0,6719,8391,10046,1
2026-05-04,1,208 Ferrari Way,88051,24456,112507,86088,0,1963,15460,8996,2
2026-05-04,2,The Federal Reserve,112630,48645,161275,111647,0,983,39649,8996,1
2026-05-04,3,Golden Hour,89039,30621,119660,85487,0,3552,21625,8996,3
2026-05-04,4,Lisan al-Caleb,82487,54486,136973,67538,0,14949,43541,10945,2
2026-05-04,5,Mommy Rainier,77059,24454,101513,64668,0,12391,13509,10945,0
2026-05-04,6,Mostly Washed,75447,34124,109571,71831,0,3616,24094,10030,2
2026-05-04,7,Cártel de Breece y Puka,85519,20393,105912,78555,0,6964,11397,8996,1
2026-05-04,8,Loading…,88779,32091,120870,80403,0,8376,21146,10945,0
2026-05-04,9,Gaeta Spur FC,81593,47081,128674,57467,0,24126,37051,10030,1
2026-05-04,10,Rashid Shaheed Truthers,88812,34124,122936,76105,0,12707,24094,10030,0
2026-05-04,11,All You Need Is LOVE,94786,43204,137990,76196,0,18590,32259,10945,0
2026-05-04,12,Omar Comin,88604,18397,107001,81812,0,6792,8367,10030,1
2026-05-05,1,208 Ferrari Way,88118,24448,112566,86132,0,1986,15441,9007,2
2026-05-05,2,The Federal Reserve,111062,48695,159757,110052,0,1010,39688,9007,1
2026-05-05,3,Golden Hour,89094,30661,119755,85515,0,3579,21654,9007,3
2026-05-05,4,Lisan al-Caleb,82652,54525,137177,67626,0,15026,43584,10941,2
2026-05-05,5,Mommy Rainier,77342,24442,101784,64612,0,12730,13501,10941,0
2026-05-05,6,Mostly Washed,76200,34081,110281,72302,0,3898,24068,10013,2
2026-05-05,7,Cártel de Breece y Puka,85915,20413,106328,78798,0,7117,11406,9007,1
2026-05-05,8,Loading…,88729,32106,120835,80331,0,8398,21165,10941,0
2026-05-05,9,Gaeta Spur FC,81635,47032,128667,57390,0,24245,37019,10013,1
2026-05-05,10,Rashid Shaheed Truthers,87345,34081,121426,74542,0,12803,24068,10013,0
2026-05-05,11,All You Need Is LOVE,94588,43211,137799,76060,0,18528,32270,10941,0
2026-05-05,12,Omar Comin,88878,18357,107235,81878,0,7000,8344,10013,0
2026-05-06,1,208 Ferrari Way,88155,24563,112718,86169,0,1986,15511,9052,2
2026-05-06,2,The Federal Reserve,112313,48306,160619,112313,0,0,39254,9052,1
2026-05-06,3,Golden Hour,89024,30762,119786,85410,0,3614,21710,9052,3
2026-05-06,4,Lisan al-Caleb,82989,54578,137567,67648,0,15341,43637,10941,2
2026-05-06,5,Mommy Rainier,77594,24453,102047,64565,0,13029,13512,10941,0
2026-05-06,6,Mostly Washed,76185,34134,110319,72246,0,3939,24104,10030,2
2026-05-06,7,Cártel de Breece y Puka,82686,22797,105483,74485,0,8201,13745,9052,1
2026-05-06,8,Loading…,88754,32084,120838,80347,0,8407,21143,10941,0
2026-05-06,9,Gaeta Spur FC,81620,47081,128701,57349,0,24271,37051,10030,1
2026-05-06,10,Rashid Shaheed Truthers,89550,32377,121927,76748,0,12802,22347,10030,0
2026-05-06,11,All You Need Is LOVE,94562,43231,137793,76004,0,18558,32290,10941,0
2026-05-06,12,Omar Comin,89069,18382,107451,82048,0,7021,8352,10030,0
2026-05-07,1,208 Ferrari Way,88155,24563,112718,0,86169,1986,15511,9052,2
2026-05-07,2,The Federal Reserve,112313,48306,160619,0,112313,0,39254,9052,1
2026-05-07,3,Golden Hour,89024,30762,119786,0,85410,3614,21710,9052,3
2026-05-07,4,Lisan al-Caleb,82989,54578,137567,0,67648,15341,43637,10941,2
2026-05-07,5,Mommy Rainier,77594,24453,102047,0,64565,13029,13512,10941,0
2026-05-07,6,Mostly Washed,76185,34134,110319,0,72246,3939,24104,10030,2
2026-05-07,7,Cártel de Breece y Puka,84715,22797,107512,0,76514,8201,13745,9052,1
2026-05-07,8,Loading…,88754,32084,120838,0,80347,8407,21143,10941,0
2026-05-07,9,Gaeta Spur FC,81620,47081,128701,0,57349,24271,37051,10030,1
2026-05-07,10,Rashid Shaheed Truthers,89550,32377,121927,0,76748,12802,22347,10030,0
2026-05-07,11,All You Need Is LOVE,94562,43231,137793,0,76004,18558,32290,10941,0
2026-05-07,12,Omar Comin,87835,18382,106217,0,80814,7021,8352,10030,1
2026-05-08,1,208 Ferrari Way,88195,24548,112743,86179,0,2016,15506,9042,2
2026-05-08,2,The Federal Reserve,112201,48378,160579,112201,0,0,39336,9042,1
2026-05-08,3,Golden Hour,88920,30775,119695,85243,0,3677,21733,9042,3
2026-05-08,4,Lisan al-Caleb,83089,54670,137759,67571,0,15518,43715,10955,2
2026-05-08,5,Mommy Rainier,77911,24496,102407,64610,0,13301,13541,10955,0
2026-05-08,6,Mostly Washed,76244,34246,110490,72313,0,3931,24176,10070,2
2026-05-08,7,Cártel de Breece y Puka,84746,22792,107538,76473,0,8273,13750,9042,1
2026-05-08,8,Loading…,88710,32140,120850,80282,0,8428,21185,10955,0
2026-05-08,9,Gaeta Spur FC,81324,47239,128563,57047,0,24277,37169,10070,1
2026-05-08,10,Rashid Shaheed Truthers,89533,32476,122009,76655,0,12878,22406,10070,0
2026-05-08,11,All You Need Is LOVE,94673,43329,138002,76024,0,18649,32374,10955,0
2026-05-08,12,Omar Comin,88309,18431,106740,81233,0,7076,8361,10070,1
2026-05-09,1,208 Ferrari Way,88167,24549,112716,86145,0,2022,15511,9038,2
2026-05-09,2,The Federal Reserve,112133,48368,160501,112133,0,0,39330,9038,1
2026-05-09,3,Golden Hour,88970,30772,119742,85244,0,3726,21734,9038,3
2026-05-09,4,Lisan al-Caleb,83326,54676,138002,67774,0,15552,43729,10947,2
2026-05-09,5,Mommy Rainier,77995,24480,102475,64637,0,13358,13533,10947,0
2026-05-09,6,Mostly Washed,76256,34264,110520,72330,0,3926,24171,10093,2
2026-05-09,7,Cártel de Breece y Puka,84921,22780,107701,76602,0,8319,13742,9038,1
2026-05-09,8,Loading…,88625,32149,120774,80182,0,8443,21202,10947,0
2026-05-09,9,Gaeta Spur FC,81261,47245,128506,56915,0,24346,37152,10093,1
2026-05-09,10,Rashid Shaheed Truthers,89501,32504,122005,76573,0,12928,22411,10093,0
2026-05-09,11,All You Need Is LOVE,94583,43316,137899,75939,0,18644,32369,10947,0
2026-05-09,12,Omar Comin,88328,18485,106813,81256,0,7072,8392,10093,1
2026-05-10,1,208 Ferrari Way,88133,24614,112747,86111,0,2022,15546,9068,2
2026-05-10,2,The Federal Reserve,112106,48428,160534,112106,0,0,39360,9068,1
2026-05-10,3,Golden Hour,88977,30850,119827,85253,0,3724,21782,9068,3
2026-05-10,4,Lisan al-Caleb,83194,54651,137845,67611,0,15583,43721,10930,2
2026-05-10,5,Mommy Rainier,78073,24441,102514,64598,0,13475,13511,10930,0
2026-05-10,6,Mostly Washed,76239,34289,110528,72280,0,3959,24189,10100,2
2026-05-10,7,Cártel de Breece y Puka,84936,22854,107790,76593,0,8343,13786,9068,1
2026-05-10,8,Loading…,88620,32116,120736,80167,0,8453,21186,10930,0
2026-05-10,9,Gaeta Spur FC,81337,47278,128615,56959,0,24378,37178,10100,1
2026-05-10,10,Rashid Shaheed Truthers,89619,32532,122151,76651,0,12968,22432,10100,0
2026-05-10,11,All You Need Is LOVE,94616,43264,137880,75966,0,18650,32334,10930,0
2026-05-10,12,Omar Comin,88421,18495,106916,81329,0,7092,8395,10100,1
2026-05-11,1,208 Ferrari Way,88051,24602,112653,86014,0,2037,15534,9068,2
2026-05-11,2,The Federal Reserve,112108,48432,160540,112108,0,0,39364,9068,1
2026-05-11,3,Golden Hour,89069,30863,119932,85320,0,3749,21795,9068,3
2026-05-11,4,Lisan al-Caleb,83193,54580,137773,67586,0,15607,43666,10914,2
2026-05-11,5,Mommy Rainier,78019,24407,102426,64464,0,13555,13493,10914,0
2026-05-11,6,Mostly Washed,76272,34323,110595,72289,0,3983,24211,10112,2
2026-05-11,7,Cártel de Breece y Puka,85035,22860,107895,76650,0,8385,13792,9068,1
2026-05-11,8,Loading…,88684,32052,120736,80182,0,8502,21138,10914,0
2026-05-11,9,Gaeta Spur FC,81220,47301,128521,56850,0,24370,37189,10112,1
2026-05-11,10,Rashid Shaheed Truthers,89665,32560,122225,76642,0,13023,22448,10112,0
2026-05-11,11,All You Need Is LOVE,94571,43197,137768,75899,0,18672,32283,10914,0
2026-05-11,12,Omar Comin,88526,18503,107029,81397,0,7129,8391,10112,1
2026-05-12,1,208 Ferrari Way,88140,24713,112853,86100,0,2040,15597,9116,2
2026-05-12,2,The Federal Reserve,111968,48498,160466,111968,0,0,39382,9116,1
2026-05-12,3,Golden Hour,89106,30936,120042,85324,0,3782,21820,9116,3
2026-05-12,4,Lisan al-Caleb,83137,54533,137670,67532,0,15605,43645,10888,2
2026-05-12,5,Mommy Rainier,78149,24359,102508,64414,0,13735,13471,10888,0
2026-05-12,6,Mostly Washed,76254,34348,110602,72250,0,4004,24224,10124,1
2026-05-12,7,Cártel de Breece y Puka,85166,22963,108129,76743,0,8423,13847,9116,1
2026-05-12,8,Loading…,88580,32026,120606,80059,0,8521,21138,10888,0
2026-05-12,9,Gaeta Spur FC,81404,47362,128766,56870,0,24534,37238,10124,1
2026-05-12,10,Rashid Shaheed Truthers,89530,32590,122120,76502,0,13028,22466,10124,0
2026-05-12,11,All You Need Is LOVE,94538,43146,137684,75888,0,18650,32258,10888,0
2026-05-12,12,Omar Comin,88557,18506,107063,81436,0,7121,8382,10124,1
2026-05-13,1,208 Ferrari Way,88174,24755,112929,86122,0,2052,15634,9121,2
2026-05-13,2,The Federal Reserve,111944,48555,160499,111944,0,0,39434,9121,1
2026-05-13,3,Golden Hour,89076,30992,120068,85318,0,3758,21871,9121,3
2026-05-13,4,Lisan al-Caleb,83202,54662,137864,67518,0,15684,43753,10909,2
2026-05-13,5,Mommy Rainier,78080,24406,102486,64243,0,13837,13497,10909,0
2026-05-13,6,Mostly Washed,78010,34389,112399,73991,0,4019,24244,10145,1
2026-05-13,7,Cártel de Breece y Puka,85428,22981,108409,76986,0,8442,13860,9121,1
2026-05-13,8,Loading…,88510,32091,120601,79964,0,8546,21182,10909,0
2026-05-13,9,Gaeta Spur FC,81416,47420,128836,56829,0,24587,37275,10145,1
2026-05-13,10,Rashid Shaheed Truthers,89484,32634,122118,76386,0,13098,22489,10145,0
2026-05-13,11,All You Need Is LOVE,94511,43235,137746,75800,0,18711,32326,10909,0
2026-05-13,12,Omar Comin,88549,18568,107117,81409,0,7140,8423,10145,1
2026-05-14,1,208 Ferrari Way,88164,24815,112979,86094,0,2070,15658,9157,2
2026-05-14,2,The Federal Reserve,111979,48677,160656,111979,0,0,39520,9157,1
2026-05-14,3,Golden Hour,88997,31083,120080,85209,0,3788,21926,9157,3
2026-05-14,4,Lisan al-Caleb,83208,54650,137858,67504,0,15704,43753,10897,2
2026-05-14,5,Mommy Rainier,78052,24379,102431,64152,0,13900,13482,10897,0
2026-05-14,6,Mostly Washed,77975,34417,112392,73917,0,4058,24264,10153,1
2026-05-14,7,Cártel de Breece y Puka,85386,23058,108444,76862,0,8524,13901,9157,1
2026-05-14,8,Loading…,88365,32095,120460,79817,0,8548,21198,10897,0
2026-05-14,9,Gaeta Spur FC,81528,47433,128961,56906,0,24622,37280,10153,1
2026-05-14,10,Rashid Shaheed Truthers,89582,32656,122238,76445,0,13137,22503,10153,0
2026-05-14,11,All You Need Is LOVE,94622,43213,137835,75870,0,18752,32316,10897,0
2026-05-14,12,Omar Comin,88607,18576,107183,81435,0,7172,8423,10153,1
2026-05-15,1,208 Ferrari Way,88338,24820,113158,86244,0,2094,15669,9151,2
2026-05-15,2,The Federal Reserve,111985,48671,160656,111985,0,0,39520,9151,1
2026-05-15,3,Golden Hour,88927,31072,119999,85127,0,3800,21921,9151,3
2026-05-15,4,Lisan al-Caleb,83275,54742,138017,67504,0,15771,43818,10924,2
2026-05-15,5,Mommy Rainier,78119,24441,102560,64157,0,13962,13517,10924,0
2026-05-15,6,Mostly Washed,78026,34404,112430,73953,0,4073,24253,10151,1
2026-05-15,7,Cártel de Breece y Puka,85437,23030,108467,76895,0,8542,13879,9151,1
2026-05-15,8,Loading…,88280,32139,120419,79707,0,8573,21215,10924,0
2026-05-15,9,Gaeta Spur FC,81569,47419,128988,56896,0,24673,37268,10151,1
2026-05-15,10,Rashid Shaheed Truthers,89535,32649,122184,76352,0,13183,22498,10151,0
2026-05-15,11,All You Need Is LOVE,94508,43297,137805,75735,0,18773,32373,10924,0
2026-05-15,12,Omar Comin,88600,18608,107208,81398,0,7202,8457,10151,1
2026-05-16,1,208 Ferrari Way,88340,24826,113166,86228,0,2112,15675,9151,2
2026-05-16,2,The Federal Reserve,111948,48681,160629,111948,0,0,39530,9151,1
2026-05-16,3,Golden Hour,88917,31079,119996,85109,0,3808,21928,9151,3
2026-05-16,4,Lisan al-Caleb,83277,54844,138121,67506,0,15771,43877,10967,2
2026-05-16,5,Mommy Rainier,78194,24532,102726,64172,0,14022,13565,10967,0
2026-05-16,6,Mostly Washed,78112,34464,112576,74019,0,4093,24290,10174,1
2026-05-16,7,Cártel de Breece y Puka,85486,23021,108507,76895,0,8591,13870,9151,1
2026-05-16,8,Loading…,88379,32207,120586,79821,0,8558,21240,10967,0
2026-05-16,9,Gaeta Spur FC,81522,47468,128990,56815,0,24707,37294,10174,1
2026-05-16,10,Rashid Shaheed Truthers,89475,32718,122193,76254,0,13221,22544,10174,0
2026-05-16,11,All You Need Is LOVE,94488,43345,137833,75657,0,18831,32378,10967,0
2026-05-16,12,Omar Comin,88608,18651,107259,81404,0,7204,8477,10174,1
2026-05-17,1,208 Ferrari Way,88422,24867,113289,86304,0,2118,15696,9171,2
2026-05-17,2,The Federal Reserve,111912,48725,160637,111912,0,0,39554,9171,1
2026-05-17,3,Golden Hour,88937,31116,120053,85135,0,3802,21945,9171,3
2026-05-17,4,Lisan al-Caleb,83388,54862,138250,67553,0,15835,43892,10970,2
2026-05-17,5,Mommy Rainier,78289,24534,102823,64240,0,14049,13564,10970,0
2026-05-17,6,Mostly Washed,78147,34489,112636,74054,0,4093,24303,10186,1
2026-05-17,7,Cártel de Breece y Puka,85487,23063,108550,76876,0,8611,13892,9171,1
2026-05-17,8,Loading…,88423,32230,120653,79850,0,8573,21260,10970,0
2026-05-17,9,Gaeta Spur FC,81431,47482,128913,56708,0,24723,37296,10186,1
2026-05-17,10,Rashid Shaheed Truthers,89432,32745,122177,76213,0,13219,22559,10186,0
2026-05-17,11,All You Need Is LOVE,94375,43350,137725,75536,0,18839,32380,10970,0
2026-05-17,12,Omar Comin,88583,18681,107264,81390,0,7193,8495,10186,1
2026-05-18,1,208 Ferrari Way,88417,24867,113284,86287,0,2130,15695,9172,2
2026-05-18,2,The Federal Reserve,111905,48768,160673,111905,0,0,39596,9172,1
2026-05-18,3,Golden Hour,88886,31134,120020,85046,0,3840,21962,9172,3
2026-05-18,4,Lisan al-Caleb,83479,54928,138407,67566,0,15913,43961,10967,2
2026-05-18,5,Mommy Rainier,78326,24526,102852,64218,0,14108,13559,10967,0
2026-05-18,6,Mostly Washed,78108,34548,112656,74015,0,4093,24342,10206,1
2026-05-18,7,Cártel de Breece y Puka,85498,23073,108571,76862,0,8636,13901,9172,1
2026-05-18,8,Loading…,88389,32249,120638,79838,0,8551,21282,10967,0
2026-05-18,9,Gaeta Spur FC,81468,47576,129044,56696,0,24772,37370,10206,1
2026-05-18,10,Rashid Shaheed Truthers,89479,32802,122281,76229,0,13250,22596,10206,0
2026-05-18,11,All You Need Is LOVE,94431,43382,137813,75539,0,18892,32415,10967,0
2026-05-18,12,Omar Comin,88619,18707,107326,81417,0,7202,8501,10206,1
2026-05-19,1,208 Ferrari Way,88451,24939,113390,86315,0,2136,15737,9202,2
2026-05-19,2,The Federal Reserve,111885,48822,160707,111885,0,0,39620,9202,1
2026-05-19,3,Golden Hour,88850,31201,120051,84998,0,3852,21999,9202,3
2026-05-19,4,Lisan al-Caleb,83637,54889,138526,67673,0,15964,43931,10958,2
2026-05-19,5,Mommy Rainier,78439,24510,102949,64272,0,14167,13552,10958,0
2026-05-19,6,Mostly Washed,78142,34566,112708,74043,0,4099,24371,10195,1
2026-05-19,7,Cártel de Breece y Puka,85485,23158,108643,76801,0,8684,13956,9202,1
2026-05-19,8,Loading…,88455,32230,120685,79897,0,8558,21272,10958,0
2026-05-19,9,Gaeta Spur FC,81347,47625,128972,56587,0,24760,37430,10195,1
2026-05-19,10,Rashid Shaheed Truthers,89510,32813,122323,76240,0,13270,22618,10195,0
2026-05-19,11,All You Need Is LOVE,94419,43364,137783,75512,0,18907,32406,10958,0
2026-05-19,12,Omar Comin,88534,18679,107213,81333,0,7201,8484,10195,1
2026-05-20,1,208 Ferrari Way,88456,24999,113455,86299,0,2157,15764,9235,2
2026-05-20,2,The Federal Reserve,111880,48890,160770,111880,0,0,39655,9235,1
2026-05-20,3,Golden Hour,88911,31255,120166,85053,0,3858,22020,9235,1
2026-05-20,4,Lisan al-Caleb,83819,54903,138722,67763,0,16056,43937,10966,2
2026-05-20,5,Mommy Rainier,78453,24520,102973,64263,0,14190,13554,10966,0
2026-05-20,6,Mostly Washed,78164,34588,112752,74059,0,4105,24388,10200,1
2026-05-20,7,Cártel de Breece y Puka,85510,23237,108747,76790,0,8720,14002,9235,1
2026-05-20,8,Loading…,88482,32237,120719,79889,0,8593,21271,10966,0
2026-05-20,9,Gaeta Spur FC,81332,47653,128985,56536,0,24796,37453,10200,1
2026-05-20,10,Rashid Shaheed Truthers,89506,32825,122331,76194,0,13312,22625,10200,0
2026-05-20,11,All You Need Is LOVE,94497,43394,137891,75535,0,18962,32428,10966,0
2026-05-20,12,Omar Comin,88338,18675,107013,81134,0,7204,8475,10200,1
2026-05-21,1,208 Ferrari Way,88585,25001,113586,86416,0,2169,15756,9245,2
2026-05-21,2,The Federal Reserve,112040,48905,160945,112040,0,0,39660,9245,1
2026-05-21,3,Golden Hour,92598,31283,123881,88713,0,3885,22038,9245,1
2026-05-21,4,Lisan al-Caleb,83889,55023,138912,67752,0,16137,44000,11023,2
2026-05-21,5,Mommy Rainier,78517,24630,103147,64230,0,14287,13607,11023,0
2026-05-21,6,Mostly Washed,78284,34574,112858,74170,0,4114,24390,10184,1
2026-05-21,7,Cártel de Breece y Puka,85573,23245,108818,76789,0,8784,14000,9245,1
2026-05-21,8,Loading…,88391,32362,120753,79796,0,8595,21339,11023,0
2026-05-21,9,Gaeta Spur FC,81414,47639,129053,56570,0,24844,37455,10184,1
2026-05-21,10,Rashid Shaheed Truthers,89547,32811,122358,76205,0,13342,22627,10184,0
2026-05-21,11,All You Need Is LOVE,94504,43483,137987,75654,0,18850,32460,11023,0
2026-05-21,12,Omar Comin,87842,18656,106498,80643,0,7199,8472,10184,1
2026-05-22,1,208 Ferrari Way,88572,25063,113635,86388,0,2184,15802,9261,2
2026-05-22,2,The Federal Reserve,111984,48974,160958,111984,0,0,39713,9261,1
2026-05-22,3,Golden Hour,92546,31367,123913,88650,0,3896,22106,9261,1
2026-05-22,4,Lisan al-Caleb,83916,54956,138872,67697,0,16219,43961,10995,2
2026-05-22,5,Mommy Rainier,78588,24584,103172,64237,0,14351,13589,10995,0
2026-05-22,6,Mostly Washed,78318,34613,112931,74204,0,4114,24419,10194,1
2026-05-22,7,Cártel de Breece y Puka,87576,23292,110868,78730,0,8846,14031,9261,0
2026-05-22,8,Loading…,88341,32310,120651,79727,0,8614,21315,10995,0
2026-05-22,9,Gaeta Spur FC,81432,47672,129104,56533,0,24899,37478,10194,1
2026-05-22,10,Rashid Shaheed Truthers,89539,32850,122389,76227,0,13312,22656,10194,0
2026-05-22,11,All You Need Is LOVE,94541,43406,137947,75696,0,18845,32411,10995,0
2026-05-22,12,Omar Comin,88072,18685,106757,80858,0,7214,8491,10194,1
2026-05-23,1,208 Ferrari Way,88642,25037,113679,86452,0,2190,15785,9252,2
2026-05-23,2,The Federal Reserve,111994,48959,160953,111994,0,0,39707,9252,1
2026-05-23,3,Golden Hour,92462,31332,123794,88538,0,3924,22080,9252,1
2026-05-23,4,Lisan al-Caleb,83944,54911,138855,67669,0,16275,43919,10992,2
2026-05-23,5,Mommy Rainier,78678,24580,103258,64257,0,14421,13588,10992,0
2026-05-23,6,Mostly Washed,78321,34680,113001,74210,0,4111,24444,10236,1
2026-05-23,7,Cártel de Breece y Puka,87575,23246,110821,78708,0,8867,13994,9252,0
2026-05-23,8,Loading…,88343,32282,120625,79703,0,8640,21290,10992,0
2026-05-23,9,Gaeta Spur FC,81381,47726,129107,56494,0,24887,37490,10236,1
2026-05-23,10,Rashid Shaheed Truthers,89582,32922,122504,76307,0,13275,22686,10236,0
2026-05-23,11,All You Need Is LOVE,94512,43374,137886,75659,0,18853,32382,10992,0
2026-05-23,12,Omar Comin,88134,18751,106885,80934,0,7200,8515,10236,1
2026-05-24,1,208 Ferrari Way,88589,25069,113658,86396,0,2193,15797,9272,2
2026-05-24,2,The Federal Reserve,111963,49045,161008,111963,0,0,39773,9272,1
2026-05-24,3,Golden Hour,92415,31384,123799,88481,0,3934,22112,9272,1
2026-05-24,4,Lisan al-Caleb,84008,54923,138931,67665,0,16343,43925,10998,2
2026-05-24,5,Mommy Rainier,78668,24598,103266,64203,0,14465,13600,10998,0
2026-05-24,6,Mostly Washed,78295,34707,113002,74168,0,4127,24462,10245,1
2026-05-24,7,Cártel de Breece y Puka,87646,23278,110924,78739,0,8907,14006,9272,0
2026-05-24,8,Loading…,88471,32313,120784,79800,0,8671,21315,10998,0
2026-05-24,9,Gaeta Spur FC,81331,47777,129108,56446,0,24885,37532,10245,1
2026-05-24,10,Rashid Shaheed Truthers,89602,32958,122560,76272,0,13330,22713,10245,0
2026-05-24,11,All You Need Is LOVE,94551,43392,137943,75682,0,18869,32394,10998,0
2026-05-24,12,Omar Comin,88132,18744,106876,80910,0,7222,8499,10245,1
2026-05-25,1,208 Ferrari Way,88530,25140,113670,86328,0,2202,15845,9295,2
2026-05-25,2,The Federal Reserve,111904,49127,161031,111904,0,0,39832,9295,1
2026-05-25,3,Golden Hour,92434,31430,123864,88494,0,3940,22135,9295,1
2026-05-25,4,Lisan al-Caleb,84024,54939,138963,67626,0,16398,43946,10993,2
2026-05-25,5,Mommy Rainier,78773,24600,103373,64232,0,14541,13607,10993,0
2026-05-25,6,Mostly Washed,78310,34731,113041,74168,0,4142,24480,10251,1
2026-05-25,7,Cártel de Breece y Puka,87755,23315,111070,78800,0,8955,14020,9295,0
2026-05-25,8,Loading…,88548,32321,120869,79842,0,8706,21328,10993,0
2026-05-25,9,Gaeta Spur FC,81307,47816,129123,56413,0,24894,37565,10251,1
2026-05-25,10,Rashid Shaheed Truthers,89541,32985,122526,76179,0,13362,22734,10251,0
2026-05-25,11,All You Need Is LOVE,94480,43405,137885,75626,0,18854,32412,10993,0
2026-05-25,12,Omar Comin,88188,18755,106943,80938,0,7250,8504,10251,1
2026-05-26,1,208 Ferrari Way,88480,25135,113615,86259,0,2221,15842,9293,2
2026-05-26,2,The Federal Reserve,111868,49150,161018,111868,0,0,39857,9293,1
2026-05-26,3,Golden Hour,92488,31403,123891,88524,0,3964,22110,9293,1
2026-05-26,4,Lisan al-Caleb,84045,54992,139037,67609,0,16436,43985,11007,2
2026-05-26,5,Mommy Rainier,78766,24623,103389,64164,0,14602,13616,11007,0
2026-05-26,6,Mostly Washed,78326,34801,113127,74205,0,4121,24528,10273,1
2026-05-26,7,Cártel de Breece y Puka,87825,23305,111130,78803,0,9022,14012,9293,0
2026-05-26,8,Loading…,88548,32356,120904,79816,0,8732,21349,11007,0
2026-05-26,9,Gaeta Spur FC,81319,47882,129201,56368,0,24951,37609,10273,1
2026-05-26,10,Rashid Shaheed Truthers,89644,33057,122701,76244,0,13400,22784,10273,0
2026-05-26,11,All You Need Is LOVE,94455,43436,137891,75592,0,18863,32429,11007,0
2026-05-26,12,Omar Comin,88128,18788,106916,80883,0,7245,8515,10273,1
2026-05-27,1,208 Ferrari Way,88411,25224,113635,86193,0,2218,15899,9325,2
2026-05-27,2,The Federal Reserve,111676,49232,160908,111676,0,0,39907,9325,1
2026-05-27,3,Golden Hour,92517,31478,123995,88541,0,3976,22153,9325,1
2026-05-27,4,Lisan al-Caleb,84108,55083,139191,67669,0,16439,44054,11029,2
2026-05-27,5,Mommy Rainier,78728,24670,103398,64105,0,14623,13641,11029,0
2026-05-27,6,Mostly Washed,78311,34854,113165,74181,0,4130,24553,10301,1
2026-05-27,7,Cártel de Breece y Puka,87903,23382,111285,78822,0,9081,14057,9325,0
2026-05-27,8,Loading…,88623,32383,121006,79874,0,8749,21354,11029,0
2026-05-27,9,Gaeta Spur FC,81324,47929,129253,56348,0,24976,37628,10301,1
2026-05-27,10,Rashid Shaheed Truthers,89668,33116,122784,76238,0,13430,22815,10301,0
2026-05-27,11,All You Need Is LOVE,94538,43486,138024,75676,0,18862,32457,11029,0
2026-05-27,12,Omar Comin,88120,18839,106959,80897,0,7223,8538,10301,1
2026-05-28,1,208 Ferrari Way,88469,25428,113897,86242,0,2227,16016,9412,2
2026-05-28,2,The Federal Reserve,111041,49401,160442,111041,0,0,39989,9412,1
2026-05-28,3,Golden Hour,92650,31658,124308,88686,0,3964,22246,9412,1
2026-05-28,4,Lisan al-Caleb,84064,55107,139171,67559,0,16505,44055,11052,2
2026-05-28,5,Mommy Rainier,78929,24723,103652,64223,0,14706,13671,11052,0
2026-05-28,6,Mostly Washed,78363,34809,113172,74231,0,4132,24515,10294,1
2026-05-28,7,Cártel de Breece y Puka,88057,23561,111618,78919,0,9138,14149,9412,0
2026-05-28,8,Loading…,88579,32369,120948,79818,0,8761,21317,11052,0
2026-05-28,9,Gaeta Spur FC,81420,47826,129246,56401,0,25019,37532,10294,1
2026-05-28,10,Rashid Shaheed Truthers,89689,33077,122766,76249,0,13440,22783,10294,0
2026-05-28,11,All You Need Is LOVE,94590,43489,138079,75672,0,18918,32437,11052,0
2026-05-28,12,Omar Comin,86245,18828,105073,79021,0,7224,8534,10294,2
2026-05-29,1,208 Ferrari Way,88385,25482,113867,86155,0,2230,16051,9431,2
2026-05-29,2,The Federal Reserve,111016,49440,160456,111016,0,0,40009,9431,1
2026-05-29,3,Golden Hour,92676,31717,124393,88691,0,3985,22286,9431,1
2026-05-29,4,Lisan al-Caleb,84167,55102,139269,67637,0,16530,44064,11038,2
2026-05-29,5,Mommy Rainier,78931,24703,103634,64240,0,14691,13665,11038,0
2026-05-29,6,Mostly Washed,78349,34803,113152,74215,0,4134,24525,10278,1
2026-05-29,7,Cártel de Breece y Puka,87971,23609,111580,78836,0,9135,14178,9431,0
2026-05-29,8,Loading…,88574,32356,120930,79808,0,8766,21318,11038,0
2026-05-29,9,Gaeta Spur FC,81471,47859,129330,56453,0,25018,37581,10278,1
2026-05-29,10,Rashid Shaheed Truthers,89717,33065,122782,76273,0,13444,22787,10278,0
2026-05-29,11,All You Need Is LOVE,94633,43482,138115,75717,0,18916,32444,11038,0
2026-05-29,12,Omar Comin,86338,18810,105148,79105,0,7233,8532,10278,2
2026-05-30,1,208 Ferrari Way,88343,25474,113817,86080,0,2263,16054,9420,2
2026-05-30,2,The Federal Reserve,110999,49382,160381,110999,0,0,39962,9420,1
2026-05-30,3,Golden Hour,92747,31687,124434,88764,0,3983,22267,9420,1
2026-05-30,4,Lisan al-Caleb,84175,55099,139274,67652,0,16523,44069,11030,2
2026-05-30,5,Mommy Rainier,79148,24675,103823,64336,0,14812,13645,11030,0
2026-05-30,6,Mostly Washed,78406,34747,113153,74235,0,4171,24477,10270,1
2026-05-30,7,Cártel de Breece y Puka,87977,23607,111584,78800,0,9177,14187,9420,0
2026-05-30,8,Loading…,88591,32324,120915,79817,0,8774,21294,11030,0
2026-05-30,9,Gaeta Spur FC,81429,47766,129195,56380,0,25049,37496,10270,1
2026-05-30,10,Rashid Shaheed Truthers,89678,33000,122678,76219,0,13459,22730,10270,0
2026-05-30,11,All You Need Is LOVE,94554,43498,138052,75658,0,18896,32468,11030,0
2026-05-30,12,Omar Comin,86475,18821,105296,79203,0,7272,8551,10270,2
2026-05-31,1,208 Ferrari Way,88336,25430,113766,86067,0,2269,16029,9401,2
2026-05-31,2,The Federal Reserve,110951,49354,160305,110951,0,0,39953,9401,1
2026-05-31,3,Golden Hour,92808,31635,124443,88810,0,3998,22234,9401,1
2026-05-31,4,Lisan al-Caleb,84264,55124,139388,67706,0,16558,44082,11042,2
2026-05-31,5,Mommy Rainier,79116,24702,103818,64288,0,14828,13660,11042,0
2026-05-31,6,Mostly Washed,78472,34791,113263,74286,0,4186,24501,10290,1
2026-05-31,7,Cártel de Breece y Puka,88047,23560,111607,78845,0,9202,14159,9401,0
2026-05-31,8,Loading…,88499,32346,120845,79725,0,8774,21304,11042,0
2026-05-31,9,Gaeta Spur FC,81470,47796,129266,56405,0,25065,37506,10290,1
2026-05-31,10,Rashid Shaheed Truthers,89630,33050,122680,76186,0,13444,22760,10290,0
2026-05-31,11,All You Need Is LOVE,94524,43507,138031,75657,0,18867,32465,11042,0
2026-05-31,12,Omar Comin,86533,18853,105386,79258,0,7275,8563,10290,2
2026-06-01,1,208 Ferrari Way,88309,25402,113711,86034,0,2275,16011,9391,2
2026-06-01,2,The Federal Reserve,110999,49338,160337,110999,0,0,39947,9391,1
2026-06-01,3,Golden Hour,92781,31607,124388,88759,0,4022,22216,9391,1
2026-06-01,4,Lisan al-Caleb,84364,55073,139437,67772,0,16592,44018,11055,2
2026-06-01,5,Mommy Rainier,79145,24730,103875,64237,0,14908,13675,11055,0
2026-06-01,6,Mostly Washed,78509,34804,113313,74318,0,4191,24505,10299,1
2026-06-01,7,Cártel de Breece y Puka,88014,23538,111552,78794,0,9220,14147,9391,0
2026-06-01,8,Loading…,88502,32348,120850,79739,0,8763,21293,11055,0
2026-06-01,9,Gaeta Spur FC,81513,47806,129319,56441,0,25072,37507,10299,1
2026-06-01,10,Rashid Shaheed Truthers,89605,33066,122671,76182,0,13423,22767,10299,0
2026-06-01,11,All You Need Is LOVE,94506,43514,138020,75669,0,18837,32459,11055,0
2026-06-01,12,Omar Comin,86553,18842,105395,79250,0,7303,8543,10299,2
2026-06-02,1,208 Ferrari Way,88321,25405,113726,86048,0,2273,16014,9391,2
2026-06-02,2,The Federal Reserve,109161,49337,158498,109161,0,0,39946,9391,1
2026-06-02,3,Golden Hour,92707,31575,124282,88665,0,4042,22184,9391,1
2026-06-02,4,Lisan al-Caleb,84366,55039,139405,67805,0,16561,43983,11056,2
2026-06-02,5,Mommy Rainier,79099,24738,103837,64137,0,14962,13682,11056,0
2026-06-02,6,Mostly Washed,78454,34837,113291,74260,0,4194,24515,10322,1
2026-06-02,7,Cártel de Breece y Puka,88193,23532,111725,78869,0,9324,14141,9391,0
2026-06-02,8,Loading…,88498,32324,120822,79736,0,8762,21268,11056,0
2026-06-02,9,Gaeta Spur FC,81481,47829,129310,56346,0,25135,37507,10322,1
2026-06-02,10,Rashid Shaheed Truthers,89665,33090,122755,76300,0,13365,22768,10322,0
2026-06-02,11,All You Need Is LOVE,94575,43540,138115,75695,0,18880,32484,11056,0
2026-06-02,12,Omar Comin,86551,18874,105425,79222,0,7329,8552,10322,2
2026-06-03,1,208 Ferrari Way,88160,25399,113559,85881,0,2279,16014,9385,2
2026-06-03,2,The Federal Reserve,108986,49303,158289,108986,0,0,39918,9385,1
2026-06-03,3,Golden Hour,92763,31548,124311,88718,0,4045,22163,9385,1
2026-06-03,4,Lisan al-Caleb,84503,55064,139567,67947,0,16556,43997,11067,2
2026-06-03,5,Mommy Rainier,79170,24757,103927,64156,0,15014,13690,11067,0
2026-06-03,6,Mostly Washed,78529,34816,113345,74323,0,4206,24490,10326,1
2026-06-03,7,Cártel de Breece y Puka,88222,23532,111754,78861,0,9361,14147,9385,0
2026-06-03,8,Loading…,88446,32316,120762,79646,0,8800,21249,11067,0
2026-06-03,9,Gaeta Spur FC,81579,47777,129356,56363,0,25216,37451,10326,1
2026-06-03,10,Rashid Shaheed Truthers,89707,33063,122770,76309,0,13398,22737,10326,0
2026-06-03,11,All You Need Is LOVE,94674,43573,138247,75773,0,18901,32506,11067,0
2026-06-03,12,Omar Comin,86526,18884,105410,79170,0,7356,8558,10326,2
2026-06-04,1,208 Ferrari Way,87974,25411,113385,85716,0,2258,16032,9379,2
2026-06-04,2,The Federal Reserve,109065,49244,158309,109065,0,0,39865,9379,1
2026-06-04,3,Golden Hour,92817,31571,124388,88736,0,4081,22192,9379,1
2026-06-04,4,Lisan al-Caleb,84592,55064,139656,67971,0,16621,43986,11078,2
2026-06-04,5,Mommy Rainier,79196,24792,103988,64145,0,15051,13714,11078,0
2026-06-04,6,Mostly Washed,78536,34811,113347,74328,0,4208,24491,10320,1
2026-06-04,7,Cártel de Breece y Puka,88389,23547,111936,78949,0,9440,14168,9379,0
2026-06-04,8,Loading…,88426,32330,120756,79606,0,8820,21252,11078,0
2026-06-04,9,Gaeta Spur FC,81480,47780,129260,56284,0,25196,37460,10320,1
2026-06-04,10,Rashid Shaheed Truthers,89749,33046,122795,76358,0,13391,22726,10320,0
2026-06-04,11,All You Need Is LOVE,94638,43568,138206,75771,0,18867,32490,11078,0
2026-06-04,12,Omar Comin,86612,18884,105496,79247,0,7365,8564,10320,2
2026-06-05,1,208 Ferrari Way,87942,25423,113365,85684,0,2258,16025,9398,2
2026-06-05,2,The Federal Reserve,109054,49245,158299,109054,0,0,39847,9398,1
2026-06-05,3,Golden Hour,91055,31593,122648,86940,0,4115,22195,9398,1
2026-06-05,4,Lisan al-Caleb,84657,55006,139663,67995,0,16662,43930,11076,2
2026-06-05,5,Mommy Rainier,79302,24779,104081,64213,0,15089,13703,11076,0
2026-06-05,6,Mostly Washed,78537,34770,113307,74320,0,4217,24460,10310,1
2026-06-05,7,Cártel de Breece y Puka,88414,23576,111990,78922,0,9492,14178,9398,0
2026-06-05,8,Loading…,88368,32327,120695,79524,0,8844,21251,11076,0
2026-06-05,9,Gaeta Spur FC,81512,47761,129273,56296,0,25216,37451,10310,1
2026-06-05,10,Rashid Shaheed Truthers,89697,33008,122705,76310,0,13387,22698,10310,0
2026-06-05,11,All You Need Is LOVE,94585,43576,138161,75739,0,18846,32500,11076,0
2026-06-05,12,Omar Comin,86588,18868,105456,79212,0,7376,8558,10310,2
2026-06-06,1,208 Ferrari Way,87926,25359,113285,85670,0,2256,15995,9364,2
2026-06-06,2,The Federal Reserve,109072,49168,158240,109072,0,0,39804,9364,1
2026-06-06,3,Golden Hour,91081,31547,122628,86960,0,4121,22183,9364,1
2026-06-06,4,Lisan al-Caleb,84710,54978,139688,68075,0,16635,43902,11076,2
2026-06-06,5,Mommy Rainier,79360,24783,104143,64174,0,15186,13707,11076,0
2026-06-06,6,Mostly Washed,78579,34754,113333,74368,0,4211,24450,10304,1
2026-06-06,7,Cártel de Breece y Puka,88421,23504,111925,78922,0,9499,14140,9364,0
2026-06-06,8,Loading…,88315,32338,120653,79460,0,8855,21262,11076,0
2026-06-06,9,Gaeta Spur FC,81494,47728,129222,56220,0,25274,37424,10304,1
2026-06-06,10,Rashid Shaheed Truthers,89683,33001,122684,76302,0,13381,22697,10304,0
2026-06-06,11,All You Need Is LOVE,94469,43526,137995,75707,0,18762,32450,11076,0
2026-06-06,12,Omar Comin,86717,18858,105575,79323,0,7394,8554,10304,2
2026-06-07,1,208 Ferrari Way,87933,25347,113280,85674,0,2259,15987,9360,2
2026-06-07,2,The Federal Reserve,109116,49181,158297,109116,0,0,39821,9360,1
2026-06-07,3,Golden Hour,91079,31537,122616,86940,0,4139,22177,9360,1
2026-06-07,4,Lisan al-Caleb,84743,54963,139706,68089,0,16654,43898,11065,2
2026-06-07,5,Mommy Rainier,79379,24750,104129,64155,0,15224,13685,11065,0
2026-06-07,6,Mostly Washed,78605,34780,113385,74379,0,4226,24467,10313,1
2026-06-07,7,Cártel de Breece y Puka,88444,23486,111930,78933,0,9511,14126,9360,0
2026-06-07,8,Loading…,88394,32319,120713,79538,0,8856,21254,11065,0
2026-06-07,9,Gaeta Spur FC,81473,47745,129218,56178,0,25295,37432,10313,1
2026-06-07,10,Rashid Shaheed Truthers,89621,33033,122654,76228,0,13393,22720,10313,0
2026-06-07,11,All You Need Is LOVE,94414,43493,137907,75666,0,18748,32428,11065,0
2026-06-07,12,Omar Comin,86751,18878,105629,79345,0,7406,8565,10313,2
2026-06-08,1,208 Ferrari Way,87991,25320,113311,85720,0,2271,15973,9347,2
2026-06-08,2,The Federal Reserve,109158,49125,158283,109158,0,0,39778,9347,1
2026-06-08,3,Golden Hour,91023,31518,122541,86889,0,4134,22171,9347,1
2026-06-08,4,Lisan al-Caleb,84773,54928,139701,68092,0,16681,43879,11049,2
2026-06-08,5,Mommy Rainier,79475,24717,104192,64221,0,15254,13668,11049,0
2026-06-08,6,Mostly Washed,78613,34745,113358,74358,0,4255,24449,10296,1
2026-06-08,7,Cártel de Breece y Puka,88465,23456,111921,78942,0,9523,14109,9347,0
2026-06-08,8,Loading…,88365,32270,120635,79491,0,8874,21221,11049,0
2026-06-08,9,Gaeta Spur FC,81433,47719,129152,56144,0,25289,37423,10296,1
2026-06-08,10,Rashid Shaheed Truthers,89618,32995,122613,76217,0,13401,22699,10296,0
2026-06-08,11,All You Need Is LOVE,94324,43466,137790,75574,0,18750,32417,11049,0
2026-06-08,12,Omar Comin,86800,18877,105677,79418,0,7382,8581,10296,2
2026-06-09,1,208 Ferrari Way,87887,25297,113184,85618,0,2269,15959,9338,2
2026-06-09,2,The Federal Reserve,109150,49157,158307,109150,0,0,39819,9338,1
2026-06-09,3,Golden Hour,91029,31522,122551,86856,0,4173,22184,9338,1
2026-06-09,4,Lisan al-Caleb,84831,54938,139769,68100,0,16731,43908,11030,2
2026-06-09,5,Mommy Rainier,79554,24664,104218,64299,0,15255,13634,11030,0
2026-06-09,6,Mostly Washed,78646,34790,113436,74383,0,4263,24488,10302,1
2026-06-09,7,Cártel de Breece y Puka,88628,23468,112096,79050,0,9578,14130,9338,0
2026-06-09,8,Loading…,88308,32259,120567,79430,0,8878,21229,11030,0
2026-06-09,9,Gaeta Spur FC,81410,47792,129202,56100,0,25310,37490,10302,1
2026-06-09,10,Rashid Shaheed Truthers,89625,33028,122653,76203,0,13422,22726,10302,0
2026-06-09,11,All You Need Is LOVE,94265,43478,137743,75486,0,18779,32448,11030,0
2026-06-09,12,Omar Comin,86797,18875,105672,79419,0,7378,8573,10302,2
2026-06-10,1,208 Ferrari Way,87902,25297,113199,85636,0,2266,15948,9349,2
2026-06-10,2,The Federal Reserve,109261,49161,158422,109261,0,0,39812,9349,1
2026-06-10,3,Golden Hour,90993,31497,122490,86814,0,4179,22148,9349,1
2026-06-10,4,Lisan al-Caleb,84770,55014,139784,68018,0,16752,43942,11072,2
2026-06-10,5,Mommy Rainier,79637,24748,104385,64343,0,15294,13676,11072,0
2026-06-10,6,Mostly Washed,78716,34803,113519,74432,0,4284,24485,10318,1
2026-06-10,7,Cártel de Breece y Puka,88651,23460,112111,79036,0,9615,14111,9349,0
2026-06-10,8,Loading…,88250,32322,120572,79391,0,8859,21250,11072,0
2026-06-10,9,Gaeta Spur FC,81426,47771,129197,56116,0,25310,37453,10318,1
2026-06-10,10,Rashid Shaheed Truthers,89641,33047,122688,76185,0,13456,22729,10318,0
2026-06-10,11,All You Need Is LOVE,94201,43542,137743,75473,0,18728,32470,11072,0
2026-06-10,12,Omar Comin,86789,18906,105695,79399,0,7390,8588,10318,2
2026-06-11,1,208 Ferrari Way,87907,25342,113249,85626,0,2281,15966,9376,2
2026-06-11,2,The Federal Reserve,109237,49256,158493,109237,0,0,39880,9376,1
2026-06-11,3,Golden Hour,91076,31603,122679,86890,0,4186,22227,9376,1
2026-06-11,4,Lisan al-Caleb,84859,54972,139831,68059,0,16800,43910,11062,2
2026-06-11,5,Mommy Rainier,79700,24740,104440,64367,0,15333,13678,11062,0
2026-06-11,6,Mostly Washed,78817,34844,113661,74524,0,4293,24504,10340,1
2026-06-11,7,Cártel de Breece y Puka,88668,23526,112194,79022,0,9646,14150,9376,0
2026-06-11,8,Loading…,88201,32322,120523,79322,0,8879,21260,11062,0
2026-06-11,9,Gaeta Spur FC,81421,47818,129239,56108,0,25313,37478,10340,1
2026-06-11,10,Rashid Shaheed Truthers,89597,33076,122673,76106,0,13491,22736,10340,0
2026-06-11,11,All You Need Is LOVE,94235,43512,137747,75518,0,18717,32450,11062,0
2026-06-11,12,Omar Comin,86603,18921,105524,79208,0,7395,8581,10340,2
2026-06-12,1,208 Ferrari Way,87912,25372,113284,85637,0,2275,15984,9388,2
2026-06-12,2,The Federal Reserve,109221,49264,158485,109221,0,0,39876,9388,1
2026-06-12,3,Golden Hour,91025,31614,122639,86818,0,4207,22226,9388,1
2026-06-12,4,Lisan al-Caleb,84872,55059,139931,68035,0,16837,43978,11081,2
2026-06-12,5,Mommy Rainier,79743,24771,104514,64394,0,15349,13690,11081,0
2026-06-12,6,Mostly Washed,78769,34862,113631,74479,0,4290,24525,10337,1
2026-06-12,7,Cártel de Breece y Puka,88682,23566,112248,79000,0,9682,14178,9388,0
2026-06-12,8,Loading…,88191,32350,120541,79301,0,8890,21269,11081,0
2026-06-12,9,Gaeta Spur FC,81443,47861,129304,56119,0,25324,37524,10337,1
2026-06-12,10,Rashid Shaheed Truthers,89632,33084,122716,76085,0,13547,22747,10337,0
2026-06-12,11,All You Need Is LOVE,94177,43582,137759,75482,0,18695,32501,11081,0
2026-06-12,12,Omar Comin,86632,18923,105555,79210,0,7422,8586,10337,2
2026-06-13,1,208 Ferrari Way,87881,25422,113303,85609,0,2272,16010,9412,2
2026-06-13,2,The Federal Reserve,109285,49306,158591,109285,0,0,39894,9412,1
2026-06-13,3,Golden Hour,90968,31672,122640,86757,0,4211,22260,9412,1
2026-06-13,4,Lisan al-Caleb,84990,55069,140059,68134,0,16856,43971,11098,2
2026-06-13,5,Mommy Rainier,79720,24809,104529,64357,0,15363,13711,11098,0
2026-06-13,6,Mostly Washed,78859,34793,113652,74533,0,4326,24480,10313,1
2026-06-13,7,Cártel de Breece y Puka,88671,23613,112284,78978,0,9693,14201,9412,0
2026-06-13,8,Loading…,88145,32395,120540,79262,0,8883,21297,11098,0
2026-06-13,9,Gaeta Spur FC,81351,47767,129118,56098,0,25253,37454,10313,1
2026-06-13,10,Rashid Shaheed Truthers,89606,33021,122627,76065,0,13541,22708,10313,0
2026-06-13,11,All You Need Is LOVE,94220,43585,137805,75511,0,18709,32487,11098,0
2026-06-13,12,Omar Comin,86688,18872,105560,79257,0,7431,8559,10313,2
2026-06-14,1,208 Ferrari Way,87883,25383,113266,85595,0,2288,15990,9393,2
2026-06-14,2,The Federal Reserve,109305,49240,158545,109305,0,0,39847,9393,1
2026-06-14,3,Golden Hour,91011,31634,122645,86785,0,4226,22241,9393,1
2026-06-14,4,Lisan al-Caleb,85089,55051,140140,68198,0,16891,43957,11094,2
2026-06-14,5,Mommy Rainier,79738,24799,104537,64352,0,15386,13705,11094,0
2026-06-14,6,Mostly Washed,78905,34805,113710,74571,0,4334,24490,10315,1
2026-06-14,7,Cártel de Breece y Puka,88740,23576,112316,79042,0,9698,14183,9393,0
2026-06-14,8,Loading…,88113,32409,120522,79243,0,8870,21315,11094,0
2026-06-14,9,Gaeta Spur FC,81374,47803,129177,56140,0,25234,37488,10315,1
2026-06-14,10,Rashid Shaheed Truthers,89533,33030,122563,75983,0,13550,22715,10315,0
2026-06-14,11,All You Need Is LOVE,94096,43577,137673,75388,0,18708,32483,11094,0
2026-06-14,12,Omar Comin,86729,18881,105610,79282,0,7447,8566,10315,2
2026-06-15,1,208 Ferrari Way,87900,25413,113313,85615,0,2285,16009,9404,2
2026-06-15,2,The Federal Reserve,109338,49271,158609,109338,0,0,39867,9404,1
2026-06-15,3,Golden Hour,90996,31670,122666,86776,0,4220,22266,9404,1
2026-06-15,4,Lisan al-Caleb,85057,55025,140082,68165,0,16892,43945,11080,2
2026-06-15,5,Mommy Rainier,79734,24778,104512,64320,0,15414,13698,11080,0
2026-06-15,6,Mostly Washed,78873,34843,113716,74515,0,4358,24516,10327,1
2026-06-15,7,Cártel de Breece y Puka,88774,23601,112375,79049,0,9725,14197,9404,0
2026-06-15,8,Loading…,88215,32382,120597,79336,0,8879,21302,11080,0
2026-06-15,9,Gaeta Spur FC,81381,47857,129238,56141,0,25240,37530,10327,1
2026-06-15,10,Rashid Shaheed Truthers,89576,33062,122638,76017,0,13559,22735,10327,0
2026-06-15,11,All You Need Is LOVE,94057,43564,137621,75359,0,18698,32484,11080,0
2026-06-15,12,Omar Comin,86729,18918,105647,79293,0,7436,8591,10327,2
2026-06-16,1,208 Ferrari Way,87924,25460,113384,85633,0,2291,16030,9430,2
2026-06-16,2,The Federal Reserve,109433,49315,158748,109433,0,0,39885,9430,1
2026-06-16,3,Golden Hour,90959,31720,122679,86733,0,4226,22290,9430,1
2026-06-16,4,Lisan al-Caleb,84984,54976,139960,68083,0,16901,43906,11070,2
2026-06-16,5,Mommy Rainier,79815,24749,104564,64344,0,15471,13679,11070,0
2026-06-16,6,Mostly Washed,78863,34857,113720,74480,0,4383,24524,10333,1
2026-06-16,7,Cártel de Breece y Puka,88818,23652,112470,79053,0,9765,14222,9430,0
2026-06-16,8,Loading…,88293,32334,120627,79396,0,8897,21264,11070,0
2026-06-16,9,Gaeta Spur FC,81341,47839,129180,56133,0,25208,37506,10333,1
2026-06-16,10,Rashid Shaheed Truthers,89525,33081,122606,75985,0,13540,22748,10333,0
2026-06-16,11,All You Need Is LOVE,94070,43482,137552,75383,0,18687,32412,11070,0
2026-06-16,12,Omar Comin,86679,18915,105594,79242,0,7437,8582,10333,2
2026-06-17,1,208 Ferrari Way,87880,25440,113320,85586,0,2294,16026,9414,2
2026-06-17,2,The Federal Reserve,109412,49263,158675,109412,0,0,39849,9414,1
2026-06-17,3,Golden Hour,90908,31691,122599,86682,0,4226,22277,9414,1
2026-06-17,4,Lisan al-Caleb,85042,54944,139986,68080,0,16962,43873,11071,2
2026-06-17,5,Mommy Rainier,79857,24760,104617,64388,0,15469,13689,11071,0
2026-06-17,6,Mostly Washed,78776,34843,113619,74390,0,4386,24517,10326,1
2026-06-17,7,Cártel de Breece y Puka,88831,23631,112462,79045,0,9786,14217,9414,0
2026-06-17,8,Loading…,88310,32317,120627,79420,0,8890,21246,11071,0
2026-06-17,9,Gaeta Spur FC,81302,47831,129133,56051,0,25251,37505,10326,1
2026-06-17,10,Rashid Shaheed Truthers,89596,33068,122664,76049,0,13547,22742,10326,0
2026-06-17,11,All You Need Is LOVE,94154,43458,137612,75426,0,18728,32387,11071,0
2026-06-17,12,Omar Comin,86702,18882,105584,79234,0,7468,8556,10326,2
2026-06-18,1,208 Ferrari Way,87856,25436,113292,85573,0,2283,16026,9410,2
2026-06-18,2,The Federal Reserve,109367,49293,158660,109367,0,0,39883,9410,1
2026-06-18,3,Golden Hour,90899,31684,122583,86667,0,4232,22274,9410,1
2026-06-18,4,Lisan al-Caleb,85093,54948,140041,68106,0,16987,43873,11075,2
2026-06-18,5,Mommy Rainier,79913,24778,104691,64413,0,15500,13703,11075,0
2026-06-18,6,Mostly Washed,78871,34945,113816,74470,0,4401,24585,10360,1
2026-06-18,7,Cártel de Breece y Puka,88856,23630,112486,79017,0,9839,14220,9410,0
2026-06-18,8,Loading…,88268,32364,120632,79359,0,8909,21289,11075,0
2026-06-18,9,Gaeta Spur FC,81297,47951,129248,56079,0,25218,37591,10360,1
2026-06-18,10,Rashid Shaheed Truthers,89483,33163,122646,75929,0,13554,22803,10360,0
2026-06-18,11,All You Need Is LOVE,94151,43482,137633,75446,0,18705,32407,11075,0
2026-06-18,12,Omar Comin,86745,18930,105675,79264,0,7481,8570,10360,2
2026-06-19,1,208 Ferrari Way,87891,25386,113277,85593,0,2298,15994,9392,2
2026-06-19,2,The Federal Reserve,109385,49287,158672,109385,0,0,39895,9392,1
2026-06-19,3,Golden Hour,90954,31651,122605,86707,0,4247,22259,9392,1
2026-06-19,4,Lisan al-Caleb,85078,54983,140061,68104,0,16974,43899,11084,2
2026-06-19,5,Mommy Rainier,79901,24793,104694,64364,0,15537,13709,11084,0
2026-06-19,6,Mostly Washed,78918,34953,113871,74496,0,4422,24582,10371,1
2026-06-19,7,Cártel de Breece y Puka,88865,23568,112433,79016,0,9849,14176,9392,0
2026-06-19,8,Loading…,88289,32390,120679,79360,0,8929,21306,11084,0
2026-06-19,9,Gaeta Spur FC,81287,47983,129270,56059,0,25228,37612,10371,1
2026-06-19,10,Rashid Shaheed Truthers,89554,33189,122743,76013,0,13541,22818,10371,0
2026-06-19,11,All You Need Is LOVE,94008,43524,137532,75324,0,18684,32440,11084,0
2026-06-19,12,Omar Comin,86682,18953,105635,79211,0,7471,8582,10371,2
2026-06-20,1,208 Ferrari Way,87977,25420,113397,85661,0,2316,16013,9407,2
2026-06-20,2,The Federal Reserve,109354,49301,158655,109354,0,0,39894,9407,1
2026-06-20,3,Golden Hour,90936,31681,122617,86698,0,4238,22274,9407,1
2026-06-20,4,Lisan al-Caleb,85080,55059,140139,68087,0,16993,43930,11129,2
2026-06-20,5,Mommy Rainier,79934,24889,104823,64385,0,15549,13760,11129,0
2026-06-20,6,Mostly Washed,78964,34919,113883,74518,0,4446,24563,10356,1
2026-06-20,7,Cártel de Breece y Puka,88858,23601,112459,79000,0,9858,14194,9407,0
2026-06-20,8,Loading…,88327,32457,120784,79412,0,8915,21328,11129,0
2026-06-20,9,Gaeta Spur FC,81241,47933,129174,56040,0,25201,37577,10356,1
2026-06-20,10,Rashid Shaheed Truthers,89516,33155,122671,75956,0,13560,22799,10356,0
2026-06-20,11,All You Need Is LOVE,93986,43597,137583,75292,0,18694,32468,11129,0
2026-06-20,12,Omar Comin,86616,18928,105544,79158,0,7458,8572,10356,2
2026-06-21,1,208 Ferrari Way,87940,25428,113368,85624,0,2316,16011,9417,2
2026-06-21,2,The Federal Reserve,109404,49322,158726,109404,0,0,39905,9417,1
2026-06-21,3,Golden Hour,90984,31690,122674,86746,0,4238,22273,9417,1
2026-06-21,4,Lisan al-Caleb,85108,55048,140156,68119,0,16989,43916,11132,2
2026-06-21,5,Mommy Rainier,79910,24891,104801,64333,0,15577,13759,11132,0
2026-06-21,6,Mostly Washed,78939,34925,113864,74490,0,4449,24556,10369,1
2026-06-21,7,Cártel de Breece y Puka,88864,23609,112473,79011,0,9853,14192,9417,0
2026-06-21,8,Loading…,88377,32445,120822,79440,0,8937,21313,11132,0
2026-06-21,9,Gaeta Spur FC,81271,47925,129196,56053,0,25218,37556,10369,1
2026-06-21,10,Rashid Shaheed Truthers,89549,33167,122716,75991,0,13558,22798,10369,0
2026-06-21,11,All You Need Is LOVE,93966,43583,137549,75266,0,18700,32451,11132,0
2026-06-21,12,Omar Comin,86624,18935,105559,79181,0,7443,8566,10369,2
2026-06-22,1,208 Ferrari Way,87948,25401,113349,85629,0,2319,15987,9414,2
2026-06-22,2,The Federal Reserve,109450,49316,158766,109450,0,0,39902,9414,1
2026-06-22,3,Golden Hour,90962,31672,122634,86729,0,4233,22258,9414,1
2026-06-22,4,Lisan al-Caleb,85089,55048,140137,68089,0,17000,43905,11143,2
2026-06-22,5,Mommy Rainier,79935,24913,104848,64326,0,15609,13770,11143,0
2026-06-22,6,Mostly Washed,78913,34929,113842,74461,0,4452,24562,10367,1
2026-06-22,7,Cártel de Breece y Puka,88926,23597,112523,79074,0,9852,14183,9414,0
2026-06-22,8,Loading…,88348,32470,120818,79398,0,8950,21327,11143,0
2026-06-22,9,Gaeta Spur FC,81213,47941,129154,56025,0,25188,37574,10367,1
2026-06-22,10,Rashid Shaheed Truthers,89600,33168,122768,76030,0,13570,22801,10367,0
2026-06-22,11,All You Need Is LOVE,93938,43602,137540,75273,0,18665,32459,11143,0
2026-06-22,12,Omar Comin,86664,18915,105579,79223,0,7441,8548,10367,2
2026-06-23,1,208 Ferrari Way,87870,25447,113317,85545,0,2325,16011,9436,2
2026-06-23,2,The Federal Reserve,109396,49370,158766,109396,0,0,39934,9436,1
2026-06-23,3,Golden Hour,90955,31712,122667,86713,0,4242,22276,9436,1
2026-06-23,4,Lisan al-Caleb,85258,55064,140322,68226,0,17032,43927,11137,2
2026-06-23,5,Mommy Rainier,79948,24898,104846,64325,0,15623,13761,11137,0
2026-06-23,6,Mostly Washed,78972,34934,113906,74510,0,4462,24578,10356,1
2026-06-23,7,Cártel de Breece y Puka,88951,23655,112606,79107,0,9844,14219,9436,0
2026-06-23,8,Loading…,88356,32453,120809,79416,0,8940,21316,11137,0
2026-06-23,9,Gaeta Spur FC,81189,47943,129132,56011,0,25178,37587,10356,1
2026-06-23,10,Rashid Shaheed Truthers,89577,33167,122744,76011,0,13566,22811,10356,0
2026-06-23,11,All You Need Is LOVE,93926,43594,137520,75229,0,18697,32457,11137,0
2026-06-23,12,Omar Comin,86699,18895,105594,79246,0,7453,8539,10356,2
2026-06-24,1,208 Ferrari Way,87815,25419,113234,85484,0,2331,15996,9423,2
2026-06-24,2,The Federal Reserve,109344,49393,158737,109344,0,0,39970,9423,1
2026-06-24,3,Golden Hour,90924,31716,122640,86668,0,4256,22293,9423,1
2026-06-24,4,Lisan al-Caleb,85261,55110,140371,68225,0,17036,43969,11141,2
2026-06-24,5,Mommy Rainier,79968,24910,104878,64330,0,15638,13769,11141,0
2026-06-24,6,Mostly Washed,78963,34962,113925,74495,0,4468,24613,10349,1
2026-06-24,7,Cártel de Breece y Puka,89006,23630,112636,79152,0,9854,14207,9423,0
2026-06-24,8,Loading…,88309,32468,120777,79360,0,8949,21327,11141,0
2026-06-24,9,Gaeta Spur FC,81217,48015,129232,56003,0,25214,37666,10349,1
2026-06-24,10,Rashid Shaheed Truthers,89610,33198,122808,76021,0,13589,22849,10349,0
2026-06-24,11,All You Need Is LOVE,93950,43609,137559,75220,0,18730,32468,11141,0
2026-06-24,12,Omar Comin,86728,18866,105594,79286,0,7442,8517,10349,2
2026-06-25,1,208 Ferrari Way,87796,25396,113192,85475,0,2321,15984,9412,2
2026-06-25,2,The Federal Reserve,109344,49334,158678,109344,0,0,39922,9412,1
2026-06-25,3,Golden Hour,90985,31668,122653,86720,0,4265,22256,9412,1
2026-06-25,4,Lisan al-Caleb,85215,55128,140343,68190,0,17025,43982,11146,2
2026-06-25,5,Mommy Rainier,80058,24906,104964,64405,0,15653,13760,11146,0
2026-06-25,6,Mostly Washed,78931,34987,113918,74454,0,4477,24622,10365,1
2026-06-25,7,Cártel de Breece y Puka,89045,23607,112652,79164,0,9881,14195,9412,0
2026-06-25,8,Loading…,88295,32491,120786,79350,0,8945,21345,11146,0
2026-06-25,9,Gaeta Spur FC,81128,48054,129182,55935,0,25193,37689,10365,1
2026-06-25,10,Rashid Shaheed Truthers,89654,33232,122886,76053,0,13601,22867,10365,0
2026-06-25,11,All You Need Is LOVE,93947,43620,137567,75231,0,18716,32474,11146,0
2026-06-25,12,Omar Comin,86691,18897,105588,79250,0,7441,8532,10365,2
2026-06-26,1,208 Ferrari Way,87696,25390,113086,85354,0,2342,15987,9403,2
2026-06-26,2,The Federal Reserve,109348,49321,158669,109348,0,0,39918,9403,1
2026-06-26,3,Golden Hour,90974,31638,122612,86703,0,4271,22235,9403,1
2026-06-26,4,Lisan al-Caleb,85191,55134,140325,68167,0,17024,43993,11141,2
2026-06-26,5,Mommy Rainier,80064,24895,104959,64387,0,15677,13754,11141,0
2026-06-26,6,Mostly Washed,78957,34970,113927,74477,0,4480,24602,10368,1
2026-06-26,7,Cártel de Breece y Puka,89089,23589,112678,79172,0,9917,14186,9403,0
2026-06-26,8,Loading…,88370,32471,120841,79397,0,8973,21330,11141,0
2026-06-26,9,Gaeta Spur FC,81114,47998,129112,55895,0,25219,37630,10368,1
2026-06-26,10,Rashid Shaheed Truthers,89711,33221,122932,76082,0,13629,22853,10368,0
2026-06-26,11,All You Need Is LOVE,93980,43601,137581,75265,0,18715,32460,11141,0
2026-06-26,12,Omar Comin,86707,18900,105607,79278,0,7429,8532,10368,2
2026-06-27,1,208 Ferrari Way,87687,25397,113084,85336,0,2351,15989,9408,2
2026-06-27,2,The Federal Reserve,109362,49317,158679,109362,0,0,39909,9408,1
2026-06-27,3,Golden Hour,90984,31615,122599,86728,0,4256,22207,9408,1
2026-06-27,4,Lisan al-Caleb,85223,55119,140342,68188,0,17035,43982,11137,2
2026-06-27,5,Mommy Rainier,80059,24886,104945,64357,0,15702,13749,11137,0
2026-06-27,6,Mostly Washed,78980,34979,113959,74485,0,4495,24603,10376,1
2026-06-27,7,Cártel de Breece y Puka,89091,23590,112681,79166,0,9925,14182,9408,0
2026-06-27,8,Loading…,88323,32451,120774,79347,0,8976,21314,11137,0
2026-06-27,9,Gaeta Spur FC,81104,48008,129112,55870,0,25234,37632,10376,1
2026-06-27,10,Rashid Shaheed Truthers,89654,33233,122887,76060,0,13594,22857,10376,0
2026-06-27,11,All You Need Is LOVE,94010,43588,137598,75324,0,18686,32451,11137,0
2026-06-27,12,Omar Comin,86702,18897,105599,79266,0,7436,8521,10376,2
2026-06-28,1,208 Ferrari Way,87631,25353,112984,85277,0,2354,15956,9397,2
2026-06-28,2,The Federal Reserve,109306,49306,158612,109306,0,0,39909,9397,1
2026-06-28,3,Golden Hour,91004,31609,122613,86739,0,4265,22212,9397,1
2026-06-28,4,Lisan al-Caleb,85209,55153,140362,68197,0,17012,43993,11160,2
2026-06-28,5,Mommy Rainier,80187,24936,105123,64447,0,15740,13776,11160,0
2026-06-28,6,Mostly Washed,78986,34936,113922,74470,0,4516,24567,10369,1
2026-06-28,7,Cártel de Breece y Puka,89118,23559,112677,79178,0,9940,14162,9397,0
2026-06-28,8,Loading…,88381,32495,120876,79372,0,9009,21335,11160,0
2026-06-28,9,Gaeta Spur FC,81211,47956,129167,55944,0,25267,37587,10369,1
2026-06-28,10,Rashid Shaheed Truthers,89616,33192,122808,76037,0,13579,22823,10369,0
2026-06-28,11,All You Need Is LOVE,93944,43623,137567,75252,0,18692,32463,11160,0
2026-06-28,12,Omar Comin,86695,18866,105561,79250,0,7445,8497,10369,2
2026-06-29,1,208 Ferrari Way,87533,25343,112876,85185,0,2348,15947,9396,2
2026-06-29,2,The Federal Reserve,109361,49288,158649,109361,0,0,39892,9396,1
2026-06-29,3,Golden Hour,90993,31607,122600,86732,0,4261,22211,9396,1
2026-06-29,4,Lisan al-Caleb,85171,55118,140289,68172,0,16999,43970,11148,2
2026-06-29,5,Mommy Rainier,80181,24908,105089,64396,0,15785,13760,11148,0
2026-06-29,6,Mostly Washed,79000,34941,113941,74487,0,4513,24570,10371,1
2026-06-29,7,Cártel de Breece y Puka,89144,23561,112705,79184,0,9960,14165,9396,0
2026-06-29,8,Loading…,88410,32490,120900,79371,0,9039,21342,11148,0
2026-06-29,9,Gaeta Spur FC,81199,47978,129177,55932,0,25267,37607,10371,1
2026-06-29,10,Rashid Shaheed Truthers,89614,33194,122808,76030,0,13584,22823,10371,0
2026-06-29,11,All You Need Is LOVE,93990,43603,137593,75295,0,18695,32455,11148,0
2026-06-29,12,Omar Comin,86697,18869,105566,79249,0,7448,8498,10371,2
2026-06-30,1,208 Ferrari Way,87458,25360,112818,85110,0,2348,15960,9400,2
2026-06-30,2,The Federal Reserve,109436,49264,158700,109436,0,0,39864,9400,1
2026-06-30,3,Golden Hour,90989,31609,122598,86728,0,4261,22209,9400,1
2026-06-30,4,Lisan al-Caleb,85156,55133,140289,68125,0,17031,43978,11155,2
2026-06-30,5,Mommy Rainier,80201,24920,105121,64392,0,15809,13765,11155,0
2026-06-30,6,Mostly Washed,79098,34931,114029,74443,0,4655,24559,10372,1
2026-06-30,7,Cártel de Breece y Puka,89204,23566,112770,79238,0,9966,14166,9400,0
2026-06-30,8,Loading…,88427,32493,120920,79349,0,9078,21338,11155,0
2026-06-30,9,Gaeta Spur FC,81165,47968,129133,55897,0,25268,37596,10372,1
2026-06-30,10,Rashid Shaheed Truthers,89568,33196,122764,75988,0,13580,22824,10372,0
2026-06-30,11,All You Need Is LOVE,93992,43597,137589,75284,0,18708,32442,11155,0
2026-06-30,12,Omar Comin,86709,18879,105588,79255,0,7454,8507,10372,2
2026-07-01,1,208 Ferrari Way,87410,25403,112813,85065,0,2345,15979,9424,2
2026-07-01,2,The Federal Reserve,109451,49273,158724,109451,0,0,39849,9424,1
2026-07-01,3,Golden Hour,91022,31629,122651,86743,0,4279,22205,9424,1
2026-07-01,4,Lisan al-Caleb,85143,55086,140229,68120,0,17023,43943,11143,2
2026-07-01,5,Mommy Rainier,80220,24886,105106,64420,0,15800,13743,11143,0
2026-07-01,6,Mostly Washed,79062,34898,113960,74359,0,4703,24536,10362,1
2026-07-01,7,Cártel de Breece y Puka,89269,23612,112881,79269,0,10000,14188,9424,0
2026-07-01,8,Loading…,88423,32447,120870,79336,0,9087,21304,11143,0
2026-07-01,9,Gaeta Spur FC,81150,47908,129058,55871,0,25279,37546,10362,1
2026-07-01,10,Rashid Shaheed Truthers,89596,33163,122759,76029,0,13567,22801,10362,0
2026-07-01,11,All You Need Is LOVE,94034,43554,137588,75315,0,18719,32411,11143,0
2026-07-01,12,Omar Comin,86733,18869,105602,79278,0,7455,8507,10362,2
2026-07-02,1,208 Ferrari Way,87391,25401,112792,85034,0,2357,15977,9424,2
2026-07-02,2,The Federal Reserve,109486,49271,158757,109486,0,0,39847,9424,1
2026-07-02,3,Golden Hour,90955,31598,122553,86682,0,4273,22174,9424,1
2026-07-02,4,Lisan al-Caleb,85160,55118,140278,68167,0,16993,43960,11158,2
2026-07-02,5,Mommy Rainier,80254,24912,105166,64441,0,15813,13754,11158,0
2026-07-02,6,Mostly Washed,79065,34922,113987,74353,0,4712,24548,10374,1
2026-07-02,7,Cártel de Breece y Puka,89312,23608,112920,79279,0,10033,14184,9424,0
2026-07-02,8,Loading…,88391,32462,120853,79273,0,9118,21304,11158,0
2026-07-02,9,Gaeta Spur FC,81138,47903,129041,55857,0,25281,37529,10374,1
2026-07-02,10,Rashid Shaheed Truthers,89569,33189,122758,76028,0,13541,22815,10374,0
2026-07-02,11,All You Need Is LOVE,94053,43561,137614,75306,0,18747,32403,11158,0
2026-07-02,12,Omar Comin,86725,18875,105600,79282,0,7443,8501,10374,2
2026-07-03,1,208 Ferrari Way,87382,25365,112747,85025,0,2357,15954,9411,2
2026-07-03,2,The Federal Reserve,109539,49263,158802,109539,0,0,39852,9411,1
2026-07-03,3,Golden Hour,90919,31552,122471,86625,0,4294,22141,9411,1
2026-07-03,4,Lisan al-Caleb,85194,55133,140327,68184,0,17010,43966,11167,2
2026-07-03,5,Mommy Rainier,80224,24930,105154,64366,0,15858,13763,11167,0
2026-07-03,6,Mostly Washed,78999,34883,113882,74311,0,4688,24516,10367,1
2026-07-03,7,Cártel de Breece y Puka,89304,23569,112873,79279,0,10025,14158,9411,0
2026-07-03,8,Loading…,88383,32488,120871,79253,0,9130,21321,11167,0
2026-07-03,9,Gaeta Spur FC,81196,47841,129037,55899,0,25297,37474,10367,1
2026-07-03,10,Rashid Shaheed Truthers,89595,33153,122748,76035,0,13560,22786,10367,0
2026-07-03,11,All You Need Is LOVE,94046,43605,137651,75305,0,18741,32438,11167,0
2026-07-03,12,Omar Comin,86809,18862,105671,79356,0,7453,8495,10367,2
2026-07-04,1,208 Ferrari Way,87387,25381,112768,85033,0,2354,15961,9420,2
2026-07-04,2,The Federal Reserve,109489,49264,158753,109489,0,0,39844,9420,1
2026-07-04,3,Golden Hour,90940,31556,122496,86625,0,4315,22136,9420,1
2026-07-04,4,Lisan al-Caleb,85193,55180,140373,68177,0,17016,43995,11185,2
2026-07-04,5,Mommy Rainier,80211,24966,105177,64336,0,15875,13781,11185,0
2026-07-04,6,Mostly Washed,78977,34917,113894,74273,0,4704,24540,10377,1
2026-07-04,7,Cártel de Breece y Puka,89349,23582,112931,79282,0,10067,14162,9420,0
2026-07-04,8,Loading…,88403,32491,120894,79252,0,9151,21306,11185,0
2026-07-04,9,Gaeta Spur FC,81158,47869,129027,55887,0,25271,37492,10377,1
2026-07-04,10,Rashid Shaheed Truthers,89546,33181,122727,76008,0,13538,22804,10377,0
2026-07-04,11,All You Need Is LOVE,94093,43648,137741,75347,0,18746,32463,11185,0
2026-07-04,12,Omar Comin,86850,18909,105759,79379,0,7471,8532,10377,2
2026-07-05,1,208 Ferrari Way,87370,25397,112767,85019,0,2351,15972,9425,2
2026-07-05,2,The Federal Reserve,109507,49285,158792,109507,0,0,39860,9425,1
2026-07-05,3,Golden Hour,90913,31551,122464,86601,0,4312,22126,9425,1
2026-07-05,4,Lisan al-Caleb,85194,55185,140379,68173,0,17021,44005,11180,2
2026-07-05,5,Mommy Rainier,80237,24950,105187,64345,0,15892,13770,11180,0
2026-07-05,6,Mostly Washed,78938,34963,113901,74246,0,4692,24569,10394,1
2026-07-05,7,Cártel de Breece y Puka,89366,23587,112953,79323,0,10043,14162,9425,0
2026-07-05,8,Loading…,88456,32466,120922,79292,0,9164,21286,11180,0
2026-07-05,9,Gaeta Spur FC,81138,47899,129037,55906,0,25232,37505,10394,1
2026-07-05,10,Rashid Shaheed Truthers,89560,33232,122792,76000,0,13560,22838,10394,0
2026-07-05,11,All You Need Is LOVE,94094,43636,137730,75385,0,18709,32456,11180,0
2026-07-05,12,Omar Comin,86829,18953,105782,79370,0,7459,8559,10394,2
2026-07-06,1,208 Ferrari Way,87312,25390,112702,84967,0,2345,15970,9420,2
2026-07-06,2,The Federal Reserve,109422,49303,158725,109422,0,0,39883,9420,1
2026-07-06,3,Golden Hour,90964,31572,122536,86646,0,4318,22152,9420,1
2026-07-06,4,Lisan al-Caleb,85254,55218,140472,68210,0,17044,44019,11199,2
2026-07-06,5,Mommy Rainier,80304,24998,105302,64373,0,15931,13799,11199,0
2026-07-06,6,Mostly Washed,78915,35005,113920,74212,0,4703,24600,10405,1
2026-07-06,7,Cártel de Breece y Puka,89353,23586,112939,79282,0,10071,14166,9420,0
2026-07-06,8,Loading…,88447,32487,120934,79289,0,9158,21288,11199,0
2026-07-06,9,Gaeta Spur FC,81114,47959,129073,55869,0,25245,37554,10405,1
2026-07-06,10,Rashid Shaheed Truthers,89536,33268,122804,75980,0,13556,22863,10405,0
2026-07-06,11,All You Need Is LOVE,94120,43674,137794,75385,0,18735,32475,11199,0
2026-07-06,12,Omar Comin,86816,18964,105780,79354,0,7462,8559,10405,2
2026-07-07,1,208 Ferrari Way,87279,25396,112675,84934,0,2345,15979,9417,2
2026-07-07,2,The Federal Reserve,109374,49252,158626,109374,0,0,39835,9417,1
2026-07-07,3,Golden Hour,90963,31540,122503,86622,0,4341,22123,9417,1
2026-07-07,4,Lisan al-Caleb,85246,55208,140454,68199,0,17047,44004,11204,2
2026-07-07,5,Mommy Rainier,80309,25008,105317,64366,0,15943,13804,11204,0
2026-07-07,6,Mostly Washed,78949,34939,113888,74252,0,4697,24568,10371,1
2026-07-07,7,Cártel de Breece y Puka,89339,23586,112925,79212,0,10127,14169,9417,0
2026-07-07,8,Loading…,88429,32492,120921,79255,0,9174,21288,11204,0
2026-07-07,9,Gaeta Spur FC,81136,47886,129022,55871,0,25265,37515,10371,1
2026-07-07,10,Rashid Shaheed Truthers,89653,33202,122855,76065,0,13588,22831,10371,0
2026-07-07,11,All You Need Is LOVE,94060,43669,137729,75323,0,18737,32465,11204,0
2026-07-07,12,Omar Comin,86878,18902,105780,79391,0,7487,8531,10371,2
2026-07-08,1,208 Ferrari Way,87261,25337,112598,84913,0,2348,15947,9390,2
2026-07-08,2,The Federal Reserve,109432,49219,158651,109432,0,0,39829,9390,1
2026-07-08,3,Golden Hour,90859,31510,122369,86518,0,4341,22120,9390,1
2026-07-08,4,Lisan al-Caleb,85290,55227,140517,68221,0,17069,44029,11198,2
2026-07-08,5,Mommy Rainier,80264,25002,105266,64294,0,15970,13804,11198,0
2026-07-08,6,Mostly Washed,78966,34963,113929,74265,0,4701,24579,10384,1
2026-07-08,7,Cártel de Breece y Puka,89366,23530,112896,79215,0,10151,14140,9390,0
2026-07-08,8,Loading…,88465,32502,120967,79267,0,9198,21304,11198,0
2026-07-08,9,Gaeta Spur FC,81187,47914,129101,55931,0,25256,37530,10384,1
2026-07-08,10,Rashid Shaheed Truthers,89588,33226,122814,76031,0,13557,22842,10384,0
2026-07-08,11,All You Need Is LOVE,94015,43647,137662,75282,0,18733,32449,11198,0
2026-07-08,12,Omar Comin,86944,18915,105859,79438,0,7506,8531,10384,2
2026-07-09,1,208 Ferrari Way,87194,25325,112519,84855,0,2339,15937,9388,2
2026-07-09,2,The Federal Reserve,109427,49197,158624,109427,0,0,39809,9388,1
2026-07-09,3,Golden Hour,90962,31493,122455,86588,0,4374,22105,9388,1
2026-07-09,4,Lisan al-Caleb,85216,55247,140463,68128,0,17088,44047,11200,2
2026-07-09,5,Mommy Rainier,80281,25000,105281,64296,0,15985,13800,11200,0
2026-07-09,6,Mostly Washed,78942,34922,113864,74229,0,4713,24553,10369,1
2026-07-09,7,Cártel de Breece y Puka,89428,23526,112954,79274,0,10154,14138,9388,0
2026-07-09,8,Loading…,88428,32491,120919,79201,0,9227,21291,11200,0
2026-07-09,9,Gaeta Spur FC,81203,47855,129058,55902,0,25301,37486,10369,1
2026-07-09,10,Rashid Shaheed Truthers,89633,33185,122818,76064,0,13569,22816,10369,0
2026-07-09,11,All You Need Is LOVE,94037,43648,137685,75276,0,18761,32448,11200,0
2026-07-09,12,Omar Comin,86953,18895,105848,79450,0,7503,8526,10369,2
2026-07-10,1,208 Ferrari Way,87233,25324,112557,84894,0,2339,15934,9390,2
2026-07-10,2,The Federal Reserve,109422,49187,158609,109422,0,0,39797,9390,1
2026-07-10,3,Golden Hour,91065,31494,122559,86679,0,4386,22104,9390,1
2026-07-10,4,Lisan al-Caleb,85192,55339,140531,68118,0,17074,44115,11224,2
2026-07-10,5,Mommy Rainier,80296,25032,105328,64295,0,16001,13808,11224,0
2026-07-10,6,Mostly Washed,78936,34937,113873,74216,0,4720,24564,10373,1
2026-07-10,7,Cártel de Breece y Puka,89424,23546,112970,79273,0,10151,14156,9390,0
2026-07-10,8,Loading…,88379,32543,120922,79131,0,9248,21319,11224,0
2026-07-10,9,Gaeta Spur FC,81182,47876,129058,55878,0,25304,37503,10373,1
2026-07-10,10,Rashid Shaheed Truthers,89645,33200,122845,76053,0,13592,22827,10373,0
2026-07-10,11,All You Need Is LOVE,94013,43706,137719,75275,0,18738,32482,11224,0
2026-07-10,12,Omar Comin,86905,18908,105813,79398,0,7507,8535,10373,2
2026-07-11,1,208 Ferrari Way,87198,25277,112475,84844,0,2354,15907,9370,2
2026-07-11,2,The Federal Reserve,109368,49174,158542,109368,0,0,39804,9370,1
2026-07-11,3,Golden Hour,91187,31460,122647,86816,0,4371,22090,9370,1
2026-07-11,4,Lisan al-Caleb,85183,55379,140562,68093,0,17090,44159,11220,2
2026-07-11,5,Mommy Rainier,80346,25021,105367,64272,0,16074,13801,11220,0
2026-07-11,6,Mostly Washed,78999,34914,113913,74259,0,4740,24554,10360,1
2026-07-11,7,Cártel de Breece y Puka,89379,23517,112896,79222,0,10157,14147,9370,0
2026-07-11,8,Loading…,88416,32565,120981,79148,0,9268,21345,11220,0
2026-07-11,9,Gaeta Spur FC,81222,47859,129081,55957,0,25265,37499,10360,1
2026-07-11,10,Rashid Shaheed Truthers,89685,33171,122856,76056,0,13629,22811,10360,0
2026-07-11,11,All You Need Is LOVE,93902,43741,137643,75200,0,18702,32521,11220,0
2026-07-11,12,Omar Comin,86916,18882,105798,79414,0,7502,8522,10360,2
2026-07-12,1,208 Ferrari Way,87289,25363,112652,84949,0,2340,15948,9415,2
2026-07-12,2,The Federal Reserve,109329,49254,158583,109329,0,0,39839,9415,1
2026-07-12,3,Golden Hour,91187,31534,122721,86812,0,4375,22119,9415,1
2026-07-12,4,Lisan al-Caleb,85166,55336,140502,68038,0,17128,44106,11230,2
2026-07-12,5,Mommy Rainier,80288,25052,105340,64187,0,16101,13822,11230,0
2026-07-12,6,Mostly Washed,79057,34922,113979,74266,0,4791,24564,10358,1
2026-07-12,7,Cártel de Breece y Puka,89514,23578,113092,79273,0,10241,14163,9415,0
2026-07-12,8,Loading…,88345,32605,120950,79106,0,9239,21375,11230,0
2026-07-12,9,Gaeta Spur FC,81300,47887,129187,55990,0,25310,37529,10358,1
2026-07-12,10,Rashid Shaheed Truthers,89642,33192,122834,76047,0,13595,22834,10358,0
2026-07-12,11,All You Need Is LOVE,93887,43744,137631,75243,0,18644,32514,11230,0
2026-07-12,12,Omar Comin,86881,18889,105770,79400,0,7481,8531,10358,2
2026-07-13,1,208 Ferrari Way,87268,25375,112643,84940,0,2328,15943,9432,2
2026-07-13,2,The Federal Reserve,109380,49210,158590,109380,0,0,39778,9432,1
2026-07-13,3,Golden Hour,91173,31521,122694,86771,0,4402,22089,9432,1
2026-07-13,4,Lisan al-Caleb,85248,55225,140473,68069,0,17179,44015,11210,2
2026-07-13,5,Mommy Rainier,80321,24998,105319,64187,0,16134,13788,11210,0
2026-07-13,6,Mostly Washed,79179,34904,114083,74369,0,4810,24555,10349,1
2026-07-13,7,Cártel de Breece y Puka,89447,23641,113088,79185,0,10262,14209,9432,0
2026-07-13,8,Loading…,88385,32530,120915,79090,0,9295,21320,11210,0
2026-07-13,9,Gaeta Spur FC,81385,47889,129274,56053,0,25332,37540,10349,1
2026-07-13,10,Rashid Shaheed Truthers,89521,33150,122671,75948,0,13573,22801,10349,0
2026-07-13,11,All You Need Is LOVE,93897,43712,137609,75226,0,18671,32502,11210,0
2026-07-13,12,Omar Comin,86803,18841,105644,79266,0,7537,8492,10349,2
2026-07-14,1,208 Ferrari Way,87204,25418,112622,84867,0,2337,15958,9460,2
2026-07-14,2,The Federal Reserve,109336,49231,158567,109336,0,0,39771,9460,1
2026-07-14,3,Golden Hour,91139,31579,122718,86693,0,4446,22119,9460,1
2026-07-14,4,Lisan al-Caleb,85099,55363,140462,67919,0,17180,44106,11257,2
2026-07-14,5,Mommy Rainier,80252,25085,105337,64145,0,16107,13828,11257,0
2026-07-14,6,Mostly Washed,79284,34853,114137,74421,0,4863,24521,10332,1
2026-07-14,7,Cártel de Breece y Puka,89590,23688,113278,79268,0,10322,14228,9460,0
2026-07-14,8,Loading…,88361,32603,120964,79033,0,9328,21346,11257,0
2026-07-14,9,Gaeta Spur FC,81382,47858,129240,56018,0,25364,37526,10332,1
2026-07-14,10,Rashid Shaheed Truthers,89453,33117,122570,75888,0,13565,22785,10332,0
2026-07-14,11,All You Need Is LOVE,94078,43785,137863,75407,0,18671,32528,11257,0
2026-07-14,12,Omar Comin,86884,18812,105696,79349,0,7535,8480,10332,2
2026-07-15,1,208 Ferrari Way,87388,25361,112749,85047,0,2341,15925,9436,2
2026-07-15,2,The Federal Reserve,109537,49179,158716,109537,0,0,39743,9436,1
2026-07-15,3,Golden Hour,91128,31504,122632,86687,0,4441,22068,9436,1
2026-07-15,4,Lisan al-Caleb,85093,55408,140501,67933,0,17160,44128,11280,2
2026-07-15,5,Mommy Rainier,80181,25145,105326,64021,0,16160,13865,11280,0
2026-07-15,6,Mostly Washed,79194,34902,114096,74358,0,4836,24579,10323,1
2026-07-15,7,Cártel de Breece y Puka,89622,23662,113284,79250,0,10372,14226,9436,0
2026-07-15,8,Loading…,88365,32580,120945,79032,0,9333,21300,11280,0
2026-07-15,9,Gaeta Spur FC,81421,47885,129306,56058,0,25363,37562,10323,1
2026-07-15,10,Rashid Shaheed Truthers,89384,33139,122523,75797,0,13587,22816,10323,0
2026-07-15,11,All You Need Is LOVE,94057,43807,137864,75452,0,18605,32527,11280,0
2026-07-15,12,Omar Comin,86867,18784,105651,79345,0,7522,8461,10323,2
2026-07-16,1,208 Ferrari Way,87334,25354,112688,84998,0,2336,15913,9441,2
2026-07-16,2,The Federal Reserve,109414,49189,158603,109414,0,0,39748,9441,1
2026-07-16,3,Golden Hour,91082,31484,122566,86606,0,4476,22043,9441,1
2026-07-16,4,Lisan al-Caleb,85164,55398,140562,67959,0,17205,44116,11282,2
2026-07-16,5,Mommy Rainier,80050,25150,105200,63813,0,16237,13868,11282,0
2026-07-16,6,Mostly Washed,79346,34914,114260,74468,0,4878,24587,10327,1
2026-07-16,7,Cártel de Breece y Puka,89715,23673,113388,79307,0,10408,14232,9441,0
2026-07-16,8,Loading…,88371,32576,120947,79029,0,9342,21294,11282,0
2026-07-16,9,Gaeta Spur FC,81366,47901,129267,55950,0,25416,37574,10327,1
2026-07-16,10,Rashid Shaheed Truthers,89566,33144,122710,75953,0,13613,22817,10327,0
2026-07-16,11,All You Need Is LOVE,93847,43817,137664,75334,0,18513,32535,11282,0
2026-07-16,12,Omar Comin,86952,18760,105712,79463,0,7489,8433,10327,2
2026-07-17,1,208 Ferrari Way,87417,25335,112752,85072,0,2345,15911,9424,2
2026-07-17,2,The Federal Reserve,109321,49173,158494,109321,0,0,39749,9424,1
2026-07-17,3,Golden Hour,90970,31476,122446,86458,0,4512,22052,9424,1
2026-07-17,4,Lisan al-Caleb,85073,55423,140496,67925,0,17148,44150,11273,2
2026-07-17,5,Mommy Rainier,80136,25135,105271,63888,0,16248,13862,11273,0
2026-07-17,6,Mostly Washed,79275,34915,114190,74389,0,4886,24580,10335,1
2026-07-17,7,Cártel de Breece y Puka,89825,23629,113454,79354,0,10471,14205,9424,0
2026-07-17,8,Loading…,88344,32599,120943,79051,0,9293,21326,11273,0
2026-07-17,9,Gaeta Spur FC,81361,47887,129248,55986,0,25375,37552,10335,1
2026-07-17,10,Rashid Shaheed Truthers,89742,33157,122899,76096,0,13646,22822,10335,0
2026-07-17,11,All You Need Is LOVE,93715,43795,137510,75259,0,18456,32522,11273,0
2026-07-17,12,Omar Comin,86945,18800,105745,79439,0,7506,8465,10335,2
2026-07-18,1,208 Ferrari Way,87441,25365,112806,85095,0,2346,15930,9435,2
2026-07-18,2,The Federal Reserve,109381,49189,158570,109381,0,0,39754,9435,1
2026-07-18,3,Golden Hour,91038,31514,122552,86462,0,4576,22079,9435,1
2026-07-18,4,Lisan al-Caleb,85042,55443,140485,67908,0,17134,44169,11274,2
2026-07-18,5,Mommy Rainier,80292,25138,105430,63944,0,16348,13864,11274,0
2026-07-18,6,Mostly Washed,79319,34851,114170,74377,0,4942,24514,10337,1
2026-07-18,7,Cártel de Breece y Puka,89732,23632,113364,79238,0,10494,14197,9435,0
2026-07-18,8,Loading…,88369,32604,120973,79109,0,9260,21330,11274,0
2026-07-18,9,Gaeta Spur FC,81316,47812,129128,55981,0,25335,37475,10337,1
2026-07-18,10,Rashid Shaheed Truthers,89684,33108,122792,76037,0,13647,22771,10337,0
2026-07-18,11,All You Need Is LOVE,93570,43803,137373,75101,0,18469,32529,11274,0
2026-07-18,12,Omar Comin,86901,18809,105710,79450,0,7451,8472,10337,2
2026-07-19,1,208 Ferrari Way,87397,25385,112782,85042,0,2355,15956,9429,2
2026-07-19,2,The Federal Reserve,109216,49133,158349,109216,0,0,39704,9429,1
2026-07-19,3,Golden Hour,91082,31497,122579,86500,0,4582,22068,9429,1
2026-07-19,4,Lisan al-Caleb,85023,55389,140412,67879,0,17144,44104,11285,2
2026-07-19,5,Mommy Rainier,80156,25178,105334,63872,0,16284,13893,11285,0
2026-07-19,6,Mostly Washed,79246,34802,114048,74316,0,4930,24485,10317,1
2026-07-19,7,Cártel de Breece y Puka,89882,23629,113511,79338,0,10544,14200,9429,0
2026-07-19,8,Loading…,88422,32587,121009,79151,0,9271,21302,11285,0
2026-07-19,9,Gaeta Spur FC,81275,47712,128987,55959,0,25316,37395,10317,1
2026-07-19,10,Rashid Shaheed Truthers,89791,33058,122849,76102,0,13689,22741,10317,0
2026-07-19,11,All You Need Is LOVE,93486,43763,137249,75013,0,18473,32478,11285,0
2026-07-19,12,Omar Comin,87050,18779,105829,79604,0,7446,8462,10317,2
2026-07-20,1,208 Ferrari Way,87351,25369,112720,84983,0,2368,15964,9405,2
2026-07-20,2,The Federal Reserve,109412,49170,158582,109412,0,0,39765,9405,1
2026-07-20,3,Golden Hour,91003,31478,122481,86421,0,4582,22073,9405,1
2026-07-20,4,Lisan al-Caleb,85005,55589,140594,67803,0,17202,44292,11297,2
2026-07-20,5,Mommy Rainier,80124,25208,105332,63890,0,16234,13911,11297,0
2026-07-20,6,Mostly Washed,79204,34823,114027,74271,0,4933,24486,10337,1
2026-07-20,7,Cártel de Breece y Puka,89964,23583,113547,79447,0,10517,14178,9405,0
2026-07-20,8,Loading…,88273,32650,120923,79028,0,9245,21353,11297,0
2026-07-20,9,Gaeta Spur FC,81287,47758,129045,55960,0,25327,37421,10337,1
2026-07-20,10,Rashid Shaheed Truthers,89806,33082,122888,76089,0,13717,22745,10337,0
2026-07-20,11,All You Need Is LOVE,93347,43902,137249,74877,0,18470,32605,11297,0
2026-07-20,12,Omar Comin,87103,18832,105935,79620,0,7483,8495,10337,2
2026-07-21,1,208 Ferrari Way,87391,25363,112754,85037,0,2354,15966,9397,2
2026-07-21,2,The Federal Reserve,109216,49163,158379,109216,0,0,39766,9397,1
2026-07-21,3,Golden Hour,90843,31504,122347,86232,0,4611,22107,9397,1
2026-07-21,4,Lisan al-Caleb,85181,55551,140732,67980,0,17201,44253,11298,2
2026-07-21,5,Mommy Rainier,80072,25216,105288,63784,0,16288,13918,11298,0
2026-07-21,6,Mostly Washed,79303,34837,114140,74333,0,4970,24490,10347,1
2026-07-21,7,Cártel de Breece y Puka,89961,23582,113543,79406,0,10555,14185,9397,0
2026-07-21,8,Loading…,88284,32664,120948,79028,0,9256,21366,11298,0
2026-07-21,9,Gaeta Spur FC,81396,47802,129198,56026,0,25370,37455,10347,1
2026-07-21,10,Rashid Shaheed Truthers,89894,33078,122972,76209,0,13685,22731,10347,0
2026-07-21,11,All You Need Is LOVE,93161,43937,137098,74775,0,18386,32639,11298,0
2026-07-21,12,Omar Comin,87095,18847,105942,79577,0,7518,8500,10347,2
2026-07-22,1,208 Ferrari Way,87370,25302,112672,85018,0,2352,15935,9367,2
2026-07-22,2,The Federal Reserve,109283,49077,158360,109283,0,0,39710,9367,1
2026-07-22,3,Golden Hour,90889,31445,122334,86256,0,4633,22078,9367,1
2026-07-22,4,Lisan al-Caleb,84945,55469,140414,67827,0,17118,44195,11274,2
2026-07-22,5,Mommy Rainier,79927,25164,105091,63654,0,16273,13890,11274,0
2026-07-22,6,Mostly Washed,79228,34808,114036,74246,0,4982,24487,10321,1
2026-07-22,7,Cártel de Breece y Puka,90180,23529,113709,79534,0,10646,14162,9367,0
2026-07-22,8,Loading…,88757,32597,121354,79505,0,9252,21323,11274,0
2026-07-22,9,Gaeta Spur FC,81346,47775,129121,56022,0,25324,37454,10321,1
2026-07-22,10,Rashid Shaheed Truthers,89832,33051,122883,76207,0,13625,22730,10321,0
2026-07-22,11,All You Need Is LOVE,93267,43871,137138,74892,0,18375,32597,11274,0
2026-07-22,12,Omar Comin,87045,18820,105865,79498,0,7547,8499,10321,2
2026-07-23,1,208 Ferrari Way,87279,25365,112644,84937,0,2342,15955,9410,2
2026-07-23,2,The Federal Reserve,109242,49199,158441,109242,0,0,39789,9410,1
2026-07-23,3,Golden Hour,90951,31523,122474,86260,0,4691,22113,9410,1
2026-07-23,4,Lisan al-Caleb,84873,55433,140306,67722,0,17151,44186,11247,2
2026-07-23,5,Mommy Rainier,79884,25086,104970,63593,0,16291,13839,11247,0
2026-07-23,6,Mostly Washed,79381,34966,114347,74363,0,5018,24576,10390,1
2026-07-23,7,Cártel de Breece y Puka,90155,23647,113802,79507,0,10648,14237,9410,0
2026-07-23,8,Loading…,88957,32530,121487,79662,0,9295,21283,11247,0
2026-07-23,9,Gaeta Spur FC,81323,47902,129225,56047,0,25276,37512,10390,0
2026-07-23,10,Rashid Shaheed Truthers,89835,33197,123032,76167,0,13668,22807,10390,0
2026-07-23,11,All You Need Is LOVE,93022,43821,136843,74724,0,18298,32574,11247,0
2026-07-23,12,Omar Comin,86987,18931,105918,79427,0,7560,8541,10390,2
2026-07-24,1,208 Ferrari Way,87184,25337,112521,84839,0,2345,15954,9383,2
2026-07-24,2,The Federal Reserve,109147,49133,158280,109147,0,0,39750,9383,1
2026-07-24,3,Golden Hour,90953,31488,122441,86254,0,4699,22105,9383,1
2026-07-24,4,Lisan al-Caleb,84977,55436,140413,67780,0,17197,44181,11255,2
2026-07-24,5,Mommy Rainier,79506,25107,104613,63162,0,16344,13852,11255,0
2026-07-24,6,Mostly Washed,79552,35067,114619,74499,0,5053,24618,10449,1
2026-07-24,7,Cártel de Breece y Puka,90064,23600,113664,79412,0,10652,14217,9383,0
2026-07-24,8,Loading…,89020,32531,121551,79674,0,9346,21276,11255,0
2026-07-24,9,Gaeta Spur FC,81331,47979,129310,56057,0,25274,37530,10449,0
2026-07-24,10,Rashid Shaheed Truthers,89774,33301,123075,76144,0,13630,22852,10449,0
2026-07-24,11,All You Need Is LOVE,93043,43799,136842,74743,0,18300,32544,11255,0
2026-07-24,12,Omar Comin,86904,19042,105946,79365,0,7539,8593,10449,2
2026-07-25,1,208 Ferrari Way,87368,25244,112612,85012,0,2356,15912,9332,2
2026-07-25,2,The Federal Reserve,109207,49021,158228,109207,0,0,39689,9332,1
2026-07-25,3,Golden Hour,91003,31418,122421,86240,0,4763,22086,9332,1
2026-07-25,4,Lisan al-Caleb,84981,55467,140448,67709,0,17272,44189,11278,2
2026-07-25,5,Mommy Rainier,79614,25173,104787,63207,0,16407,13895,11278,0
2026-07-25,6,Mostly Washed,79418,35023,114441,74386,0,5032,24594,10429,1
2026-07-25,7,Cártel de Breece y Puka,89881,23504,113385,79244,0,10637,14172,9332,0
2026-07-25,8,Loading…,88945,32597,121542,79542,0,9403,21319,11278,0
2026-07-25,9,Gaeta Spur FC,81389,47916,129305,56106,0,25283,37487,10429,0
2026-07-25,10,Rashid Shaheed Truthers,89802,33253,123055,76202,0,13600,22824,10429,0
2026-07-25,11,All You Need Is LOVE,92987,43817,136804,74725,0,18262,32539,11278,0
2026-07-25,12,Omar Comin,86885,19015,105900,79324,0,7561,8586,10429,2
2026-07-26,1,208 Ferrari Way,87338,25292,112630,84987,0,2351,15943,9349,2
2026-07-26,2,The Federal Reserve,109239,49009,158248,109239,0,0,39660,9349,1
2026-07-26,3,Golden Hour,90922,31482,122404,86128,0,4794,22133,9349,1
2026-07-26,4,Lisan al-Caleb,85046,55552,140598,67702,0,17344,44222,11330,2
2026-07-26,5,Mommy Rainier,79482,25267,104749,63114,0,16368,13937,11330,0
2026-07-26,6,Mostly Washed,79269,34919,114188,74243,0,5026,24543,10376,1
2026-07-26,7,Cártel de Breece y Puka,89943,23585,113528,79292,0,10651,14236,9349,0
2026-07-26,8,Loading…,89018,32624,121642,79589,0,9429,21294,11330,0
2026-07-26,9,Gaeta Spur FC,81415,47777,129192,56194,0,25221,37401,10376,0
2026-07-26,10,Rashid Shaheed Truthers,89813,33143,122956,76183,0,13630,22767,10376,0
2026-07-26,11,All You Need Is LOVE,93018,43877,136895,74724,0,18294,32547,11330,0
2026-07-26,12,Omar Comin,87017,18921,105938,79403,0,7614,8545,10376,2
2026-07-27,1,208 Ferrari Way,87439,25203,112642,85093,0,2346,15904,9299,2
2026-07-27,2,The Federal Reserve,109155,48825,157980,109155,0,0,39526,9299,1
2026-07-27,3,Golden Hour,90796,31314,122110,85974,0,4822,22015,9299,2
2026-07-27,4,Lisan al-Caleb,85111,55514,140625,67734,0,17377,44204,11310,2
2026-07-27,5,Mommy Rainier,79472,25201,104673,63086,0,16386,13891,11310,0
2026-07-27,6,Mostly Washed,79197,34927,114124,74154,0,5043,24544,10383,1
2026-07-27,7,Cártel de Breece y Puka,89911,23476,113387,79240,0,10671,14177,9299,0
2026-07-27,8,Loading…,89037,32571,121608,79618,0,9419,21261,11310,0
2026-07-27,9,Gaeta Spur FC,81421,47806,129227,56204,0,25217,37423,10383,0
2026-07-27,10,Rashid Shaheed Truthers,89857,33168,123025,76213,0,13644,22785,10383,0
2026-07-27,11,All You Need Is LOVE,93060,43844,136904,74781,0,18279,32534,11310,0
2026-07-27,12,Omar Comin,87133,18955,106088,79481,0,7652,8572,10383,2
2026-07-28,1,208 Ferrari Way,87242,25276,112518,84932,0,2310,15938,9338,2
2026-07-28,2,The Federal Reserve,108821,48946,157767,108821,0,0,39608,9338,1
2026-07-28,3,Golden Hour,90805,31401,122206,85937,0,4868,22063,9338,2
2026-07-28,4,Lisan al-Caleb,85343,55412,140755,67868,0,17475,44131,11281,2
2026-07-28,5,Mommy Rainier,79316,25152,104468,62920,0,16396,13871,11281,0
2026-07-28,6,Mostly Washed,79214,34880,114094,74155,0,5059,24537,10343,1
2026-07-28,7,Cártel de Breece y Puka,90071,23563,113634,79409,0,10662,14225,9338,0
2026-07-28,8,Loading…,89139,32539,121678,79683,0,9456,21258,11281,0
2026-07-28,9,Gaeta Spur FC,81305,47759,129064,56093,0,25212,37416,10343,0
2026-07-28,10,Rashid Shaheed Truthers,89933,33097,123030,76305,0,13628,22754,10343,0
2026-07-28,11,All You Need Is LOVE,93062,43828,136890,74799,0,18263,32547,11281,0
2026-07-28,12,Omar Comin,87343,18891,106234,79712,0,7631,8548,10343,2
2026-07-29,1,208 Ferrari Way,87205,25295,112500,84924,0,2281,15959,9336,2
2026-07-29,2,The Federal Reserve,108786,48942,157728,108786,0,0,39606,9336,1
2026-07-29,3,Golden Hour,90817,31393,122210,85935,0,4882,22057,9336,2
2026-07-29,4,Lisan al-Caleb,85291,55396,140687,67783,0,17508,44126,11270,2
2026-07-29,5,Mommy Rainier,79352,25131,104483,62983,0,16369,13861,11270,0
2026-07-29,6,Mostly Washed,79292,34856,114148,74204,0,5088,24539,10317,1
2026-07-29,7,Cártel de Breece y Puka,90211,23579,113790,79524,0,10687,14243,9336,0
2026-07-29,8,Loading…,89019,32485,121504,79601,0,9418,21215,11270,0
2026-07-29,9,Gaeta Spur FC,81293,47734,129027,56061,0,25232,37417,10317,0
2026-07-29,10,Rashid Shaheed Truthers,89862,33072,122934,76210,0,13652,22755,10317,0
2026-07-29,11,All You Need Is LOVE,92920,43783,136703,74653,0,18267,32513,11270,0
2026-07-29,12,Omar Comin,87223,18818,106041,79688,0,7535,8501,10317,2
2026-07-30,1,208 Ferrari Way,84227,25134,109361,81946,0,2281,15849,9285,0
2026-07-30,2,The Federal Reserve,108776,48894,157670,108776,0,0,39609,9285,1
2026-07-30,3,Golden Hour,92523,31280,123803,87586,0,4937,21995,9285,1
2026-07-30,4,Lisan al-Caleb,85328,55379,140707,67824,0,17504,44104,11275,2
2026-07-30,5,Mommy Rainier,79336,25123,104459,63031,0,16305,13848,11275,0
2026-07-30,6,Mostly Washed,79407,34850,114257,74275,0,5132,24527,10323,1
2026-07-30,7,Cártel de Breece y Puka,90270,23447,113717,79568,0,10702,14162,9285,0
2026-07-30,8,Loading…,90182,32532,122714,80770,0,9412,21257,11275,0
2026-07-30,9,Gaeta Spur FC,81327,47714,129041,56122,0,25205,37391,10323,0
2026-07-30,10,Rashid Shaheed Truthers,89886,33066,122952,76258,0,13628,22743,10323,0
2026-07-30,11,All You Need Is LOVE,92892,43797,136689,74590,0,18302,32522,11275,0
2026-07-30,12,Omar Comin,87235,18792,106027,79737,0,7498,8469,10323,2
2026-07-31,1,208 Ferrari Way,87768,25056,112824,85486,0,2282,15807,9249,0
2026-07-31,2,The Federal Reserve,108815,48820,157635,108815,0,0,39571,9249,1
2026-07-31,3,Golden Hour,95108,29220,124328,90165,0,4943,19971,9249,0
2026-07-31,4,Lisan al-Caleb,82915,57416,140331,65348,0,17567,46109,11307,2
2026-07-31,5,Mommy Rainier,79272,25206,104478,62950,0,16322,13899,11307,0
2026-07-31,6,Mostly Washed,79468,34710,114178,74336,0,5132,24431,10279,1
2026-07-31,7,Cártel de Breece y Puka,88110,27996,116106,77398,0,10712,18747,9249,0
2026-07-31,8,Loading…,94918,27931,122849,85486,0,9432,16624,11307,0
2026-07-31,9,Gaeta Spur FC,81176,47556,128732,56062,0,25114,37277,10279,0
2026-07-31,10,Rashid Shaheed Truthers,89981,32961,122942,76309,0,13672,22682,10279,0
2026-07-31,11,All You Need Is LOVE,92856,43804,136660,74629,0,18227,32497,11307,0
2026-07-31,12,Omar Comin,88295,18688,106983,80822,0,7473,8409,10279,1
2026-08-01,1,208 Ferrari Way,87745,25039,112784,85478,0,2267,15782,9257,0
2026-08-01,2,The Federal Reserve,108747,48858,157605,108747,0,0,39601,9257,1
2026-08-01,3,Golden Hour,95092,29210,124302,90157,0,4935,19953,9257,0
2026-08-01,4,Lisan al-Caleb,82927,57406,140333,65372,0,17555,46102,11304,2
2026-08-01,5,Mommy Rainier,79188,25184,104372,62903,0,16285,13880,11304,0
2026-08-01,6,Mostly Washed,79484,34769,114253,74338,0,5146,24448,10321,1
2026-08-01,7,Cártel de Breece y Puka,88142,27978,116120,77393,0,10749,18721,9257,0
2026-08-01,8,Loading…,94953,27922,122875,85455,0,9498,16618,11304,0
2026-08-01,9,Gaeta Spur FC,81214,47622,128836,56142,0,25072,37301,10321,0
2026-08-01,10,Rashid Shaheed Truthers,89927,33026,122953,76356,0,13571,22705,10321,0
2026-08-01,11,All You Need Is LOVE,92702,43808,136510,74581,0,18121,32504,11304,0
2026-08-01,12,Omar Comin,88289,18738,107027,80785,0,7504,8417,10321,1
2026-08-02,1,208 Ferrari Way,87723,25178,112901,85416,0,2307,15848,9330,0
2026-08-02,2,The Federal Reserve,108123,49007,157130,108123,0,0,39677,9330,1
2026-08-02,3,Golden Hour,95028,29388,124416,90081,0,4947,20058,9330,0
2026-08-02,4,Lisan al-Caleb,82949,57443,140392,65269,0,17680,46106,11337,2
2026-08-02,5,Mommy Rainier,79157,25242,104399,62875,0,16282,13905,11337,0
2026-08-02,6,Mostly Washed,79504,34887,114391,74348,0,5156,24533,10354,1
2026-08-02,7,Cártel de Breece y Puka,90257,28125,118382,79437,0,10820,18795,9330,0
2026-08-02,8,Loading…,94825,28038,122863,85327,0,9498,16701,11337,0
2026-08-02,9,Gaeta Spur FC,81527,47799,129326,56431,0,25096,37445,10354,0
2026-08-02,10,Rashid Shaheed Truthers,89805,33142,122947,76239,0,13566,22788,10354,0
2026-08-02,11,All You Need Is LOVE,92590,43869,136459,74532,0,18058,32532,11337,0
2026-08-02,12,Omar Comin,88867,18822,107689,81310,0,7557,8468,10354,1
2026-08-03,1,208 Ferrari Way,87553,25190,112743,85253,0,2300,15848,9342,0
2026-08-03,2,The Federal Reserve,107680,49090,156770,107680,0,0,39748,9342,1
2026-08-03,3,Golden Hour,95239,29441,124680,90255,0,4984,20099,9342,0
2026-08-03,4,Lisan al-Caleb,83009,57443,140452,65330,0,17679,46119,11324,2
2026-08-03,5,Mommy Rainier,78953,25202,104155,62684,0,16269,13878,11324,0
2026-08-03,6,Mostly Washed,79469,34890,114359,74328,0,5141,24559,10331,1
2026-08-03,7,Cártel de Breece y Puka,90444,28142,118586,79591,0,10853,18800,9342,0
2026-08-03,8,Loading…,94734,27983,122717,85256,0,9478,16659,11324,0
2026-08-03,9,Gaeta Spur FC,81669,47828,129497,56642,0,25027,37497,10331,0
2026-08-03,10,Rashid Shaheed Truthers,89643,33144,122787,76196,0,13447,22813,10331,0
2026-08-03,11,All You Need Is LOVE,92636,43878,136514,74515,0,18121,32554,11324,0
2026-08-03,12,Omar Comin,89639,18789,108428,82073,0,7566,8458,10331,1
2026-08-04,1,208 Ferrari Way,87394,25240,112634,85127,0,2267,15877,9363,0
2026-08-04,2,The Federal Reserve,107824,48927,156751,107824,0,0,39564,9363,1
2026-08-04,3,Golden Hour,95094,29468,124562,90091,0,5003,20105,9363,0
2026-08-04,4,Lisan al-Caleb,82939,56956,139895,65214,0,17725,45777,11179,2
2026-08-04,5,Mommy Rainier,78856,24871,103727,62550,0,16306,13692,11179,0
2026-08-04,6,Mostly Washed,79689,34784,114473,74528,0,5161,24440,10344,1
2026-08-04,7,Cártel de Breece y Puka,90520,28141,118661,79659,0,10861,18778,9363,0
2026-08-04,8,Loading…,94666,27726,122392,85183,0,9483,16547,11179,0
2026-08-04,9,Gaeta Spur FC,81849,47610,129459,56729,0,25120,37266,10344,0
2026-08-04,10,Rashid Shaheed Truthers,89753,33045,122798,76224,0,13529,22701,10344,0
2026-08-04,11,All You Need Is LOVE,92525,43428,135953,74416,0,18109,32249,11179,0
2026-08-04,12,Omar Comin,89744,18828,108572,82141,0,7603,8484,10344,1
2026-08-05,1,208 Ferrari Way,87263,25242,112505,85023,0,2240,15869,9373,0
2026-08-05,2,The Federal Reserve,115422,41833,157255,115422,0,0,32460,9373,1
2026-08-05,3,Golden Hour,95054,29409,124463,90072,0,4982,20036,9373,0
2026-08-05,4,Lisan al-Caleb,83095,57133,140228,65279,0,17816,45899,11234,2
2026-08-05,5,Mommy Rainier,71365,32032,103397,54942,0,16423,20798,11234,0
2026-08-05,6,Mostly Washed,81011,37306,118317,73506,0,7505,26981,10325,0
2026-08-05,7,Cártel de Breece y Puka,91210,25589,116799,80250,0,10960,16216,9373,0
2026-08-05,8,Loading…,94737,27828,122565,85277,0,9460,16594,11234,0
2026-08-05,9,Gaeta Spur FC,81925,47538,129463,56833,0,25092,37213,10325,0
2026-08-05,10,Rashid Shaheed Truthers,89526,32992,122518,76005,0,13521,22667,10325,0
2026-08-05,11,All You Need Is LOVE,92245,43513,135758,74245,0,18000,32279,11234,0
2026-08-05,12,Omar Comin,87868,18801,106669,82565,0,5303,8476,10325,1
2026-08-06,1,208 Ferrari Way,87275,25321,112596,85034,0,2241,15931,9390,0
2026-08-06,2,The Federal Reserve,115916,41837,157753,115916,0,0,32447,9390,1
2026-08-06,3,Golden Hour,94960,29439,124399,89927,0,5033,20049,9390,0
2026-08-06,4,Lisan al-Caleb,82867,56984,139851,65104,0,17763,45822,11162,2
2026-08-06,5,Mommy Rainier,66498,37523,104021,49961,0,16537,26361,11162,0
2026-08-06,6,Mostly Washed,81029,37178,118207,73551,0,7478,26906,10272,0
2026-08-06,7,Cártel de Breece y Puka,91111,25636,116747,80178,0,10933,16246,9390,0
2026-08-06,8,Loading…,92392,27659,120051,82924,0,9468,16497,11162,0
2026-08-06,9,Gaeta Spur FC,81933,47401,129334,56780,0,25153,37129,10272,0
2026-08-06,10,Rashid Shaheed Truthers,93217,27308,120525,79712,0,13505,17036,10272,0
2026-08-06,11,All You Need Is LOVE,92276,43350,135626,74231,0,18045,32188,11162,0
2026-08-06,12,Omar Comin,89602,18748,108350,84289,0,5313,8476,10272,1
2026-08-07,1,208 Ferrari Way,87287,25400,112687,85069,0,2218,15948,9452,0
2026-08-07,2,The Federal Reserve,115934,41905,157839,115934,0,0,32453,9452,1
2026-08-07,3,Golden Hour,95048,29517,124565,89985,0,5063,20065,9452,0
2026-08-07,4,Lisan al-Caleb,83577,56861,140438,65813,0,17764,45681,11180,0
2026-08-07,5,Mommy Rainier,66488,37554,104042,49930,0,16558,26374,11180,0
2026-08-07,6,Mostly Washed,79826,37046,116872,72361,0,7465,26853,10193,0
2026-08-07,7,Cártel de Breece y Puka,91134,25672,116806,80092,0,11042,16220,9452,0
2026-08-07,8,Loading…,91493,27666,119159,81984,0,9509,16486,11180,0
2026-08-07,9,Gaeta Spur FC,81945,47240,129185,56619,0,25326,37047,10193,0
2026-08-07,10,Rashid Shaheed Truthers,93264,27179,120443,79817,0,13447,16986,10193,0
2026-08-07,11,All You Need Is LOVE,92251,43339,135590,74211,0,18040,32159,11180,0
2026-08-07,12,Omar Comin,89697,18641,108338,84383,0,5314,8448,10193,1
2026-08-08,1,208 Ferrari Way,87371,25368,112739,85123,0,2248,15927,9441,0
2026-08-08,2,The Federal Reserve,115960,41991,157951,115960,0,0,32550,9441,1
2026-08-08,3,Golden Hour,95050,29508,124558,89932,0,5118,20067,9441,0
2026-08-08,4,Lisan al-Caleb,83423,56827,140250,65742,0,17681,45704,11123,0
2026-08-08,5,Mommy Rainier,66357,37481,103838,49822,0,16535,26358,11123,0
2026-08-08,6,Mostly Washed,79550,39313,118863,72108,0,7442,29038,10275,0
2026-08-08,7,Cártel de Breece y Puka,91061,25631,116692,80037,0,11024,16190,9441,0
2026-08-08,8,Loading…,91754,27554,119308,82257,0,9497,16431,11123,0
2026-08-08,9,Gaeta Spur FC,82098,47417,129515,56682,0,25416,37142,10275,0
2026-08-08,10,Rashid Shaheed Truthers,93302,27345,120647,79908,0,13394,17070,10275,0
2026-08-08,11,All You Need Is LOVE,92224,43296,135520,74235,0,17989,32173,11123,0
2026-08-08,12,Omar Comin,90158,16645,106803,84777,0,5381,6370,10275,1
2026-08-09,1,208 Ferrari Way,87470,25318,112788,85230,0,2240,15903,9415,0
2026-08-09,2,The Federal Reserve,115793,41958,157751,115793,0,0,32543,9415,1
2026-08-09,3,Golden Hour,95052,29512,124564,89933,0,5119,20097,9415,0
2026-08-09,4,Lisan al-Caleb,83447,56771,140218,65758,0,17689,45668,11103,0
2026-08-09,5,Mommy Rainier,66290,37423,103713,49834,0,16456,26320,11103,0
2026-08-09,6,Mostly Washed,79736,39235,118971,72291,0,7445,28982,10253,0
2026-08-09,7,Cártel de Breece y Puka,91310,25572,116882,80186,0,11124,16157,9415,0
2026-08-09,8,Loading…,91937,27498,119435,82464,0,9473,16395,11103,0
2026-08-09,9,Gaeta Spur FC,82116,47356,129472,56674,0,25442,37103,10253,0
2026-08-09,10,Rashid Shaheed Truthers,93214,27311,120525,79792,0,13422,17058,10253,0
2026-08-09,11,All You Need Is LOVE,92022,43214,135236,74068,0,17954,32111,11103,0
2026-08-09,12,Omar Comin,90316,16580,106896,84898,0,5418,6327,10253,0
2026-08-10,1,208 Ferrari Way,87277,25274,112551,85072,0,2205,15888,9386,0
2026-08-10,2,The Federal Reserve,115719,41880,157599,115719,0,0,32494,9386,1
2026-08-10,3,Golden Hour,95145,29496,124641,89995,0,5150,20110,9386,0
2026-08-10,4,Lisan al-Caleb,83332,56877,140209,65623,0,17709,45730,11147,0
2026-08-10,5,Mommy Rainier,66393,37476,103869,49860,0,16533,26329,11147,0
2026-08-10,6,Mostly Washed,79731,39195,118926,72330,0,7401,28931,10264,0
2026-08-10,7,Cártel de Breece y Puka,91369,25511,116880,80201,0,11168,16125,9386,0
2026-08-10,8,Loading…,91768,27621,119389,82358,0,9410,16474,11147,0
2026-08-10,9,Gaeta Spur FC,82198,47287,129485,56651,0,25547,37023,10264,0
2026-08-10,10,Rashid Shaheed Truthers,93235,27302,120537,79818,0,13417,17038,10264,0
2026-08-10,11,All You Need Is LOVE,92003,43315,135318,74027,0,17976,32168,11147,0
2026-08-10,12,Omar Comin,90404,16582,106986,85001,0,5403,6318,10264,0
2026-08-11,1,208 Ferrari Way,87277,25344,112621,0,85072,2205,15916,9428,0
2026-08-11,2,The Federal Reserve,115719,41920,157639,0,115719,0,32492,9428,1
2026-08-11,3,Golden Hour,95145,29512,124657,0,89995,5150,20084,9428,0
2026-08-11,4,Lisan al-Caleb,83332,56987,140319,0,65623,17709,45812,11175,0
2026-08-11,5,Mommy Rainier,66393,37528,103921,0,49860,16533,26353,11175,0
2026-08-11,6,Mostly Washed,79731,39201,118932,0,72330,7401,28929,10272,0
2026-08-11,7,Cártel de Breece y Puka,91369,25607,116976,0,80201,11168,16179,9428,0
2026-08-11,8,Loading…,91768,27689,119457,0,82358,9410,16514,11175,0
2026-08-11,9,Gaeta Spur FC,82198,47301,129499,0,56651,25547,37029,10272,0
2026-08-11,10,Rashid Shaheed Truthers,93235,27322,120557,0,79818,13417,17050,10272,0
2026-08-11,11,All You Need Is LOVE,92003,43412,135415,0,74027,17976,32237,11175,0
2026-08-11,12,Omar Comin,90404,16573,106977,0,85001,5403,6301,10272,0
