date,roster_id,team,player_value,pick_value,total_value,pv_dp_actual,pv_forward_fill,pk_pick_tier,pk_dp_unavailable,n_players_no_dp
2024-08-14,1,208 Ferrari Way,0,0,0,0,0,0,0,22
2024-08-14,2,The Federal Reserve,0,0,0,0,0,0,0,22
2024-08-14,3,Golden Hour,0,0,0,0,0,0,0,22
2024-08-14,4,Lisan al-Caleb,0,0,0,0,0,0,0,21
2024-08-14,5,Mommy Rainier,0,0,0,0,0,0,0,18
2024-08-14,6,Mostly Washed,0,0,0,0,0,0,0,22
2024-08-14,7,Cártel de Breece y Puka,0,0,0,0,0,0,0,22
2024-08-14,8,Loading…,0,0,0,0,0,0,0,22
2024-08-14,9,Gaeta Spur FC,0,0,0,0,0,0,0,22
2024-08-14,10,Rashid Shaheed Truthers,0,0,0,0,0,0,0,22
2024-08-14,11,All You Need Is LOVE,0,0,0,0,0,0,0,22
2024-08-14,12,Omar Comin,0,0,0,0,0,0,0,22
2024-08-15,1,208 Ferrari Way,0,0,0,0,0,0,0,22
2024-08-15,2,The Federal Reserve,0,0,0,0,0,0,0,22
2024-08-15,3,Golden Hour,0,0,0,0,0,0,0,22
2024-08-15,4,Lisan al-Caleb,0,0,0,0,0,0,0,22
2024-08-15,5,Mommy Rainier,0,0,0,0,0,0,0,22
2024-08-15,6,Mostly Washed,0,0,0,0,0,0,0,22
2024-08-15,7,Cártel de Breece y Puka,0,0,0,0,0,0,0,22
2024-08-15,8,Loading…,0,0,0,0,0,0,0,22
2024-08-15,9,Gaeta Spur FC,0,0,0,0,0,0,0,22
2024-08-15,10,Rashid Shaheed Truthers,0,0,0,0,0,0,0,22
2024-08-15,11,All You Need Is LOVE,0,0,0,0,0,0,0,22
2024-08-15,12,Omar Comin,0,0,0,0,0,0,0,22
2024-08-16,1,208 Ferrari Way,30477,2821,33298,30477,0,2821,0,0
2024-08-16,2,The Federal Reserve,49094,1390,50484,49094,0,1390,0,0
2024-08-16,3,Golden Hour,37038,5859,42897,37038,0,5859,0,0
2024-08-16,4,Lisan al-Caleb,37146,2821,39967,37146,0,2821,0,1
2024-08-16,5,Mommy Rainier,34745,5859,40604,34745,0,5859,0,1
2024-08-16,6,Mostly Washed,33554,1390,34944,33554,0,1390,0,0
2024-08-16,7,Cártel de Breece y Puka,31424,2821,34245,31424,0,2821,0,0
2024-08-16,8,Loading…,42124,5859,47983,42124,0,5859,0,0
2024-08-16,9,Gaeta Spur FC,28708,1390,30098,28708,0,1390,0,1
2024-08-16,10,Rashid Shaheed Truthers,34909,1390,36299,34909,0,1390,0,1
2024-08-16,11,All You Need Is LOVE,39681,5859,45540,39681,0,5859,0,0
2024-08-16,12,Omar Comin,31596,2821,34417,31596,0,2821,0,0
2024-08-17,1,208 Ferrari Way,30477,2821,33298,0,30477,2821,0,0
2024-08-17,2,The Federal Reserve,49094,1390,50484,0,49094,1390,0,0
2024-08-17,3,Golden Hour,37038,5859,42897,0,37038,5859,0,0
2024-08-17,4,Lisan al-Caleb,37146,2821,39967,0,37146,2821,0,1
2024-08-17,5,Mommy Rainier,34745,5859,40604,0,34745,5859,0,1
2024-08-17,6,Mostly Washed,33554,1390,34944,0,33554,1390,0,0
2024-08-17,7,Cártel de Breece y Puka,31424,2821,34245,0,31424,2821,0,0
2024-08-17,8,Loading…,42124,5859,47983,0,42124,5859,0,0
2024-08-17,9,Gaeta Spur FC,28708,1390,30098,0,28708,1390,0,1
2024-08-17,10,Rashid Shaheed Truthers,34909,1390,36299,0,34909,1390,0,1
2024-08-17,11,All You Need Is LOVE,39681,5859,45540,0,39681,5859,0,0
2024-08-17,12,Omar Comin,31596,2821,34417,0,31596,2821,0,0
2024-08-18,1,208 Ferrari Way,30477,2821,33298,0,30477,2821,0,0
2024-08-18,2,The Federal Reserve,49094,1390,50484,0,49094,1390,0,0
2024-08-18,3,Golden Hour,37038,5859,42897,0,37038,5859,0,0
2024-08-18,4,Lisan al-Caleb,37146,2821,39967,0,37146,2821,0,1
2024-08-18,5,Mommy Rainier,34745,5859,40604,0,34745,5859,0,1
2024-08-18,6,Mostly Washed,33554,1390,34944,0,33554,1390,0,0
2024-08-18,7,Cártel de Breece y Puka,31424,2821,34245,0,31424,2821,0,0
2024-08-18,8,Loading…,42124,5859,47983,0,42124,5859,0,0
2024-08-18,9,Gaeta Spur FC,28708,1390,30098,0,28708,1390,0,1
2024-08-18,10,Rashid Shaheed Truthers,34909,1390,36299,0,34909,1390,0,1
2024-08-18,11,All You Need Is LOVE,39681,5859,45540,0,39681,5859,0,0
2024-08-18,12,Omar Comin,31596,2821,34417,0,31596,2821,0,0
2024-08-19,1,208 Ferrari Way,30477,2821,33298,0,30477,2821,0,0
2024-08-19,2,The Federal Reserve,49094,1390,50484,0,49094,1390,0,0
2024-08-19,3,Golden Hour,37038,5859,42897,0,37038,5859,0,0
2024-08-19,4,Lisan al-Caleb,37146,2821,39967,0,37146,2821,0,1
2024-08-19,5,Mommy Rainier,34745,5859,40604,0,34745,5859,0,1
2024-08-19,6,Mostly Washed,33554,1390,34944,0,33554,1390,0,0
2024-08-19,7,Cártel de Breece y Puka,31424,2821,34245,0,31424,2821,0,0
2024-08-19,8,Loading…,42124,5859,47983,0,42124,5859,0,0
2024-08-19,9,Gaeta Spur FC,28708,1390,30098,0,28708,1390,0,1
2024-08-19,10,Rashid Shaheed Truthers,34909,1390,36299,0,34909,1390,0,1
2024-08-19,11,All You Need Is LOVE,39681,5859,45540,0,39681,5859,0,0
2024-08-19,12,Omar Comin,31596,2821,34417,0,31596,2821,0,0
2024-08-20,1,208 Ferrari Way,30477,2821,33298,0,30477,2821,0,0
2024-08-20,2,The Federal Reserve,49094,1390,50484,0,49094,1390,0,0
2024-08-20,3,Golden Hour,37038,5859,42897,0,37038,5859,0,0
2024-08-20,4,Lisan al-Caleb,37146,2821,39967,0,37146,2821,0,1
2024-08-20,5,Mommy Rainier,34745,5859,40604,0,34745,5859,0,1
2024-08-20,6,Mostly Washed,33554,1390,34944,0,33554,1390,0,0
2024-08-20,7,Cártel de Breece y Puka,31424,2821,34245,0,31424,2821,0,0
2024-08-20,8,Loading…,42124,5859,47983,0,42124,5859,0,0
2024-08-20,9,Gaeta Spur FC,28708,1390,30098,0,28708,1390,0,1
2024-08-20,10,Rashid Shaheed Truthers,34909,1390,36299,0,34909,1390,0,1
2024-08-20,11,All You Need Is LOVE,39681,5859,45540,0,39681,5859,0,0
2024-08-20,12,Omar Comin,31596,2821,34417,0,31596,2821,0,0
2024-08-21,1,208 Ferrari Way,30477,2821,33298,0,30477,2821,0,0
2024-08-21,2,The Federal Reserve,49094,1390,50484,0,49094,1390,0,0
2024-08-21,3,Golden Hour,37215,5859,43074,0,37215,5859,0,0
2024-08-21,4,Lisan al-Caleb,37152,2821,39973,0,37152,2821,0,1
2024-08-21,5,Mommy Rainier,34745,5859,40604,0,34745,5859,0,1
2024-08-21,6,Mostly Washed,33554,1390,34944,0,33554,1390,0,0
2024-08-21,7,Cártel de Breece y Puka,31424,2821,34245,0,31424,2821,0,0
2024-08-21,8,Loading…,42124,5859,47983,0,42124,5859,0,0
2024-08-21,9,Gaeta Spur FC,28708,1390,30098,0,28708,1390,0,1
2024-08-21,10,Rashid Shaheed Truthers,34927,1390,36317,0,34927,1390,0,1
2024-08-21,11,All You Need Is LOVE,39681,5859,45540,0,39681,5859,0,0
2024-08-21,12,Omar Comin,31596,2821,34417,0,31596,2821,0,0
2024-08-22,1,208 Ferrari Way,30477,2821,33298,0,30477,2821,0,0
2024-08-22,2,The Federal Reserve,49094,1390,50484,0,49094,1390,0,0
2024-08-22,3,Golden Hour,37215,5859,43074,0,37215,5859,0,0
2024-08-22,4,Lisan al-Caleb,37152,2821,39973,0,37152,2821,0,1
2024-08-22,5,Mommy Rainier,34745,5859,40604,0,34745,5859,0,1
2024-08-22,6,Mostly Washed,33557,1390,34947,0,33557,1390,0,0
2024-08-22,7,Cártel de Breece y Puka,31424,2821,34245,0,31424,2821,0,0
2024-08-22,8,Loading…,42124,5859,47983,0,42124,5859,0,0
2024-08-22,9,Gaeta Spur FC,28708,1390,30098,0,28708,1390,0,1
2024-08-22,10,Rashid Shaheed Truthers,34927,1390,36317,0,34927,1390,0,1
2024-08-22,11,All You Need Is LOVE,39681,5859,45540,0,39681,5859,0,0
2024-08-22,12,Omar Comin,31596,2821,34417,0,31596,2821,0,0
2024-08-23,1,208 Ferrari Way,30697,2876,33573,30697,0,2876,0,0
2024-08-23,2,The Federal Reserve,49235,1378,50613,49235,0,1378,0,0
2024-08-23,3,Golden Hour,36689,6138,42827,36689,0,6138,0,0
2024-08-23,4,Lisan al-Caleb,37172,2876,40048,37169,3,2876,0,1
2024-08-23,5,Mommy Rainier,34698,6138,40836,34698,0,6138,0,1
2024-08-23,6,Mostly Washed,33370,1378,34748,33370,0,1378,0,0
2024-08-23,7,Cártel de Breece y Puka,31477,2876,34353,31477,0,2876,0,0
2024-08-23,8,Loading…,42725,6138,48863,42725,0,6138,0,0
2024-08-23,9,Gaeta Spur FC,28558,1378,29936,28558,0,1378,0,1
2024-08-23,10,Rashid Shaheed Truthers,34143,1378,35521,34143,0,1378,0,1
2024-08-23,11,All You Need Is LOVE,38691,6138,44829,38691,0,6138,0,0
2024-08-23,12,Omar Comin,31251,2876,34127,31251,0,2876,0,0
2024-08-24,1,208 Ferrari Way,30697,2876,33573,0,30697,2876,0,0
2024-08-24,2,The Federal Reserve,49235,1378,50613,0,49235,1378,0,0
2024-08-24,3,Golden Hour,36689,6138,42827,0,36689,6138,0,0
2024-08-24,4,Lisan al-Caleb,37169,2876,40045,0,37169,2876,0,2
2024-08-24,5,Mommy Rainier,34698,6138,40836,0,34698,6138,0,1
2024-08-24,6,Mostly Washed,33370,1378,34748,0,33370,1378,0,0
2024-08-24,7,Cártel de Breece y Puka,31477,2876,34353,0,31477,2876,0,0
2024-08-24,8,Loading…,42725,6138,48863,0,42725,6138,0,0
2024-08-24,9,Gaeta Spur FC,28558,1378,29936,0,28558,1378,0,1
2024-08-24,10,Rashid Shaheed Truthers,34143,1378,35521,0,34143,1378,0,1
2024-08-24,11,All You Need Is LOVE,38691,6138,44829,0,38691,6138,0,0
2024-08-24,12,Omar Comin,31248,2876,34124,0,31248,2876,0,0
2024-08-25,1,208 Ferrari Way,30697,2876,33573,0,30697,2876,0,0
2024-08-25,2,The Federal Reserve,49235,1378,50613,0,49235,1378,0,0
2024-08-25,3,Golden Hour,36689,6138,42827,0,36689,6138,0,0
2024-08-25,4,Lisan al-Caleb,37169,2876,40045,0,37169,2876,0,2
2024-08-25,5,Mommy Rainier,34698,6138,40836,0,34698,6138,0,1
2024-08-25,6,Mostly Washed,33370,1378,34748,0,33370,1378,0,0
2024-08-25,7,Cártel de Breece y Puka,31477,2876,34353,0,31477,2876,0,0
2024-08-25,8,Loading…,42725,6138,48863,0,42725,6138,0,0
2024-08-25,9,Gaeta Spur FC,27880,3892,31772,0,27880,3892,0,0
2024-08-25,10,Rashid Shaheed Truthers,34143,1378,35521,0,34143,1378,0,1
2024-08-25,11,All You Need Is LOVE,38691,6138,44829,0,38691,6138,0,0
2024-08-25,12,Omar Comin,31928,362,32290,0,31928,362,0,1
2024-08-26,1,208 Ferrari Way,30697,2876,33573,0,30697,2876,0,0
2024-08-26,2,The Federal Reserve,49235,1378,50613,0,49235,1378,0,0
2024-08-26,3,Golden Hour,36689,6138,42827,0,36689,6138,0,0
2024-08-26,4,Lisan al-Caleb,37169,2876,40045,0,37169,2876,0,2
2024-08-26,5,Mommy Rainier,34698,6138,40836,0,34698,6138,0,1
2024-08-26,6,Mostly Washed,33370,1378,34748,0,33370,1378,0,0
2024-08-26,7,Cártel de Breece y Puka,31477,2876,34353,0,31477,2876,0,0
2024-08-26,8,Loading…,42725,6138,48863,0,42725,6138,0,0
2024-08-26,9,Gaeta Spur FC,27880,3892,31772,0,27880,3892,0,0
2024-08-26,10,Rashid Shaheed Truthers,34143,1378,35521,0,34143,1378,0,1
2024-08-26,11,All You Need Is LOVE,38691,6138,44829,0,38691,6138,0,0
2024-08-26,12,Omar Comin,31928,362,32290,0,31928,362,0,1
2024-08-27,1,208 Ferrari Way,30697,2876,33573,0,30697,2876,0,0
2024-08-27,2,The Federal Reserve,49235,1378,50613,0,49235,1378,0,0
2024-08-27,3,Golden Hour,36689,6138,42827,0,36689,6138,0,0
2024-08-27,4,Lisan al-Caleb,37169,2876,40045,0,37169,2876,0,2
2024-08-27,5,Mommy Rainier,34698,6138,40836,0,34698,6138,0,1
2024-08-27,6,Mostly Washed,33370,1378,34748,0,33370,1378,0,0
2024-08-27,7,Cártel de Breece y Puka,31477,2876,34353,0,31477,2876,0,0
2024-08-27,8,Loading…,42725,6138,48863,0,42725,6138,0,0
2024-08-27,9,Gaeta Spur FC,27880,3892,31772,0,27880,3892,0,0
2024-08-27,10,Rashid Shaheed Truthers,34143,1378,35521,0,34143,1378,0,1
2024-08-27,11,All You Need Is LOVE,38691,6138,44829,0,38691,6138,0,0
2024-08-27,12,Omar Comin,31928,362,32290,0,31928,362,0,1
2024-08-28,1,208 Ferrari Way,30697,2876,33573,0,30697,2876,0,0
2024-08-28,2,The Federal Reserve,49235,1378,50613,0,49235,1378,0,0
2024-08-28,3,Golden Hour,36689,6138,42827,0,36689,6138,0,0
2024-08-28,4,Lisan al-Caleb,37135,2876,40011,0,37135,2876,0,2
2024-08-28,5,Mommy Rainier,34698,6138,40836,0,34698,6138,0,1
2024-08-28,6,Mostly Washed,33370,1378,34748,0,33370,1378,0,0
2024-08-28,7,Cártel de Breece y Puka,31477,2876,34353,0,31477,2876,0,0
2024-08-28,8,Loading…,42777,6138,48915,0,42777,6138,0,0
2024-08-28,9,Gaeta Spur FC,27880,3892,31772,0,27880,3892,0,0
2024-08-28,10,Rashid Shaheed Truthers,34143,1378,35521,0,34143,1378,0,1
2024-08-28,11,All You Need Is LOVE,38691,6138,44829,0,38691,6138,0,0
2024-08-28,12,Omar Comin,31928,362,32290,0,31928,362,0,1
2024-08-29,1,208 Ferrari Way,30697,2876,33573,0,30697,2876,0,0
2024-08-29,2,The Federal Reserve,49235,1378,50613,0,49235,1378,0,0
2024-08-29,3,Golden Hour,36689,6138,42827,0,36689,6138,0,0
2024-08-29,4,Lisan al-Caleb,37135,2876,40011,0,37135,2876,0,2
2024-08-29,5,Mommy Rainier,34698,6138,40836,0,34698,6138,0,1
2024-08-29,6,Mostly Washed,33370,1378,34748,0,33370,1378,0,0
2024-08-29,7,Cártel de Breece y Puka,31477,2876,34353,0,31477,2876,0,0
2024-08-29,8,Loading…,42792,6138,48930,0,42792,6138,0,0
2024-08-29,9,Gaeta Spur FC,27880,3892,31772,0,27880,3892,0,0
2024-08-29,10,Rashid Shaheed Truthers,34159,1378,35537,0,34159,1378,0,1
2024-08-29,11,All You Need Is LOVE,38691,6138,44829,0,38691,6138,0,0
2024-08-29,12,Omar Comin,31928,362,32290,0,31928,362,0,1
2024-08-30,1,208 Ferrari Way,30565,2797,33362,30565,0,2797,0,0
2024-08-30,2,The Federal Reserve,49158,1403,50561,49158,0,1403,0,0
2024-08-30,3,Golden Hour,37466,5727,43193,37466,0,5727,0,0
2024-08-30,4,Lisan al-Caleb,38287,2797,41084,38287,0,2797,0,1
2024-08-30,5,Mommy Rainier,34655,5727,40382,34655,0,5727,0,1
2024-08-30,6,Mostly Washed,33089,1403,34492,33089,0,1403,0,0
2024-08-30,7,Cártel de Breece y Puka,31478,2797,34275,31478,0,2797,0,0
2024-08-30,8,Loading…,42770,5727,48497,42770,0,5727,0,0
2024-08-30,9,Gaeta Spur FC,28294,3802,32096,28294,0,3802,0,0
2024-08-30,10,Rashid Shaheed Truthers,32881,1403,34284,32881,0,1403,0,1
2024-08-30,11,All You Need Is LOVE,39607,5727,45334,39607,0,5727,0,0
2024-08-30,12,Omar Comin,32970,398,33368,32970,0,398,0,1
2024-08-31,1,208 Ferrari Way,30565,2797,33362,0,30565,2797,0,0
2024-08-31,2,The Federal Reserve,49158,1403,50561,0,49158,1403,0,0
2024-08-31,3,Golden Hour,37466,5727,43193,0,37466,5727,0,0
2024-08-31,4,Lisan al-Caleb,38287,2797,41084,0,38287,2797,0,1
2024-08-31,5,Mommy Rainier,34655,5727,40382,0,34655,5727,0,1
2024-08-31,6,Mostly Washed,33089,1403,34492,0,33089,1403,0,0
2024-08-31,7,Cártel de Breece y Puka,31478,2797,34275,0,31478,2797,0,0
2024-08-31,8,Loading…,42770,5727,48497,0,42770,5727,0,0
2024-08-31,9,Gaeta Spur FC,28294,3802,32096,0,28294,3802,0,0
2024-08-31,10,Rashid Shaheed Truthers,32881,1403,34284,0,32881,1403,0,1
2024-08-31,11,All You Need Is LOVE,39607,5727,45334,0,39607,5727,0,0
2024-08-31,12,Omar Comin,32970,398,33368,0,32970,398,0,1
2024-09-01,1,208 Ferrari Way,30565,2797,33362,0,30565,2797,0,0
2024-09-01,2,The Federal Reserve,49158,1403,50561,0,49158,1403,0,0
2024-09-01,3,Golden Hour,37466,5727,43193,0,37466,5727,0,0
2024-09-01,4,Lisan al-Caleb,38287,2797,41084,0,38287,2797,0,1
2024-09-01,5,Mommy Rainier,34655,5727,40382,0,34655,5727,0,1
2024-09-01,6,Mostly Washed,33089,1403,34492,0,33089,1403,0,0
2024-09-01,7,Cártel de Breece y Puka,31478,2797,34275,0,31478,2797,0,0
2024-09-01,8,Loading…,42770,5727,48497,0,42770,5727,0,0
2024-09-01,9,Gaeta Spur FC,28294,3802,32096,0,28294,3802,0,0
2024-09-01,10,Rashid Shaheed Truthers,32881,1403,34284,0,32881,1403,0,1
2024-09-01,11,All You Need Is LOVE,39607,5727,45334,0,39607,5727,0,0
2024-09-01,12,Omar Comin,32970,398,33368,0,32970,398,0,1
2024-09-02,1,208 Ferrari Way,30565,2797,33362,0,30565,2797,0,0
2024-09-02,2,The Federal Reserve,49158,1403,50561,0,49158,1403,0,0
2024-09-02,3,Golden Hour,37466,5727,43193,0,37466,5727,0,0
2024-09-02,4,Lisan al-Caleb,38287,2797,41084,0,38287,2797,0,1
2024-09-02,5,Mommy Rainier,34655,5727,40382,0,34655,5727,0,1
2024-09-02,6,Mostly Washed,33089,1403,34492,0,33089,1403,0,0
2024-09-02,7,Cártel de Breece y Puka,31478,2797,34275,0,31478,2797,0,0
2024-09-02,8,Loading…,42770,5727,48497,0,42770,5727,0,0
2024-09-02,9,Gaeta Spur FC,28294,3802,32096,0,28294,3802,0,0
2024-09-02,10,Rashid Shaheed Truthers,32881,1403,34284,0,32881,1403,0,1
2024-09-02,11,All You Need Is LOVE,39607,5727,45334,0,39607,5727,0,0
2024-09-02,12,Omar Comin,32970,398,33368,0,32970,398,0,1
2024-09-03,1,208 Ferrari Way,30565,2797,33362,0,30565,2797,0,0
2024-09-03,2,The Federal Reserve,49158,1403,50561,0,49158,1403,0,0
2024-09-03,3,Golden Hour,37466,5727,43193,0,37466,5727,0,0
2024-09-03,4,Lisan al-Caleb,38287,2797,41084,0,38287,2797,0,1
2024-09-03,5,Mommy Rainier,34655,5727,40382,0,34655,5727,0,1
2024-09-03,6,Mostly Washed,33089,1403,34492,0,33089,1403,0,0
2024-09-03,7,Cártel de Breece y Puka,31478,2797,34275,0,31478,2797,0,0
2024-09-03,8,Loading…,42770,5727,48497,0,42770,5727,0,0
2024-09-03,9,Gaeta Spur FC,28294,3802,32096,0,28294,3802,0,0
2024-09-03,10,Rashid Shaheed Truthers,32881,1403,34284,0,32881,1403,0,1
2024-09-03,11,All You Need Is LOVE,39607,5727,45334,0,39607,5727,0,0
2024-09-03,12,Omar Comin,32970,398,33368,0,32970,398,0,1
2024-09-04,1,208 Ferrari Way,30565,2797,33362,0,30565,2797,0,0
2024-09-04,2,The Federal Reserve,49158,1403,50561,0,49158,1403,0,0
2024-09-04,3,Golden Hour,37486,5727,43213,0,37486,5727,0,0
2024-09-04,4,Lisan al-Caleb,38287,2797,41084,0,38287,2797,0,1
2024-09-04,5,Mommy Rainier,34655,5727,40382,0,34655,5727,0,1
2024-09-04,6,Mostly Washed,33089,1403,34492,0,33089,1403,0,0
2024-09-04,7,Cártel de Breece y Puka,31478,2797,34275,0,31478,2797,0,0
2024-09-04,8,Loading…,42770,5727,48497,0,42770,5727,0,0
2024-09-04,9,Gaeta Spur FC,28294,3802,32096,0,28294,3802,0,0
2024-09-04,10,Rashid Shaheed Truthers,32881,1403,34284,0,32881,1403,0,1
2024-09-04,11,All You Need Is LOVE,39607,5727,45334,0,39607,5727,0,0
2024-09-04,12,Omar Comin,32970,398,33368,0,32970,398,0,1
2024-09-05,1,208 Ferrari Way,30565,2797,33362,0,30565,2797,0,0
2024-09-05,2,The Federal Reserve,49158,1403,50561,0,49158,1403,0,0
2024-09-05,3,Golden Hour,37486,5727,43213,0,37486,5727,0,0
2024-09-05,4,Lisan al-Caleb,38287,2797,41084,0,38287,2797,0,1
2024-09-05,5,Mommy Rainier,34655,5727,40382,0,34655,5727,0,1
2024-09-05,6,Mostly Washed,33089,1403,34492,0,33089,1403,0,0
2024-09-05,7,Cártel de Breece y Puka,31478,2797,34275,0,31478,2797,0,0
2024-09-05,8,Loading…,42770,5727,48497,0,42770,5727,0,0
2024-09-05,9,Gaeta Spur FC,28294,3802,32096,0,28294,3802,0,0
2024-09-05,10,Rashid Shaheed Truthers,32881,1403,34284,0,32881,1403,0,1
2024-09-05,11,All You Need Is LOVE,39674,5727,45401,0,39674,5727,0,1
2024-09-05,12,Omar Comin,32970,398,33368,0,32970,398,0,1
2024-09-06,1,208 Ferrari Way,30963,3021,33984,30963,0,3021,0,0
2024-09-06,2,The Federal Reserve,50012,1506,51518,50012,0,1506,0,0
2024-09-06,3,Golden Hour,39435,6207,45642,39415,20,6207,0,0
2024-09-06,4,Lisan al-Caleb,38526,3021,41547,38522,4,3021,0,1
2024-09-06,5,Mommy Rainier,34777,6207,40984,34777,0,6207,0,1
2024-09-06,6,Mostly Washed,33309,1506,34815,33309,0,1506,0,0
2024-09-06,7,Cártel de Breece y Puka,32097,3021,35118,32097,0,3021,0,0
2024-09-06,8,Loading…,44287,6207,50494,44287,0,6207,0,0
2024-09-06,9,Gaeta Spur FC,28517,4105,32622,28517,0,4105,0,0
2024-09-06,10,Rashid Shaheed Truthers,32575,1506,34081,32575,0,1506,0,1
2024-09-06,11,All You Need Is LOVE,38278,6207,44485,38278,0,6207,0,1
2024-09-06,12,Omar Comin,31740,422,32162,31740,0,422,0,0
2024-09-07,1,208 Ferrari Way,30963,3021,33984,0,30963,3021,0,0
2024-09-07,2,The Federal Reserve,50012,1506,51518,0,50012,1506,0,0
2024-09-07,3,Golden Hour,39415,6207,45622,0,39415,6207,0,1
2024-09-07,4,Lisan al-Caleb,38522,3021,41543,0,38522,3021,0,2
2024-09-07,5,Mommy Rainier,34777,6207,40984,0,34777,6207,0,1
2024-09-07,6,Mostly Washed,33309,1506,34815,0,33309,1506,0,0
2024-09-07,7,Cártel de Breece y Puka,32097,3021,35118,0,32097,3021,0,0
2024-09-07,8,Loading…,44287,6207,50494,0,44287,6207,0,0
2024-09-07,9,Gaeta Spur FC,28517,4105,32622,0,28517,4105,0,0
2024-09-07,10,Rashid Shaheed Truthers,32575,1506,34081,0,32575,1506,0,1
2024-09-07,11,All You Need Is LOVE,38278,6207,44485,0,38278,6207,0,1
2024-09-07,12,Omar Comin,31740,422,32162,0,31740,422,0,0
2024-09-08,1,208 Ferrari Way,30963,3021,33984,0,30963,3021,0,0
2024-09-08,2,The Federal Reserve,50012,1506,51518,0,50012,1506,0,0
2024-09-08,3,Golden Hour,39415,6207,45622,0,39415,6207,0,1
2024-09-08,4,Lisan al-Caleb,38522,3021,41543,0,38522,3021,0,2
2024-09-08,5,Mommy Rainier,34777,6207,40984,0,34777,6207,0,1
2024-09-08,6,Mostly Washed,33309,1506,34815,0,33309,1506,0,0
2024-09-08,7,Cártel de Breece y Puka,32097,3021,35118,0,32097,3021,0,0
2024-09-08,8,Loading…,44287,6207,50494,0,44287,6207,0,0
2024-09-08,9,Gaeta Spur FC,28517,4105,32622,0,28517,4105,0,0
2024-09-08,10,Rashid Shaheed Truthers,32575,1506,34081,0,32575,1506,0,1
2024-09-08,11,All You Need Is LOVE,38278,6207,44485,0,38278,6207,0,1
2024-09-08,12,Omar Comin,31740,422,32162,0,31740,422,0,0
2024-09-09,1,208 Ferrari Way,30963,3021,33984,0,30963,3021,0,0
2024-09-09,2,The Federal Reserve,50012,1506,51518,0,50012,1506,0,0
2024-09-09,3,Golden Hour,39415,6207,45622,0,39415,6207,0,1
2024-09-09,4,Lisan al-Caleb,38522,3021,41543,0,38522,3021,0,2
2024-09-09,5,Mommy Rainier,34777,6207,40984,0,34777,6207,0,1
2024-09-09,6,Mostly Washed,33309,1506,34815,0,33309,1506,0,0
2024-09-09,7,Cártel de Breece y Puka,32097,3021,35118,0,32097,3021,0,0
2024-09-09,8,Loading…,44287,6207,50494,0,44287,6207,0,0
2024-09-09,9,Gaeta Spur FC,28517,4105,32622,0,28517,4105,0,0
2024-09-09,10,Rashid Shaheed Truthers,32575,1506,34081,0,32575,1506,0,1
2024-09-09,11,All You Need Is LOVE,38278,6207,44485,0,38278,6207,0,1
2024-09-09,12,Omar Comin,31740,422,32162,0,31740,422,0,0
2024-09-10,1,208 Ferrari Way,30963,3021,33984,0,30963,3021,0,0
2024-09-10,2,The Federal Reserve,50148,1506,51654,0,50148,1506,0,0
2024-09-10,3,Golden Hour,39392,6207,45599,0,39392,6207,0,1
2024-09-10,4,Lisan al-Caleb,38522,3021,41543,0,38522,3021,0,2
2024-09-10,5,Mommy Rainier,34777,6207,40984,0,34777,6207,0,1
2024-09-10,6,Mostly Washed,33309,1506,34815,0,33309,1506,0,0
2024-09-10,7,Cártel de Breece y Puka,31961,3021,34982,0,31961,3021,0,0
2024-09-10,8,Loading…,44287,6207,50494,0,44287,6207,0,0
2024-09-10,9,Gaeta Spur FC,28517,4105,32622,0,28517,4105,0,0
2024-09-10,10,Rashid Shaheed Truthers,32575,1506,34081,0,32575,1506,0,1
2024-09-10,11,All You Need Is LOVE,38278,6207,44485,0,38278,6207,0,1
2024-09-10,12,Omar Comin,31740,422,32162,0,31740,422,0,0
2024-09-11,1,208 Ferrari Way,30963,3021,33984,0,30963,3021,0,0
2024-09-11,2,The Federal Reserve,49957,1506,51463,0,49957,1506,0,0
2024-09-11,3,Golden Hour,39314,6207,45521,0,39314,6207,0,0
2024-09-11,4,Lisan al-Caleb,38522,3021,41543,0,38522,3021,0,2
2024-09-11,5,Mommy Rainier,34777,6207,40984,0,34777,6207,0,1
2024-09-11,6,Mostly Washed,33309,1506,34815,0,33309,1506,0,0
2024-09-11,7,Cártel de Breece y Puka,31961,3021,34982,0,31961,3021,0,0
2024-09-11,8,Loading…,44389,6207,50596,0,44389,6207,0,0
2024-09-11,9,Gaeta Spur FC,28518,4105,32623,0,28518,4105,0,0
2024-09-11,10,Rashid Shaheed Truthers,32575,1506,34081,0,32575,1506,0,1
2024-09-11,11,All You Need Is LOVE,38232,6207,44439,0,38232,6207,0,1
2024-09-11,12,Omar Comin,31740,422,32162,0,31740,422,0,0
2024-09-12,1,208 Ferrari Way,30976,3021,33997,0,30976,3021,0,0
2024-09-12,2,The Federal Reserve,50054,1506,51560,0,50054,1506,0,0
2024-09-12,3,Golden Hour,39314,6207,45521,0,39314,6207,0,0
2024-09-12,4,Lisan al-Caleb,38522,3021,41543,0,38522,3021,0,2
2024-09-12,5,Mommy Rainier,34777,6207,40984,0,34777,6207,0,1
2024-09-12,6,Mostly Washed,33309,1506,34815,0,33309,1506,0,0
2024-09-12,7,Cártel de Breece y Puka,31961,3021,34982,0,31961,3021,0,0
2024-09-12,8,Loading…,44389,6207,50596,0,44389,6207,0,0
2024-09-12,9,Gaeta Spur FC,28518,4105,32623,0,28518,4105,0,0
2024-09-12,10,Rashid Shaheed Truthers,32575,1506,34081,0,32575,1506,0,1
2024-09-12,11,All You Need Is LOVE,38232,6207,44439,0,38232,6207,0,1
2024-09-12,12,Omar Comin,31740,422,32162,0,31740,422,0,0
2024-09-13,1,208 Ferrari Way,31069,2992,34061,31069,0,2992,0,0
2024-09-13,2,The Federal Reserve,49131,1469,50600,49131,0,1469,0,0
2024-09-13,3,Golden Hour,36293,6251,42544,36293,0,6251,0,0
2024-09-13,4,Lisan al-Caleb,36559,2992,39551,36559,0,2992,0,0
2024-09-13,5,Mommy Rainier,34192,6251,40443,34192,0,6251,0,0
2024-09-13,6,Mostly Washed,33554,1469,35023,33554,0,1469,0,0
2024-09-13,7,Cártel de Breece y Puka,31244,2992,34236,31244,0,2992,0,0
2024-09-13,8,Loading…,42713,6251,48964,42713,0,6251,0,0
2024-09-13,9,Gaeta Spur FC,27147,4059,31206,27147,0,4059,0,0
2024-09-13,10,Rashid Shaheed Truthers,33375,1469,34844,33375,0,1469,0,1
2024-09-13,11,All You Need Is LOVE,36505,6251,42756,36503,2,6251,0,1
2024-09-13,12,Omar Comin,32330,402,32732,32330,0,402,0,0
2024-09-14,1,208 Ferrari Way,31069,2992,34061,0,31069,2992,0,0
2024-09-14,2,The Federal Reserve,49131,1469,50600,0,49131,1469,0,0
2024-09-14,3,Golden Hour,36293,6251,42544,0,36293,6251,0,0
2024-09-14,4,Lisan al-Caleb,36559,2992,39551,0,36559,2992,0,0
2024-09-14,5,Mommy Rainier,34192,6251,40443,0,34192,6251,0,0
2024-09-14,6,Mostly Washed,33554,1469,35023,0,33554,1469,0,0
2024-09-14,7,Cártel de Breece y Puka,31244,2992,34236,0,31244,2992,0,0
2024-09-14,8,Loading…,42713,6251,48964,0,42713,6251,0,0
2024-09-14,9,Gaeta Spur FC,27147,4059,31206,0,27147,4059,0,0
2024-09-14,10,Rashid Shaheed Truthers,33375,1469,34844,0,33375,1469,0,1
2024-09-14,11,All You Need Is LOVE,36503,6251,42754,0,36503,6251,0,2
2024-09-14,12,Omar Comin,32330,402,32732,0,32330,402,0,0
2024-09-15,1,208 Ferrari Way,31069,2992,34061,0,31069,2992,0,0
2024-09-15,2,The Federal Reserve,49131,1469,50600,0,49131,1469,0,0
2024-09-15,3,Golden Hour,36293,6251,42544,0,36293,6251,0,0
2024-09-15,4,Lisan al-Caleb,36559,2992,39551,0,36559,2992,0,0
2024-09-15,5,Mommy Rainier,34192,6251,40443,0,34192,6251,0,0
2024-09-15,6,Mostly Washed,33554,1469,35023,0,33554,1469,0,0
2024-09-15,7,Cártel de Breece y Puka,31244,2992,34236,0,31244,2992,0,0
2024-09-15,8,Loading…,42713,6251,48964,0,42713,6251,0,0
2024-09-15,9,Gaeta Spur FC,27147,4059,31206,0,27147,4059,0,0
2024-09-15,10,Rashid Shaheed Truthers,33375,1469,34844,0,33375,1469,0,1
2024-09-15,11,All You Need Is LOVE,36503,6251,42754,0,36503,6251,0,2
2024-09-15,12,Omar Comin,32330,402,32732,0,32330,402,0,0
2024-09-16,1,208 Ferrari Way,31069,2992,34061,0,31069,2992,0,0
2024-09-16,2,The Federal Reserve,49131,1469,50600,0,49131,1469,0,0
2024-09-16,3,Golden Hour,36293,6251,42544,0,36293,6251,0,0
2024-09-16,4,Lisan al-Caleb,36559,2992,39551,0,36559,2992,0,0
2024-09-16,5,Mommy Rainier,34192,6251,40443,0,34192,6251,0,0
2024-09-16,6,Mostly Washed,33554,1469,35023,0,33554,1469,0,0
2024-09-16,7,Cártel de Breece y Puka,31244,2992,34236,0,31244,2992,0,0
2024-09-16,8,Loading…,42713,6251,48964,0,42713,6251,0,0
2024-09-16,9,Gaeta Spur FC,27147,4059,31206,0,27147,4059,0,0
2024-09-16,10,Rashid Shaheed Truthers,33375,1469,34844,0,33375,1469,0,1
2024-09-16,11,All You Need Is LOVE,36503,6251,42754,0,36503,6251,0,2
2024-09-16,12,Omar Comin,32218,402,32620,0,32218,402,0,0
2024-09-17,1,208 Ferrari Way,31069,2992,34061,0,31069,2992,0,0
2024-09-17,2,The Federal Reserve,49131,1469,50600,0,49131,1469,0,0
2024-09-17,3,Golden Hour,36293,6251,42544,0,36293,6251,0,0
2024-09-17,4,Lisan al-Caleb,36559,2992,39551,0,36559,2992,0,0
2024-09-17,5,Mommy Rainier,34192,6251,40443,0,34192,6251,0,0
2024-09-17,6,Mostly Washed,33554,1469,35023,0,33554,1469,0,0
2024-09-17,7,Cártel de Breece y Puka,31244,2992,34236,0,31244,2992,0,0
2024-09-17,8,Loading…,42713,6251,48964,0,42713,6251,0,0
2024-09-17,9,Gaeta Spur FC,27147,4059,31206,0,27147,4059,0,0
2024-09-17,10,Rashid Shaheed Truthers,33375,1469,34844,0,33375,1469,0,1
2024-09-17,11,All You Need Is LOVE,36503,6251,42754,0,36503,6251,0,2
2024-09-17,12,Omar Comin,32218,402,32620,0,32218,402,0,0
2024-09-18,1,208 Ferrari Way,31069,2992,34061,0,31069,2992,0,0
2024-09-18,2,The Federal Reserve,49131,1469,50600,0,49131,1469,0,0
2024-09-18,3,Golden Hour,36293,6251,42544,0,36293,6251,0,0
2024-09-18,4,Lisan al-Caleb,36559,2992,39551,0,36559,2992,0,0
2024-09-18,5,Mommy Rainier,34192,6251,40443,0,34192,6251,0,0
2024-09-18,6,Mostly Washed,33554,1469,35023,0,33554,1469,0,0
2024-09-18,7,Cártel de Breece y Puka,31244,2992,34236,0,31244,2992,0,0
2024-09-18,8,Loading…,42713,6251,48964,0,42713,6251,0,0
2024-09-18,9,Gaeta Spur FC,27149,4059,31208,0,27149,4059,0,0
2024-09-18,10,Rashid Shaheed Truthers,33375,1469,34844,0,33375,1469,0,1
2024-09-18,11,All You Need Is LOVE,36470,6251,42721,0,36470,6251,0,2
2024-09-18,12,Omar Comin,32193,402,32595,0,32193,402,0,0
2024-09-19,1,208 Ferrari Way,34362,580,34942,0,34362,580,0,0
2024-09-19,2,The Federal Reserve,48579,2742,51321,0,48579,2742,0,0
2024-09-19,3,Golden Hour,36293,6251,42544,0,36293,6251,0,0
2024-09-19,4,Lisan al-Caleb,36556,2992,39548,0,36556,2992,0,1
2024-09-19,5,Mommy Rainier,34195,6251,40446,0,34195,6251,0,0
2024-09-19,6,Mostly Washed,33554,1469,35023,0,33554,1469,0,0
2024-09-19,7,Cártel de Breece y Puka,31242,2992,34234,0,31242,2992,0,0
2024-09-19,8,Loading…,42713,6251,48964,0,42713,6251,0,0
2024-09-19,9,Gaeta Spur FC,27149,4059,31208,0,27149,4059,0,0
2024-09-19,10,Rashid Shaheed Truthers,33375,1469,34844,0,33375,1469,0,0
2024-09-19,11,All You Need Is LOVE,33751,7390,41141,0,33751,7390,0,2
2024-09-19,12,Omar Comin,32193,402,32595,0,32193,402,0,0
2024-09-20,1,208 Ferrari Way,35266,568,35834,35266,0,568,0,0
2024-09-20,2,The Federal Reserve,49264,2774,52038,49264,0,2774,0,0
2024-09-20,3,Golden Hour,34961,6369,41330,34961,0,6369,0,0
2024-09-20,4,Lisan al-Caleb,39343,3022,42365,39338,5,3022,0,1
2024-09-20,5,Mommy Rainier,34759,6369,41128,34747,12,6369,0,0
2024-09-20,6,Mostly Washed,33340,1467,34807,33340,0,1467,0,0
2024-09-20,7,Cártel de Breece y Puka,31731,3022,34753,31731,0,3022,0,0
2024-09-20,8,Loading…,44740,6369,51109,44740,0,6369,0,0
2024-09-20,9,Gaeta Spur FC,27915,4095,32010,27915,0,4095,0,0
2024-09-20,10,Rashid Shaheed Truthers,32661,1467,34128,32661,0,1467,0,0
2024-09-20,11,All You Need Is LOVE,34493,7516,42009,34493,0,7516,0,1
2024-09-20,12,Omar Comin,30954,394,31348,30954,0,394,0,0
2024-09-21,1,208 Ferrari Way,35266,568,35834,0,35266,568,0,0
2024-09-21,2,The Federal Reserve,49264,2774,52038,0,49264,2774,0,0
2024-09-21,3,Golden Hour,34961,6369,41330,0,34961,6369,0,0
2024-09-21,4,Lisan al-Caleb,39338,3022,42360,0,39338,3022,0,2
2024-09-21,5,Mommy Rainier,34747,6369,41116,0,34747,6369,0,1
2024-09-21,6,Mostly Washed,33340,1467,34807,0,33340,1467,0,0
2024-09-21,7,Cártel de Breece y Puka,31731,3022,34753,0,31731,3022,0,0
2024-09-21,8,Loading…,44740,6369,51109,0,44740,6369,0,0
2024-09-21,9,Gaeta Spur FC,27915,4095,32010,0,27915,4095,0,0
2024-09-21,10,Rashid Shaheed Truthers,32661,1467,34128,0,32661,1467,0,0
2024-09-21,11,All You Need Is LOVE,34493,7516,42009,0,34493,7516,0,1
2024-09-21,12,Omar Comin,30954,394,31348,0,30954,394,0,0
2024-09-22,1,208 Ferrari Way,35266,568,35834,0,35266,568,0,0
2024-09-22,2,The Federal Reserve,49264,2774,52038,0,49264,2774,0,0
2024-09-22,3,Golden Hour,34961,6369,41330,0,34961,6369,0,0
2024-09-22,4,Lisan al-Caleb,39338,3022,42360,0,39338,3022,0,2
2024-09-22,5,Mommy Rainier,34747,6369,41116,0,34747,6369,0,1
2024-09-22,6,Mostly Washed,33340,1467,34807,0,33340,1467,0,0
2024-09-22,7,Cártel de Breece y Puka,31731,3022,34753,0,31731,3022,0,0
2024-09-22,8,Loading…,44740,6369,51109,0,44740,6369,0,0
2024-09-22,9,Gaeta Spur FC,27915,4095,32010,0,27915,4095,0,0
2024-09-22,10,Rashid Shaheed Truthers,32661,1467,34128,0,32661,1467,0,0
2024-09-22,11,All You Need Is LOVE,34493,7516,42009,0,34493,7516,0,1
2024-09-22,12,Omar Comin,30954,394,31348,0,30954,394,0,0
2024-09-23,1,208 Ferrari Way,35266,568,35834,0,35266,568,0,0
2024-09-23,2,The Federal Reserve,49264,2774,52038,0,49264,2774,0,0
2024-09-23,3,Golden Hour,34961,6369,41330,0,34961,6369,0,0
2024-09-23,4,Lisan al-Caleb,39338,3022,42360,0,39338,3022,0,2
2024-09-23,5,Mommy Rainier,34747,6369,41116,0,34747,6369,0,1
2024-09-23,6,Mostly Washed,33340,1467,34807,0,33340,1467,0,0
2024-09-23,7,Cártel de Breece y Puka,31731,3022,34753,0,31731,3022,0,0
2024-09-23,8,Loading…,44740,6369,51109,0,44740,6369,0,0
2024-09-23,9,Gaeta Spur FC,27915,4095,32010,0,27915,4095,0,0
2024-09-23,10,Rashid Shaheed Truthers,32661,1467,34128,0,32661,1467,0,0
2024-09-23,11,All You Need Is LOVE,34493,7516,42009,0,34493,7516,0,1
2024-09-23,12,Omar Comin,30954,394,31348,0,30954,394,0,0
2024-09-24,1,208 Ferrari Way,35686,568,36254,0,35686,568,0,1
2024-09-24,2,The Federal Reserve,49264,2774,52038,0,49264,2774,0,0
2024-09-24,3,Golden Hour,34961,6369,41330,0,34961,6369,0,0
2024-09-24,4,Lisan al-Caleb,38918,3022,41940,0,38918,3022,0,1
2024-09-24,5,Mommy Rainier,34747,6369,41116,0,34747,6369,0,1
2024-09-24,6,Mostly Washed,33340,1467,34807,0,33340,1467,0,0
2024-09-24,7,Cártel de Breece y Puka,31731,3022,34753,0,31731,3022,0,0
2024-09-24,8,Loading…,44740,6369,51109,0,44740,6369,0,0
2024-09-24,9,Gaeta Spur FC,27915,4095,32010,0,27915,4095,0,0
2024-09-24,10,Rashid Shaheed Truthers,32661,1467,34128,0,32661,1467,0,0
2024-09-24,11,All You Need Is LOVE,34493,7516,42009,0,34493,7516,0,1
2024-09-24,12,Omar Comin,30954,394,31348,0,30954,394,0,0
2024-09-25,1,208 Ferrari Way,35688,568,36256,0,35688,568,0,1
2024-09-25,2,The Federal Reserve,49227,2774,52001,0,49227,2774,0,0
2024-09-25,3,Golden Hour,34954,6369,41323,0,34954,6369,0,0
2024-09-25,4,Lisan al-Caleb,38918,3022,41940,0,38918,3022,0,1
2024-09-25,5,Mommy Rainier,34747,6369,41116,0,34747,6369,0,1
2024-09-25,6,Mostly Washed,33340,1467,34807,0,33340,1467,0,0
2024-09-25,7,Cártel de Breece y Puka,31795,3022,34817,0,31795,3022,0,0
2024-09-25,8,Loading…,44740,6369,51109,0,44740,6369,0,0
2024-09-25,9,Gaeta Spur FC,27915,4095,32010,0,27915,4095,0,0
2024-09-25,10,Rashid Shaheed Truthers,32661,1467,34128,0,32661,1467,0,1
2024-09-25,11,All You Need Is LOVE,34493,7516,42009,0,34493,7516,0,1
2024-09-25,12,Omar Comin,30898,394,31292,0,30898,394,0,1
2024-09-26,1,208 Ferrari Way,35688,568,36256,0,35688,568,0,1
2024-09-26,2,The Federal Reserve,49227,2774,52001,0,49227,2774,0,0
2024-09-26,3,Golden Hour,34954,6369,41323,0,34954,6369,0,0
2024-09-26,4,Lisan al-Caleb,38918,3022,41940,0,38918,3022,0,1
2024-09-26,5,Mommy Rainier,34747,6369,41116,0,34747,6369,0,1
2024-09-26,6,Mostly Washed,33340,1467,34807,0,33340,1467,0,0
2024-09-26,7,Cártel de Breece y Puka,31795,3022,34817,0,31795,3022,0,0
2024-09-26,8,Loading…,44740,6369,51109,0,44740,6369,0,0
2024-09-26,9,Gaeta Spur FC,27915,4095,32010,0,27915,4095,0,0
2024-09-26,10,Rashid Shaheed Truthers,32661,1467,34128,0,32661,1467,0,1
2024-09-26,11,All You Need Is LOVE,34493,7516,42009,0,34493,7516,0,1
2024-09-26,12,Omar Comin,30898,394,31292,0,30898,394,0,1
2024-09-27,1,208 Ferrari Way,37936,615,38551,37934,2,615,0,1
2024-09-27,2,The Federal Reserve,49528,2712,52240,49525,3,2712,0,0
2024-09-27,3,Golden Hour,34092,6089,40181,34092,0,6089,0,0
2024-09-27,4,Lisan al-Caleb,38838,2973,41811,38803,35,2973,0,1
2024-09-27,5,Mommy Rainier,35107,6089,41196,35107,0,6089,0,1
2024-09-27,6,Mostly Washed,35416,1492,36908,35416,0,1492,0,0
2024-09-27,7,Cártel de Breece y Puka,29979,2973,32952,29979,0,2973,0,0
2024-09-27,8,Loading…,42998,6089,49087,42998,0,6089,0,0
2024-09-27,9,Gaeta Spur FC,28168,4039,32207,28168,0,4039,0,0
2024-09-27,10,Rashid Shaheed Truthers,33676,1492,35168,33676,0,1492,0,1
2024-09-27,11,All You Need Is LOVE,33232,7227,40459,33211,21,7227,0,1
2024-09-27,12,Omar Comin,30239,426,30665,30239,0,426,0,1
2024-09-28,1,208 Ferrari Way,37946,615,38561,0,37946,615,0,1
2024-09-28,2,The Federal Reserve,49525,2712,52237,0,49525,2712,0,1
2024-09-28,3,Golden Hour,34092,6089,40181,0,34092,6089,0,0
2024-09-28,4,Lisan al-Caleb,38803,2973,41776,0,38803,2973,0,3
2024-09-28,5,Mommy Rainier,35107,6089,41196,0,35107,6089,0,1
2024-09-28,6,Mostly Washed,35416,1492,36908,0,35416,1492,0,0
2024-09-28,7,Cártel de Breece y Puka,29910,2973,32883,0,29910,2973,0,1
2024-09-28,8,Loading…,42998,6089,49087,0,42998,6089,0,0
2024-09-28,9,Gaeta Spur FC,28168,4039,32207,0,28168,4039,0,0
2024-09-28,10,Rashid Shaheed Truthers,33676,1492,35168,0,33676,1492,0,1
2024-09-28,11,All You Need Is LOVE,33211,7227,40438,0,33211,7227,0,2
2024-09-28,12,Omar Comin,30239,426,30665,0,30239,426,0,1
2024-09-29,1,208 Ferrari Way,37946,615,38561,0,37946,615,0,1
2024-09-29,2,The Federal Reserve,49525,2712,52237,0,49525,2712,0,1
2024-09-29,3,Golden Hour,34092,6089,40181,0,34092,6089,0,0
2024-09-29,4,Lisan al-Caleb,38803,2973,41776,0,38803,2973,0,3
2024-09-29,5,Mommy Rainier,35107,6089,41196,0,35107,6089,0,1
2024-09-29,6,Mostly Washed,35416,1492,36908,0,35416,1492,0,0
2024-09-29,7,Cártel de Breece y Puka,29910,2973,32883,0,29910,2973,0,1
2024-09-29,8,Loading…,42998,6089,49087,0,42998,6089,0,0
2024-09-29,9,Gaeta Spur FC,28168,4039,32207,0,28168,4039,0,0
2024-09-29,10,Rashid Shaheed Truthers,33676,1492,35168,0,33676,1492,0,1
2024-09-29,11,All You Need Is LOVE,33211,7227,40438,0,33211,7227,0,2
2024-09-29,12,Omar Comin,30239,426,30665,0,30239,426,0,1
2024-09-30,1,208 Ferrari Way,37946,615,38561,0,37946,615,0,1
2024-09-30,2,The Federal Reserve,49525,2712,52237,0,49525,2712,0,1
2024-09-30,3,Golden Hour,34092,6089,40181,0,34092,6089,0,0
2024-09-30,4,Lisan al-Caleb,38803,2973,41776,0,38803,2973,0,3
2024-09-30,5,Mommy Rainier,35107,6089,41196,0,35107,6089,0,1
2024-09-30,6,Mostly Washed,35416,1492,36908,0,35416,1492,0,0
2024-09-30,7,Cártel de Breece y Puka,29910,2973,32883,0,29910,2973,0,1
2024-09-30,8,Loading…,42998,6089,49087,0,42998,6089,0,0
2024-09-30,9,Gaeta Spur FC,28168,4039,32207,0,28168,4039,0,0
2024-09-30,10,Rashid Shaheed Truthers,33676,1492,35168,0,33676,1492,0,1
2024-09-30,11,All You Need Is LOVE,33211,7227,40438,0,33211,7227,0,2
2024-09-30,12,Omar Comin,30239,426,30665,0,30239,426,0,1
2024-10-01,1,208 Ferrari Way,37946,615,38561,0,37946,615,0,1
2024-10-01,2,The Federal Reserve,49525,2712,52237,0,49525,2712,0,1
2024-10-01,3,Golden Hour,34092,6089,40181,0,34092,6089,0,0
2024-10-01,4,Lisan al-Caleb,38803,2973,41776,0,38803,2973,0,3
2024-10-01,5,Mommy Rainier,35107,6089,41196,0,35107,6089,0,1
2024-10-01,6,Mostly Washed,35416,1492,36908,0,35416,1492,0,0
2024-10-01,7,Cártel de Breece y Puka,29910,2973,32883,0,29910,2973,0,1
2024-10-01,8,Loading…,42998,6089,49087,0,42998,6089,0,0
2024-10-01,9,Gaeta Spur FC,28168,4039,32207,0,28168,4039,0,0
2024-10-01,10,Rashid Shaheed Truthers,33676,1492,35168,0,33676,1492,0,1
2024-10-01,11,All You Need Is LOVE,33211,7227,40438,0,33211,7227,0,2
2024-10-01,12,Omar Comin,30239,426,30665,0,30239,426,0,1
2024-10-02,1,208 Ferrari Way,37951,615,38566,0,37951,615,0,1
2024-10-02,2,The Federal Reserve,49525,2712,52237,0,49525,2712,0,1
2024-10-02,3,Golden Hour,34092,6089,40181,0,34092,6089,0,0
2024-10-02,4,Lisan al-Caleb,38803,2973,41776,0,38803,2973,0,3
2024-10-02,5,Mommy Rainier,35073,6089,41162,0,35073,6089,0,2
2024-10-02,6,Mostly Washed,35416,1492,36908,0,35416,1492,0,0
2024-10-02,7,Cártel de Breece y Puka,29545,3019,32564,0,29545,3019,0,1
2024-10-02,8,Loading…,42960,6089,49049,0,42960,6089,0,0
2024-10-02,9,Gaeta Spur FC,28168,4039,32207,0,28168,4039,0,0
2024-10-02,10,Rashid Shaheed Truthers,33676,1492,35168,0,33676,1492,0,1
2024-10-02,11,All You Need Is LOVE,33211,7227,40438,0,33211,7227,0,2
2024-10-02,12,Omar Comin,30604,380,30984,0,30604,380,0,1
2024-10-03,1,208 Ferrari Way,37951,615,38566,0,37951,615,0,1
2024-10-03,2,The Federal Reserve,50373,2712,53085,0,50373,2712,0,1
2024-10-03,3,Golden Hour,34092,6089,40181,0,34092,6089,0,0
2024-10-03,4,Lisan al-Caleb,38803,2973,41776,0,38803,2973,0,3
2024-10-03,5,Mommy Rainier,35073,6089,41162,0,35073,6089,0,2
2024-10-03,6,Mostly Washed,35416,1492,36908,0,35416,1492,0,0
2024-10-03,7,Cártel de Breece y Puka,29545,3019,32564,0,29545,3019,0,1
2024-10-03,8,Loading…,42880,6089,48969,0,42880,6089,0,1
2024-10-03,9,Gaeta Spur FC,27320,4039,31359,0,27320,4039,0,0
2024-10-03,10,Rashid Shaheed Truthers,33676,1492,35168,0,33676,1492,0,1
2024-10-03,11,All You Need Is LOVE,33211,7227,40438,0,33211,7227,0,2
2024-10-03,12,Omar Comin,30604,380,30984,0,30604,380,0,1
2024-10-04,1,208 Ferrari Way,36619,592,37211,36619,0,592,0,0
2024-10-04,2,The Federal Reserve,52774,2691,55465,52774,0,2691,0,0
2024-10-04,3,Golden Hour,33430,6090,39520,33430,0,6090,0,0
2024-10-04,4,Lisan al-Caleb,38897,2942,41839,38897,0,2942,0,1
2024-10-04,5,Mommy Rainier,33689,6090,39779,33689,0,6090,0,0
2024-10-04,6,Mostly Washed,36444,1463,37907,36444,0,1463,0,0
2024-10-04,7,Cártel de Breece y Puka,28967,2987,31954,28967,0,2987,0,0
2024-10-04,8,Loading…,42398,6090,48488,42398,0,6090,0,0
2024-10-04,9,Gaeta Spur FC,25010,3995,29005,25010,0,3995,0,0
2024-10-04,10,Rashid Shaheed Truthers,34410,1463,35873,34410,0,1463,0,0
2024-10-04,11,All You Need Is LOVE,33760,7212,40972,33760,0,7212,0,1
2024-10-04,12,Omar Comin,30459,365,30824,30459,0,365,0,1
2024-10-05,1,208 Ferrari Way,36608,592,37200,0,36608,592,0,0
2024-10-05,2,The Federal Reserve,52774,2691,55465,0,52774,2691,0,0
2024-10-05,3,Golden Hour,33430,6090,39520,0,33430,6090,0,0
2024-10-05,4,Lisan al-Caleb,38897,2942,41839,0,38897,2942,0,1
2024-10-05,5,Mommy Rainier,33689,6090,39779,0,33689,6090,0,0
2024-10-05,6,Mostly Washed,36444,1463,37907,0,36444,1463,0,0
2024-10-05,7,Cártel de Breece y Puka,28967,2987,31954,0,28967,2987,0,1
2024-10-05,8,Loading…,42398,6090,48488,0,42398,6090,0,0
2024-10-05,9,Gaeta Spur FC,25010,3995,29005,0,25010,3995,0,0
2024-10-05,10,Rashid Shaheed Truthers,34410,1463,35873,0,34410,1463,0,0
2024-10-05,11,All You Need Is LOVE,33760,7212,40972,0,33760,7212,0,1
2024-10-05,12,Omar Comin,30459,365,30824,0,30459,365,0,1
2024-10-06,1,208 Ferrari Way,36608,592,37200,0,36608,592,0,0
2024-10-06,2,The Federal Reserve,52774,2691,55465,0,52774,2691,0,0
2024-10-06,3,Golden Hour,33430,6090,39520,0,33430,6090,0,0
2024-10-06,4,Lisan al-Caleb,38897,2942,41839,0,38897,2942,0,1
2024-10-06,5,Mommy Rainier,33689,6090,39779,0,33689,6090,0,0
2024-10-06,6,Mostly Washed,36444,1463,37907,0,36444,1463,0,0
2024-10-06,7,Cártel de Breece y Puka,28967,2987,31954,0,28967,2987,0,1
2024-10-06,8,Loading…,42398,6090,48488,0,42398,6090,0,0
2024-10-06,9,Gaeta Spur FC,25010,3995,29005,0,25010,3995,0,0
2024-10-06,10,Rashid Shaheed Truthers,34410,1463,35873,0,34410,1463,0,0
2024-10-06,11,All You Need Is LOVE,33668,7212,40880,0,33668,7212,0,1
2024-10-06,12,Omar Comin,30459,365,30824,0,30459,365,0,1
2024-10-07,1,208 Ferrari Way,36608,592,37200,0,36608,592,0,0
2024-10-07,2,The Federal Reserve,52774,2691,55465,0,52774,2691,0,0
2024-10-07,3,Golden Hour,33430,6090,39520,0,33430,6090,0,0
2024-10-07,4,Lisan al-Caleb,38897,2942,41839,0,38897,2942,0,1
2024-10-07,5,Mommy Rainier,33689,6090,39779,0,33689,6090,0,0
2024-10-07,6,Mostly Washed,36444,1463,37907,0,36444,1463,0,0
2024-10-07,7,Cártel de Breece y Puka,28967,2987,31954,0,28967,2987,0,1
2024-10-07,8,Loading…,42398,6090,48488,0,42398,6090,0,0
2024-10-07,9,Gaeta Spur FC,25010,3995,29005,0,25010,3995,0,0
2024-10-07,10,Rashid Shaheed Truthers,34410,1463,35873,0,34410,1463,0,0
2024-10-07,11,All You Need Is LOVE,33668,7212,40880,0,33668,7212,0,1
2024-10-07,12,Omar Comin,30459,365,30824,0,30459,365,0,1
2024-10-08,1,208 Ferrari Way,36608,592,37200,0,36608,592,0,0
2024-10-08,2,The Federal Reserve,52774,2691,55465,0,52774,2691,0,0
2024-10-08,3,Golden Hour,33430,6090,39520,0,33430,6090,0,0
2024-10-08,4,Lisan al-Caleb,38897,2942,41839,0,38897,2942,0,1
2024-10-08,5,Mommy Rainier,33689,6090,39779,0,33689,6090,0,0
2024-10-08,6,Mostly Washed,36444,1463,37907,0,36444,1463,0,0
2024-10-08,7,Cártel de Breece y Puka,28967,2987,31954,0,28967,2987,0,1
2024-10-08,8,Loading…,42398,6090,48488,0,42398,6090,0,0
2024-10-08,9,Gaeta Spur FC,25010,3995,29005,0,25010,3995,0,0
2024-10-08,10,Rashid Shaheed Truthers,34410,1463,35873,0,34410,1463,0,0
2024-10-08,11,All You Need Is LOVE,33668,7212,40880,0,33668,7212,0,1
2024-10-08,12,Omar Comin,30459,365,30824,0,30459,365,0,1
2024-10-09,1,208 Ferrari Way,36611,592,37203,0,36611,592,0,0
2024-10-09,2,The Federal Reserve,52849,2691,55540,0,52849,2691,0,0
2024-10-09,3,Golden Hour,33355,6090,39445,0,33355,6090,0,0
2024-10-09,4,Lisan al-Caleb,38897,2942,41839,0,38897,2942,0,1
2024-10-09,5,Mommy Rainier,33689,6090,39779,0,33689,6090,0,0
2024-10-09,6,Mostly Washed,36444,1463,37907,0,36444,1463,0,0
2024-10-09,7,Cártel de Breece y Puka,28874,2987,31861,0,28874,2987,0,1
2024-10-09,8,Loading…,42410,6090,48500,0,42410,6090,0,0
2024-10-09,9,Gaeta Spur FC,25000,3995,28995,0,25000,3995,0,0
2024-10-09,10,Rashid Shaheed Truthers,34410,1463,35873,0,34410,1463,0,0
2024-10-09,11,All You Need Is LOVE,33668,7212,40880,0,33668,7212,0,1
2024-10-09,12,Omar Comin,30459,365,30824,0,30459,365,0,1
2024-10-10,1,208 Ferrari Way,36611,592,37203,0,36611,592,0,0
2024-10-10,2,The Federal Reserve,52849,2691,55540,0,52849,2691,0,0
2024-10-10,3,Golden Hour,33355,6090,39445,0,33355,6090,0,0
2024-10-10,4,Lisan al-Caleb,38897,2942,41839,0,38897,2942,0,1
2024-10-10,5,Mommy Rainier,33689,6090,39779,0,33689,6090,0,0
2024-10-10,6,Mostly Washed,36444,1463,37907,0,36444,1463,0,0
2024-10-10,7,Cártel de Breece y Puka,28874,2987,31861,0,28874,2987,0,1
2024-10-10,8,Loading…,42410,6090,48500,0,42410,6090,0,0
2024-10-10,9,Gaeta Spur FC,25000,3995,28995,0,25000,3995,0,0
2024-10-10,10,Rashid Shaheed Truthers,34410,1463,35873,0,34410,1463,0,0
2024-10-10,11,All You Need Is LOVE,33668,7212,40880,0,33668,7212,0,1
2024-10-10,12,Omar Comin,30459,365,30824,0,30459,365,0,1
2024-10-11,1,208 Ferrari Way,34549,587,35136,34549,0,587,0,0
2024-10-11,2,The Federal Reserve,52392,2726,55118,52392,0,2726,0,0
2024-10-11,3,Golden Hour,34860,6194,41054,34858,2,6194,0,0
2024-10-11,4,Lisan al-Caleb,39522,2979,42501,39518,4,2979,0,1
2024-10-11,5,Mommy Rainier,33526,6194,39720,33524,2,6194,0,0
2024-10-11,6,Mostly Washed,34314,1469,35783,34314,0,1469,0,0
2024-10-11,7,Cártel de Breece y Puka,29513,3022,32535,29513,0,3022,0,1
2024-10-11,8,Loading…,41998,6194,48192,41998,0,6194,0,0
2024-10-11,9,Gaeta Spur FC,27258,4041,31299,27258,0,4041,0,0
2024-10-11,10,Rashid Shaheed Truthers,35821,1469,37290,35816,5,1469,0,0
2024-10-11,11,All You Need Is LOVE,34352,7329,41681,34352,0,7329,0,1
2024-10-11,12,Omar Comin,31055,364,31419,31055,0,364,0,1
2024-10-12,1,208 Ferrari Way,34549,587,35136,0,34549,587,0,0
2024-10-12,2,The Federal Reserve,52392,2726,55118,0,52392,2726,0,1
2024-10-12,3,Golden Hour,34858,6194,41052,0,34858,6194,0,1
2024-10-12,4,Lisan al-Caleb,39518,2979,42497,0,39518,2979,0,2
2024-10-12,5,Mommy Rainier,33524,6194,39718,0,33524,6194,0,1
2024-10-12,6,Mostly Washed,34314,1469,35783,0,34314,1469,0,0
2024-10-12,7,Cártel de Breece y Puka,29513,3022,32535,0,29513,3022,0,1
2024-10-12,8,Loading…,41977,6194,48171,0,41977,6194,0,0
2024-10-12,9,Gaeta Spur FC,27258,4041,31299,0,27258,4041,0,0
2024-10-12,10,Rashid Shaheed Truthers,35816,1469,37285,0,35816,1469,0,1
2024-10-12,11,All You Need Is LOVE,34330,7329,41659,0,34330,7329,0,1
2024-10-12,12,Omar Comin,31055,364,31419,0,31055,364,0,1
2024-10-13,1,208 Ferrari Way,34549,587,35136,0,34549,587,0,0
2024-10-13,2,The Federal Reserve,52392,2726,55118,0,52392,2726,0,1
2024-10-13,3,Golden Hour,34858,6194,41052,0,34858,6194,0,1
2024-10-13,4,Lisan al-Caleb,39518,2979,42497,0,39518,2979,0,2
2024-10-13,5,Mommy Rainier,33524,6194,39718,0,33524,6194,0,1
2024-10-13,6,Mostly Washed,34314,1469,35783,0,34314,1469,0,0
2024-10-13,7,Cártel de Breece y Puka,29513,3022,32535,0,29513,3022,0,1
2024-10-13,8,Loading…,41977,6194,48171,0,41977,6194,0,0
2024-10-13,9,Gaeta Spur FC,27258,4041,31299,0,27258,4041,0,0
2024-10-13,10,Rashid Shaheed Truthers,35816,1469,37285,0,35816,1469,0,1
2024-10-13,11,All You Need Is LOVE,34330,7329,41659,0,34330,7329,0,1
2024-10-13,12,Omar Comin,31055,364,31419,0,31055,364,0,1
2024-10-14,1,208 Ferrari Way,34549,587,35136,0,34549,587,0,0
2024-10-14,2,The Federal Reserve,52392,2726,55118,0,52392,2726,0,1
2024-10-14,3,Golden Hour,34858,6194,41052,0,34858,6194,0,1
2024-10-14,4,Lisan al-Caleb,39518,2979,42497,0,39518,2979,0,2
2024-10-14,5,Mommy Rainier,33524,6194,39718,0,33524,6194,0,1
2024-10-14,6,Mostly Washed,34314,1469,35783,0,34314,1469,0,0
2024-10-14,7,Cártel de Breece y Puka,29513,3022,32535,0,29513,3022,0,1
2024-10-14,8,Loading…,41977,6194,48171,0,41977,6194,0,0
2024-10-14,9,Gaeta Spur FC,27258,4041,31299,0,27258,4041,0,0
2024-10-14,10,Rashid Shaheed Truthers,35816,1469,37285,0,35816,1469,0,1
2024-10-14,11,All You Need Is LOVE,34330,7329,41659,0,34330,7329,0,1
2024-10-14,12,Omar Comin,31055,364,31419,0,31055,364,0,1
2024-10-15,1,208 Ferrari Way,34549,587,35136,0,34549,587,0,0
2024-10-15,2,The Federal Reserve,52392,2726,55118,0,52392,2726,0,1
2024-10-15,3,Golden Hour,34858,6194,41052,0,34858,6194,0,1
2024-10-15,4,Lisan al-Caleb,39518,2979,42497,0,39518,2979,0,2
2024-10-15,5,Mommy Rainier,33524,6194,39718,0,33524,6194,0,1
2024-10-15,6,Mostly Washed,34314,1469,35783,0,34314,1469,0,0
2024-10-15,7,Cártel de Breece y Puka,29513,3022,32535,0,29513,3022,0,1
2024-10-15,8,Loading…,41977,6194,48171,0,41977,6194,0,0
2024-10-15,9,Gaeta Spur FC,27258,4041,31299,0,27258,4041,0,0
2024-10-15,10,Rashid Shaheed Truthers,35816,1469,37285,0,35816,1469,0,1
2024-10-15,11,All You Need Is LOVE,34330,7329,41659,0,34330,7329,0,1
2024-10-15,12,Omar Comin,31055,364,31419,0,31055,364,0,1
2024-10-16,1,208 Ferrari Way,34107,587,34694,0,34107,587,0,0
2024-10-16,2,The Federal Reserve,52392,2726,55118,0,52392,2726,0,1
2024-10-16,3,Golden Hour,34858,6194,41052,0,34858,6194,0,2
2024-10-16,4,Lisan al-Caleb,39518,2979,42497,0,39518,2979,0,2
2024-10-16,5,Mommy Rainier,33489,6194,39683,0,33489,6194,0,0
2024-10-16,6,Mostly Washed,34314,1469,35783,0,34314,1469,0,0
2024-10-16,7,Cártel de Breece y Puka,29522,3022,32544,0,29522,3022,0,0
2024-10-16,8,Loading…,41961,6194,48155,0,41961,6194,0,1
2024-10-16,9,Gaeta Spur FC,27664,4041,31705,0,27664,4041,0,0
2024-10-16,10,Rashid Shaheed Truthers,35816,1469,37285,0,35816,1469,0,1
2024-10-16,11,All You Need Is LOVE,34330,7329,41659,0,34330,7329,0,1
2024-10-16,12,Omar Comin,31058,364,31422,0,31058,364,0,0
2024-10-17,1,208 Ferrari Way,34107,587,34694,0,34107,587,0,0
2024-10-17,2,The Federal Reserve,52392,2726,55118,0,52392,2726,0,1
2024-10-17,3,Golden Hour,34858,6194,41052,0,34858,6194,0,2
2024-10-17,4,Lisan al-Caleb,39518,2979,42497,0,39518,2979,0,2
2024-10-17,5,Mommy Rainier,33489,6194,39683,0,33489,6194,0,0
2024-10-17,6,Mostly Washed,34314,1469,35783,0,34314,1469,0,0
2024-10-17,7,Cártel de Breece y Puka,29522,3022,32544,0,29522,3022,0,0
2024-10-17,8,Loading…,41961,6194,48155,0,41961,6194,0,1
2024-10-17,9,Gaeta Spur FC,27664,4041,31705,0,27664,4041,0,0
2024-10-17,10,Rashid Shaheed Truthers,35816,1469,37285,0,35816,1469,0,1
2024-10-17,11,All You Need Is LOVE,34330,7329,41659,0,34330,7329,0,1
2024-10-17,12,Omar Comin,31058,364,31422,0,31058,364,0,0
2024-10-18,1,208 Ferrari Way,36013,614,36627,35957,56,614,0,0
2024-10-18,2,The Federal Reserve,52693,2682,55375,52684,9,2682,0,1
2024-10-18,3,Golden Hour,33343,6019,39362,33343,0,6019,0,2
2024-10-18,4,Lisan al-Caleb,40014,2940,42954,40011,3,2940,0,1
2024-10-18,5,Mommy Rainier,33588,6019,39607,33588,0,6019,0,0
2024-10-18,6,Mostly Washed,34375,1480,35855,34375,0,1480,0,0
2024-10-18,7,Cártel de Breece y Puka,30284,2987,33271,30280,4,2987,0,0
2024-10-18,8,Loading…,43611,6019,49630,43611,0,6019,0,0
2024-10-18,9,Gaeta Spur FC,27154,3995,31149,27154,0,3995,0,1
2024-10-18,10,Rashid Shaheed Truthers,35670,1480,37150,35670,0,1480,0,0
2024-10-18,11,All You Need Is LOVE,31299,7143,38442,31299,0,7143,0,0
2024-10-18,12,Omar Comin,28795,378,29173,28795,0,378,0,0
2024-10-19,1,208 Ferrari Way,35957,614,36571,0,35957,614,0,1
2024-10-19,2,The Federal Reserve,52684,2682,55366,0,52684,2682,0,2
2024-10-19,3,Golden Hour,33343,6019,39362,0,33343,6019,0,2
2024-10-19,4,Lisan al-Caleb,40011,2940,42951,0,40011,2940,0,2
2024-10-19,5,Mommy Rainier,33588,6019,39607,0,33588,6019,0,0
2024-10-19,6,Mostly Washed,34375,1480,35855,0,34375,1480,0,0
2024-10-19,7,Cártel de Breece y Puka,30280,2987,33267,0,30280,2987,0,1
2024-10-19,8,Loading…,43611,6019,49630,0,43611,6019,0,0
2024-10-19,9,Gaeta Spur FC,27154,3995,31149,0,27154,3995,0,1
2024-10-19,10,Rashid Shaheed Truthers,35670,1480,37150,0,35670,1480,0,0
2024-10-19,11,All You Need Is LOVE,31299,7143,38442,0,31299,7143,0,0
2024-10-19,12,Omar Comin,28795,378,29173,0,28795,378,0,0
2024-10-20,1,208 Ferrari Way,35957,614,36571,0,35957,614,0,1
2024-10-20,2,The Federal Reserve,52686,2682,55368,0,52686,2682,0,0
2024-10-20,3,Golden Hour,33343,6019,39362,0,33343,6019,0,2
2024-10-20,4,Lisan al-Caleb,40011,2940,42951,0,40011,2940,0,2
2024-10-20,5,Mommy Rainier,33588,6019,39607,0,33588,6019,0,0
2024-10-20,6,Mostly Washed,34375,1480,35855,0,34375,1480,0,0
2024-10-20,7,Cártel de Breece y Puka,30280,2987,33267,0,30280,2987,0,1
2024-10-20,8,Loading…,43611,6019,49630,0,43611,6019,0,0
2024-10-20,9,Gaeta Spur FC,27154,3995,31149,0,27154,3995,0,1
2024-10-20,10,Rashid Shaheed Truthers,35670,1480,37150,0,35670,1480,0,0
2024-10-20,11,All You Need Is LOVE,31299,7143,38442,0,31299,7143,0,0
2024-10-20,12,Omar Comin,28795,378,29173,0,28795,378,0,0
2024-10-21,1,208 Ferrari Way,35957,614,36571,0,35957,614,0,1
2024-10-21,2,The Federal Reserve,52686,2682,55368,0,52686,2682,0,0
2024-10-21,3,Golden Hour,33343,6019,39362,0,33343,6019,0,2
2024-10-21,4,Lisan al-Caleb,40011,2940,42951,0,40011,2940,0,2
2024-10-21,5,Mommy Rainier,33588,6019,39607,0,33588,6019,0,0
2024-10-21,6,Mostly Washed,34375,1480,35855,0,34375,1480,0,0
2024-10-21,7,Cártel de Breece y Puka,30280,2987,33267,0,30280,2987,0,1
2024-10-21,8,Loading…,43611,6019,49630,0,43611,6019,0,0
2024-10-21,9,Gaeta Spur FC,27154,3995,31149,0,27154,3995,0,1
2024-10-21,10,Rashid Shaheed Truthers,35670,1480,37150,0,35670,1480,0,0
2024-10-21,11,All You Need Is LOVE,31299,7143,38442,0,31299,7143,0,0
2024-10-21,12,Omar Comin,28795,378,29173,0,28795,378,0,0
2024-10-22,1,208 Ferrari Way,35957,614,36571,0,35957,614,0,1
2024-10-22,2,The Federal Reserve,52686,2682,55368,0,52686,2682,0,0
2024-10-22,3,Golden Hour,33343,6019,39362,0,33343,6019,0,2
2024-10-22,4,Lisan al-Caleb,40011,2940,42951,0,40011,2940,0,2
2024-10-22,5,Mommy Rainier,33588,6019,39607,0,33588,6019,0,0
2024-10-22,6,Mostly Washed,34375,1480,35855,0,34375,1480,0,0
2024-10-22,7,Cártel de Breece y Puka,30280,2987,33267,0,30280,2987,0,1
2024-10-22,8,Loading…,43611,6019,49630,0,43611,6019,0,0
2024-10-22,9,Gaeta Spur FC,27154,3995,31149,0,27154,3995,0,1
2024-10-22,10,Rashid Shaheed Truthers,35670,1480,37150,0,35670,1480,0,0
2024-10-22,11,All You Need Is LOVE,31299,7143,38442,0,31299,7143,0,0
2024-10-22,12,Omar Comin,28795,378,29173,0,28795,378,0,0
2024-10-23,1,208 Ferrari Way,34084,2858,36942,0,34084,2858,0,1
2024-10-23,2,The Federal Reserve,52684,2682,55366,0,52684,2682,0,1
2024-10-23,3,Golden Hour,32288,6019,38307,0,32288,6019,0,2
2024-10-23,4,Lisan al-Caleb,40011,2940,42951,0,40011,2940,0,2
2024-10-23,5,Mommy Rainier,33588,6019,39607,0,33588,6019,0,0
2024-10-23,6,Mostly Washed,34375,1480,35855,0,34375,1480,0,0
2024-10-23,7,Cártel de Breece y Puka,32124,743,32867,0,32124,743,0,1
2024-10-23,8,Loading…,43613,6019,49632,0,43613,6019,0,0
2024-10-23,9,Gaeta Spur FC,27203,3995,31198,0,27203,3995,0,0
2024-10-23,10,Rashid Shaheed Truthers,35670,1480,37150,0,35670,1480,0,0
2024-10-23,11,All You Need Is LOVE,31301,7143,38444,0,31301,7143,0,0
2024-10-23,12,Omar Comin,28721,378,29099,0,28721,378,0,0
2024-10-24,1,208 Ferrari Way,34084,2858,36942,0,34084,2858,0,1
2024-10-24,2,The Federal Reserve,52684,2682,55366,0,52684,2682,0,1
2024-10-24,3,Golden Hour,32318,6019,38337,0,32318,6019,0,2
2024-10-24,4,Lisan al-Caleb,40011,2940,42951,0,40011,2940,0,2
2024-10-24,5,Mommy Rainier,33588,6019,39607,0,33588,6019,0,0
2024-10-24,6,Mostly Washed,34375,1480,35855,0,34375,1480,0,0
2024-10-24,7,Cártel de Breece y Puka,32121,743,32864,0,32121,743,0,1
2024-10-24,8,Loading…,43443,6019,49462,0,43443,6019,0,0
2024-10-24,9,Gaeta Spur FC,27203,3995,31198,0,27203,3995,0,0
2024-10-24,10,Rashid Shaheed Truthers,35721,1480,37201,0,35721,1480,0,0
2024-10-24,11,All You Need Is LOVE,31301,7143,38444,0,31301,7143,0,0
2024-10-24,12,Omar Comin,28734,378,29112,0,28734,378,0,0
2024-10-25,1,208 Ferrari Way,32391,2897,35288,32391,0,2897,0,0
2024-10-25,2,The Federal Reserve,53138,2731,55869,53138,0,2731,0,0
2024-10-25,3,Golden Hour,33249,6221,39470,33249,0,6221,0,2
2024-10-25,4,Lisan al-Caleb,40118,2983,43101,40118,0,2983,0,1
2024-10-25,5,Mommy Rainier,33456,6221,39677,33456,0,6221,0,0
2024-10-25,6,Mostly Washed,34533,1467,36000,34533,0,1467,0,0
2024-10-25,7,Cártel de Breece y Puka,31032,713,31745,31032,0,713,0,1
2024-10-25,8,Loading…,41857,6221,48078,41853,4,6221,0,0
2024-10-25,9,Gaeta Spur FC,28033,4045,32078,28033,0,4045,0,0
2024-10-25,10,Rashid Shaheed Truthers,36205,1467,37672,36203,2,1467,0,0
2024-10-25,11,All You Need Is LOVE,33540,7356,40896,33540,0,7356,0,0
2024-10-25,12,Omar Comin,30215,362,30577,30215,0,362,0,0
2024-10-26,1,208 Ferrari Way,32391,2897,35288,0,32391,2897,0,0
2024-10-26,2,The Federal Reserve,53138,2731,55869,0,53138,2731,0,0
2024-10-26,3,Golden Hour,33249,6221,39470,0,33249,6221,0,2
2024-10-26,4,Lisan al-Caleb,40118,2983,43101,0,40118,2983,0,1
2024-10-26,5,Mommy Rainier,26863,6221,33084,0,26863,6221,0,0
2024-10-26,6,Mostly Washed,34533,1467,36000,0,34533,1467,0,0
2024-10-26,7,Cártel de Breece y Puka,37625,713,38338,0,37625,713,0,1
2024-10-26,8,Loading…,41853,6221,48074,0,41853,6221,0,1
2024-10-26,9,Gaeta Spur FC,28033,4045,32078,0,28033,4045,0,0
2024-10-26,10,Rashid Shaheed Truthers,36203,1467,37670,0,36203,1467,0,1
2024-10-26,11,All You Need Is LOVE,33544,7356,40900,0,33544,7356,0,0
2024-10-26,12,Omar Comin,30215,362,30577,0,30215,362,0,0
2024-10-27,1,208 Ferrari Way,32391,2897,35288,0,32391,2897,0,0
2024-10-27,2,The Federal Reserve,53138,2731,55869,0,53138,2731,0,0
2024-10-27,3,Golden Hour,33249,6221,39470,0,33249,6221,0,2
2024-10-27,4,Lisan al-Caleb,40118,2983,43101,0,40118,2983,0,1
2024-10-27,5,Mommy Rainier,26859,6221,33080,0,26859,6221,0,0
2024-10-27,6,Mostly Washed,34533,1467,36000,0,34533,1467,0,0
2024-10-27,7,Cártel de Breece y Puka,37635,713,38348,0,37635,713,0,1
2024-10-27,8,Loading…,41853,6221,48074,0,41853,6221,0,1
2024-10-27,9,Gaeta Spur FC,27966,4045,32011,0,27966,4045,0,0
2024-10-27,10,Rashid Shaheed Truthers,36203,1467,37670,0,36203,1467,0,1
2024-10-27,11,All You Need Is LOVE,33597,7356,40953,0,33597,7356,0,0
2024-10-27,12,Omar Comin,30215,362,30577,0,30215,362,0,0
2024-10-28,1,208 Ferrari Way,32391,2897,35288,0,32391,2897,0,0
2024-10-28,2,The Federal Reserve,53138,2731,55869,0,53138,2731,0,0
2024-10-28,3,Golden Hour,33249,6221,39470,0,33249,6221,0,2
2024-10-28,4,Lisan al-Caleb,40118,2983,43101,0,40118,2983,0,1
2024-10-28,5,Mommy Rainier,26859,6221,33080,0,26859,6221,0,0
2024-10-28,6,Mostly Washed,34533,1467,36000,0,34533,1467,0,0
2024-10-28,7,Cártel de Breece y Puka,37635,713,38348,0,37635,713,0,1
2024-10-28,8,Loading…,41853,6221,48074,0,41853,6221,0,1
2024-10-28,9,Gaeta Spur FC,27966,4045,32011,0,27966,4045,0,0
2024-10-28,10,Rashid Shaheed Truthers,36203,1467,37670,0,36203,1467,0,1
2024-10-28,11,All You Need Is LOVE,33597,7356,40953,0,33597,7356,0,0
2024-10-28,12,Omar Comin,30215,362,30577,0,30215,362,0,0
2024-10-29,1,208 Ferrari Way,32391,2897,35288,0,32391,2897,0,0
2024-10-29,2,The Federal Reserve,53138,2731,55869,0,53138,2731,0,0
2024-10-29,3,Golden Hour,33249,6221,39470,0,33249,6221,0,2
2024-10-29,4,Lisan al-Caleb,40118,2983,43101,0,40118,2983,0,1
2024-10-29,5,Mommy Rainier,26859,6221,33080,0,26859,6221,0,0
2024-10-29,6,Mostly Washed,34533,1467,36000,0,34533,1467,0,0
2024-10-29,7,Cártel de Breece y Puka,37635,713,38348,0,37635,713,0,1
2024-10-29,8,Loading…,41853,6221,48074,0,41853,6221,0,1
2024-10-29,9,Gaeta Spur FC,27966,4045,32011,0,27966,4045,0,0
2024-10-29,10,Rashid Shaheed Truthers,36203,1467,37670,0,36203,1467,0,1
2024-10-29,11,All You Need Is LOVE,33597,7356,40953,0,33597,7356,0,0
2024-10-29,12,Omar Comin,30215,362,30577,0,30215,362,0,0
2024-10-30,1,208 Ferrari Way,32435,2897,35332,0,32435,2897,0,0
2024-10-30,2,The Federal Reserve,53261,2731,55992,0,53261,2731,0,0
2024-10-30,3,Golden Hour,33229,6221,39450,0,33229,6221,0,2
2024-10-30,4,Lisan al-Caleb,40118,2983,43101,0,40118,2983,0,1
2024-10-30,5,Mommy Rainier,26859,6221,33080,0,26859,6221,0,0
2024-10-30,6,Mostly Washed,34533,1467,36000,0,34533,1467,0,0
2024-10-30,7,Cártel de Breece y Puka,37618,713,38331,0,37618,713,0,1
2024-10-30,8,Loading…,41853,6221,48074,0,41853,6221,0,1
2024-10-30,9,Gaeta Spur FC,27966,4045,32011,0,27966,4045,0,0
2024-10-30,10,Rashid Shaheed Truthers,36203,1467,37670,0,36203,1467,0,1
2024-10-30,11,All You Need Is LOVE,33613,7356,40969,0,33613,7356,0,0
2024-10-30,12,Omar Comin,30215,362,30577,0,30215,362,0,0
2024-10-31,1,208 Ferrari Way,32435,2897,35332,0,32435,2897,0,0
2024-10-31,2,The Federal Reserve,53261,2731,55992,0,53261,2731,0,0
2024-10-31,3,Golden Hour,33229,6221,39450,0,33229,6221,0,2
2024-10-31,4,Lisan al-Caleb,40118,2983,43101,0,40118,2983,0,1
2024-10-31,5,Mommy Rainier,26859,6221,33080,0,26859,6221,0,0
2024-10-31,6,Mostly Washed,34533,1467,36000,0,34533,1467,0,0
2024-10-31,7,Cártel de Breece y Puka,37618,713,38331,0,37618,713,0,1
2024-10-31,8,Loading…,41853,6221,48074,0,41853,6221,0,1
2024-10-31,9,Gaeta Spur FC,27966,4045,32011,0,27966,4045,0,0
2024-10-31,10,Rashid Shaheed Truthers,36203,1467,37670,0,36203,1467,0,1
2024-10-31,11,All You Need Is LOVE,33613,7356,40969,0,33613,7356,0,0
2024-10-31,12,Omar Comin,30215,362,30577,0,30215,362,0,0
2024-11-01,1,208 Ferrari Way,33824,3041,36865,33824,0,3041,0,0
2024-11-01,2,The Federal Reserve,55223,2877,58100,55223,0,2877,0,0
2024-11-01,3,Golden Hour,32773,6646,39419,32773,0,6646,0,1
2024-11-01,4,Lisan al-Caleb,39424,3131,42555,39424,0,3131,0,1
2024-11-01,5,Mommy Rainier,25706,6646,32352,25706,0,6646,0,0
2024-11-01,6,Mostly Washed,37065,1511,38576,37065,0,1511,0,0
2024-11-01,7,Cártel de Breece y Puka,36579,716,37295,36579,0,716,0,0
2024-11-01,8,Loading…,41298,6646,47944,41298,0,6646,0,0
2024-11-01,9,Gaeta Spur FC,28039,4237,32276,28039,0,4237,0,0
2024-11-01,10,Rashid Shaheed Truthers,36703,1511,38214,36703,0,1511,0,0
2024-11-01,11,All You Need Is LOVE,31245,7828,39073,31245,0,7828,0,0
2024-11-01,12,Omar Comin,28181,362,28543,28181,0,362,0,0
2024-11-02,1,208 Ferrari Way,33824,3041,36865,0,33824,3041,0,0
2024-11-02,2,The Federal Reserve,55223,2877,58100,0,55223,2877,0,0
2024-11-02,3,Golden Hour,32773,6646,39419,0,32773,6646,0,1
2024-11-02,4,Lisan al-Caleb,39424,3131,42555,0,39424,3131,0,1
2024-11-02,5,Mommy Rainier,25706,6646,32352,0,25706,6646,0,0
2024-11-02,6,Mostly Washed,37065,1511,38576,0,37065,1511,0,0
2024-11-02,7,Cártel de Breece y Puka,36555,716,37271,0,36555,716,0,0
2024-11-02,8,Loading…,41298,6646,47944,0,41298,6646,0,0
2024-11-02,9,Gaeta Spur FC,28039,4237,32276,0,28039,4237,0,0
2024-11-02,10,Rashid Shaheed Truthers,36703,1511,38214,0,36703,1511,0,0
2024-11-02,11,All You Need Is LOVE,31245,7828,39073,0,31245,7828,0,0
2024-11-02,12,Omar Comin,28181,362,28543,0,28181,362,0,0
2024-11-03,1,208 Ferrari Way,33824,3041,36865,0,33824,3041,0,0
2024-11-03,2,The Federal Reserve,55223,2877,58100,0,55223,2877,0,0
2024-11-03,3,Golden Hour,32865,6646,39511,0,32865,6646,0,1
2024-11-03,4,Lisan al-Caleb,39424,3131,42555,0,39424,3131,0,1
2024-11-03,5,Mommy Rainier,25732,6646,32378,0,25732,6646,0,0
2024-11-03,6,Mostly Washed,37065,1511,38576,0,37065,1511,0,0
2024-11-03,7,Cártel de Breece y Puka,36555,716,37271,0,36555,716,0,0
2024-11-03,8,Loading…,41298,6646,47944,0,41298,6646,0,0
2024-11-03,9,Gaeta Spur FC,28039,4237,32276,0,28039,4237,0,0
2024-11-03,10,Rashid Shaheed Truthers,36703,1511,38214,0,36703,1511,0,0
2024-11-03,11,All You Need Is LOVE,31245,7828,39073,0,31245,7828,0,0
2024-11-03,12,Omar Comin,28181,362,28543,0,28181,362,0,0
2024-11-04,1,208 Ferrari Way,33824,3041,36865,0,33824,3041,0,0
2024-11-04,2,The Federal Reserve,55223,2877,58100,0,55223,2877,0,0
2024-11-04,3,Golden Hour,32865,6646,39511,0,32865,6646,0,1
2024-11-04,4,Lisan al-Caleb,39424,3131,42555,0,39424,3131,0,1
2024-11-04,5,Mommy Rainier,25683,6646,32329,0,25683,6646,0,0
2024-11-04,6,Mostly Washed,37065,1511,38576,0,37065,1511,0,0
2024-11-04,7,Cártel de Breece y Puka,36555,716,37271,0,36555,716,0,0
2024-11-04,8,Loading…,41298,6646,47944,0,41298,6646,0,0
2024-11-04,9,Gaeta Spur FC,28039,4237,32276,0,28039,4237,0,0
2024-11-04,10,Rashid Shaheed Truthers,36703,1511,38214,0,36703,1511,0,0
2024-11-04,11,All You Need Is LOVE,31245,7828,39073,0,31245,7828,0,0
2024-11-04,12,Omar Comin,28208,362,28570,0,28208,362,0,0
2024-11-05,1,208 Ferrari Way,33824,3041,36865,0,33824,3041,0,0
2024-11-05,2,The Federal Reserve,55223,2877,58100,0,55223,2877,0,0
2024-11-05,3,Golden Hour,32865,6646,39511,0,32865,6646,0,1
2024-11-05,4,Lisan al-Caleb,39424,3131,42555,0,39424,3131,0,1
2024-11-05,5,Mommy Rainier,25459,6646,32105,0,25459,6646,0,0
2024-11-05,6,Mostly Washed,37065,1511,38576,0,37065,1511,0,0
2024-11-05,7,Cártel de Breece y Puka,36555,716,37271,0,36555,716,0,0
2024-11-05,8,Loading…,41298,6646,47944,0,41298,6646,0,0
2024-11-05,9,Gaeta Spur FC,28039,4237,32276,0,28039,4237,0,0
2024-11-05,10,Rashid Shaheed Truthers,36703,1511,38214,0,36703,1511,0,0
2024-11-05,11,All You Need Is LOVE,31245,7828,39073,0,31245,7828,0,0
2024-11-05,12,Omar Comin,28208,362,28570,0,28208,362,0,0
2024-11-06,1,208 Ferrari Way,33826,3041,36867,0,33826,3041,0,0
2024-11-06,2,The Federal Reserve,55304,2877,58181,0,55304,2877,0,0
2024-11-06,3,Golden Hour,32865,6646,39511,0,32865,6646,0,1
2024-11-06,4,Lisan al-Caleb,39432,3131,42563,0,39432,3131,0,1
2024-11-06,5,Mommy Rainier,25459,6646,32105,0,25459,6646,0,0
2024-11-06,6,Mostly Washed,37065,1511,38576,0,37065,1511,0,0
2024-11-06,7,Cártel de Breece y Puka,36555,716,37271,0,36555,716,0,0
2024-11-06,8,Loading…,41298,6646,47944,0,41298,6646,0,0
2024-11-06,9,Gaeta Spur FC,28039,4237,32276,0,28039,4237,0,0
2024-11-06,10,Rashid Shaheed Truthers,36703,1511,38214,0,36703,1511,0,0
2024-11-06,11,All You Need Is LOVE,31245,7828,39073,0,31245,7828,0,0
2024-11-06,12,Omar Comin,28208,362,28570,0,28208,362,0,0
2024-11-07,1,208 Ferrari Way,33826,3041,36867,0,33826,3041,0,0
2024-11-07,2,The Federal Reserve,55304,2877,58181,0,55304,2877,0,0
2024-11-07,3,Golden Hour,32802,6646,39448,0,32802,6646,0,1
2024-11-07,4,Lisan al-Caleb,39432,3131,42563,0,39432,3131,0,1
2024-11-07,5,Mommy Rainier,25478,6646,32124,0,25478,6646,0,0
2024-11-07,6,Mostly Washed,37289,1511,38800,0,37289,1511,0,0
2024-11-07,7,Cártel de Breece y Puka,36555,716,37271,0,36555,716,0,0
2024-11-07,8,Loading…,41298,6646,47944,0,41298,6646,0,0
2024-11-07,9,Gaeta Spur FC,28077,4237,32314,0,28077,4237,0,0
2024-11-07,10,Rashid Shaheed Truthers,36703,1511,38214,0,36703,1511,0,0
2024-11-07,11,All You Need Is LOVE,31245,7828,39073,0,31245,7828,0,0
2024-11-07,12,Omar Comin,28208,362,28570,0,28208,362,0,0
2024-11-08,1,208 Ferrari Way,34673,3059,37732,34673,0,3059,0,0
2024-11-08,2,The Federal Reserve,55855,2895,58750,55855,0,2895,0,0
2024-11-08,3,Golden Hour,32540,6680,39220,32540,0,6680,0,1
2024-11-08,4,Lisan al-Caleb,40009,3151,43160,40009,0,3151,0,1
2024-11-08,5,Mommy Rainier,25988,6680,32668,25988,0,6680,0,0
2024-11-08,6,Mostly Washed,37775,1521,39296,37775,0,1521,0,0
2024-11-08,7,Cártel de Breece y Puka,36274,722,36996,36274,0,722,0,0
2024-11-08,8,Loading…,42098,6680,48778,42098,0,6680,0,0
2024-11-08,9,Gaeta Spur FC,28608,4263,32871,28608,0,4263,0,0
2024-11-08,10,Rashid Shaheed Truthers,37066,1521,38587,37066,0,1521,0,0
2024-11-08,11,All You Need Is LOVE,32414,7869,40283,32414,0,7869,0,0
2024-11-08,12,Omar Comin,28143,367,28510,28143,0,367,0,0
2024-11-09,1,208 Ferrari Way,34386,3072,37458,0,34386,3072,0,0
2024-11-09,2,The Federal Reserve,55855,2895,58750,0,55855,2895,0,0
2024-11-09,3,Golden Hour,31670,7971,39641,0,31670,7971,0,1
2024-11-09,4,Lisan al-Caleb,40009,3151,43160,0,40009,3151,0,1
2024-11-09,5,Mommy Rainier,25988,6680,32668,0,25988,6680,0,0
2024-11-09,6,Mostly Washed,38062,1508,39570,0,38062,1508,0,0
2024-11-09,7,Cártel de Breece y Puka,36274,722,36996,0,36274,722,0,0
2024-11-09,8,Loading…,42098,6680,48778,0,42098,6680,0,0
2024-11-09,9,Gaeta Spur FC,29387,2972,32359,0,29387,2972,0,0
2024-11-09,10,Rashid Shaheed Truthers,37066,1521,38587,0,37066,1521,0,0
2024-11-09,11,All You Need Is LOVE,32414,7869,40283,0,32414,7869,0,0
2024-11-09,12,Omar Comin,28143,367,28510,0,28143,367,0,0
2024-11-10,1,208 Ferrari Way,34386,3072,37458,0,34386,3072,0,0
2024-11-10,2,The Federal Reserve,55855,2895,58750,0,55855,2895,0,0
2024-11-10,3,Golden Hour,31689,7971,39660,0,31689,7971,0,2
2024-11-10,4,Lisan al-Caleb,40009,3151,43160,0,40009,3151,0,1
2024-11-10,5,Mommy Rainier,25990,6680,32670,0,25990,6680,0,0
2024-11-10,6,Mostly Washed,38062,1508,39570,0,38062,1508,0,0
2024-11-10,7,Cártel de Breece y Puka,36274,722,36996,0,36274,722,0,0
2024-11-10,8,Loading…,42098,6680,48778,0,42098,6680,0,0
2024-11-10,9,Gaeta Spur FC,29387,2972,32359,0,29387,2972,0,0
2024-11-10,10,Rashid Shaheed Truthers,37066,1521,38587,0,37066,1521,0,0
2024-11-10,11,All You Need Is LOVE,32414,7869,40283,0,32414,7869,0,0
2024-11-10,12,Omar Comin,28143,367,28510,0,28143,367,0,0
2024-11-11,1,208 Ferrari Way,34386,3072,37458,0,34386,3072,0,0
2024-11-11,2,The Federal Reserve,55855,2895,58750,0,55855,2895,0,0
2024-11-11,3,Golden Hour,31689,7971,39660,0,31689,7971,0,2
2024-11-11,4,Lisan al-Caleb,40009,3151,43160,0,40009,3151,0,1
2024-11-11,5,Mommy Rainier,25990,6680,32670,0,25990,6680,0,0
2024-11-11,6,Mostly Washed,38062,1508,39570,0,38062,1508,0,0
2024-11-11,7,Cártel de Breece y Puka,36274,722,36996,0,36274,722,0,0
2024-11-11,8,Loading…,42098,6680,48778,0,42098,6680,0,0
2024-11-11,9,Gaeta Spur FC,29387,2972,32359,0,29387,2972,0,0
2024-11-11,10,Rashid Shaheed Truthers,37066,1521,38587,0,37066,1521,0,0
2024-11-11,11,All You Need Is LOVE,32414,7869,40283,0,32414,7869,0,0
2024-11-11,12,Omar Comin,28143,367,28510,0,28143,367,0,0
2024-11-12,1,208 Ferrari Way,34386,3072,37458,0,34386,3072,0,0
2024-11-12,2,The Federal Reserve,55855,2895,58750,0,55855,2895,0,0
2024-11-12,3,Golden Hour,31689,7971,39660,0,31689,7971,0,2
2024-11-12,4,Lisan al-Caleb,41523,409,41932,0,41523,409,0,1
2024-11-12,5,Mommy Rainier,25990,6680,32670,0,25990,6680,0,0
2024-11-12,6,Mostly Washed,38062,1508,39570,0,38062,1508,0,0
2024-11-12,7,Cártel de Breece y Puka,36274,722,36996,0,36274,722,0,0
2024-11-12,8,Loading…,42098,6680,48778,0,42098,6680,0,0
2024-11-12,9,Gaeta Spur FC,29387,2972,32359,0,29387,2972,0,0
2024-11-12,10,Rashid Shaheed Truthers,39024,255,39279,0,39024,255,0,0
2024-11-12,11,All You Need Is LOVE,30456,9135,39591,0,30456,9135,0,0
2024-11-12,12,Omar Comin,26627,3109,29736,0,26627,3109,0,0
2024-11-13,1,208 Ferrari Way,34386,3072,37458,0,34386,3072,0,0
2024-11-13,2,The Federal Reserve,55784,2895,58679,0,55784,2895,0,0
2024-11-13,3,Golden Hour,31753,7971,39724,0,31753,7971,0,2
2024-11-13,4,Lisan al-Caleb,41523,409,41932,0,41523,409,0,1
2024-11-13,5,Mommy Rainier,27900,765,28665,0,27900,765,0,0
2024-11-13,6,Mostly Washed,38062,1508,39570,0,38062,1508,0,0
2024-11-13,7,Cártel de Breece y Puka,35270,662,35932,0,35270,662,0,0
2024-11-13,8,Loading…,42098,6680,48778,0,42098,6680,0,0
2024-11-13,9,Gaeta Spur FC,30427,3032,33459,0,30427,3032,0,0
2024-11-13,10,Rashid Shaheed Truthers,39024,255,39279,0,39024,255,0,0
2024-11-13,11,All You Need Is LOVE,30456,9135,39591,0,30456,9135,0,0
2024-11-13,12,Omar Comin,24711,9024,33735,0,24711,9024,0,0
2024-11-14,1,208 Ferrari Way,34386,3072,37458,0,34386,3072,0,0
2024-11-14,2,The Federal Reserve,55610,2895,58505,0,55610,2895,0,0
2024-11-14,3,Golden Hour,31753,7971,39724,0,31753,7971,0,2
2024-11-14,4,Lisan al-Caleb,41523,409,41932,0,41523,409,0,1
2024-11-14,5,Mommy Rainier,27900,765,28665,0,27900,765,0,0
2024-11-14,6,Mostly Washed,38062,1508,39570,0,38062,1508,0,0
2024-11-14,7,Cártel de Breece y Puka,35270,662,35932,0,35270,662,0,0
2024-11-14,8,Loading…,42098,6680,48778,0,42098,6680,0,0
2024-11-14,9,Gaeta Spur FC,30427,3032,33459,0,30427,3032,0,0
2024-11-14,10,Rashid Shaheed Truthers,39024,255,39279,0,39024,255,0,0
2024-11-14,11,All You Need Is LOVE,30552,9135,39687,0,30552,9135,0,0
2024-11-14,12,Omar Comin,24711,9024,33735,0,24711,9024,0,0
2024-11-15,1,208 Ferrari Way,29755,3107,32862,29727,28,3107,0,0
2024-11-15,2,The Federal Reserve,51840,2912,54752,51840,0,2912,0,0
2024-11-15,3,Golden Hour,32201,7895,40096,32161,40,7895,0,1
2024-11-15,4,Lisan al-Caleb,42641,442,43083,42625,16,442,0,1
2024-11-15,5,Mommy Rainier,29381,814,30195,29372,9,814,0,0
2024-11-15,6,Mostly Washed,35938,1570,37508,35919,19,1570,0,0
2024-11-15,7,Cártel de Breece y Puka,39700,712,40412,39695,5,712,0,0
2024-11-15,8,Loading…,40057,6563,46620,40007,50,6563,0,0
2024-11-15,9,Gaeta Spur FC,30993,3063,34056,30993,0,3063,0,0
2024-11-15,10,Rashid Shaheed Truthers,37155,279,37434,37057,98,279,0,0
2024-11-15,11,All You Need Is LOVE,29175,9088,38263,29151,24,9088,0,0
2024-11-15,12,Omar Comin,26379,8887,35266,26373,6,8887,0,0
2024-11-16,1,208 Ferrari Way,29727,3107,32834,0,29727,3107,0,3
2024-11-16,2,The Federal Reserve,51840,2912,54752,0,51840,2912,0,0
2024-11-16,3,Golden Hour,32088,7895,39983,0,32088,7895,0,3
2024-11-16,4,Lisan al-Caleb,42625,442,43067,0,42625,442,0,2
2024-11-16,5,Mommy Rainier,32888,27,32915,0,32888,27,0,2
2024-11-16,6,Mostly Washed,35919,1570,37489,0,35919,1570,0,1
2024-11-16,7,Cártel de Breece y Puka,32512,1611,34123,0,32512,1611,0,1
2024-11-16,8,Loading…,44974,5776,50750,0,44974,5776,0,1
2024-11-16,9,Gaeta Spur FC,30993,3063,34056,0,30993,3063,0,0
2024-11-16,10,Rashid Shaheed Truthers,37057,279,37336,0,37057,279,0,2
2024-11-16,11,All You Need Is LOVE,29151,9088,38239,0,29151,9088,0,3
2024-11-16,12,Omar Comin,25250,9562,34812,0,25250,9562,0,2
2024-11-17,1,208 Ferrari Way,29727,3107,32834,0,29727,3107,0,3
2024-11-17,2,The Federal Reserve,51840,2912,54752,0,51840,2912,0,0
2024-11-17,3,Golden Hour,32088,7895,39983,0,32088,7895,0,3
2024-11-17,4,Lisan al-Caleb,42625,442,43067,0,42625,442,0,2
2024-11-17,5,Mommy Rainier,32888,27,32915,0,32888,27,0,2
2024-11-17,6,Mostly Washed,35919,1570,37489,0,35919,1570,0,1
2024-11-17,7,Cártel de Breece y Puka,32512,1611,34123,0,32512,1611,0,1
2024-11-17,8,Loading…,44974,5776,50750,0,44974,5776,0,1
2024-11-17,9,Gaeta Spur FC,30993,3063,34056,0,30993,3063,0,0
2024-11-17,10,Rashid Shaheed Truthers,37057,279,37336,0,37057,279,0,2
2024-11-17,11,All You Need Is LOVE,29151,9088,38239,0,29151,9088,0,3
2024-11-17,12,Omar Comin,25250,9562,34812,0,25250,9562,0,2
2024-11-18,1,208 Ferrari Way,29727,3107,32834,0,29727,3107,0,3
2024-11-18,2,The Federal Reserve,52019,2912,54931,0,52019,2912,0,0
2024-11-18,3,Golden Hour,32088,7895,39983,0,32088,7895,0,3
2024-11-18,4,Lisan al-Caleb,42625,442,43067,0,42625,442,0,2
2024-11-18,5,Mommy Rainier,32888,27,32915,0,32888,27,0,2
2024-11-18,6,Mostly Washed,35919,1570,37489,0,35919,1570,0,1
2024-11-18,7,Cártel de Breece y Puka,32211,1630,33841,0,32211,1630,0,1
2024-11-18,8,Loading…,44974,5776,50750,0,44974,5776,0,1
2024-11-18,9,Gaeta Spur FC,30993,3063,34056,0,30993,3063,0,0
2024-11-18,10,Rashid Shaheed Truthers,37057,279,37336,0,37057,279,0,2
2024-11-18,11,All You Need Is LOVE,29151,9088,38239,0,29151,9088,0,3
2024-11-18,12,Omar Comin,25372,9543,34915,0,25372,9543,0,1
2024-11-19,1,208 Ferrari Way,29727,3107,32834,0,29727,3107,0,3
2024-11-19,2,The Federal Reserve,52019,2912,54931,0,52019,2912,0,0
2024-11-19,3,Golden Hour,32088,7895,39983,0,32088,7895,0,3
2024-11-19,4,Lisan al-Caleb,42625,442,43067,0,42625,442,0,2
2024-11-19,5,Mommy Rainier,32888,27,32915,0,32888,27,0,2
2024-11-19,6,Mostly Washed,35919,1570,37489,0,35919,1570,0,1
2024-11-19,7,Cártel de Breece y Puka,32083,1630,33713,0,32083,1630,0,1
2024-11-19,8,Loading…,44974,5776,50750,0,44974,5776,0,1
2024-11-19,9,Gaeta Spur FC,30993,3063,34056,0,30993,3063,0,0
2024-11-19,10,Rashid Shaheed Truthers,37057,279,37336,0,37057,279,0,2
2024-11-19,11,All You Need Is LOVE,29151,9088,38239,0,29151,9088,0,3
2024-11-19,12,Omar Comin,25372,9543,34915,0,25372,9543,0,1
2024-11-20,1,208 Ferrari Way,29727,3107,32834,0,29727,3107,0,3
2024-11-20,2,The Federal Reserve,52019,2912,54931,0,52019,2912,0,0
2024-11-20,3,Golden Hour,32088,7895,39983,0,32088,7895,0,4
2024-11-20,4,Lisan al-Caleb,42625,442,43067,0,42625,442,0,2
2024-11-20,5,Mommy Rainier,32888,27,32915,0,32888,27,0,2
2024-11-20,6,Mostly Washed,35919,1570,37489,0,35919,1570,0,1
2024-11-20,7,Cártel de Breece y Puka,31862,1630,33492,0,31862,1630,0,1
2024-11-20,8,Loading…,44689,5776,50465,0,44689,5776,0,1
2024-11-20,9,Gaeta Spur FC,30993,3063,34056,0,30993,3063,0,0
2024-11-20,10,Rashid Shaheed Truthers,37057,279,37336,0,37057,279,0,2
2024-11-20,11,All You Need Is LOVE,29151,9088,38239,0,29151,9088,0,3
2024-11-20,12,Omar Comin,25372,9543,34915,0,25372,9543,0,2
2024-11-21,1,208 Ferrari Way,29855,3107,32962,0,29855,3107,0,2
2024-11-21,2,The Federal Reserve,52019,2912,54931,0,52019,2912,0,0
2024-11-21,3,Golden Hour,32088,7895,39983,0,32088,7895,0,4
2024-11-21,4,Lisan al-Caleb,42625,442,43067,0,42625,442,0,2
2024-11-21,5,Mommy Rainier,32888,27,32915,0,32888,27,0,2
2024-11-21,6,Mostly Washed,35919,1570,37489,0,35919,1570,0,1
2024-11-21,7,Cártel de Breece y Puka,31862,1630,33492,0,31862,1630,0,1
2024-11-21,8,Loading…,44689,5776,50465,0,44689,5776,0,1
2024-11-21,9,Gaeta Spur FC,30993,3063,34056,0,30993,3063,0,0
2024-11-21,10,Rashid Shaheed Truthers,37057,279,37336,0,37057,279,0,2
2024-11-21,11,All You Need Is LOVE,29151,9088,38239,0,29151,9088,0,3
2024-11-21,12,Omar Comin,25372,9543,34915,0,25372,9543,0,2
2024-11-22,1,208 Ferrari Way,33340,3061,36401,33340,0,3061,0,0
2024-11-22,2,The Federal Reserve,55985,2868,58853,55985,0,2868,0,0
2024-11-22,3,Golden Hour,32851,7803,40654,32851,0,7803,0,1
2024-11-22,4,Lisan al-Caleb,42299,435,42734,42299,0,435,0,1
2024-11-22,5,Mommy Rainier,31274,28,31302,31274,0,28,0,0
2024-11-22,6,Mostly Washed,38328,1538,39866,38328,0,1538,0,0
2024-11-22,7,Cártel de Breece y Puka,29346,1597,30943,29346,0,1597,0,0
2024-11-22,8,Loading…,45328,5729,51057,45328,0,5729,0,0
2024-11-22,9,Gaeta Spur FC,30924,3016,33940,30924,0,3016,0,0
2024-11-22,10,Rashid Shaheed Truthers,38720,277,38997,38720,0,277,0,0
2024-11-22,11,All You Need Is LOVE,28857,8968,37825,28857,0,8968,0,1
2024-11-22,12,Omar Comin,24889,9428,34317,24889,0,9428,0,0
2024-11-23,1,208 Ferrari Way,33340,3061,36401,0,33340,3061,0,0
2024-11-23,2,The Federal Reserve,55985,2868,58853,0,55985,2868,0,0
2024-11-23,3,Golden Hour,32851,7803,40654,0,32851,7803,0,1
2024-11-23,4,Lisan al-Caleb,42299,435,42734,0,42299,435,0,1
2024-11-23,5,Mommy Rainier,31306,28,31334,0,31306,28,0,0
2024-11-23,6,Mostly Washed,38328,1538,39866,0,38328,1538,0,0
2024-11-23,7,Cártel de Breece y Puka,29346,1597,30943,0,29346,1597,0,0
2024-11-23,8,Loading…,45328,5729,51057,0,45328,5729,0,0
2024-11-23,9,Gaeta Spur FC,30924,3016,33940,0,30924,3016,0,0
2024-11-23,10,Rashid Shaheed Truthers,38720,277,38997,0,38720,277,0,0
2024-11-23,11,All You Need Is LOVE,28857,8968,37825,0,28857,8968,0,1
2024-11-23,12,Omar Comin,24889,9428,34317,0,24889,9428,0,0
2024-11-24,1,208 Ferrari Way,33340,3061,36401,0,33340,3061,0,0
2024-11-24,2,The Federal Reserve,55985,2868,58853,0,55985,2868,0,0
2024-11-24,3,Golden Hour,32851,7803,40654,0,32851,7803,0,1
2024-11-24,4,Lisan al-Caleb,42299,435,42734,0,42299,435,0,1
2024-11-24,5,Mommy Rainier,31306,28,31334,0,31306,28,0,0
2024-11-24,6,Mostly Washed,38328,1538,39866,0,38328,1538,0,0
2024-11-24,7,Cártel de Breece y Puka,29346,1597,30943,0,29346,1597,0,0
2024-11-24,8,Loading…,45328,5729,51057,0,45328,5729,0,0
2024-11-24,9,Gaeta Spur FC,30924,3016,33940,0,30924,3016,0,0
2024-11-24,10,Rashid Shaheed Truthers,38720,277,38997,0,38720,277,0,0
2024-11-24,11,All You Need Is LOVE,28857,8968,37825,0,28857,8968,0,1
2024-11-24,12,Omar Comin,24956,9428,34384,0,24956,9428,0,0
2024-11-25,1,208 Ferrari Way,33340,3061,36401,0,33340,3061,0,0
2024-11-25,2,The Federal Reserve,55985,2868,58853,0,55985,2868,0,0
2024-11-25,3,Golden Hour,32851,7803,40654,0,32851,7803,0,1
2024-11-25,4,Lisan al-Caleb,42299,435,42734,0,42299,435,0,1
2024-11-25,5,Mommy Rainier,31306,28,31334,0,31306,28,0,0
2024-11-25,6,Mostly Washed,38328,1538,39866,0,38328,1538,0,0
2024-11-25,7,Cártel de Breece y Puka,29346,1597,30943,0,29346,1597,0,0
2024-11-25,8,Loading…,45328,5729,51057,0,45328,5729,0,0
2024-11-25,9,Gaeta Spur FC,30924,3016,33940,0,30924,3016,0,0
2024-11-25,10,Rashid Shaheed Truthers,38720,277,38997,0,38720,277,0,0
2024-11-25,11,All You Need Is LOVE,28857,8968,37825,0,28857,8968,0,1
2024-11-25,12,Omar Comin,24956,9428,34384,0,24956,9428,0,0
2024-11-26,1,208 Ferrari Way,33340,3061,36401,0,33340,3061,0,0
2024-11-26,2,The Federal Reserve,55985,2868,58853,0,55985,2868,0,0
2024-11-26,3,Golden Hour,32851,7803,40654,0,32851,7803,0,1
2024-11-26,4,Lisan al-Caleb,42299,435,42734,0,42299,435,0,1
2024-11-26,5,Mommy Rainier,31306,28,31334,0,31306,28,0,0
2024-11-26,6,Mostly Washed,38328,1538,39866,0,38328,1538,0,0
2024-11-26,7,Cártel de Breece y Puka,29346,1597,30943,0,29346,1597,0,0
2024-11-26,8,Loading…,45328,5729,51057,0,45328,5729,0,0
2024-11-26,9,Gaeta Spur FC,30924,3016,33940,0,30924,3016,0,0
2024-11-26,10,Rashid Shaheed Truthers,38720,277,38997,0,38720,277,0,0
2024-11-26,11,All You Need Is LOVE,28857,8968,37825,0,28857,8968,0,1
2024-11-26,12,Omar Comin,24956,9428,34384,0,24956,9428,0,0
2024-11-27,1,208 Ferrari Way,33337,3061,36398,0,33337,3061,0,1
2024-11-27,2,The Federal Reserve,55985,2868,58853,0,55985,2868,0,0
2024-11-27,3,Golden Hour,32851,7803,40654,0,32851,7803,0,1
2024-11-27,4,Lisan al-Caleb,42299,435,42734,0,42299,435,0,1
2024-11-27,5,Mommy Rainier,31306,28,31334,0,31306,28,0,0
2024-11-27,6,Mostly Washed,38328,1538,39866,0,38328,1538,0,0
2024-11-27,7,Cártel de Breece y Puka,29221,1597,30818,0,29221,1597,0,0
2024-11-27,8,Loading…,45328,5729,51057,0,45328,5729,0,0
2024-11-27,9,Gaeta Spur FC,30924,3016,33940,0,30924,3016,0,0
2024-11-27,10,Rashid Shaheed Truthers,38720,277,38997,0,38720,277,0,0
2024-11-27,11,All You Need Is LOVE,28857,8968,37825,0,28857,8968,0,1
2024-11-27,12,Omar Comin,24890,9428,34318,0,24890,9428,0,0
2024-11-28,1,208 Ferrari Way,33337,3061,36398,0,33337,3061,0,1
2024-11-28,2,The Federal Reserve,55985,2868,58853,0,55985,2868,0,0
2024-11-28,3,Golden Hour,32851,7803,40654,0,32851,7803,0,1
2024-11-28,4,Lisan al-Caleb,42299,435,42734,0,42299,435,0,1
2024-11-28,5,Mommy Rainier,31306,28,31334,0,31306,28,0,0
2024-11-28,6,Mostly Washed,38328,1538,39866,0,38328,1538,0,0
2024-11-28,7,Cártel de Breece y Puka,29221,1597,30818,0,29221,1597,0,0
2024-11-28,8,Loading…,45328,5729,51057,0,45328,5729,0,0
2024-11-28,9,Gaeta Spur FC,30924,3016,33940,0,30924,3016,0,0
2024-11-28,10,Rashid Shaheed Truthers,38720,277,38997,0,38720,277,0,0
2024-11-28,11,All You Need Is LOVE,28857,8968,37825,0,28857,8968,0,1
2024-11-28,12,Omar Comin,24890,9428,34318,0,24890,9428,0,0
2024-11-29,1,208 Ferrari Way,32587,3075,35662,32587,0,3075,0,1
2024-11-29,2,The Federal Reserve,53096,2864,55960,53096,0,2864,0,0
2024-11-29,3,Golden Hour,32421,7702,40123,32421,0,7702,0,0
2024-11-29,4,Lisan al-Caleb,38102,469,38571,38102,0,469,0,0
2024-11-29,5,Mommy Rainier,29664,32,29696,29664,0,32,0,0
2024-11-29,6,Mostly Washed,40563,1583,42146,40563,0,1583,0,0
2024-11-29,7,Cártel de Breece y Puka,31652,1697,33349,31652,0,1697,0,0
2024-11-29,8,Loading…,41866,5567,47433,41866,0,5567,0,0
2024-11-29,9,Gaeta Spur FC,31845,3025,34870,31845,0,3025,0,0
2024-11-29,10,Rashid Shaheed Truthers,37947,306,38253,37947,0,306,0,0
2024-11-29,11,All You Need Is LOVE,27754,8873,36627,27754,0,8873,0,0
2024-11-29,12,Omar Comin,26060,9291,35351,26060,0,9291,0,0
2024-11-30,1,208 Ferrari Way,32587,3075,35662,0,32587,3075,0,1
2024-11-30,2,The Federal Reserve,53096,2864,55960,0,53096,2864,0,0
2024-11-30,3,Golden Hour,32421,7702,40123,0,32421,7702,0,0
2024-11-30,4,Lisan al-Caleb,38102,469,38571,0,38102,469,0,0
2024-11-30,5,Mommy Rainier,29664,32,29696,0,29664,32,0,0
2024-11-30,6,Mostly Washed,40563,1583,42146,0,40563,1583,0,0
2024-11-30,7,Cártel de Breece y Puka,31652,1697,33349,0,31652,1697,0,0
2024-11-30,8,Loading…,41866,5567,47433,0,41866,5567,0,0
2024-11-30,9,Gaeta Spur FC,31845,3025,34870,0,31845,3025,0,0
2024-11-30,10,Rashid Shaheed Truthers,37947,306,38253,0,37947,306,0,0
2024-11-30,11,All You Need Is LOVE,27754,8873,36627,0,27754,8873,0,0
2024-11-30,12,Omar Comin,26005,9291,35296,0,26005,9291,0,0
2024-12-01,1,208 Ferrari Way,32587,3075,35662,0,32587,3075,0,1
2024-12-01,2,The Federal Reserve,53096,2864,55960,0,53096,2864,0,0
2024-12-01,3,Golden Hour,32421,7702,40123,0,32421,7702,0,0
2024-12-01,4,Lisan al-Caleb,38102,469,38571,0,38102,469,0,0
2024-12-01,5,Mommy Rainier,29664,32,29696,0,29664,32,0,0
2024-12-01,6,Mostly Washed,40563,1583,42146,0,40563,1583,0,0
2024-12-01,7,Cártel de Breece y Puka,31652,1697,33349,0,31652,1697,0,0
2024-12-01,8,Loading…,41866,5567,47433,0,41866,5567,0,0
2024-12-01,9,Gaeta Spur FC,31845,3025,34870,0,31845,3025,0,0
2024-12-01,10,Rashid Shaheed Truthers,37947,306,38253,0,37947,306,0,0
2024-12-01,11,All You Need Is LOVE,27754,8873,36627,0,27754,8873,0,0
2024-12-01,12,Omar Comin,26005,9291,35296,0,26005,9291,0,0
2024-12-02,1,208 Ferrari Way,32587,3075,35662,0,32587,3075,0,1
2024-12-02,2,The Federal Reserve,53096,2864,55960,0,53096,2864,0,0
2024-12-02,3,Golden Hour,32421,7702,40123,0,32421,7702,0,0
2024-12-02,4,Lisan al-Caleb,38102,469,38571,0,38102,469,0,0
2024-12-02,5,Mommy Rainier,29664,32,29696,0,29664,32,0,0
2024-12-02,6,Mostly Washed,40563,1583,42146,0,40563,1583,0,0
2024-12-02,7,Cártel de Breece y Puka,31652,1697,33349,0,31652,1697,0,0
2024-12-02,8,Loading…,41866,5567,47433,0,41866,5567,0,0
2024-12-02,9,Gaeta Spur FC,31845,3025,34870,0,31845,3025,0,0
2024-12-02,10,Rashid Shaheed Truthers,37947,306,38253,0,37947,306,0,0
2024-12-02,11,All You Need Is LOVE,27754,8873,36627,0,27754,8873,0,0
2024-12-02,12,Omar Comin,26005,9291,35296,0,26005,9291,0,0
2024-12-03,1,208 Ferrari Way,32587,3075,35662,0,32587,3075,0,1
2024-12-03,2,The Federal Reserve,53096,2864,55960,0,53096,2864,0,0
2024-12-03,3,Golden Hour,32421,7702,40123,0,32421,7702,0,0
2024-12-03,4,Lisan al-Caleb,38102,469,38571,0,38102,469,0,0
2024-12-03,5,Mommy Rainier,29664,32,29696,0,29664,32,0,0
2024-12-03,6,Mostly Washed,40563,1583,42146,0,40563,1583,0,0
2024-12-03,7,Cártel de Breece y Puka,31652,1697,33349,0,31652,1697,0,0
2024-12-03,8,Loading…,41866,5567,47433,0,41866,5567,0,0
2024-12-03,9,Gaeta Spur FC,31845,3025,34870,0,31845,3025,0,0
2024-12-03,10,Rashid Shaheed Truthers,37947,306,38253,0,37947,306,0,0
2024-12-03,11,All You Need Is LOVE,27754,8873,36627,0,27754,8873,0,0
2024-12-03,12,Omar Comin,26005,9291,35296,0,26005,9291,0,0
2024-12-04,1,208 Ferrari Way,32519,3075,35594,0,32519,3075,0,1
2024-12-04,2,The Federal Reserve,53096,2864,55960,0,53096,2864,0,0
2024-12-04,3,Golden Hour,32919,7702,40621,0,32919,7702,0,0
2024-12-04,4,Lisan al-Caleb,38102,469,38571,0,38102,469,0,0
2024-12-04,5,Mommy Rainier,29635,32,29667,0,29635,32,0,0
2024-12-04,6,Mostly Washed,40563,1583,42146,0,40563,1583,0,0
2024-12-04,7,Cártel de Breece y Puka,31758,1697,33455,0,31758,1697,0,0
2024-12-04,8,Loading…,41866,5567,47433,0,41866,5567,0,0
2024-12-04,9,Gaeta Spur FC,31649,3025,34674,0,31649,3025,0,0
2024-12-04,10,Rashid Shaheed Truthers,37947,306,38253,0,37947,306,0,0
2024-12-04,11,All You Need Is LOVE,27754,8873,36627,0,27754,8873,0,0
2024-12-04,12,Omar Comin,25978,9291,35269,0,25978,9291,0,0
2024-12-05,1,208 Ferrari Way,32519,3075,35594,0,32519,3075,0,1
2024-12-05,2,The Federal Reserve,53096,2864,55960,0,53096,2864,0,0
2024-12-05,3,Golden Hour,32919,7702,40621,0,32919,7702,0,0
2024-12-05,4,Lisan al-Caleb,38102,469,38571,0,38102,469,0,0
2024-12-05,5,Mommy Rainier,29635,32,29667,0,29635,32,0,0
2024-12-05,6,Mostly Washed,40563,1583,42146,0,40563,1583,0,0
2024-12-05,7,Cártel de Breece y Puka,31758,1697,33455,0,31758,1697,0,0
2024-12-05,8,Loading…,41866,5567,47433,0,41866,5567,0,0
2024-12-05,9,Gaeta Spur FC,31649,3025,34674,0,31649,3025,0,0
2024-12-05,10,Rashid Shaheed Truthers,37947,306,38253,0,37947,306,0,0
2024-12-05,11,All You Need Is LOVE,27754,8873,36627,0,27754,8873,0,0
2024-12-05,12,Omar Comin,25978,9291,35269,0,25978,9291,0,0
2024-12-06,1,208 Ferrari Way,33489,3297,36786,33489,0,3297,0,1
2024-12-06,2,The Federal Reserve,56345,3096,59441,56345,0,3096,0,0
2024-12-06,3,Golden Hour,34345,8421,42766,34345,0,8421,0,0
2024-12-06,4,Lisan al-Caleb,38680,460,39140,38676,4,460,0,0
2024-12-06,5,Mommy Rainier,28610,29,28639,28610,0,29,0,0
2024-12-06,6,Mostly Washed,40633,1651,42284,40633,0,1651,0,0
2024-12-06,7,Cártel de Breece y Puka,31003,1700,32703,31003,0,1700,0,0
2024-12-06,8,Loading…,43131,6195,49326,43131,0,6195,0,0
2024-12-06,9,Gaeta Spur FC,33117,3252,36369,33117,0,3252,0,0
2024-12-06,10,Rashid Shaheed Truthers,37325,291,37616,37325,0,291,0,0
2024-12-06,11,All You Need Is LOVE,28473,9680,38153,28473,0,9680,0,0
2024-12-06,12,Omar Comin,28038,10184,38222,28038,0,10184,0,0
2024-12-07,1,208 Ferrari Way,33489,3297,36786,0,33489,3297,0,1
2024-12-07,2,The Federal Reserve,56345,3096,59441,0,56345,3096,0,0
2024-12-07,3,Golden Hour,34345,8421,42766,0,34345,8421,0,0
2024-12-07,4,Lisan al-Caleb,38676,460,39136,0,38676,460,0,1
2024-12-07,5,Mommy Rainier,28564,29,28593,0,28564,29,0,0
2024-12-07,6,Mostly Washed,40633,1651,42284,0,40633,1651,0,0
2024-12-07,7,Cártel de Breece y Puka,31003,1700,32703,0,31003,1700,0,0
2024-12-07,8,Loading…,43131,6195,49326,0,43131,6195,0,0
2024-12-07,9,Gaeta Spur FC,33117,3252,36369,0,33117,3252,0,0
2024-12-07,10,Rashid Shaheed Truthers,37325,291,37616,0,37325,291,0,0
2024-12-07,11,All You Need Is LOVE,28473,9680,38153,0,28473,9680,0,0
2024-12-07,12,Omar Comin,28038,10184,38222,0,28038,10184,0,0
2024-12-08,1,208 Ferrari Way,33489,3297,36786,0,33489,3297,0,1
2024-12-08,2,The Federal Reserve,56345,3096,59441,0,56345,3096,0,0
2024-12-08,3,Golden Hour,34302,8421,42723,0,34302,8421,0,0
2024-12-08,4,Lisan al-Caleb,38676,460,39136,0,38676,460,0,1
2024-12-08,5,Mommy Rainier,28564,29,28593,0,28564,29,0,0
2024-12-08,6,Mostly Washed,40633,1651,42284,0,40633,1651,0,0
2024-12-08,7,Cártel de Breece y Puka,31003,1700,32703,0,31003,1700,0,0
2024-12-08,8,Loading…,43131,6195,49326,0,43131,6195,0,0
2024-12-08,9,Gaeta Spur FC,33117,3252,36369,0,33117,3252,0,0
2024-12-08,10,Rashid Shaheed Truthers,37325,291,37616,0,37325,291,0,0
2024-12-08,11,All You Need Is LOVE,28473,9680,38153,0,28473,9680,0,0
2024-12-08,12,Omar Comin,28038,10184,38222,0,28038,10184,0,0
2024-12-09,1,208 Ferrari Way,33489,3297,36786,0,33489,3297,0,1
2024-12-09,2,The Federal Reserve,56345,3096,59441,0,56345,3096,0,0
2024-12-09,3,Golden Hour,34302,8421,42723,0,34302,8421,0,0
2024-12-09,4,Lisan al-Caleb,38676,460,39136,0,38676,460,0,1
2024-12-09,5,Mommy Rainier,28564,29,28593,0,28564,29,0,0
2024-12-09,6,Mostly Washed,40633,1651,42284,0,40633,1651,0,0
2024-12-09,7,Cártel de Breece y Puka,31003,1700,32703,0,31003,1700,0,0
2024-12-09,8,Loading…,43131,6195,49326,0,43131,6195,0,0
2024-12-09,9,Gaeta Spur FC,33117,3252,36369,0,33117,3252,0,0
2024-12-09,10,Rashid Shaheed Truthers,37325,291,37616,0,37325,291,0,0
2024-12-09,11,All You Need Is LOVE,28473,9680,38153,0,28473,9680,0,0
2024-12-09,12,Omar Comin,28038,10184,38222,0,28038,10184,0,0
2024-12-10,1,208 Ferrari Way,33489,3297,36786,0,33489,3297,0,1
2024-12-10,2,The Federal Reserve,56345,3096,59441,0,56345,3096,0,0
2024-12-10,3,Golden Hour,34302,8421,42723,0,34302,8421,0,0
2024-12-10,4,Lisan al-Caleb,38676,460,39136,0,38676,460,0,1
2024-12-10,5,Mommy Rainier,28564,29,28593,0,28564,29,0,0
2024-12-10,6,Mostly Washed,40633,1651,42284,0,40633,1651,0,0
2024-12-10,7,Cártel de Breece y Puka,31003,1700,32703,0,31003,1700,0,0
2024-12-10,8,Loading…,43131,6195,49326,0,43131,6195,0,0
2024-12-10,9,Gaeta Spur FC,33117,3252,36369,0,33117,3252,0,0
2024-12-10,10,Rashid Shaheed Truthers,37325,291,37616,0,37325,291,0,0
2024-12-10,11,All You Need Is LOVE,28473,9680,38153,0,28473,9680,0,0
2024-12-10,12,Omar Comin,28038,10184,38222,0,28038,10184,0,0
2024-12-11,1,208 Ferrari Way,33489,3297,36786,0,33489,3297,0,1
2024-12-11,2,The Federal Reserve,56345,3096,59441,0,56345,3096,0,0
2024-12-11,3,Golden Hour,34302,8421,42723,0,34302,8421,0,0
2024-12-11,4,Lisan al-Caleb,38676,460,39136,0,38676,460,0,1
2024-12-11,5,Mommy Rainier,28566,29,28595,0,28566,29,0,0
2024-12-11,6,Mostly Washed,40633,1651,42284,0,40633,1651,0,0
2024-12-11,7,Cártel de Breece y Puka,31108,1700,32808,0,31108,1700,0,0
2024-12-11,8,Loading…,43131,6195,49326,0,43131,6195,0,0
2024-12-11,9,Gaeta Spur FC,33117,3252,36369,0,33117,3252,0,0
2024-12-11,10,Rashid Shaheed Truthers,37325,291,37616,0,37325,291,0,0
2024-12-11,11,All You Need Is LOVE,28473,9680,38153,0,28473,9680,0,0
2024-12-11,12,Omar Comin,28038,10184,38222,0,28038,10184,0,0
2024-12-12,1,208 Ferrari Way,33489,3297,36786,0,33489,3297,0,1
2024-12-12,2,The Federal Reserve,56345,3096,59441,0,56345,3096,0,0
2024-12-12,3,Golden Hour,34302,8421,42723,0,34302,8421,0,0
2024-12-12,4,Lisan al-Caleb,38676,460,39136,0,38676,460,0,1
2024-12-12,5,Mommy Rainier,28566,29,28595,0,28566,29,0,0
2024-12-12,6,Mostly Washed,40633,1651,42284,0,40633,1651,0,0
2024-12-12,7,Cártel de Breece y Puka,31108,1700,32808,0,31108,1700,0,0
2024-12-12,8,Loading…,43131,6195,49326,0,43131,6195,0,0
2024-12-12,9,Gaeta Spur FC,33117,3252,36369,0,33117,3252,0,0
2024-12-12,10,Rashid Shaheed Truthers,37325,291,37616,0,37325,291,0,0
2024-12-12,11,All You Need Is LOVE,28398,9680,38078,0,28398,9680,0,1
2024-12-12,12,Omar Comin,28038,10184,38222,0,28038,10184,0,0
2024-12-13,1,208 Ferrari Way,32570,3337,35907,32570,0,3337,0,1
2024-12-13,2,The Federal Reserve,54956,3117,58073,54956,0,3117,0,0
2024-12-13,3,Golden Hour,34129,8394,42523,34129,0,8394,0,0
2024-12-13,4,Lisan al-Caleb,39675,493,40168,39675,0,493,0,0
2024-12-13,5,Mommy Rainier,29151,33,29184,29151,0,33,0,0
2024-12-13,6,Mostly Washed,42084,1705,43789,42084,0,1705,0,0
2024-12-13,7,Cártel de Breece y Puka,32768,1800,34568,32768,0,1800,0,0
2024-12-13,8,Loading…,42988,6093,49081,42988,0,6093,0,0
2024-12-13,9,Gaeta Spur FC,33218,3286,36504,33218,0,3286,0,0
2024-12-13,10,Rashid Shaheed Truthers,37772,318,38090,37772,0,318,0,0
2024-12-13,11,All You Need Is LOVE,27886,9671,37557,27886,0,9671,0,1
2024-12-13,12,Omar Comin,27271,10137,37408,27271,0,10137,0,0
2024-12-14,1,208 Ferrari Way,32570,3337,35907,0,32570,3337,0,1
2024-12-14,2,The Federal Reserve,54956,3117,58073,0,54956,3117,0,0
2024-12-14,3,Golden Hour,34129,8394,42523,0,34129,8394,0,0
2024-12-14,4,Lisan al-Caleb,39675,493,40168,0,39675,493,0,0
2024-12-14,5,Mommy Rainier,29151,33,29184,0,29151,33,0,0
2024-12-14,6,Mostly Washed,42084,1705,43789,0,42084,1705,0,0
2024-12-14,7,Cártel de Breece y Puka,32768,1800,34568,0,32768,1800,0,0
2024-12-14,8,Loading…,42988,6093,49081,0,42988,6093,0,0
2024-12-14,9,Gaeta Spur FC,33218,3286,36504,0,33218,3286,0,0
2024-12-14,10,Rashid Shaheed Truthers,37772,318,38090,0,37772,318,0,0
2024-12-14,11,All You Need Is LOVE,27886,9671,37557,0,27886,9671,0,1
2024-12-14,12,Omar Comin,27271,10137,37408,0,27271,10137,0,0
2024-12-15,1,208 Ferrari Way,32570,3337,35907,0,32570,3337,0,1
2024-12-15,2,The Federal Reserve,54956,3117,58073,0,54956,3117,0,0
2024-12-15,3,Golden Hour,34129,8394,42523,0,34129,8394,0,0
2024-12-15,4,Lisan al-Caleb,39675,493,40168,0,39675,493,0,0
2024-12-15,5,Mommy Rainier,29151,33,29184,0,29151,33,0,0
2024-12-15,6,Mostly Washed,42084,1705,43789,0,42084,1705,0,0
2024-12-15,7,Cártel de Breece y Puka,32768,1800,34568,0,32768,1800,0,0
2024-12-15,8,Loading…,42988,6093,49081,0,42988,6093,0,0
2024-12-15,9,Gaeta Spur FC,33218,3286,36504,0,33218,3286,0,0
2024-12-15,10,Rashid Shaheed Truthers,37772,318,38090,0,37772,318,0,0
2024-12-15,11,All You Need Is LOVE,27886,9671,37557,0,27886,9671,0,1
2024-12-15,12,Omar Comin,27271,10137,37408,0,27271,10137,0,0
2024-12-16,1,208 Ferrari Way,32570,3337,35907,0,32570,3337,0,1
2024-12-16,2,The Federal Reserve,54956,3117,58073,0,54956,3117,0,0
2024-12-16,3,Golden Hour,34129,8394,42523,0,34129,8394,0,0
2024-12-16,4,Lisan al-Caleb,39675,493,40168,0,39675,493,0,0
2024-12-16,5,Mommy Rainier,29151,33,29184,0,29151,33,0,0
2024-12-16,6,Mostly Washed,42084,1705,43789,0,42084,1705,0,0
2024-12-16,7,Cártel de Breece y Puka,32768,1800,34568,0,32768,1800,0,0
2024-12-16,8,Loading…,42988,6093,49081,0,42988,6093,0,0
2024-12-16,9,Gaeta Spur FC,33218,3286,36504,0,33218,3286,0,0
2024-12-16,10,Rashid Shaheed Truthers,37772,318,38090,0,37772,318,0,0
2024-12-16,11,All You Need Is LOVE,27886,9671,37557,0,27886,9671,0,1
2024-12-16,12,Omar Comin,27271,10137,37408,0,27271,10137,0,0
2024-12-17,1,208 Ferrari Way,32570,3337,35907,0,32570,3337,0,1
2024-12-17,2,The Federal Reserve,54956,3117,58073,0,54956,3117,0,0
2024-12-17,3,Golden Hour,34129,8394,42523,0,34129,8394,0,0
2024-12-17,4,Lisan al-Caleb,39675,493,40168,0,39675,493,0,0
2024-12-17,5,Mommy Rainier,29151,33,29184,0,29151,33,0,0
2024-12-17,6,Mostly Washed,42084,1705,43789,0,42084,1705,0,0
2024-12-17,7,Cártel de Breece y Puka,32768,1800,34568,0,32768,1800,0,0
2024-12-17,8,Loading…,42988,6093,49081,0,42988,6093,0,0
2024-12-17,9,Gaeta Spur FC,33218,3286,36504,0,33218,3286,0,0
2024-12-17,10,Rashid Shaheed Truthers,37772,318,38090,0,37772,318,0,0
2024-12-17,11,All You Need Is LOVE,27886,9671,37557,0,27886,9671,0,1
2024-12-17,12,Omar Comin,27271,10137,37408,0,27271,10137,0,0
2024-12-18,1,208 Ferrari Way,32570,3337,35907,0,32570,3337,0,1
2024-12-18,2,The Federal Reserve,55064,3117,58181,0,55064,3117,0,0
2024-12-18,3,Golden Hour,34129,8394,42523,0,34129,8394,0,0
2024-12-18,4,Lisan al-Caleb,39675,493,40168,0,39675,493,0,0
2024-12-18,5,Mommy Rainier,29154,33,29187,0,29154,33,0,0
2024-12-18,6,Mostly Washed,42084,1705,43789,0,42084,1705,0,0
2024-12-18,7,Cártel de Breece y Puka,32804,1800,34604,0,32804,1800,0,0
2024-12-18,8,Loading…,42988,6093,49081,0,42988,6093,0,0
2024-12-18,9,Gaeta Spur FC,33218,3286,36504,0,33218,3286,0,0
2024-12-18,10,Rashid Shaheed Truthers,37772,318,38090,0,37772,318,0,0
2024-12-18,11,All You Need Is LOVE,27886,9671,37557,0,27886,9671,0,1
2024-12-18,12,Omar Comin,27299,10137,37436,0,27299,10137,0,0
2024-12-19,1,208 Ferrari Way,32570,3337,35907,0,32570,3337,0,1
2024-12-19,2,The Federal Reserve,55064,3117,58181,0,55064,3117,0,0
2024-12-19,3,Golden Hour,34129,8394,42523,0,34129,8394,0,0
2024-12-19,4,Lisan al-Caleb,39675,493,40168,0,39675,493,0,0
2024-12-19,5,Mommy Rainier,29154,33,29187,0,29154,33,0,0
2024-12-19,6,Mostly Washed,42084,1705,43789,0,42084,1705,0,0
2024-12-19,7,Cártel de Breece y Puka,32804,1800,34604,0,32804,1800,0,0
2024-12-19,8,Loading…,42988,6093,49081,0,42988,6093,0,0
2024-12-19,9,Gaeta Spur FC,33218,3286,36504,0,33218,3286,0,0
2024-12-19,10,Rashid Shaheed Truthers,37772,318,38090,0,37772,318,0,0
2024-12-19,11,All You Need Is LOVE,27886,9671,37557,0,27886,9671,0,1
2024-12-19,12,Omar Comin,27278,10137,37415,0,27278,10137,0,0
2024-12-20,1,208 Ferrari Way,33766,3308,37074,33766,0,3308,0,1
2024-12-20,2,The Federal Reserve,52928,3112,56040,52928,0,3112,0,0
2024-12-20,3,Golden Hour,32171,8511,40682,32171,0,8511,0,0
2024-12-20,4,Lisan al-Caleb,40045,449,40494,40043,2,449,0,0
2024-12-20,5,Mommy Rainier,30647,27,30674,30647,0,27,0,0
2024-12-20,6,Mostly Washed,41260,1642,42902,41260,0,1642,0,0
2024-12-20,7,Cártel de Breece y Puka,34384,1670,36054,34384,0,1670,0,0
2024-12-20,8,Loading…,40632,6297,46929,40632,0,6297,0,0
2024-12-20,9,Gaeta Spur FC,34417,3264,37681,34417,0,3264,0,0
2024-12-20,10,Rashid Shaheed Truthers,37633,280,37913,37633,0,280,0,0
2024-12-20,11,All You Need Is LOVE,29071,9775,38846,29071,0,9775,0,1
2024-12-20,12,Omar Comin,25909,10297,36206,25909,0,10297,0,0
2024-12-21,1,208 Ferrari Way,33766,3308,37074,0,33766,3308,0,1
2024-12-21,2,The Federal Reserve,52928,3112,56040,0,52928,3112,0,0
2024-12-21,3,Golden Hour,32171,8511,40682,0,32171,8511,0,0
2024-12-21,4,Lisan al-Caleb,40043,449,40492,0,40043,449,0,1
2024-12-21,5,Mommy Rainier,30647,27,30674,0,30647,27,0,0
2024-12-21,6,Mostly Washed,41260,1642,42902,0,41260,1642,0,0
2024-12-21,7,Cártel de Breece y Puka,34384,1670,36054,0,34384,1670,0,0
2024-12-21,8,Loading…,40632,6297,46929,0,40632,6297,0,0
2024-12-21,9,Gaeta Spur FC,34417,3264,37681,0,34417,3264,0,0
2024-12-21,10,Rashid Shaheed Truthers,37633,280,37913,0,37633,280,0,0
2024-12-21,11,All You Need Is LOVE,29071,9775,38846,0,29071,9775,0,1
2024-12-21,12,Omar Comin,25909,10297,36206,0,25909,10297,0,0
2024-12-22,1,208 Ferrari Way,33766,3308,37074,0,33766,3308,0,1
2024-12-22,2,The Federal Reserve,52928,3112,56040,0,52928,3112,0,0
2024-12-22,3,Golden Hour,32171,8511,40682,0,32171,8511,0,0
2024-12-22,4,Lisan al-Caleb,40043,449,40492,0,40043,449,0,1
2024-12-22,5,Mommy Rainier,30647,27,30674,0,30647,27,0,0
2024-12-22,6,Mostly Washed,41260,1642,42902,0,41260,1642,0,0
2024-12-22,7,Cártel de Breece y Puka,34384,1670,36054,0,34384,1670,0,0
2024-12-22,8,Loading…,40632,6297,46929,0,40632,6297,0,0
2024-12-22,9,Gaeta Spur FC,34417,3264,37681,0,34417,3264,0,0
2024-12-22,10,Rashid Shaheed Truthers,37633,280,37913,0,37633,280,0,0
2024-12-22,11,All You Need Is LOVE,29071,9775,38846,0,29071,9775,0,1
2024-12-22,12,Omar Comin,25909,10297,36206,0,25909,10297,0,0
2024-12-23,1,208 Ferrari Way,33766,3308,37074,0,33766,3308,0,1
2024-12-23,2,The Federal Reserve,52928,3112,56040,0,52928,3112,0,0
2024-12-23,3,Golden Hour,32171,8511,40682,0,32171,8511,0,0
2024-12-23,4,Lisan al-Caleb,40043,449,40492,0,40043,449,0,1
2024-12-23,5,Mommy Rainier,30647,27,30674,0,30647,27,0,0
2024-12-23,6,Mostly Washed,41260,1642,42902,0,41260,1642,0,0
2024-12-23,7,Cártel de Breece y Puka,34384,1670,36054,0,34384,1670,0,0
2024-12-23,8,Loading…,40632,6297,46929,0,40632,6297,0,0
2024-12-23,9,Gaeta Spur FC,34417,3264,37681,0,34417,3264,0,0
2024-12-23,10,Rashid Shaheed Truthers,37633,280,37913,0,37633,280,0,0
2024-12-23,11,All You Need Is LOVE,29071,9775,38846,0,29071,9775,0,1
2024-12-23,12,Omar Comin,25909,10297,36206,0,25909,10297,0,0
2024-12-24,1,208 Ferrari Way,33766,3308,37074,0,33766,3308,0,1
2024-12-24,2,The Federal Reserve,52928,3112,56040,0,52928,3112,0,0
2024-12-24,3,Golden Hour,32171,8511,40682,0,32171,8511,0,0
2024-12-24,4,Lisan al-Caleb,40043,449,40492,0,40043,449,0,1
2024-12-24,5,Mommy Rainier,30647,27,30674,0,30647,27,0,0
2024-12-24,6,Mostly Washed,41260,1642,42902,0,41260,1642,0,0
2024-12-24,7,Cártel de Breece y Puka,34384,1670,36054,0,34384,1670,0,0
2024-12-24,8,Loading…,40632,6297,46929,0,40632,6297,0,0
2024-12-24,9,Gaeta Spur FC,34417,3264,37681,0,34417,3264,0,0
2024-12-24,10,Rashid Shaheed Truthers,37633,280,37913,0,37633,280,0,0
2024-12-24,11,All You Need Is LOVE,29071,9775,38846,0,29071,9775,0,1
2024-12-24,12,Omar Comin,25909,10297,36206,0,25909,10297,0,0
2024-12-25,1,208 Ferrari Way,33766,3308,37074,0,33766,3308,0,1
2024-12-25,2,The Federal Reserve,52928,3112,56040,0,52928,3112,0,0
2024-12-25,3,Golden Hour,32158,8511,40669,0,32158,8511,0,0
2024-12-25,4,Lisan al-Caleb,40043,449,40492,0,40043,449,0,1
2024-12-25,5,Mommy Rainier,30647,27,30674,0,30647,27,0,0
2024-12-25,6,Mostly Washed,41260,1642,42902,0,41260,1642,0,0
2024-12-25,7,Cártel de Breece y Puka,34384,1670,36054,0,34384,1670,0,0
2024-12-25,8,Loading…,40632,6297,46929,0,40632,6297,0,0
2024-12-25,9,Gaeta Spur FC,34417,3264,37681,0,34417,3264,0,0
2024-12-25,10,Rashid Shaheed Truthers,37633,280,37913,0,37633,280,0,0
2024-12-25,11,All You Need Is LOVE,29071,9775,38846,0,29071,9775,0,1
2024-12-25,12,Omar Comin,25905,10297,36202,0,25905,10297,0,0
2024-12-26,1,208 Ferrari Way,33766,3308,37074,0,33766,3308,0,1
2024-12-26,2,The Federal Reserve,52928,3112,56040,0,52928,3112,0,0
2024-12-26,3,Golden Hour,32158,8511,40669,0,32158,8511,0,0
2024-12-26,4,Lisan al-Caleb,40043,449,40492,0,40043,449,0,1
2024-12-26,5,Mommy Rainier,30647,27,30674,0,30647,27,0,0
2024-12-26,6,Mostly Washed,41260,1642,42902,0,41260,1642,0,0
2024-12-26,7,Cártel de Breece y Puka,34383,1670,36053,0,34383,1670,0,0
2024-12-26,8,Loading…,40632,6297,46929,0,40632,6297,0,0
2024-12-26,9,Gaeta Spur FC,34417,3264,37681,0,34417,3264,0,0
2024-12-26,10,Rashid Shaheed Truthers,37633,280,37913,0,37633,280,0,0
2024-12-26,11,All You Need Is LOVE,29071,9775,38846,0,29071,9775,0,1
2024-12-26,12,Omar Comin,25905,10297,36202,0,25905,10297,0,0
2024-12-27,1,208 Ferrari Way,33220,3336,36556,33220,0,3336,0,1
2024-12-27,2,The Federal Reserve,54838,3136,57974,54838,0,3136,0,0
2024-12-27,3,Golden Hour,33193,8565,41758,33193,0,8565,0,0
2024-12-27,4,Lisan al-Caleb,40462,457,40919,40462,0,457,0,1
2024-12-27,5,Mommy Rainier,29566,28,29594,29566,0,28,0,0
2024-12-27,6,Mostly Washed,42453,1660,44113,42453,0,1660,0,0
2024-12-27,7,Cártel de Breece y Puka,33873,1697,35570,33873,0,1697,0,0
2024-12-27,8,Loading…,41772,6326,48098,41772,0,6326,0,0
2024-12-27,9,Gaeta Spur FC,33776,3291,37067,33776,0,3291,0,0
2024-12-27,10,Rashid Shaheed Truthers,37307,286,37593,37307,0,286,0,0
2024-12-27,11,All You Need Is LOVE,28005,9838,37843,28005,0,9838,0,1
2024-12-27,12,Omar Comin,26472,10360,36832,26472,0,10360,0,0
2024-12-28,1,208 Ferrari Way,33220,3336,36556,0,33220,3336,0,1
2024-12-28,2,The Federal Reserve,54838,3136,57974,0,54838,3136,0,0
2024-12-28,3,Golden Hour,33193,8565,41758,0,33193,8565,0,0
2024-12-28,4,Lisan al-Caleb,40462,457,40919,0,40462,457,0,1
2024-12-28,5,Mommy Rainier,29566,28,29594,0,29566,28,0,0
2024-12-28,6,Mostly Washed,42453,1660,44113,0,42453,1660,0,0
2024-12-28,7,Cártel de Breece y Puka,33871,1697,35568,0,33871,1697,0,0
2024-12-28,8,Loading…,41772,6326,48098,0,41772,6326,0,0
2024-12-28,9,Gaeta Spur FC,33776,3291,37067,0,33776,3291,0,0
2024-12-28,10,Rashid Shaheed Truthers,37307,286,37593,0,37307,286,0,0
2024-12-28,11,All You Need Is LOVE,28005,9838,37843,0,28005,9838,0,1
2024-12-28,12,Omar Comin,26474,10360,36834,0,26474,10360,0,0
2024-12-29,1,208 Ferrari Way,33220,3336,36556,0,33220,3336,0,1
2024-12-29,2,The Federal Reserve,54838,3136,57974,0,54838,3136,0,0
2024-12-29,3,Golden Hour,33193,8565,41758,0,33193,8565,0,0
2024-12-29,4,Lisan al-Caleb,40462,457,40919,0,40462,457,0,1
2024-12-29,5,Mommy Rainier,29566,28,29594,0,29566,28,0,0
2024-12-29,6,Mostly Washed,42453,1660,44113,0,42453,1660,0,0
2024-12-29,7,Cártel de Breece y Puka,33871,1697,35568,0,33871,1697,0,0
2024-12-29,8,Loading…,41772,6326,48098,0,41772,6326,0,0
2024-12-29,9,Gaeta Spur FC,33776,3291,37067,0,33776,3291,0,0
2024-12-29,10,Rashid Shaheed Truthers,37307,286,37593,0,37307,286,0,0
2024-12-29,11,All You Need Is LOVE,28005,9838,37843,0,28005,9838,0,1
2024-12-29,12,Omar Comin,26474,10360,36834,0,26474,10360,0,0
2024-12-30,1,208 Ferrari Way,33220,3336,36556,0,33220,3336,0,1
2024-12-30,2,The Federal Reserve,54838,3136,57974,0,54838,3136,0,0
2024-12-30,3,Golden Hour,33193,8565,41758,0,33193,8565,0,0
2024-12-30,4,Lisan al-Caleb,40462,457,40919,0,40462,457,0,1
2024-12-30,5,Mommy Rainier,29566,28,29594,0,29566,28,0,0
2024-12-30,6,Mostly Washed,42453,1660,44113,0,42453,1660,0,0
2024-12-30,7,Cártel de Breece y Puka,33871,1697,35568,0,33871,1697,0,0
2024-12-30,8,Loading…,41772,6326,48098,0,41772,6326,0,0
2024-12-30,9,Gaeta Spur FC,33776,3291,37067,0,33776,3291,0,0
2024-12-30,10,Rashid Shaheed Truthers,37307,286,37593,0,37307,286,0,0
2024-12-30,11,All You Need Is LOVE,28005,9838,37843,0,28005,9838,0,1
2024-12-30,12,Omar Comin,26474,10360,36834,0,26474,10360,0,0
2024-12-31,1,208 Ferrari Way,33220,3336,36556,0,33220,3336,0,1
2024-12-31,2,The Federal Reserve,54838,3136,57974,0,54838,3136,0,0
2024-12-31,3,Golden Hour,33193,8565,41758,0,33193,8565,0,0
2024-12-31,4,Lisan al-Caleb,40462,457,40919,0,40462,457,0,1
2024-12-31,5,Mommy Rainier,29564,28,29592,0,29564,28,0,0
2024-12-31,6,Mostly Washed,42453,1660,44113,0,42453,1660,0,0
2024-12-31,7,Cártel de Breece y Puka,33871,1697,35568,0,33871,1697,0,0
2024-12-31,8,Loading…,41772,6326,48098,0,41772,6326,0,0
2024-12-31,9,Gaeta Spur FC,33776,3291,37067,0,33776,3291,0,0
2024-12-31,10,Rashid Shaheed Truthers,37307,286,37593,0,37307,286,0,0
2024-12-31,11,All You Need Is LOVE,28005,9838,37843,0,28005,9838,0,1
2024-12-31,12,Omar Comin,26472,10360,36832,0,26472,10360,0,0
2025-01-01,1,208 Ferrari Way,33220,3336,36556,0,33220,3336,0,1
2025-01-01,2,The Federal Reserve,54838,3136,57974,0,54838,3136,0,0
2025-01-01,3,Golden Hour,33193,8565,41758,0,33193,8565,0,0
2025-01-01,4,Lisan al-Caleb,40462,457,40919,0,40462,457,0,1
2025-01-01,5,Mommy Rainier,29564,28,29592,0,29564,28,0,0
2025-01-01,6,Mostly Washed,42453,1660,44113,0,42453,1660,0,0
2025-01-01,7,Cártel de Breece y Puka,33871,1697,35568,0,33871,1697,0,0
2025-01-01,8,Loading…,41772,6326,48098,0,41772,6326,0,0
2025-01-01,9,Gaeta Spur FC,33776,3291,37067,0,33776,3291,0,0
2025-01-01,10,Rashid Shaheed Truthers,37307,286,37593,0,37307,286,0,0
2025-01-01,11,All You Need Is LOVE,28005,9838,37843,0,28005,9838,0,1
2025-01-01,12,Omar Comin,26472,10360,36832,0,26472,10360,0,0
2025-01-02,1,208 Ferrari Way,33220,3336,36556,0,33220,3336,0,1
2025-01-02,2,The Federal Reserve,54838,3136,57974,0,54838,3136,0,0
2025-01-02,3,Golden Hour,33193,8565,41758,0,33193,8565,0,0
2025-01-02,4,Lisan al-Caleb,40462,457,40919,0,40462,457,0,1
2025-01-02,5,Mommy Rainier,29564,28,29592,0,29564,28,0,0
2025-01-02,6,Mostly Washed,42453,1660,44113,0,42453,1660,0,0
2025-01-02,7,Cártel de Breece y Puka,33871,1697,35568,0,33871,1697,0,0
2025-01-02,8,Loading…,41772,6326,48098,0,41772,6326,0,0
2025-01-02,9,Gaeta Spur FC,33776,3291,37067,0,33776,3291,0,0
2025-01-02,10,Rashid Shaheed Truthers,37307,286,37593,0,37307,286,0,0
2025-01-02,11,All You Need Is LOVE,28005,9838,37843,0,28005,9838,0,1
2025-01-02,12,Omar Comin,26472,10360,36832,0,26472,10360,0,0
2025-01-03,1,208 Ferrari Way,33174,5008,38182,33174,0,5008,0,0
2025-01-03,2,The Federal Reserve,57032,4789,61821,57032,0,4789,0,0
2025-01-03,3,Golden Hour,33476,10672,44148,33476,0,10672,0,0
2025-01-03,4,Lisan al-Caleb,39547,6580,46127,39547,0,6580,0,1
2025-01-03,5,Mommy Rainier,28384,6130,34514,28384,0,6130,0,0
2025-01-03,6,Mostly Washed,41666,4668,46334,41666,0,4668,0,0
2025-01-03,7,Cártel de Breece y Puka,33626,3182,36808,33626,0,3182,0,0
2025-01-03,8,Loading…,40922,12988,53910,40922,0,12988,0,0
2025-01-03,9,Gaeta Spur FC,34181,6458,40639,34181,0,6458,0,0
2025-01-03,10,Rashid Shaheed Truthers,36581,3192,39773,36581,0,3192,0,0
2025-01-03,11,All You Need Is LOVE,29112,16757,45869,29112,0,16757,0,0
2025-01-03,12,Omar Comin,27159,14136,41295,27159,0,14136,0,0
2025-01-04,1,208 Ferrari Way,33174,5008,38182,0,33174,5008,0,0
2025-01-04,2,The Federal Reserve,57032,4789,61821,0,57032,4789,0,0
2025-01-04,3,Golden Hour,33476,10672,44148,0,33476,10672,0,0
2025-01-04,4,Lisan al-Caleb,39547,6580,46127,0,39547,6580,0,1
2025-01-04,5,Mommy Rainier,28384,6130,34514,0,28384,6130,0,0
2025-01-04,6,Mostly Washed,41666,4668,46334,0,41666,4668,0,0
2025-01-04,7,Cártel de Breece y Puka,33626,3182,36808,0,33626,3182,0,0
2025-01-04,8,Loading…,40922,12988,53910,0,40922,12988,0,0
2025-01-04,9,Gaeta Spur FC,34181,6458,40639,0,34181,6458,0,0
2025-01-04,10,Rashid Shaheed Truthers,36581,3192,39773,0,36581,3192,0,0
2025-01-04,11,All You Need Is LOVE,29112,16757,45869,0,29112,16757,0,0
2025-01-04,12,Omar Comin,27159,14136,41295,0,27159,14136,0,0
2025-01-05,1,208 Ferrari Way,33174,5008,38182,0,33174,5008,0,0
2025-01-05,2,The Federal Reserve,57032,4789,61821,0,57032,4789,0,0
2025-01-05,3,Golden Hour,33476,10672,44148,0,33476,10672,0,0
2025-01-05,4,Lisan al-Caleb,39547,6580,46127,0,39547,6580,0,1
2025-01-05,5,Mommy Rainier,28384,6130,34514,0,28384,6130,0,0
2025-01-05,6,Mostly Washed,41666,4668,46334,0,41666,4668,0,0
2025-01-05,7,Cártel de Breece y Puka,33626,3182,36808,0,33626,3182,0,0
2025-01-05,8,Loading…,40922,12988,53910,0,40922,12988,0,0
2025-01-05,9,Gaeta Spur FC,34181,6458,40639,0,34181,6458,0,0
2025-01-05,10,Rashid Shaheed Truthers,36581,3192,39773,0,36581,3192,0,0
2025-01-05,11,All You Need Is LOVE,29112,16757,45869,0,29112,16757,0,0
2025-01-05,12,Omar Comin,27159,14136,41295,0,27159,14136,0,0
2025-01-06,1,208 Ferrari Way,33174,5008,38182,0,33174,5008,0,0
2025-01-06,2,The Federal Reserve,56934,4789,61723,0,56934,4789,0,0
2025-01-06,3,Golden Hour,33476,10672,44148,0,33476,10672,0,0
2025-01-06,4,Lisan al-Caleb,39547,6580,46127,0,39547,6580,0,1
2025-01-06,5,Mommy Rainier,28384,6130,34514,0,28384,6130,0,0
2025-01-06,6,Mostly Washed,41666,4668,46334,0,41666,4668,0,0
2025-01-06,7,Cártel de Breece y Puka,33626,3182,36808,0,33626,3182,0,0
2025-01-06,8,Loading…,40922,12988,53910,0,40922,12988,0,0
2025-01-06,9,Gaeta Spur FC,34181,6458,40639,0,34181,6458,0,0
2025-01-06,10,Rashid Shaheed Truthers,36581,3192,39773,0,36581,3192,0,0
2025-01-06,11,All You Need Is LOVE,29112,16757,45869,0,29112,16757,0,0
2025-01-06,12,Omar Comin,27159,14136,41295,0,27159,14136,0,0
2025-01-07,1,208 Ferrari Way,33174,5008,38182,0,33174,5008,0,0
2025-01-07,2,The Federal Reserve,56934,4789,61723,0,56934,4789,0,0
2025-01-07,3,Golden Hour,33476,10672,44148,0,33476,10672,0,0
2025-01-07,4,Lisan al-Caleb,39547,6580,46127,0,39547,6580,0,1
2025-01-07,5,Mommy Rainier,28384,6130,34514,0,28384,6130,0,0
2025-01-07,6,Mostly Washed,41666,4668,46334,0,41666,4668,0,0
2025-01-07,7,Cártel de Breece y Puka,33626,3182,36808,0,33626,3182,0,0
2025-01-07,8,Loading…,40922,12988,53910,0,40922,12988,0,0
2025-01-07,9,Gaeta Spur FC,34181,6458,40639,0,34181,6458,0,0
2025-01-07,10,Rashid Shaheed Truthers,36581,3192,39773,0,36581,3192,0,0
2025-01-07,11,All You Need Is LOVE,29112,16757,45869,0,29112,16757,0,0
2025-01-07,12,Omar Comin,27159,14136,41295,0,27159,14136,0,0
2025-01-08,1,208 Ferrari Way,33174,5008,38182,0,33174,5008,0,0
2025-01-08,2,The Federal Reserve,56934,4789,61723,0,56934,4789,0,0
2025-01-08,3,Golden Hour,33476,10672,44148,0,33476,10672,0,0
2025-01-08,4,Lisan al-Caleb,39547,6580,46127,0,39547,6580,0,1
2025-01-08,5,Mommy Rainier,28384,6130,34514,0,28384,6130,0,0
2025-01-08,6,Mostly Washed,41666,4668,46334,0,41666,4668,0,0
2025-01-08,7,Cártel de Breece y Puka,33626,3182,36808,0,33626,3182,0,0
2025-01-08,8,Loading…,40922,12988,53910,0,40922,12988,0,0
2025-01-08,9,Gaeta Spur FC,34181,6458,40639,0,34181,6458,0,0
2025-01-08,10,Rashid Shaheed Truthers,36581,3192,39773,0,36581,3192,0,0
2025-01-08,11,All You Need Is LOVE,29112,16757,45869,0,29112,16757,0,0
2025-01-08,12,Omar Comin,27159,14136,41295,0,27159,14136,0,0
2025-01-09,1,208 Ferrari Way,33174,5008,38182,0,33174,5008,0,0
2025-01-09,2,The Federal Reserve,56934,4789,61723,0,56934,4789,0,0
2025-01-09,3,Golden Hour,33476,10672,44148,0,33476,10672,0,0
2025-01-09,4,Lisan al-Caleb,39547,6580,46127,0,39547,6580,0,1
2025-01-09,5,Mommy Rainier,28384,6130,34514,0,28384,6130,0,0
2025-01-09,6,Mostly Washed,41666,4668,46334,0,41666,4668,0,0
2025-01-09,7,Cártel de Breece y Puka,33626,3182,36808,0,33626,3182,0,0
2025-01-09,8,Loading…,40922,12988,53910,0,40922,12988,0,0
2025-01-09,9,Gaeta Spur FC,34181,6458,40639,0,34181,6458,0,0
2025-01-09,10,Rashid Shaheed Truthers,36581,3192,39773,0,36581,3192,0,0
2025-01-09,11,All You Need Is LOVE,29112,16757,45869,0,29112,16757,0,0
2025-01-09,12,Omar Comin,27159,14136,41295,0,27159,14136,0,0
2025-01-10,1,208 Ferrari Way,32248,5050,37298,32248,0,5050,0,0
2025-01-10,2,The Federal Reserve,55815,4820,60635,55815,0,4820,0,0
2025-01-10,3,Golden Hour,33320,10655,43975,33320,0,10655,0,0
2025-01-10,4,Lisan al-Caleb,40786,6548,47334,40786,0,6548,0,1
2025-01-10,5,Mommy Rainier,29592,6082,35674,29590,2,6082,0,0
2025-01-10,6,Mostly Washed,41039,4710,45749,41039,0,4710,0,0
2025-01-10,7,Cártel de Breece y Puka,34181,3266,37447,34181,0,3266,0,0
2025-01-10,8,Loading…,40098,12852,52950,40098,0,12852,0,0
2025-01-10,9,Gaeta Spur FC,34880,6483,41363,34880,0,6483,0,0
2025-01-10,10,Rashid Shaheed Truthers,36829,3220,40049,36829,0,3220,0,0
2025-01-10,11,All You Need Is LOVE,29331,16674,46005,29331,0,16674,0,0
2025-01-10,12,Omar Comin,28610,14088,42698,28610,0,14088,0,0
2025-01-11,1,208 Ferrari Way,32248,5050,37298,0,32248,5050,0,0
2025-01-11,2,The Federal Reserve,55815,4820,60635,0,55815,4820,0,0
2025-01-11,3,Golden Hour,33320,10655,43975,0,33320,10655,0,0
2025-01-11,4,Lisan al-Caleb,40786,6548,47334,0,40786,6548,0,1
2025-01-11,5,Mommy Rainier,29590,6082,35672,0,29590,6082,0,1
2025-01-11,6,Mostly Washed,41039,4710,45749,0,41039,4710,0,0
2025-01-11,7,Cártel de Breece y Puka,34181,3266,37447,0,34181,3266,0,0
2025-01-11,8,Loading…,40098,12852,52950,0,40098,12852,0,0
2025-01-11,9,Gaeta Spur FC,34880,6483,41363,0,34880,6483,0,0
2025-01-11,10,Rashid Shaheed Truthers,36829,3220,40049,0,36829,3220,0,0
2025-01-11,11,All You Need Is LOVE,29331,16674,46005,0,29331,16674,0,0
2025-01-11,12,Omar Comin,28610,14088,42698,0,28610,14088,0,0
2025-01-12,1,208 Ferrari Way,32248,5050,37298,0,32248,5050,0,0
2025-01-12,2,The Federal Reserve,55815,4820,60635,0,55815,4820,0,0
2025-01-12,3,Golden Hour,33320,10655,43975,0,33320,10655,0,0
2025-01-12,4,Lisan al-Caleb,40786,6548,47334,0,40786,6548,0,1
2025-01-12,5,Mommy Rainier,29590,6082,35672,0,29590,6082,0,1
2025-01-12,6,Mostly Washed,41039,4710,45749,0,41039,4710,0,0
2025-01-12,7,Cártel de Breece y Puka,34181,3266,37447,0,34181,3266,0,0
2025-01-12,8,Loading…,40098,12852,52950,0,40098,12852,0,0
2025-01-12,9,Gaeta Spur FC,34880,6483,41363,0,34880,6483,0,0
2025-01-12,10,Rashid Shaheed Truthers,36829,3220,40049,0,36829,3220,0,0
2025-01-12,11,All You Need Is LOVE,29331,16674,46005,0,29331,16674,0,0
2025-01-12,12,Omar Comin,28610,14088,42698,0,28610,14088,0,0
2025-01-13,1,208 Ferrari Way,32248,5050,37298,0,32248,5050,0,0
2025-01-13,2,The Federal Reserve,55815,4820,60635,0,55815,4820,0,0
2025-01-13,3,Golden Hour,33320,10655,43975,0,33320,10655,0,0
2025-01-13,4,Lisan al-Caleb,40786,6548,47334,0,40786,6548,0,1
2025-01-13,5,Mommy Rainier,29590,6082,35672,0,29590,6082,0,1
2025-01-13,6,Mostly Washed,41039,4710,45749,0,41039,4710,0,0
2025-01-13,7,Cártel de Breece y Puka,34181,3266,37447,0,34181,3266,0,0
2025-01-13,8,Loading…,40098,12852,52950,0,40098,12852,0,0
2025-01-13,9,Gaeta Spur FC,34880,6483,41363,0,34880,6483,0,0
2025-01-13,10,Rashid Shaheed Truthers,36829,3220,40049,0,36829,3220,0,0
2025-01-13,11,All You Need Is LOVE,29331,16674,46005,0,29331,16674,0,0
2025-01-13,12,Omar Comin,28610,14088,42698,0,28610,14088,0,0
2025-01-14,1,208 Ferrari Way,32248,5050,37298,0,32248,5050,0,0
2025-01-14,2,The Federal Reserve,55815,4820,60635,0,55815,4820,0,0
2025-01-14,3,Golden Hour,33320,10655,43975,0,33320,10655,0,0
2025-01-14,4,Lisan al-Caleb,40786,6548,47334,0,40786,6548,0,1
2025-01-14,5,Mommy Rainier,29590,6082,35672,0,29590,6082,0,1
2025-01-14,6,Mostly Washed,41039,4710,45749,0,41039,4710,0,0
2025-01-14,7,Cártel de Breece y Puka,34181,3266,37447,0,34181,3266,0,0
2025-01-14,8,Loading…,40098,12852,52950,0,40098,12852,0,0
2025-01-14,9,Gaeta Spur FC,34880,6483,41363,0,34880,6483,0,0
2025-01-14,10,Rashid Shaheed Truthers,36829,3220,40049,0,36829,3220,0,0
2025-01-14,11,All You Need Is LOVE,29331,16674,46005,0,29331,16674,0,0
2025-01-14,12,Omar Comin,28610,14088,42698,0,28610,14088,0,0
2025-01-15,1,208 Ferrari Way,32248,5050,37298,0,32248,5050,0,0
2025-01-15,2,The Federal Reserve,55815,4820,60635,0,55815,4820,0,0
2025-01-15,3,Golden Hour,33320,10655,43975,0,33320,10655,0,0
2025-01-15,4,Lisan al-Caleb,40786,6548,47334,0,40786,6548,0,1
2025-01-15,5,Mommy Rainier,29590,6082,35672,0,29590,6082,0,1
2025-01-15,6,Mostly Washed,41039,4710,45749,0,41039,4710,0,0
2025-01-15,7,Cártel de Breece y Puka,34181,3266,37447,0,34181,3266,0,0
2025-01-15,8,Loading…,40098,12852,52950,0,40098,12852,0,0
2025-01-15,9,Gaeta Spur FC,34880,6483,41363,0,34880,6483,0,0
2025-01-15,10,Rashid Shaheed Truthers,36829,3220,40049,0,36829,3220,0,0
2025-01-15,11,All You Need Is LOVE,29331,16674,46005,0,29331,16674,0,0
2025-01-15,12,Omar Comin,28610,14088,42698,0,28610,14088,0,0
2025-01-16,1,208 Ferrari Way,32248,5050,37298,0,32248,5050,0,0
2025-01-16,2,The Federal Reserve,55815,4820,60635,0,55815,4820,0,0
2025-01-16,3,Golden Hour,33320,10655,43975,0,33320,10655,0,0
2025-01-16,4,Lisan al-Caleb,40786,6548,47334,0,40786,6548,0,1
2025-01-16,5,Mommy Rainier,29590,6082,35672,0,29590,6082,0,1
2025-01-16,6,Mostly Washed,41039,4710,45749,0,41039,4710,0,0
2025-01-16,7,Cártel de Breece y Puka,34181,3266,37447,0,34181,3266,0,0
2025-01-16,8,Loading…,40098,12852,52950,0,40098,12852,0,0
2025-01-16,9,Gaeta Spur FC,34880,6483,41363,0,34880,6483,0,0
2025-01-16,10,Rashid Shaheed Truthers,36829,3220,40049,0,36829,3220,0,0
2025-01-16,11,All You Need Is LOVE,29331,16674,46005,0,29331,16674,0,0
2025-01-16,12,Omar Comin,28610,14088,42698,0,28610,14088,0,0
2025-01-17,1,208 Ferrari Way,32201,5042,37243,32201,0,5042,0,0
2025-01-17,2,The Federal Reserve,55242,4805,60047,55242,0,4805,0,0
2025-01-17,3,Golden Hour,33578,10561,44139,33578,0,10561,0,0
2025-01-17,4,Lisan al-Caleb,39976,6475,46451,39974,2,6475,0,1
2025-01-17,5,Mommy Rainier,30203,5998,36201,30191,12,5998,0,1
2025-01-17,6,Mostly Washed,41526,4711,46237,41526,0,4711,0,0
2025-01-17,7,Cártel de Breece y Puka,34788,3317,38105,34786,2,3317,0,0
2025-01-17,8,Loading…,38606,12642,51248,38606,0,12642,0,0
2025-01-17,9,Gaeta Spur FC,34886,6451,41337,34886,0,6451,0,0
2025-01-17,10,Rashid Shaheed Truthers,36295,3219,39514,36295,0,3219,0,0
2025-01-17,11,All You Need Is LOVE,28542,16481,45023,28542,0,16481,0,0
2025-01-17,12,Omar Comin,28542,13938,42480,28542,0,13938,0,0
2025-01-18,1,208 Ferrari Way,32201,5042,37243,0,32201,5042,0,0
2025-01-18,2,The Federal Reserve,55242,4805,60047,0,55242,4805,0,0
2025-01-18,3,Golden Hour,33578,10561,44139,0,33578,10561,0,0
2025-01-18,4,Lisan al-Caleb,39974,6475,46449,0,39974,6475,0,2
2025-01-18,5,Mommy Rainier,30191,5998,36189,0,30191,5998,0,3
2025-01-18,6,Mostly Washed,41526,4711,46237,0,41526,4711,0,0
2025-01-18,7,Cártel de Breece y Puka,34786,3317,38103,0,34786,3317,0,1
2025-01-18,8,Loading…,38606,12642,51248,0,38606,12642,0,0
2025-01-18,9,Gaeta Spur FC,34886,6451,41337,0,34886,6451,0,0
2025-01-18,10,Rashid Shaheed Truthers,36295,3219,39514,0,36295,3219,0,0
2025-01-18,11,All You Need Is LOVE,28542,16481,45023,0,28542,16481,0,0
2025-01-18,12,Omar Comin,28542,13938,42480,0,28542,13938,0,0
2025-01-19,1,208 Ferrari Way,32201,5042,37243,0,32201,5042,0,0
2025-01-19,2,The Federal Reserve,55242,4805,60047,0,55242,4805,0,0
2025-01-19,3,Golden Hour,33578,10561,44139,0,33578,10561,0,0
2025-01-19,4,Lisan al-Caleb,39974,6475,46449,0,39974,6475,0,2
2025-01-19,5,Mommy Rainier,30191,5998,36189,0,30191,5998,0,3
2025-01-19,6,Mostly Washed,41526,4711,46237,0,41526,4711,0,0
2025-01-19,7,Cártel de Breece y Puka,34786,3317,38103,0,34786,3317,0,1
2025-01-19,8,Loading…,38606,12642,51248,0,38606,12642,0,0
2025-01-19,9,Gaeta Spur FC,34886,6451,41337,0,34886,6451,0,0
2025-01-19,10,Rashid Shaheed Truthers,36295,3219,39514,0,36295,3219,0,0
2025-01-19,11,All You Need Is LOVE,28542,16481,45023,0,28542,16481,0,0
2025-01-19,12,Omar Comin,28542,13938,42480,0,28542,13938,0,0
2025-01-20,1,208 Ferrari Way,32201,5042,37243,0,32201,5042,0,0
2025-01-20,2,The Federal Reserve,55242,4805,60047,0,55242,4805,0,0
2025-01-20,3,Golden Hour,33578,10561,44139,0,33578,10561,0,0
2025-01-20,4,Lisan al-Caleb,39974,6475,46449,0,39974,6475,0,2
2025-01-20,5,Mommy Rainier,30191,5998,36189,0,30191,5998,0,3
2025-01-20,6,Mostly Washed,41526,4711,46237,0,41526,4711,0,0
2025-01-20,7,Cártel de Breece y Puka,34786,3317,38103,0,34786,3317,0,1
2025-01-20,8,Loading…,38606,12642,51248,0,38606,12642,0,0
2025-01-20,9,Gaeta Spur FC,34886,6451,41337,0,34886,6451,0,0
2025-01-20,10,Rashid Shaheed Truthers,36295,3219,39514,0,36295,3219,0,0
2025-01-20,11,All You Need Is LOVE,28542,16481,45023,0,28542,16481,0,0
2025-01-20,12,Omar Comin,28542,13938,42480,0,28542,13938,0,0
2025-01-21,1,208 Ferrari Way,32201,5042,37243,0,32201,5042,0,0
2025-01-21,2,The Federal Reserve,55242,4805,60047,0,55242,4805,0,0
2025-01-21,3,Golden Hour,33578,10561,44139,0,33578,10561,0,0
2025-01-21,4,Lisan al-Caleb,39974,6475,46449,0,39974,6475,0,2
2025-01-21,5,Mommy Rainier,30191,5998,36189,0,30191,5998,0,3
2025-01-21,6,Mostly Washed,41526,4711,46237,0,41526,4711,0,0
2025-01-21,7,Cártel de Breece y Puka,34786,3317,38103,0,34786,3317,0,1
2025-01-21,8,Loading…,38606,12642,51248,0,38606,12642,0,0
2025-01-21,9,Gaeta Spur FC,34886,6451,41337,0,34886,6451,0,0
2025-01-21,10,Rashid Shaheed Truthers,36295,3219,39514,0,36295,3219,0,0
2025-01-21,11,All You Need Is LOVE,28542,16481,45023,0,28542,16481,0,0
2025-01-21,12,Omar Comin,28542,13938,42480,0,28542,13938,0,0
2025-01-22,1,208 Ferrari Way,32201,5042,37243,0,32201,5042,0,0
2025-01-22,2,The Federal Reserve,55242,4805,60047,0,55242,4805,0,0
2025-01-22,3,Golden Hour,33578,10561,44139,0,33578,10561,0,0
2025-01-22,4,Lisan al-Caleb,39974,6475,46449,0,39974,6475,0,2
2025-01-22,5,Mommy Rainier,30191,5998,36189,0,30191,5998,0,3
2025-01-22,6,Mostly Washed,41526,4711,46237,0,41526,4711,0,0
2025-01-22,7,Cártel de Breece y Puka,34786,3317,38103,0,34786,3317,0,1
2025-01-22,8,Loading…,38606,12642,51248,0,38606,12642,0,0
2025-01-22,9,Gaeta Spur FC,34886,6451,41337,0,34886,6451,0,0
2025-01-22,10,Rashid Shaheed Truthers,36295,3219,39514,0,36295,3219,0,0
2025-01-22,11,All You Need Is LOVE,28542,16481,45023,0,28542,16481,0,0
2025-01-22,12,Omar Comin,28542,13938,42480,0,28542,13938,0,0
2025-01-23,1,208 Ferrari Way,32201,5042,37243,0,32201,5042,0,0
2025-01-23,2,The Federal Reserve,55242,4805,60047,0,55242,4805,0,0
2025-01-23,3,Golden Hour,33578,10561,44139,0,33578,10561,0,0
2025-01-23,4,Lisan al-Caleb,39974,6475,46449,0,39974,6475,0,2
2025-01-23,5,Mommy Rainier,30191,5998,36189,0,30191,5998,0,3
2025-01-23,6,Mostly Washed,41526,4711,46237,0,41526,4711,0,0
2025-01-23,7,Cártel de Breece y Puka,34786,3317,38103,0,34786,3317,0,1
2025-01-23,8,Loading…,38606,12642,51248,0,38606,12642,0,0
2025-01-23,9,Gaeta Spur FC,34886,6451,41337,0,34886,6451,0,0
2025-01-23,10,Rashid Shaheed Truthers,36295,3219,39514,0,36295,3219,0,0
2025-01-23,11,All You Need Is LOVE,28542,16481,45023,0,28542,16481,0,0
2025-01-23,12,Omar Comin,28542,13938,42480,0,28542,13938,0,0
2025-01-24,1,208 Ferrari Way,31894,5004,36898,31894,0,5004,0,0
2025-01-24,2,The Federal Reserve,56622,4776,61398,56622,0,4776,0,0
2025-01-24,3,Golden Hour,36565,10563,47128,36565,0,10563,0,0
2025-01-24,4,Lisan al-Caleb,39329,6493,45822,39329,0,6493,0,0
2025-01-24,5,Mommy Rainier,28852,6029,34881,28852,0,6029,0,0
2025-01-24,6,Mostly Washed,39762,4668,44430,39762,0,4668,0,0
2025-01-24,7,Cártel de Breece y Puka,34605,3246,37851,34605,0,3246,0,0
2025-01-24,8,Loading…,38039,12738,50777,38039,0,12738,0,0
2025-01-24,9,Gaeta Spur FC,32543,6422,38965,32543,0,6422,0,0
2025-01-24,10,Rashid Shaheed Truthers,33766,3192,36958,33766,0,3192,0,0
2025-01-24,11,All You Need Is LOVE,29693,16526,46219,29693,0,16526,0,0
2025-01-24,12,Omar Comin,29454,13959,43413,29454,0,13959,0,0
2025-01-25,1,208 Ferrari Way,31894,5004,36898,0,31894,5004,0,0
2025-01-25,2,The Federal Reserve,56622,4776,61398,0,56622,4776,0,0
2025-01-25,3,Golden Hour,36565,10563,47128,0,36565,10563,0,0
2025-01-25,4,Lisan al-Caleb,39329,6493,45822,0,39329,6493,0,0
2025-01-25,5,Mommy Rainier,28852,6029,34881,0,28852,6029,0,0
2025-01-25,6,Mostly Washed,39762,4668,44430,0,39762,4668,0,0
2025-01-25,7,Cártel de Breece y Puka,34605,3246,37851,0,34605,3246,0,0
2025-01-25,8,Loading…,38039,12738,50777,0,38039,12738,0,0
2025-01-25,9,Gaeta Spur FC,32543,6422,38965,0,32543,6422,0,0
2025-01-25,10,Rashid Shaheed Truthers,33766,3192,36958,0,33766,3192,0,0
2025-01-25,11,All You Need Is LOVE,29693,16526,46219,0,29693,16526,0,0
2025-01-25,12,Omar Comin,29454,13959,43413,0,29454,13959,0,0
2025-01-26,1,208 Ferrari Way,31894,5004,36898,0,31894,5004,0,0
2025-01-26,2,The Federal Reserve,56622,4776,61398,0,56622,4776,0,0
2025-01-26,3,Golden Hour,36565,10563,47128,0,36565,10563,0,0
2025-01-26,4,Lisan al-Caleb,39329,6493,45822,0,39329,6493,0,0
2025-01-26,5,Mommy Rainier,28852,6029,34881,0,28852,6029,0,0
2025-01-26,6,Mostly Washed,39762,4668,44430,0,39762,4668,0,0
2025-01-26,7,Cártel de Breece y Puka,34605,3246,37851,0,34605,3246,0,0
2025-01-26,8,Loading…,38039,12738,50777,0,38039,12738,0,0
2025-01-26,9,Gaeta Spur FC,32543,6422,38965,0,32543,6422,0,0
2025-01-26,10,Rashid Shaheed Truthers,33766,3192,36958,0,33766,3192,0,0
2025-01-26,11,All You Need Is LOVE,29693,16526,46219,0,29693,16526,0,0
2025-01-26,12,Omar Comin,29454,13959,43413,0,29454,13959,0,0
2025-01-27,1,208 Ferrari Way,31894,5004,36898,0,31894,5004,0,0
2025-01-27,2,The Federal Reserve,56622,4776,61398,0,56622,4776,0,0
2025-01-27,3,Golden Hour,36565,10563,47128,0,36565,10563,0,0
2025-01-27,4,Lisan al-Caleb,39329,6493,45822,0,39329,6493,0,0
2025-01-27,5,Mommy Rainier,28852,6029,34881,0,28852,6029,0,0
2025-01-27,6,Mostly Washed,39762,4668,44430,0,39762,4668,0,0
2025-01-27,7,Cártel de Breece y Puka,34605,3246,37851,0,34605,3246,0,0
2025-01-27,8,Loading…,38039,12738,50777,0,38039,12738,0,0
2025-01-27,9,Gaeta Spur FC,32543,6422,38965,0,32543,6422,0,0
2025-01-27,10,Rashid Shaheed Truthers,33766,3192,36958,0,33766,3192,0,0
2025-01-27,11,All You Need Is LOVE,29693,16526,46219,0,29693,16526,0,0
2025-01-27,12,Omar Comin,29454,13959,43413,0,29454,13959,0,0
2025-01-28,1,208 Ferrari Way,31894,5004,36898,0,31894,5004,0,0
2025-01-28,2,The Federal Reserve,56622,4776,61398,0,56622,4776,0,0
2025-01-28,3,Golden Hour,36565,10563,47128,0,36565,10563,0,0
2025-01-28,4,Lisan al-Caleb,39329,6493,45822,0,39329,6493,0,0
2025-01-28,5,Mommy Rainier,28852,6029,34881,0,28852,6029,0,0
2025-01-28,6,Mostly Washed,39762,4668,44430,0,39762,4668,0,0
2025-01-28,7,Cártel de Breece y Puka,34605,3246,37851,0,34605,3246,0,0
2025-01-28,8,Loading…,38039,12738,50777,0,38039,12738,0,0
2025-01-28,9,Gaeta Spur FC,32543,6422,38965,0,32543,6422,0,0
2025-01-28,10,Rashid Shaheed Truthers,33766,3192,36958,0,33766,3192,0,0
2025-01-28,11,All You Need Is LOVE,29693,16526,46219,0,29693,16526,0,0
2025-01-28,12,Omar Comin,29454,13959,43413,0,29454,13959,0,0
2025-01-29,1,208 Ferrari Way,31894,5004,36898,0,31894,5004,0,0
2025-01-29,2,The Federal Reserve,56622,4776,61398,0,56622,4776,0,0
2025-01-29,3,Golden Hour,36565,10563,47128,0,36565,10563,0,0
2025-01-29,4,Lisan al-Caleb,39329,6493,45822,0,39329,6493,0,0
2025-01-29,5,Mommy Rainier,28852,6029,34881,0,28852,6029,0,0
2025-01-29,6,Mostly Washed,39762,4668,44430,0,39762,4668,0,0
2025-01-29,7,Cártel de Breece y Puka,34605,3246,37851,0,34605,3246,0,0
2025-01-29,8,Loading…,38039,12738,50777,0,38039,12738,0,0
2025-01-29,9,Gaeta Spur FC,32543,6422,38965,0,32543,6422,0,0
2025-01-29,10,Rashid Shaheed Truthers,33766,3192,36958,0,33766,3192,0,0
2025-01-29,11,All You Need Is LOVE,29693,16526,46219,0,29693,16526,0,0
2025-01-29,12,Omar Comin,29454,13959,43413,0,29454,13959,0,0
2025-01-30,1,208 Ferrari Way,31894,5004,36898,0,31894,5004,0,0
2025-01-30,2,The Federal Reserve,56622,4776,61398,0,56622,4776,0,0
2025-01-30,3,Golden Hour,36565,10563,47128,0,36565,10563,0,0
2025-01-30,4,Lisan al-Caleb,39329,6493,45822,0,39329,6493,0,0
2025-01-30,5,Mommy Rainier,28852,6029,34881,0,28852,6029,0,0
2025-01-30,6,Mostly Washed,39762,4668,44430,0,39762,4668,0,0
2025-01-30,7,Cártel de Breece y Puka,34605,3246,37851,0,34605,3246,0,0
2025-01-30,8,Loading…,38039,12738,50777,0,38039,12738,0,0
2025-01-30,9,Gaeta Spur FC,32543,6422,38965,0,32543,6422,0,0
2025-01-30,10,Rashid Shaheed Truthers,33766,3192,36958,0,33766,3192,0,0
2025-01-30,11,All You Need Is LOVE,29693,16526,46219,0,29693,16526,0,0
2025-01-30,12,Omar Comin,29454,13959,43413,0,29454,13959,0,0
2025-01-31,1,208 Ferrari Way,31608,4781,36389,31608,0,4781,0,0
2025-01-31,2,The Federal Reserve,54624,4563,59187,54624,0,4563,0,0
2025-01-31,3,Golden Hour,34251,10173,44424,34251,0,10173,0,0
2025-01-31,4,Lisan al-Caleb,38323,6267,44590,38320,3,6267,0,0
2025-01-31,5,Mommy Rainier,30031,5830,35861,30021,10,5830,0,0
2025-01-31,6,Mostly Washed,39319,4453,43772,39319,0,4453,0,0
2025-01-31,7,Cártel de Breece y Puka,33866,3072,36938,33866,0,3072,0,0
2025-01-31,8,Loading…,36797,12343,49140,36797,0,12343,0,0
2025-01-31,9,Gaeta Spur FC,31898,6145,38043,31898,0,6145,0,0
2025-01-31,10,Rashid Shaheed Truthers,34371,3051,37422,34371,0,3051,0,0
2025-01-31,11,All You Need Is LOVE,27493,15942,43435,27493,0,15942,0,0
2025-01-31,12,Omar Comin,29180,13440,42620,29180,0,13440,0,0
2025-02-01,1,208 Ferrari Way,31608,4781,36389,0,31608,4781,0,0
2025-02-01,2,The Federal Reserve,54624,4563,59187,0,54624,4563,0,0
2025-02-01,3,Golden Hour,34251,10173,44424,0,34251,10173,0,0
2025-02-01,4,Lisan al-Caleb,38320,6267,44587,0,38320,6267,0,1
2025-02-01,5,Mommy Rainier,30021,5830,35851,0,30021,5830,0,2
2025-02-01,6,Mostly Washed,39319,4453,43772,0,39319,4453,0,0
2025-02-01,7,Cártel de Breece y Puka,33866,3072,36938,0,33866,3072,0,0
2025-02-01,8,Loading…,36797,12343,49140,0,36797,12343,0,0
2025-02-01,9,Gaeta Spur FC,31898,6145,38043,0,31898,6145,0,0
2025-02-01,10,Rashid Shaheed Truthers,34371,3051,37422,0,34371,3051,0,0
2025-02-01,11,All You Need Is LOVE,27493,15942,43435,0,27493,15942,0,0
2025-02-01,12,Omar Comin,29180,13440,42620,0,29180,13440,0,0
2025-02-02,1,208 Ferrari Way,31608,4781,36389,0,31608,4781,0,0
2025-02-02,2,The Federal Reserve,54624,4563,59187,0,54624,4563,0,0
2025-02-02,3,Golden Hour,34251,10173,44424,0,34251,10173,0,0
2025-02-02,4,Lisan al-Caleb,38320,6267,44587,0,38320,6267,0,1
2025-02-02,5,Mommy Rainier,30021,5830,35851,0,30021,5830,0,2
2025-02-02,6,Mostly Washed,39319,4453,43772,0,39319,4453,0,0
2025-02-02,7,Cártel de Breece y Puka,33866,3072,36938,0,33866,3072,0,0
2025-02-02,8,Loading…,36797,12343,49140,0,36797,12343,0,0
2025-02-02,9,Gaeta Spur FC,31898,6145,38043,0,31898,6145,0,0
2025-02-02,10,Rashid Shaheed Truthers,34371,3051,37422,0,34371,3051,0,0
2025-02-02,11,All You Need Is LOVE,27493,15942,43435,0,27493,15942,0,0
2025-02-02,12,Omar Comin,29180,13440,42620,0,29180,13440,0,0
2025-02-03,1,208 Ferrari Way,31608,4781,36389,0,31608,4781,0,0
2025-02-03,2,The Federal Reserve,54624,4563,59187,0,54624,4563,0,0
2025-02-03,3,Golden Hour,34251,10173,44424,0,34251,10173,0,0
2025-02-03,4,Lisan al-Caleb,38320,6267,44587,0,38320,6267,0,1
2025-02-03,5,Mommy Rainier,30021,5830,35851,0,30021,5830,0,2
2025-02-03,6,Mostly Washed,39319,4453,43772,0,39319,4453,0,0
2025-02-03,7,Cártel de Breece y Puka,33866,3072,36938,0,33866,3072,0,0
2025-02-03,8,Loading…,36797,12343,49140,0,36797,12343,0,0
2025-02-03,9,Gaeta Spur FC,31898,6145,38043,0,31898,6145,0,0
2025-02-03,10,Rashid Shaheed Truthers,34371,3051,37422,0,34371,3051,0,0
2025-02-03,11,All You Need Is LOVE,27493,15942,43435,0,27493,15942,0,0
2025-02-03,12,Omar Comin,29180,13440,42620,0,29180,13440,0,0
2025-02-04,1,208 Ferrari Way,31608,4781,36389,0,31608,4781,0,0
2025-02-04,2,The Federal Reserve,54624,4563,59187,0,54624,4563,0,0
2025-02-04,3,Golden Hour,34251,10173,44424,0,34251,10173,0,0
2025-02-04,4,Lisan al-Caleb,38320,6267,44587,0,38320,6267,0,1
2025-02-04,5,Mommy Rainier,30021,5830,35851,0,30021,5830,0,2
2025-02-04,6,Mostly Washed,39319,4453,43772,0,39319,4453,0,0
2025-02-04,7,Cártel de Breece y Puka,33866,3072,36938,0,33866,3072,0,0
2025-02-04,8,Loading…,36797,12343,49140,0,36797,12343,0,0
2025-02-04,9,Gaeta Spur FC,31898,6145,38043,0,31898,6145,0,0
2025-02-04,10,Rashid Shaheed Truthers,34371,3051,37422,0,34371,3051,0,0
2025-02-04,11,All You Need Is LOVE,27493,15942,43435,0,27493,15942,0,0
2025-02-04,12,Omar Comin,29180,13440,42620,0,29180,13440,0,0
2025-02-05,1,208 Ferrari Way,31608,4781,36389,0,31608,4781,0,0
2025-02-05,2,The Federal Reserve,54624,4563,59187,0,54624,4563,0,0
2025-02-05,3,Golden Hour,34251,10173,44424,0,34251,10173,0,0
2025-02-05,4,Lisan al-Caleb,38320,6267,44587,0,38320,6267,0,1
2025-02-05,5,Mommy Rainier,30021,5830,35851,0,30021,5830,0,2
2025-02-05,6,Mostly Washed,39319,4453,43772,0,39319,4453,0,0
2025-02-05,7,Cártel de Breece y Puka,33866,3072,36938,0,33866,3072,0,0
2025-02-05,8,Loading…,36797,12343,49140,0,36797,12343,0,0
2025-02-05,9,Gaeta Spur FC,31898,6145,38043,0,31898,6145,0,0
2025-02-05,10,Rashid Shaheed Truthers,34371,3051,37422,0,34371,3051,0,0
2025-02-05,11,All You Need Is LOVE,27493,15942,43435,0,27493,15942,0,0
2025-02-05,12,Omar Comin,29180,13440,42620,0,29180,13440,0,0
2025-02-06,1,208 Ferrari Way,31608,4781,36389,0,31608,4781,0,0
2025-02-06,2,The Federal Reserve,54624,4563,59187,0,54624,4563,0,0
2025-02-06,3,Golden Hour,34251,10173,44424,0,34251,10173,0,0
2025-02-06,4,Lisan al-Caleb,38320,6267,44587,0,38320,6267,0,1
2025-02-06,5,Mommy Rainier,30021,5830,35851,0,30021,5830,0,2
2025-02-06,6,Mostly Washed,39319,4453,43772,0,39319,4453,0,0
2025-02-06,7,Cártel de Breece y Puka,33866,3072,36938,0,33866,3072,0,0
2025-02-06,8,Loading…,36797,12343,49140,0,36797,12343,0,0
2025-02-06,9,Gaeta Spur FC,31898,6145,38043,0,31898,6145,0,0
2025-02-06,10,Rashid Shaheed Truthers,34371,3051,37422,0,34371,3051,0,0
2025-02-06,11,All You Need Is LOVE,27493,15942,43435,0,27493,15942,0,0
2025-02-06,12,Omar Comin,29180,13440,42620,0,29180,13440,0,0
2025-02-07,1,208 Ferrari Way,30670,13850,44520,30670,0,13850,0,0
2025-02-07,2,The Federal Reserve,55749,10958,66707,55749,0,10958,0,0
2025-02-07,3,Golden Hour,32269,16728,48997,32269,0,16728,0,0
2025-02-07,4,Lisan al-Caleb,37435,11026,48461,37435,0,11026,0,1
2025-02-07,5,Mommy Rainier,29178,8025,37203,29178,0,8025,0,2
2025-02-07,6,Mostly Washed,40818,11392,52210,40818,0,11392,0,0
2025-02-07,7,Cártel de Breece y Puka,34731,14638,49369,34731,0,14638,0,0
2025-02-07,8,Loading…,37202,12385,49587,37202,0,12385,0,0
2025-02-07,9,Gaeta Spur FC,32432,13904,46336,32432,0,13904,0,0
2025-02-07,10,Rashid Shaheed Truthers,35391,10093,45484,35391,0,10093,0,0
2025-02-07,11,All You Need Is LOVE,27240,20104,47344,27235,5,20104,0,0
2025-02-07,12,Omar Comin,29528,18825,48353,29528,0,18825,0,0
2025-02-08,1,208 Ferrari Way,30670,13850,44520,0,30670,13850,0,0
2025-02-08,2,The Federal Reserve,55749,10958,66707,0,55749,10958,0,0
2025-02-08,3,Golden Hour,32269,16728,48997,0,32269,16728,0,0
2025-02-08,4,Lisan al-Caleb,37435,11026,48461,0,37435,11026,0,1
2025-02-08,5,Mommy Rainier,29178,8025,37203,0,29178,8025,0,2
2025-02-08,6,Mostly Washed,40818,11392,52210,0,40818,11392,0,0
2025-02-08,7,Cártel de Breece y Puka,34731,14638,49369,0,34731,14638,0,0
2025-02-08,8,Loading…,37202,12385,49587,0,37202,12385,0,0
2025-02-08,9,Gaeta Spur FC,32432,13904,46336,0,32432,13904,0,0
2025-02-08,10,Rashid Shaheed Truthers,35391,10093,45484,0,35391,10093,0,0
2025-02-08,11,All You Need Is LOVE,27235,20104,47339,0,27235,20104,0,2
2025-02-08,12,Omar Comin,29528,18825,48353,0,29528,18825,0,0
2025-02-09,1,208 Ferrari Way,30670,13850,44520,0,30670,13850,0,0
2025-02-09,2,The Federal Reserve,55749,10958,66707,0,55749,10958,0,0
2025-02-09,3,Golden Hour,32269,16728,48997,0,32269,16728,0,0
2025-02-09,4,Lisan al-Caleb,37435,11026,48461,0,37435,11026,0,1
2025-02-09,5,Mommy Rainier,29178,8025,37203,0,29178,8025,0,2
2025-02-09,6,Mostly Washed,40818,11392,52210,0,40818,11392,0,0
2025-02-09,7,Cártel de Breece y Puka,34731,14638,49369,0,34731,14638,0,0
2025-02-09,8,Loading…,37202,12385,49587,0,37202,12385,0,0
2025-02-09,9,Gaeta Spur FC,32432,13904,46336,0,32432,13904,0,0
2025-02-09,10,Rashid Shaheed Truthers,35391,10093,45484,0,35391,10093,0,0
2025-02-09,11,All You Need Is LOVE,27235,20104,47339,0,27235,20104,0,2
2025-02-09,12,Omar Comin,29528,18825,48353,0,29528,18825,0,0
2025-02-10,1,208 Ferrari Way,30670,13850,44520,0,30670,13850,0,0
2025-02-10,2,The Federal Reserve,55749,10958,66707,0,55749,10958,0,0
2025-02-10,3,Golden Hour,32269,16728,48997,0,32269,16728,0,0
2025-02-10,4,Lisan al-Caleb,37435,11026,48461,0,37435,11026,0,1
2025-02-10,5,Mommy Rainier,29178,8025,37203,0,29178,8025,0,2
2025-02-10,6,Mostly Washed,40818,11392,52210,0,40818,11392,0,0
2025-02-10,7,Cártel de Breece y Puka,34731,14638,49369,0,34731,14638,0,0
2025-02-10,8,Loading…,37202,12385,49587,0,37202,12385,0,0
2025-02-10,9,Gaeta Spur FC,32432,13904,46336,0,32432,13904,0,0
2025-02-10,10,Rashid Shaheed Truthers,35391,10093,45484,0,35391,10093,0,0
2025-02-10,11,All You Need Is LOVE,27235,20104,47339,0,27235,20104,0,2
2025-02-10,12,Omar Comin,29528,18825,48353,0,29528,18825,0,0
2025-02-11,1,208 Ferrari Way,30670,13850,44520,0,30670,13850,0,0
2025-02-11,2,The Federal Reserve,55749,10958,66707,0,55749,10958,0,0
2025-02-11,3,Golden Hour,32269,16728,48997,0,32269,16728,0,0
2025-02-11,4,Lisan al-Caleb,37435,11026,48461,0,37435,11026,0,1
2025-02-11,5,Mommy Rainier,29178,8025,37203,0,29178,8025,0,2
2025-02-11,6,Mostly Washed,40818,11392,52210,0,40818,11392,0,0
2025-02-11,7,Cártel de Breece y Puka,34731,14638,49369,0,34731,14638,0,0
2025-02-11,8,Loading…,37202,12385,49587,0,37202,12385,0,0
2025-02-11,9,Gaeta Spur FC,32432,13904,46336,0,32432,13904,0,0
2025-02-11,10,Rashid Shaheed Truthers,35391,10093,45484,0,35391,10093,0,0
2025-02-11,11,All You Need Is LOVE,27235,20104,47339,0,27235,20104,0,2
2025-02-11,12,Omar Comin,29528,18825,48353,0,29528,18825,0,0
2025-02-12,1,208 Ferrari Way,30670,13850,44520,0,30670,13850,0,0
2025-02-12,2,The Federal Reserve,55749,10958,66707,0,55749,10958,0,0
2025-02-12,3,Golden Hour,32269,16728,48997,0,32269,16728,0,0
2025-02-12,4,Lisan al-Caleb,37435,11026,48461,0,37435,11026,0,1
2025-02-12,5,Mommy Rainier,29178,8025,37203,0,29178,8025,0,2
2025-02-12,6,Mostly Washed,40818,11392,52210,0,40818,11392,0,0
2025-02-12,7,Cártel de Breece y Puka,34731,14638,49369,0,34731,14638,0,0
2025-02-12,8,Loading…,37202,12385,49587,0,37202,12385,0,0
2025-02-12,9,Gaeta Spur FC,32432,13904,46336,0,32432,13904,0,0
2025-02-12,10,Rashid Shaheed Truthers,35391,10093,45484,0,35391,10093,0,0
2025-02-12,11,All You Need Is LOVE,27235,20104,47339,0,27235,20104,0,2
2025-02-12,12,Omar Comin,29528,18825,48353,0,29528,18825,0,0
2025-02-13,1,208 Ferrari Way,30670,13850,44520,0,30670,13850,0,0
2025-02-13,2,The Federal Reserve,55749,10958,66707,0,55749,10958,0,0
2025-02-13,3,Golden Hour,32269,16728,48997,0,32269,16728,0,0
2025-02-13,4,Lisan al-Caleb,37435,11026,48461,0,37435,11026,0,1
2025-02-13,5,Mommy Rainier,29178,8025,37203,0,29178,8025,0,2
2025-02-13,6,Mostly Washed,40818,11392,52210,0,40818,11392,0,0
2025-02-13,7,Cártel de Breece y Puka,34731,14638,49369,0,34731,14638,0,0
2025-02-13,8,Loading…,37202,12385,49587,0,37202,12385,0,0
2025-02-13,9,Gaeta Spur FC,32432,13904,46336,0,32432,13904,0,0
2025-02-13,10,Rashid Shaheed Truthers,35391,10093,45484,0,35391,10093,0,0
2025-02-13,11,All You Need Is LOVE,27235,20104,47339,0,27235,20104,0,2
2025-02-13,12,Omar Comin,29528,18825,48353,0,29528,18825,0,0
2025-02-14,1,208 Ferrari Way,31248,13611,44859,31248,0,13611,0,0
2025-02-14,2,The Federal Reserve,54318,10754,65072,54318,0,10754,0,0
2025-02-14,3,Golden Hour,34700,16375,51075,34700,0,16375,0,0
2025-02-14,4,Lisan al-Caleb,39701,10826,50527,39701,0,10826,0,1
2025-02-14,5,Mommy Rainier,30747,7877,38624,30747,0,7877,0,1
2025-02-14,6,Mostly Washed,39307,11162,50469,39307,0,11162,0,0
2025-02-14,7,Cártel de Breece y Puka,35010,14359,49369,35010,0,14359,0,0
2025-02-14,8,Loading…,36681,12136,48817,36681,0,12136,0,0
2025-02-14,9,Gaeta Spur FC,31948,13648,45596,31948,0,13648,0,0
2025-02-14,10,Rashid Shaheed Truthers,34724,9933,44657,34724,0,9933,0,0
2025-02-14,11,All You Need Is LOVE,26880,19634,46514,26880,0,19634,0,0
2025-02-14,12,Omar Comin,31018,18405,49423,31018,0,18405,0,0
2025-02-15,1,208 Ferrari Way,31248,13611,44859,0,31248,13611,0,0
2025-02-15,2,The Federal Reserve,54318,10754,65072,0,54318,10754,0,0
2025-02-15,3,Golden Hour,34700,16375,51075,0,34700,16375,0,0
2025-02-15,4,Lisan al-Caleb,39701,10826,50527,0,39701,10826,0,1
2025-02-15,5,Mommy Rainier,30747,7877,38624,0,30747,7877,0,1
2025-02-15,6,Mostly Washed,39307,11162,50469,0,39307,11162,0,0
2025-02-15,7,Cártel de Breece y Puka,35010,14359,49369,0,35010,14359,0,0
2025-02-15,8,Loading…,36681,12136,48817,0,36681,12136,0,0
2025-02-15,9,Gaeta Spur FC,31948,13648,45596,0,31948,13648,0,0
2025-02-15,10,Rashid Shaheed Truthers,34724,9933,44657,0,34724,9933,0,0
2025-02-15,11,All You Need Is LOVE,26880,19634,46514,0,26880,19634,0,0
2025-02-15,12,Omar Comin,31018,18405,49423,0,31018,18405,0,0
2025-02-16,1,208 Ferrari Way,31248,13611,44859,0,31248,13611,0,0
2025-02-16,2,The Federal Reserve,54318,10754,65072,0,54318,10754,0,0
2025-02-16,3,Golden Hour,34700,16375,51075,0,34700,16375,0,0
2025-02-16,4,Lisan al-Caleb,39701,10826,50527,0,39701,10826,0,1
2025-02-16,5,Mommy Rainier,30747,7877,38624,0,30747,7877,0,1
2025-02-16,6,Mostly Washed,39307,11162,50469,0,39307,11162,0,0
2025-02-16,7,Cártel de Breece y Puka,35010,14359,49369,0,35010,14359,0,0
2025-02-16,8,Loading…,36681,12136,48817,0,36681,12136,0,0
2025-02-16,9,Gaeta Spur FC,31948,13648,45596,0,31948,13648,0,0
2025-02-16,10,Rashid Shaheed Truthers,34724,9933,44657,0,34724,9933,0,0
2025-02-16,11,All You Need Is LOVE,26880,19634,46514,0,26880,19634,0,0
2025-02-16,12,Omar Comin,31018,18405,49423,0,31018,18405,0,0
2025-02-17,1,208 Ferrari Way,31248,13611,44859,0,31248,13611,0,0
2025-02-17,2,The Federal Reserve,54318,10754,65072,0,54318,10754,0,0
2025-02-17,3,Golden Hour,34700,16375,51075,0,34700,16375,0,0
2025-02-17,4,Lisan al-Caleb,39701,10826,50527,0,39701,10826,0,1
2025-02-17,5,Mommy Rainier,30747,7877,38624,0,30747,7877,0,1
2025-02-17,6,Mostly Washed,39307,11162,50469,0,39307,11162,0,0
2025-02-17,7,Cártel de Breece y Puka,35010,14359,49369,0,35010,14359,0,0
2025-02-17,8,Loading…,36681,12136,48817,0,36681,12136,0,0
2025-02-17,9,Gaeta Spur FC,31948,13648,45596,0,31948,13648,0,0
2025-02-17,10,Rashid Shaheed Truthers,34724,9933,44657,0,34724,9933,0,0
2025-02-17,11,All You Need Is LOVE,26880,19634,46514,0,26880,19634,0,0
2025-02-17,12,Omar Comin,31018,18405,49423,0,31018,18405,0,0
2025-02-18,1,208 Ferrari Way,31248,13611,44859,0,31248,13611,0,0
2025-02-18,2,The Federal Reserve,54318,10754,65072,0,54318,10754,0,0
2025-02-18,3,Golden Hour,34700,16375,51075,0,34700,16375,0,0
2025-02-18,4,Lisan al-Caleb,39701,10826,50527,0,39701,10826,0,1
2025-02-18,5,Mommy Rainier,30747,7877,38624,0,30747,7877,0,1
2025-02-18,6,Mostly Washed,39307,11162,50469,0,39307,11162,0,0
2025-02-18,7,Cártel de Breece y Puka,35010,14359,49369,0,35010,14359,0,0
2025-02-18,8,Loading…,36681,12136,48817,0,36681,12136,0,0
2025-02-18,9,Gaeta Spur FC,31948,13648,45596,0,31948,13648,0,0
2025-02-18,10,Rashid Shaheed Truthers,34724,9933,44657,0,34724,9933,0,0
2025-02-18,11,All You Need Is LOVE,26880,19634,46514,0,26880,19634,0,0
2025-02-18,12,Omar Comin,31018,18405,49423,0,31018,18405,0,0
2025-02-19,1,208 Ferrari Way,31248,13611,44859,0,31248,13611,0,0
2025-02-19,2,The Federal Reserve,54318,10754,65072,0,54318,10754,0,0
2025-02-19,3,Golden Hour,34700,16375,51075,0,34700,16375,0,0
2025-02-19,4,Lisan al-Caleb,39701,10826,50527,0,39701,10826,0,1
2025-02-19,5,Mommy Rainier,30747,7877,38624,0,30747,7877,0,1
2025-02-19,6,Mostly Washed,39307,11162,50469,0,39307,11162,0,0
2025-02-19,7,Cártel de Breece y Puka,35010,14359,49369,0,35010,14359,0,0
2025-02-19,8,Loading…,36681,12136,48817,0,36681,12136,0,0
2025-02-19,9,Gaeta Spur FC,31948,13648,45596,0,31948,13648,0,0
2025-02-19,10,Rashid Shaheed Truthers,34724,9933,44657,0,34724,9933,0,0
2025-02-19,11,All You Need Is LOVE,26880,19634,46514,0,26880,19634,0,0
2025-02-19,12,Omar Comin,31018,18405,49423,0,31018,18405,0,0
2025-02-20,1,208 Ferrari Way,31248,13611,44859,0,31248,13611,0,0
2025-02-20,2,The Federal Reserve,54318,10754,65072,0,54318,10754,0,0
2025-02-20,3,Golden Hour,34700,16375,51075,0,34700,16375,0,0
2025-02-20,4,Lisan al-Caleb,39701,10826,50527,0,39701,10826,0,1
2025-02-20,5,Mommy Rainier,30747,7877,38624,0,30747,7877,0,1
2025-02-20,6,Mostly Washed,39307,11162,50469,0,39307,11162,0,0
2025-02-20,7,Cártel de Breece y Puka,35010,14359,49369,0,35010,14359,0,0
2025-02-20,8,Loading…,36681,12136,48817,0,36681,12136,0,0
2025-02-20,9,Gaeta Spur FC,31948,13648,45596,0,31948,13648,0,0
2025-02-20,10,Rashid Shaheed Truthers,34724,9933,44657,0,34724,9933,0,0
2025-02-20,11,All You Need Is LOVE,26880,19634,46514,0,26880,19634,0,0
2025-02-20,12,Omar Comin,31018,18405,49423,0,31018,18405,0,0
2025-02-21,1,208 Ferrari Way,31304,13394,44698,31304,0,13394,0,0
2025-02-21,2,The Federal Reserve,54250,10558,64808,54250,0,10558,0,0
2025-02-21,3,Golden Hour,34691,16051,50742,34691,0,16051,0,0
2025-02-21,4,Lisan al-Caleb,38895,10625,49520,38895,0,10625,0,1
2025-02-21,5,Mommy Rainier,30437,7724,38161,30437,0,7724,0,0
2025-02-21,6,Mostly Washed,39128,10963,50091,39128,0,10963,0,0
2025-02-21,7,Cártel de Breece y Puka,34373,14116,48489,34373,0,14116,0,0
2025-02-21,8,Loading…,36021,11870,47891,36021,0,11870,0,0
2025-02-21,9,Gaeta Spur FC,32266,13409,45675,32266,0,13409,0,0
2025-02-21,10,Rashid Shaheed Truthers,34493,9791,44284,34493,0,9791,0,0
2025-02-21,11,All You Need Is LOVE,26899,19206,46105,26899,0,19206,0,0
2025-02-21,12,Omar Comin,29681,18025,47706,29681,0,18025,0,0
2025-02-22,1,208 Ferrari Way,31304,13394,44698,0,31304,13394,0,0
2025-02-22,2,The Federal Reserve,54250,10558,64808,0,54250,10558,0,0
2025-02-22,3,Golden Hour,34691,16051,50742,0,34691,16051,0,0
2025-02-22,4,Lisan al-Caleb,38895,10625,49520,0,38895,10625,0,1
2025-02-22,5,Mommy Rainier,30437,7724,38161,0,30437,7724,0,0
2025-02-22,6,Mostly Washed,39128,10963,50091,0,39128,10963,0,0
2025-02-22,7,Cártel de Breece y Puka,34373,14116,48489,0,34373,14116,0,0
2025-02-22,8,Loading…,36021,11870,47891,0,36021,11870,0,0
2025-02-22,9,Gaeta Spur FC,32266,13409,45675,0,32266,13409,0,0
2025-02-22,10,Rashid Shaheed Truthers,34493,9791,44284,0,34493,9791,0,0
2025-02-22,11,All You Need Is LOVE,26899,19206,46105,0,26899,19206,0,0
2025-02-22,12,Omar Comin,29681,18025,47706,0,29681,18025,0,0
2025-02-23,1,208 Ferrari Way,31304,13394,44698,0,31304,13394,0,0
2025-02-23,2,The Federal Reserve,54250,10558,64808,0,54250,10558,0,0
2025-02-23,3,Golden Hour,34691,16051,50742,0,34691,16051,0,0
2025-02-23,4,Lisan al-Caleb,38895,10625,49520,0,38895,10625,0,1
2025-02-23,5,Mommy Rainier,30437,7724,38161,0,30437,7724,0,0
2025-02-23,6,Mostly Washed,39128,10963,50091,0,39128,10963,0,0
2025-02-23,7,Cártel de Breece y Puka,34373,14116,48489,0,34373,14116,0,0
2025-02-23,8,Loading…,36021,11870,47891,0,36021,11870,0,0
2025-02-23,9,Gaeta Spur FC,32266,13409,45675,0,32266,13409,0,0
2025-02-23,10,Rashid Shaheed Truthers,34493,9791,44284,0,34493,9791,0,0
2025-02-23,11,All You Need Is LOVE,26899,19206,46105,0,26899,19206,0,0
2025-02-23,12,Omar Comin,29681,18025,47706,0,29681,18025,0,0
2025-02-24,1,208 Ferrari Way,31304,13394,44698,0,31304,13394,0,0
2025-02-24,2,The Federal Reserve,54250,10558,64808,0,54250,10558,0,0
2025-02-24,3,Golden Hour,34691,16051,50742,0,34691,16051,0,0
2025-02-24,4,Lisan al-Caleb,38895,10625,49520,0,38895,10625,0,1
2025-02-24,5,Mommy Rainier,30437,7724,38161,0,30437,7724,0,0
2025-02-24,6,Mostly Washed,39128,10963,50091,0,39128,10963,0,0
2025-02-24,7,Cártel de Breece y Puka,34373,14116,48489,0,34373,14116,0,0
2025-02-24,8,Loading…,36021,11870,47891,0,36021,11870,0,0
2025-02-24,9,Gaeta Spur FC,32266,13409,45675,0,32266,13409,0,0
2025-02-24,10,Rashid Shaheed Truthers,34493,9791,44284,0,34493,9791,0,0
2025-02-24,11,All You Need Is LOVE,26899,19206,46105,0,26899,19206,0,0
2025-02-24,12,Omar Comin,29681,18025,47706,0,29681,18025,0,0
2025-02-25,1,208 Ferrari Way,31304,13394,44698,0,31304,13394,0,0
2025-02-25,2,The Federal Reserve,54250,10558,64808,0,54250,10558,0,0
2025-02-25,3,Golden Hour,34691,16051,50742,0,34691,16051,0,0
2025-02-25,4,Lisan al-Caleb,38895,10625,49520,0,38895,10625,0,1
2025-02-25,5,Mommy Rainier,30437,7724,38161,0,30437,7724,0,0
2025-02-25,6,Mostly Washed,39128,10963,50091,0,39128,10963,0,0
2025-02-25,7,Cártel de Breece y Puka,34373,14116,48489,0,34373,14116,0,0
2025-02-25,8,Loading…,36021,11870,47891,0,36021,11870,0,0
2025-02-25,9,Gaeta Spur FC,32266,13409,45675,0,32266,13409,0,0
2025-02-25,10,Rashid Shaheed Truthers,34493,9791,44284,0,34493,9791,0,0
2025-02-25,11,All You Need Is LOVE,26899,19206,46105,0,26899,19206,0,0
2025-02-25,12,Omar Comin,29681,18025,47706,0,29681,18025,0,0
2025-02-26,1,208 Ferrari Way,31304,13394,44698,0,31304,13394,0,0
2025-02-26,2,The Federal Reserve,54250,10558,64808,0,54250,10558,0,0
2025-02-26,3,Golden Hour,34691,16051,50742,0,34691,16051,0,0
2025-02-26,4,Lisan al-Caleb,38895,10625,49520,0,38895,10625,0,1
2025-02-26,5,Mommy Rainier,30437,7724,38161,0,30437,7724,0,0
2025-02-26,6,Mostly Washed,39128,10963,50091,0,39128,10963,0,0
2025-02-26,7,Cártel de Breece y Puka,34373,14116,48489,0,34373,14116,0,0
2025-02-26,8,Loading…,36021,11870,47891,0,36021,11870,0,0
2025-02-26,9,Gaeta Spur FC,32266,13409,45675,0,32266,13409,0,0
2025-02-26,10,Rashid Shaheed Truthers,34493,9791,44284,0,34493,9791,0,0
2025-02-26,11,All You Need Is LOVE,26899,19206,46105,0,26899,19206,0,0
2025-02-26,12,Omar Comin,29681,18025,47706,0,29681,18025,0,0
2025-02-27,1,208 Ferrari Way,31304,13394,44698,0,31304,13394,0,0
2025-02-27,2,The Federal Reserve,54250,10558,64808,0,54250,10558,0,0
2025-02-27,3,Golden Hour,34691,16051,50742,0,34691,16051,0,0
2025-02-27,4,Lisan al-Caleb,38895,10625,49520,0,38895,10625,0,1
2025-02-27,5,Mommy Rainier,30437,7724,38161,0,30437,7724,0,0
2025-02-27,6,Mostly Washed,39128,10963,50091,0,39128,10963,0,0
2025-02-27,7,Cártel de Breece y Puka,34373,14116,48489,0,34373,14116,0,0
2025-02-27,8,Loading…,36021,11870,47891,0,36021,11870,0,0
2025-02-27,9,Gaeta Spur FC,32266,13409,45675,0,32266,13409,0,0
2025-02-27,10,Rashid Shaheed Truthers,34493,9791,44284,0,34493,9791,0,0
2025-02-27,11,All You Need Is LOVE,26899,19206,46105,0,26899,19206,0,0
2025-02-27,12,Omar Comin,29681,18025,47706,0,29681,18025,0,0
2025-02-28,1,208 Ferrari Way,31112,13416,44528,31112,0,13416,0,0
2025-02-28,2,The Federal Reserve,54531,10579,65110,54531,0,10579,0,0
2025-02-28,3,Golden Hour,34530,16086,50616,34530,0,16086,0,0
2025-02-28,4,Lisan al-Caleb,38653,10644,49297,38653,0,10644,0,1
2025-02-28,5,Mommy Rainier,30075,7733,37808,30073,2,7733,0,0
2025-02-28,6,Mostly Washed,38974,10990,49964,38974,0,10990,0,0
2025-02-28,7,Cártel de Breece y Puka,34225,14161,48386,34225,0,14161,0,0
2025-02-28,8,Loading…,36348,11883,48231,36348,0,11883,0,0
2025-02-28,9,Gaeta Spur FC,31376,13434,44810,31376,0,13434,0,0
2025-02-28,10,Rashid Shaheed Truthers,34777,9804,44581,34777,0,9804,0,0
2025-02-28,11,All You Need Is LOVE,27016,19249,46265,27016,0,19249,0,0
2025-02-28,12,Omar Comin,29891,18065,47956,29891,0,18065,0,0
2025-03-01,1,208 Ferrari Way,31112,13416,44528,0,31112,13416,0,0
2025-03-01,2,The Federal Reserve,54531,10579,65110,0,54531,10579,0,0
2025-03-01,3,Golden Hour,34530,16086,50616,0,34530,16086,0,0
2025-03-01,4,Lisan al-Caleb,38653,10644,49297,0,38653,10644,0,1
2025-03-01,5,Mommy Rainier,30073,7733,37806,0,30073,7733,0,1
2025-03-01,6,Mostly Washed,38974,10990,49964,0,38974,10990,0,0
2025-03-01,7,Cártel de Breece y Puka,34225,14161,48386,0,34225,14161,0,0
2025-03-01,8,Loading…,36348,11883,48231,0,36348,11883,0,0
2025-03-01,9,Gaeta Spur FC,31376,13434,44810,0,31376,13434,0,0
2025-03-01,10,Rashid Shaheed Truthers,34777,9804,44581,0,34777,9804,0,0
2025-03-01,11,All You Need Is LOVE,27016,19249,46265,0,27016,19249,0,0
2025-03-01,12,Omar Comin,29891,18065,47956,0,29891,18065,0,0
2025-03-02,1,208 Ferrari Way,31112,13416,44528,0,31112,13416,0,0
2025-03-02,2,The Federal Reserve,54531,10579,65110,0,54531,10579,0,0
2025-03-02,3,Golden Hour,34530,16086,50616,0,34530,16086,0,0
2025-03-02,4,Lisan al-Caleb,38653,10644,49297,0,38653,10644,0,1
2025-03-02,5,Mommy Rainier,30073,7733,37806,0,30073,7733,0,1
2025-03-02,6,Mostly Washed,38974,10990,49964,0,38974,10990,0,0
2025-03-02,7,Cártel de Breece y Puka,34225,14161,48386,0,34225,14161,0,0
2025-03-02,8,Loading…,36348,11883,48231,0,36348,11883,0,0
2025-03-02,9,Gaeta Spur FC,31376,13434,44810,0,31376,13434,0,0
2025-03-02,10,Rashid Shaheed Truthers,34777,9804,44581,0,34777,9804,0,0
2025-03-02,11,All You Need Is LOVE,27016,19249,46265,0,27016,19249,0,0
2025-03-02,12,Omar Comin,29891,18065,47956,0,29891,18065,0,0
2025-03-03,1,208 Ferrari Way,31112,13416,44528,0,31112,13416,0,0
2025-03-03,2,The Federal Reserve,54531,10579,65110,0,54531,10579,0,0
2025-03-03,3,Golden Hour,34530,16086,50616,0,34530,16086,0,0
2025-03-03,4,Lisan al-Caleb,38653,10644,49297,0,38653,10644,0,1
2025-03-03,5,Mommy Rainier,30073,7733,37806,0,30073,7733,0,1
2025-03-03,6,Mostly Washed,38974,10990,49964,0,38974,10990,0,0
2025-03-03,7,Cártel de Breece y Puka,34225,14161,48386,0,34225,14161,0,0
2025-03-03,8,Loading…,36348,11883,48231,0,36348,11883,0,0
2025-03-03,9,Gaeta Spur FC,31376,13434,44810,0,31376,13434,0,0
2025-03-03,10,Rashid Shaheed Truthers,34777,9804,44581,0,34777,9804,0,0
2025-03-03,11,All You Need Is LOVE,27016,19249,46265,0,27016,19249,0,0
2025-03-03,12,Omar Comin,29891,18065,47956,0,29891,18065,0,0
2025-03-04,1,208 Ferrari Way,31112,13416,44528,0,31112,13416,0,0
2025-03-04,2,The Federal Reserve,54531,10579,65110,0,54531,10579,0,0
2025-03-04,3,Golden Hour,34530,16086,50616,0,34530,16086,0,0
2025-03-04,4,Lisan al-Caleb,38653,10644,49297,0,38653,10644,0,1
2025-03-04,5,Mommy Rainier,30073,7733,37806,0,30073,7733,0,1
2025-03-04,6,Mostly Washed,38974,10990,49964,0,38974,10990,0,0
2025-03-04,7,Cártel de Breece y Puka,34225,14161,48386,0,34225,14161,0,0
2025-03-04,8,Loading…,36348,11883,48231,0,36348,11883,0,0
2025-03-04,9,Gaeta Spur FC,31376,13434,44810,0,31376,13434,0,0
2025-03-04,10,Rashid Shaheed Truthers,34777,9804,44581,0,34777,9804,0,0
2025-03-04,11,All You Need Is LOVE,27016,19249,46265,0,27016,19249,0,0
2025-03-04,12,Omar Comin,29891,18065,47956,0,29891,18065,0,0
2025-03-05,1,208 Ferrari Way,31112,13416,44528,0,31112,13416,0,0
2025-03-05,2,The Federal Reserve,54531,10579,65110,0,54531,10579,0,0
2025-03-05,3,Golden Hour,34530,16086,50616,0,34530,16086,0,0
2025-03-05,4,Lisan al-Caleb,38653,10644,49297,0,38653,10644,0,1
2025-03-05,5,Mommy Rainier,30073,7733,37806,0,30073,7733,0,1
2025-03-05,6,Mostly Washed,38974,10990,49964,0,38974,10990,0,0
2025-03-05,7,Cártel de Breece y Puka,34225,14161,48386,0,34225,14161,0,0
2025-03-05,8,Loading…,36348,11883,48231,0,36348,11883,0,0
2025-03-05,9,Gaeta Spur FC,31376,13434,44810,0,31376,13434,0,0
2025-03-05,10,Rashid Shaheed Truthers,34777,9804,44581,0,34777,9804,0,0
2025-03-05,11,All You Need Is LOVE,27016,19249,46265,0,27016,19249,0,0
2025-03-05,12,Omar Comin,29891,18065,47956,0,29891,18065,0,0
2025-03-06,1,208 Ferrari Way,31112,13416,44528,0,31112,13416,0,0
2025-03-06,2,The Federal Reserve,54531,10579,65110,0,54531,10579,0,0
2025-03-06,3,Golden Hour,34530,16086,50616,0,34530,16086,0,0
2025-03-06,4,Lisan al-Caleb,38653,10644,49297,0,38653,10644,0,1
2025-03-06,5,Mommy Rainier,30073,7733,37806,0,30073,7733,0,1
2025-03-06,6,Mostly Washed,38974,10990,49964,0,38974,10990,0,0
2025-03-06,7,Cártel de Breece y Puka,34225,14161,48386,0,34225,14161,0,0
2025-03-06,8,Loading…,36348,11883,48231,0,36348,11883,0,0
2025-03-06,9,Gaeta Spur FC,31376,13434,44810,0,31376,13434,0,0
2025-03-06,10,Rashid Shaheed Truthers,34777,9804,44581,0,34777,9804,0,0
2025-03-06,11,All You Need Is LOVE,27016,19249,46265,0,27016,19249,0,0
2025-03-06,12,Omar Comin,29891,18065,47956,0,29891,18065,0,0
2025-03-07,1,208 Ferrari Way,30633,5210,35843,30633,0,5210,0,0
2025-03-07,2,The Federal Reserve,54202,4967,59169,54202,0,4967,0,0
2025-03-07,3,Golden Hour,33854,10944,44798,33854,0,10944,0,0
2025-03-07,4,Lisan al-Caleb,38148,6725,44873,38148,0,6725,0,1
2025-03-07,5,Mommy Rainier,29598,6240,35838,29598,0,6240,0,0
2025-03-07,6,Mostly Washed,38446,4859,43305,38446,0,4859,0,0
2025-03-07,7,Cártel de Breece y Puka,33651,3385,37036,33651,0,3385,0,0
2025-03-07,8,Loading…,35283,13168,48451,35283,0,13168,0,0
2025-03-07,9,Gaeta Spur FC,30730,6680,37410,30730,0,6680,0,0
2025-03-07,10,Rashid Shaheed Truthers,33955,3326,37281,33955,0,3326,0,0
2025-03-07,11,All You Need Is LOVE,26221,17111,43332,26221,0,17111,0,0
2025-03-07,12,Omar Comin,29099,14469,43568,29099,0,14469,0,0
2025-03-08,1,208 Ferrari Way,30633,5210,35843,0,30633,5210,0,0
2025-03-08,2,The Federal Reserve,54202,4967,59169,0,54202,4967,0,0
2025-03-08,3,Golden Hour,33854,10944,44798,0,33854,10944,0,0
2025-03-08,4,Lisan al-Caleb,38148,6725,44873,0,38148,6725,0,1
2025-03-08,5,Mommy Rainier,29598,6240,35838,0,29598,6240,0,0
2025-03-08,6,Mostly Washed,38446,4859,43305,0,38446,4859,0,0
2025-03-08,7,Cártel de Breece y Puka,33651,3385,37036,0,33651,3385,0,0
2025-03-08,8,Loading…,35283,13168,48451,0,35283,13168,0,0
2025-03-08,9,Gaeta Spur FC,30730,6680,37410,0,30730,6680,0,0
2025-03-08,10,Rashid Shaheed Truthers,33955,3326,37281,0,33955,3326,0,0
2025-03-08,11,All You Need Is LOVE,26221,17111,43332,0,26221,17111,0,0
2025-03-08,12,Omar Comin,29099,14469,43568,0,29099,14469,0,0
2025-03-09,1,208 Ferrari Way,30633,5210,35843,0,30633,5210,0,0
2025-03-09,2,The Federal Reserve,54202,4967,59169,0,54202,4967,0,0
2025-03-09,3,Golden Hour,33854,10944,44798,0,33854,10944,0,0
2025-03-09,4,Lisan al-Caleb,38148,6725,44873,0,38148,6725,0,1
2025-03-09,5,Mommy Rainier,29598,6240,35838,0,29598,6240,0,0
2025-03-09,6,Mostly Washed,38446,4859,43305,0,38446,4859,0,0
2025-03-09,7,Cártel de Breece y Puka,33651,3385,37036,0,33651,3385,0,0
2025-03-09,8,Loading…,35283,13168,48451,0,35283,13168,0,0
2025-03-09,9,Gaeta Spur FC,30730,6680,37410,0,30730,6680,0,0
2025-03-09,10,Rashid Shaheed Truthers,33955,3326,37281,0,33955,3326,0,0
2025-03-09,11,All You Need Is LOVE,26221,17111,43332,0,26221,17111,0,0
2025-03-09,12,Omar Comin,29099,14469,43568,0,29099,14469,0,0
2025-03-10,1,208 Ferrari Way,30633,5210,35843,0,30633,5210,0,0
2025-03-10,2,The Federal Reserve,54202,4967,59169,0,54202,4967,0,0
2025-03-10,3,Golden Hour,33854,10944,44798,0,33854,10944,0,0
2025-03-10,4,Lisan al-Caleb,38148,6725,44873,0,38148,6725,0,1
2025-03-10,5,Mommy Rainier,29598,6240,35838,0,29598,6240,0,0
2025-03-10,6,Mostly Washed,38446,4859,43305,0,38446,4859,0,0
2025-03-10,7,Cártel de Breece y Puka,33651,3385,37036,0,33651,3385,0,0
2025-03-10,8,Loading…,35283,13168,48451,0,35283,13168,0,0
2025-03-10,9,Gaeta Spur FC,30730,6680,37410,0,30730,6680,0,0
2025-03-10,10,Rashid Shaheed Truthers,33955,3326,37281,0,33955,3326,0,0
2025-03-10,11,All You Need Is LOVE,26221,17111,43332,0,26221,17111,0,0
2025-03-10,12,Omar Comin,29099,14469,43568,0,29099,14469,0,0
2025-03-11,1,208 Ferrari Way,30633,5210,35843,0,30633,5210,0,0
2025-03-11,2,The Federal Reserve,54202,4967,59169,0,54202,4967,0,0
2025-03-11,3,Golden Hour,33854,10944,44798,0,33854,10944,0,0
2025-03-11,4,Lisan al-Caleb,38148,6725,44873,0,38148,6725,0,1
2025-03-11,5,Mommy Rainier,29598,6240,35838,0,29598,6240,0,0
2025-03-11,6,Mostly Washed,38446,4859,43305,0,38446,4859,0,0
2025-03-11,7,Cártel de Breece y Puka,33651,3385,37036,0,33651,3385,0,0
2025-03-11,8,Loading…,35283,13168,48451,0,35283,13168,0,0
2025-03-11,9,Gaeta Spur FC,30730,6680,37410,0,30730,6680,0,0
2025-03-11,10,Rashid Shaheed Truthers,33955,3326,37281,0,33955,3326,0,0
2025-03-11,11,All You Need Is LOVE,26221,17111,43332,0,26221,17111,0,0
2025-03-11,12,Omar Comin,29099,14469,43568,0,29099,14469,0,0
2025-03-12,1,208 Ferrari Way,30633,5210,35843,0,30633,5210,0,0
2025-03-12,2,The Federal Reserve,54202,4967,59169,0,54202,4967,0,0
2025-03-12,3,Golden Hour,33854,10944,44798,0,33854,10944,0,0
2025-03-12,4,Lisan al-Caleb,38148,6725,44873,0,38148,6725,0,1
2025-03-12,5,Mommy Rainier,29598,6240,35838,0,29598,6240,0,0
2025-03-12,6,Mostly Washed,38446,4859,43305,0,38446,4859,0,0
2025-03-12,7,Cártel de Breece y Puka,33651,3385,37036,0,33651,3385,0,0
2025-03-12,8,Loading…,35283,13168,48451,0,35283,13168,0,0
2025-03-12,9,Gaeta Spur FC,30730,6680,37410,0,30730,6680,0,0
2025-03-12,10,Rashid Shaheed Truthers,33955,3326,37281,0,33955,3326,0,0
2025-03-12,11,All You Need Is LOVE,26221,17111,43332,0,26221,17111,0,0
2025-03-12,12,Omar Comin,29049,14469,43518,0,29049,14469,0,0
2025-03-13,1,208 Ferrari Way,30633,5210,35843,0,30633,5210,0,0
2025-03-13,2,The Federal Reserve,54202,4967,59169,0,54202,4967,0,0
2025-03-13,3,Golden Hour,33854,10944,44798,0,33854,10944,0,0
2025-03-13,4,Lisan al-Caleb,38148,6725,44873,0,38148,6725,0,1
2025-03-13,5,Mommy Rainier,29598,6240,35838,0,29598,6240,0,0
2025-03-13,6,Mostly Washed,38446,4859,43305,0,38446,4859,0,0
2025-03-13,7,Cártel de Breece y Puka,33377,3385,36762,0,33377,3385,0,0
2025-03-13,8,Loading…,35283,13168,48451,0,35283,13168,0,0
2025-03-13,9,Gaeta Spur FC,30730,6680,37410,0,30730,6680,0,0
2025-03-13,10,Rashid Shaheed Truthers,33955,3326,37281,0,33955,3326,0,0
2025-03-13,11,All You Need Is LOVE,26221,17111,43332,0,26221,17111,0,0
2025-03-13,12,Omar Comin,29049,14469,43518,0,29049,14469,0,0
2025-03-14,1,208 Ferrari Way,30433,5146,35579,30433,0,5146,0,0
2025-03-14,2,The Federal Reserve,53937,4907,58844,53937,0,4907,0,0
2025-03-14,3,Golden Hour,33157,10828,43985,33157,0,10828,0,0
2025-03-14,4,Lisan al-Caleb,37675,6656,44331,37675,0,6656,0,1
2025-03-14,5,Mommy Rainier,29635,6179,35814,29635,0,6179,0,0
2025-03-14,6,Mostly Washed,38661,4798,43459,38661,0,4798,0,0
2025-03-14,7,Cártel de Breece y Puka,32740,3338,36078,32740,0,3338,0,0
2025-03-14,8,Loading…,34659,13044,47703,34659,0,13044,0,0
2025-03-14,9,Gaeta Spur FC,30664,6600,37264,30664,0,6600,0,0
2025-03-14,10,Rashid Shaheed Truthers,33753,3286,37039,33753,0,3286,0,0
2025-03-14,11,All You Need Is LOVE,26183,16934,43117,26183,0,16934,0,0
2025-03-14,12,Omar Comin,28384,14312,42696,28384,0,14312,0,0
2025-03-15,1,208 Ferrari Way,30433,5146,35579,0,30433,5146,0,0
2025-03-15,2,The Federal Reserve,53937,2830,56767,0,53937,2830,0,0
2025-03-15,3,Golden Hour,33157,10828,43985,0,33157,10828,0,0
2025-03-15,4,Lisan al-Caleb,37675,6656,44331,0,37675,6656,0,1
2025-03-15,5,Mommy Rainier,29635,6179,35814,0,29635,6179,0,0
2025-03-15,6,Mostly Washed,38661,4798,43459,0,38661,4798,0,0
2025-03-15,7,Cártel de Breece y Puka,32740,3338,36078,0,32740,3338,0,0
2025-03-15,8,Loading…,34659,13044,47703,0,34659,13044,0,0
2025-03-15,9,Gaeta Spur FC,30664,6600,37264,0,30664,6600,0,0
2025-03-15,10,Rashid Shaheed Truthers,33753,3286,37039,0,33753,3286,0,0
2025-03-15,11,All You Need Is LOVE,26183,16934,43117,0,26183,16934,0,0
2025-03-15,12,Omar Comin,28384,16389,44773,0,28384,16389,0,0
2025-03-16,1,208 Ferrari Way,30433,5146,35579,0,30433,5146,0,0
2025-03-16,2,The Federal Reserve,53937,2830,56767,0,53937,2830,0,0
2025-03-16,3,Golden Hour,33157,10828,43985,0,33157,10828,0,0
2025-03-16,4,Lisan al-Caleb,37675,6656,44331,0,37675,6656,0,1
2025-03-16,5,Mommy Rainier,29635,6179,35814,0,29635,6179,0,0
2025-03-16,6,Mostly Washed,38661,4798,43459,0,38661,4798,0,0
2025-03-16,7,Cártel de Breece y Puka,32872,3338,36210,0,32872,3338,0,0
2025-03-16,8,Loading…,34659,13044,47703,0,34659,13044,0,0
2025-03-16,9,Gaeta Spur FC,30664,6600,37264,0,30664,6600,0,0
2025-03-16,10,Rashid Shaheed Truthers,33753,3286,37039,0,33753,3286,0,0
2025-03-16,11,All You Need Is LOVE,26183,16934,43117,0,26183,16934,0,0
2025-03-16,12,Omar Comin,28384,16389,44773,0,28384,16389,0,0
2025-03-17,1,208 Ferrari Way,30433,5146,35579,0,30433,5146,0,0
2025-03-17,2,The Federal Reserve,53937,2830,56767,0,53937,2830,0,0
2025-03-17,3,Golden Hour,32886,10828,43714,0,32886,10828,0,0
2025-03-17,4,Lisan al-Caleb,37675,6656,44331,0,37675,6656,0,1
2025-03-17,5,Mommy Rainier,29635,6179,35814,0,29635,6179,0,0
2025-03-17,6,Mostly Washed,38661,4798,43459,0,38661,4798,0,0
2025-03-17,7,Cártel de Breece y Puka,32872,3338,36210,0,32872,3338,0,0
2025-03-17,8,Loading…,34659,13044,47703,0,34659,13044,0,0
2025-03-17,9,Gaeta Spur FC,30664,6600,37264,0,30664,6600,0,0
2025-03-17,10,Rashid Shaheed Truthers,33753,3286,37039,0,33753,3286,0,0
2025-03-17,11,All You Need Is LOVE,26183,16934,43117,0,26183,16934,0,0
2025-03-17,12,Omar Comin,28405,16389,44794,0,28405,16389,0,0
2025-03-18,1,208 Ferrari Way,30433,5146,35579,0,30433,5146,0,0
2025-03-18,2,The Federal Reserve,53937,2830,56767,0,53937,2830,0,0
2025-03-18,3,Golden Hour,32886,10828,43714,0,32886,10828,0,0
2025-03-18,4,Lisan al-Caleb,37675,6656,44331,0,37675,6656,0,1
2025-03-18,5,Mommy Rainier,29635,6179,35814,0,29635,6179,0,0
2025-03-18,6,Mostly Washed,38661,4798,43459,0,38661,4798,0,0
2025-03-18,7,Cártel de Breece y Puka,32872,3338,36210,0,32872,3338,0,0
2025-03-18,8,Loading…,34659,13044,47703,0,34659,13044,0,0
2025-03-18,9,Gaeta Spur FC,30664,6600,37264,0,30664,6600,0,0
2025-03-18,10,Rashid Shaheed Truthers,33753,3286,37039,0,33753,3286,0,0
2025-03-18,11,All You Need Is LOVE,26183,16934,43117,0,26183,16934,0,0
2025-03-18,12,Omar Comin,28405,16389,44794,0,28405,16389,0,0
2025-03-19,1,208 Ferrari Way,30456,3885,34341,0,30456,3885,0,0
2025-03-19,2,The Federal Reserve,53937,2830,56767,0,53937,2830,0,0
2025-03-19,3,Golden Hour,32886,10828,43714,0,32886,10828,0,0
2025-03-19,4,Lisan al-Caleb,37675,6656,44331,0,37675,6656,0,1
2025-03-19,5,Mommy Rainier,29635,6179,35814,0,29635,6179,0,0
2025-03-19,6,Mostly Washed,38661,4798,43459,0,38661,4798,0,0
2025-03-19,7,Cártel de Breece y Puka,32806,4599,37405,0,32806,4599,0,0
2025-03-19,8,Loading…,34659,13044,47703,0,34659,13044,0,0
2025-03-19,9,Gaeta Spur FC,30664,6600,37264,0,30664,6600,0,0
2025-03-19,10,Rashid Shaheed Truthers,33753,3286,37039,0,33753,3286,0,0
2025-03-19,11,All You Need Is LOVE,26183,16934,43117,0,26183,16934,0,0
2025-03-19,12,Omar Comin,28390,16389,44779,0,28390,16389,0,0
2025-03-20,1,208 Ferrari Way,30456,3885,34341,0,30456,3885,0,0
2025-03-20,2,The Federal Reserve,53937,2830,56767,0,53937,2830,0,0
2025-03-20,3,Golden Hour,32886,10828,43714,0,32886,10828,0,0
2025-03-20,4,Lisan al-Caleb,37675,6656,44331,0,37675,6656,0,1
2025-03-20,5,Mommy Rainier,29635,6179,35814,0,29635,6179,0,0
2025-03-20,6,Mostly Washed,38661,4798,43459,0,38661,4798,0,0
2025-03-20,7,Cártel de Breece y Puka,32806,4599,37405,0,32806,4599,0,0
2025-03-20,8,Loading…,34659,13044,47703,0,34659,13044,0,0
2025-03-20,9,Gaeta Spur FC,30664,6600,37264,0,30664,6600,0,0
2025-03-20,10,Rashid Shaheed Truthers,33753,3286,37039,0,33753,3286,0,0
2025-03-20,11,All You Need Is LOVE,26183,16934,43117,0,26183,16934,0,0
2025-03-20,12,Omar Comin,28390,16389,44779,0,28390,16389,0,0
2025-03-21,1,208 Ferrari Way,30272,3875,34147,30272,0,3875,0,0
2025-03-21,2,The Federal Reserve,54064,2823,56887,54064,0,2823,0,0
2025-03-21,3,Golden Hour,32601,10823,43424,32601,0,10823,0,0
2025-03-21,4,Lisan al-Caleb,37731,6654,44385,37731,0,6654,0,1
2025-03-21,5,Mommy Rainier,29468,6179,35647,29468,0,6179,0,0
2025-03-21,6,Mostly Washed,38474,4790,43264,38474,0,4790,0,0
2025-03-21,7,Cártel de Breece y Puka,32786,4594,37380,32786,0,4594,0,0
2025-03-21,8,Loading…,34242,13047,47289,34242,0,13047,0,0
2025-03-21,9,Gaeta Spur FC,30423,6592,37015,30423,0,6592,0,0
2025-03-21,10,Rashid Shaheed Truthers,33739,3281,37020,33739,0,3281,0,0
2025-03-21,11,All You Need Is LOVE,26079,16929,43008,26079,0,16929,0,0
2025-03-21,12,Omar Comin,28816,16385,45201,28816,0,16385,0,0
2025-03-22,1,208 Ferrari Way,30272,3875,34147,0,30272,3875,0,0
2025-03-22,2,The Federal Reserve,54064,2823,56887,0,54064,2823,0,0
2025-03-22,3,Golden Hour,32601,10823,43424,0,32601,10823,0,0
2025-03-22,4,Lisan al-Caleb,37731,6654,44385,0,37731,6654,0,1
2025-03-22,5,Mommy Rainier,29468,6179,35647,0,29468,6179,0,0
2025-03-22,6,Mostly Washed,38474,4790,43264,0,38474,4790,0,0
2025-03-22,7,Cártel de Breece y Puka,32786,4594,37380,0,32786,4594,0,0
2025-03-22,8,Loading…,34242,13047,47289,0,34242,13047,0,0
2025-03-22,9,Gaeta Spur FC,30423,6592,37015,0,30423,6592,0,0
2025-03-22,10,Rashid Shaheed Truthers,33739,3281,37020,0,33739,3281,0,0
2025-03-22,11,All You Need Is LOVE,26079,16929,43008,0,26079,16929,0,0
2025-03-22,12,Omar Comin,28816,16385,45201,0,28816,16385,0,0
2025-03-23,1,208 Ferrari Way,30272,3875,34147,0,30272,3875,0,0
2025-03-23,2,The Federal Reserve,54064,2823,56887,0,54064,2823,0,0
2025-03-23,3,Golden Hour,32601,10823,43424,0,32601,10823,0,0
2025-03-23,4,Lisan al-Caleb,37731,6654,44385,0,37731,6654,0,1
2025-03-23,5,Mommy Rainier,29468,6179,35647,0,29468,6179,0,0
2025-03-23,6,Mostly Washed,38472,4790,43262,0,38472,4790,0,0
2025-03-23,7,Cártel de Breece y Puka,32786,4594,37380,0,32786,4594,0,0
2025-03-23,8,Loading…,34242,13047,47289,0,34242,13047,0,0
2025-03-23,9,Gaeta Spur FC,30423,6592,37015,0,30423,6592,0,0
2025-03-23,10,Rashid Shaheed Truthers,33739,3281,37020,0,33739,3281,0,0
2025-03-23,11,All You Need Is LOVE,26079,16929,43008,0,26079,16929,0,0
2025-03-23,12,Omar Comin,28816,16385,45201,0,28816,16385,0,0
2025-03-24,1,208 Ferrari Way,32400,2398,34798,0,32400,2398,0,0
2025-03-24,2,The Federal Reserve,54064,2823,56887,0,54064,2823,0,0
2025-03-24,3,Golden Hour,32601,10823,43424,0,32601,10823,0,0
2025-03-24,4,Lisan al-Caleb,37731,6654,44385,0,37731,6654,0,1
2025-03-24,5,Mommy Rainier,23668,9029,32697,0,23668,9029,0,0
2025-03-24,6,Mostly Washed,42144,3417,45561,0,42144,3417,0,0
2025-03-24,7,Cártel de Breece y Puka,32786,4594,37380,0,32786,4594,0,0
2025-03-24,8,Loading…,34242,13047,47289,0,34242,13047,0,0
2025-03-24,9,Gaeta Spur FC,30423,6592,37015,0,30423,6592,0,0
2025-03-24,10,Rashid Shaheed Truthers,33739,3281,37020,0,33739,3281,0,0
2025-03-24,11,All You Need Is LOVE,26079,16929,43008,0,26079,16929,0,0
2025-03-24,12,Omar Comin,28816,16385,45201,0,28816,16385,0,0
2025-03-25,1,208 Ferrari Way,32427,2398,34825,0,32427,2398,0,0
2025-03-25,2,The Federal Reserve,54064,2823,56887,0,54064,2823,0,0
2025-03-25,3,Golden Hour,32601,10823,43424,0,32601,10823,0,0
2025-03-25,4,Lisan al-Caleb,37731,6654,44385,0,37731,6654,0,1
2025-03-25,5,Mommy Rainier,23668,9029,32697,0,23668,9029,0,0
2025-03-25,6,Mostly Washed,42144,3417,45561,0,42144,3417,0,0
2025-03-25,7,Cártel de Breece y Puka,32786,4594,37380,0,32786,4594,0,0
2025-03-25,8,Loading…,34242,13047,47289,0,34242,13047,0,0
2025-03-25,9,Gaeta Spur FC,30423,6592,37015,0,30423,6592,0,0
2025-03-25,10,Rashid Shaheed Truthers,33739,3281,37020,0,33739,3281,0,0
2025-03-25,11,All You Need Is LOVE,26079,16929,43008,0,26079,16929,0,0
2025-03-25,12,Omar Comin,28816,16385,45201,0,28816,16385,0,0
2025-03-26,1,208 Ferrari Way,32427,2398,34825,0,32427,2398,0,0
2025-03-26,2,The Federal Reserve,54064,2823,56887,0,54064,2823,0,0
2025-03-26,3,Golden Hour,32601,10823,43424,0,32601,10823,0,0
2025-03-26,4,Lisan al-Caleb,37731,6654,44385,0,37731,6654,0,1
2025-03-26,5,Mommy Rainier,23668,9029,32697,0,23668,9029,0,0
2025-03-26,6,Mostly Washed,42144,3417,45561,0,42144,3417,0,0
2025-03-26,7,Cártel de Breece y Puka,32786,4594,37380,0,32786,4594,0,0
2025-03-26,8,Loading…,34242,13047,47289,0,34242,13047,0,0
2025-03-26,9,Gaeta Spur FC,30423,6592,37015,0,30423,6592,0,0
2025-03-26,10,Rashid Shaheed Truthers,33739,3281,37020,0,33739,3281,0,0
2025-03-26,11,All You Need Is LOVE,26079,16929,43008,0,26079,16929,0,0
2025-03-26,12,Omar Comin,28816,16385,45201,0,28816,16385,0,0
2025-03-27,1,208 Ferrari Way,32427,2398,34825,0,32427,2398,0,0
2025-03-27,2,The Federal Reserve,54064,2823,56887,0,54064,2823,0,0
2025-03-27,3,Golden Hour,32601,10823,43424,0,32601,10823,0,0
2025-03-27,4,Lisan al-Caleb,37731,6654,44385,0,37731,6654,0,1
2025-03-27,5,Mommy Rainier,23605,9029,32634,0,23605,9029,0,0
2025-03-27,6,Mostly Washed,42144,3417,45561,0,42144,3417,0,0
2025-03-27,7,Cártel de Breece y Puka,32786,4594,37380,0,32786,4594,0,0
2025-03-27,8,Loading…,34242,13047,47289,0,34242,13047,0,0
2025-03-27,9,Gaeta Spur FC,30423,6592,37015,0,30423,6592,0,0
2025-03-27,10,Rashid Shaheed Truthers,33739,3281,37020,0,33739,3281,0,0
2025-03-27,11,All You Need Is LOVE,26079,16929,43008,0,26079,16929,0,0
2025-03-27,12,Omar Comin,28816,16385,45201,0,28816,16385,0,0
2025-03-28,1,208 Ferrari Way,32456,2338,34794,32456,0,2338,0,0
2025-03-28,2,The Federal Reserve,54162,2763,56925,54162,0,2763,0,0
2025-03-28,3,Golden Hour,32587,10969,43556,32587,0,10969,0,0
2025-03-28,4,Lisan al-Caleb,37850,6771,44621,37850,0,6771,0,0
2025-03-28,5,Mommy Rainier,23270,9141,32411,23270,0,9141,0,0
2025-03-28,6,Mostly Washed,42088,3425,45513,42088,0,3425,0,0
2025-03-28,7,Cártel de Breece y Puka,32672,4584,37256,32672,0,4584,0,0
2025-03-28,8,Loading…,34298,13381,47679,34298,0,13381,0,0
2025-03-28,9,Gaeta Spur FC,30402,6630,37032,30402,0,6630,0,0
2025-03-28,10,Rashid Shaheed Truthers,33498,3279,36777,33498,0,3279,0,0
2025-03-28,11,All You Need Is LOVE,26189,17229,43418,26189,0,17229,0,0
2025-03-28,12,Omar Comin,29124,16682,45806,29124,0,16682,0,0
2025-03-29,1,208 Ferrari Way,32456,2338,34794,0,32456,2338,0,0
2025-03-29,2,The Federal Reserve,54162,2763,56925,0,54162,2763,0,0
2025-03-29,3,Golden Hour,32587,10969,43556,0,32587,10969,0,0
2025-03-29,4,Lisan al-Caleb,37850,6771,44621,0,37850,6771,0,0
2025-03-29,5,Mommy Rainier,23270,9141,32411,0,23270,9141,0,0
2025-03-29,6,Mostly Washed,42088,3425,45513,0,42088,3425,0,0
2025-03-29,7,Cártel de Breece y Puka,32672,4584,37256,0,32672,4584,0,0
2025-03-29,8,Loading…,34298,13381,47679,0,34298,13381,0,0
2025-03-29,9,Gaeta Spur FC,30402,6630,37032,0,30402,6630,0,0
2025-03-29,10,Rashid Shaheed Truthers,33498,3279,36777,0,33498,3279,0,0
2025-03-29,11,All You Need Is LOVE,26189,17229,43418,0,26189,17229,0,0
2025-03-29,12,Omar Comin,29124,16682,45806,0,29124,16682,0,0
2025-03-30,1,208 Ferrari Way,32456,2338,34794,0,32456,2338,0,0
2025-03-30,2,The Federal Reserve,54162,2763,56925,0,54162,2763,0,0
2025-03-30,3,Golden Hour,32587,10969,43556,0,32587,10969,0,0
2025-03-30,4,Lisan al-Caleb,37850,6771,44621,0,37850,6771,0,0
2025-03-30,5,Mommy Rainier,23270,9141,32411,0,23270,9141,0,0
2025-03-30,6,Mostly Washed,42088,3425,45513,0,42088,3425,0,0
2025-03-30,7,Cártel de Breece y Puka,32672,4584,37256,0,32672,4584,0,0
2025-03-30,8,Loading…,34298,13381,47679,0,34298,13381,0,0
2025-03-30,9,Gaeta Spur FC,30402,6630,37032,0,30402,6630,0,0
2025-03-30,10,Rashid Shaheed Truthers,33498,3279,36777,0,33498,3279,0,0
2025-03-30,11,All You Need Is LOVE,26189,17229,43418,0,26189,17229,0,0
2025-03-30,12,Omar Comin,29124,16682,45806,0,29124,16682,0,0
2025-03-31,1,208 Ferrari Way,32456,2338,34794,0,32456,2338,0,0
2025-03-31,2,The Federal Reserve,54162,2763,56925,0,54162,2763,0,0
2025-03-31,3,Golden Hour,32587,10969,43556,0,32587,10969,0,0
2025-03-31,4,Lisan al-Caleb,37850,6771,44621,0,37850,6771,0,0
2025-03-31,5,Mommy Rainier,23270,9141,32411,0,23270,9141,0,0
2025-03-31,6,Mostly Washed,42038,3425,45463,0,42038,3425,0,0
2025-03-31,7,Cártel de Breece y Puka,32672,4584,37256,0,32672,4584,0,0
2025-03-31,8,Loading…,34298,13381,47679,0,34298,13381,0,0
2025-03-31,9,Gaeta Spur FC,30402,6630,37032,0,30402,6630,0,0
2025-03-31,10,Rashid Shaheed Truthers,33498,3279,36777,0,33498,3279,0,0
2025-03-31,11,All You Need Is LOVE,26189,17229,43418,0,26189,17229,0,0
2025-03-31,12,Omar Comin,29124,16682,45806,0,29124,16682,0,0
2025-04-01,1,208 Ferrari Way,32456,2338,34794,0,32456,2338,0,0
2025-04-01,2,The Federal Reserve,54162,2679,56841,0,54162,2679,0,0
2025-04-01,3,Golden Hour,32587,10969,43556,0,32587,10969,0,0
2025-04-01,4,Lisan al-Caleb,37850,6771,44621,0,37850,6771,0,0
2025-04-01,5,Mommy Rainier,23270,9141,32411,0,23270,9141,0,0
2025-04-01,6,Mostly Washed,42038,3425,45463,0,42038,3425,0,0
2025-04-01,7,Cártel de Breece y Puka,32672,4584,37256,0,32672,4584,0,0
2025-04-01,8,Loading…,34298,13381,47679,0,34298,13381,0,0
2025-04-01,9,Gaeta Spur FC,30402,6630,37032,0,30402,6630,0,0
2025-04-01,10,Rashid Shaheed Truthers,33498,3279,36777,0,33498,3279,0,0
2025-04-01,11,All You Need Is LOVE,26189,17229,43418,0,26189,17229,0,0
2025-04-01,12,Omar Comin,29124,16766,45890,0,29124,16766,0,0
2025-04-02,1,208 Ferrari Way,32456,2338,34794,0,32456,2338,0,0
2025-04-02,2,The Federal Reserve,54162,2679,56841,0,54162,2679,0,0
2025-04-02,3,Golden Hour,32587,10969,43556,0,32587,10969,0,0
2025-04-02,4,Lisan al-Caleb,37850,6771,44621,0,37850,6771,0,0
2025-04-02,5,Mommy Rainier,23270,9141,32411,0,23270,9141,0,0
2025-04-02,6,Mostly Washed,42038,3425,45463,0,42038,3425,0,0
2025-04-02,7,Cártel de Breece y Puka,32672,4584,37256,0,32672,4584,0,0
2025-04-02,8,Loading…,34298,13381,47679,0,34298,13381,0,0
2025-04-02,9,Gaeta Spur FC,30402,6630,37032,0,30402,6630,0,0
2025-04-02,10,Rashid Shaheed Truthers,33498,3279,36777,0,33498,3279,0,0
2025-04-02,11,All You Need Is LOVE,26189,17229,43418,0,26189,17229,0,0
2025-04-02,12,Omar Comin,29127,16766,45893,0,29127,16766,0,0
2025-04-03,1,208 Ferrari Way,32456,2338,34794,0,32456,2338,0,0
2025-04-03,2,The Federal Reserve,54162,2679,56841,0,54162,2679,0,0
2025-04-03,3,Golden Hour,32587,10969,43556,0,32587,10969,0,0
2025-04-03,4,Lisan al-Caleb,37850,6771,44621,0,37850,6771,0,0
2025-04-03,5,Mommy Rainier,23270,9141,32411,0,23270,9141,0,0
2025-04-03,6,Mostly Washed,42038,3425,45463,0,42038,3425,0,0
2025-04-03,7,Cártel de Breece y Puka,32672,4584,37256,0,32672,4584,0,0
2025-04-03,8,Loading…,34298,13381,47679,0,34298,13381,0,0
2025-04-03,9,Gaeta Spur FC,30402,6630,37032,0,30402,6630,0,0
2025-04-03,10,Rashid Shaheed Truthers,33498,3279,36777,0,33498,3279,0,0
2025-04-03,11,All You Need Is LOVE,26189,17229,43418,0,26189,17229,0,0
2025-04-03,12,Omar Comin,29127,16766,45893,0,29127,16766,0,0
2025-04-04,1,208 Ferrari Way,32529,2295,34824,32529,0,2295,0,0
2025-04-04,2,The Federal Reserve,54079,2632,56711,54079,0,2632,0,0
2025-04-04,3,Golden Hour,32741,10905,43646,32741,0,10905,0,0
2025-04-04,4,Lisan al-Caleb,37447,6740,44187,37447,0,6740,0,0
2025-04-04,5,Mommy Rainier,23580,9084,32664,23580,0,9084,0,0
2025-04-04,6,Mostly Washed,41434,3392,44826,41434,0,3392,0,0
2025-04-04,7,Cártel de Breece y Puka,32947,4533,37480,32947,0,4533,0,0
2025-04-04,8,Loading…,33421,13354,46775,33421,0,13354,0,0
2025-04-04,9,Gaeta Spur FC,30118,6574,36692,30118,0,6574,0,0
2025-04-04,10,Rashid Shaheed Truthers,33378,3244,36622,33378,0,3244,0,0
2025-04-04,11,All You Need Is LOVE,26038,17151,43189,26038,0,17151,0,0
2025-04-04,12,Omar Comin,29500,16692,46192,29500,0,16692,0,0
2025-04-05,1,208 Ferrari Way,32529,2295,34824,0,32529,2295,0,0
2025-04-05,2,The Federal Reserve,54079,2632,56711,0,54079,2632,0,0
2025-04-05,3,Golden Hour,32741,10905,43646,0,32741,10905,0,0
2025-04-05,4,Lisan al-Caleb,37447,6740,44187,0,37447,6740,0,0
2025-04-05,5,Mommy Rainier,23580,9084,32664,0,23580,9084,0,0
2025-04-05,6,Mostly Washed,41434,3392,44826,0,41434,3392,0,0
2025-04-05,7,Cártel de Breece y Puka,32947,4533,37480,0,32947,4533,0,0
2025-04-05,8,Loading…,33421,13354,46775,0,33421,13354,0,0
2025-04-05,9,Gaeta Spur FC,30118,6574,36692,0,30118,6574,0,0
2025-04-05,10,Rashid Shaheed Truthers,33378,3244,36622,0,33378,3244,0,0
2025-04-05,11,All You Need Is LOVE,26038,17151,43189,0,26038,17151,0,0
2025-04-05,12,Omar Comin,29500,16692,46192,0,29500,16692,0,0
2025-04-06,1,208 Ferrari Way,32529,2295,34824,0,32529,2295,0,0
2025-04-06,2,The Federal Reserve,54079,2632,56711,0,54079,2632,0,0
2025-04-06,3,Golden Hour,32741,10905,43646,0,32741,10905,0,0
2025-04-06,4,Lisan al-Caleb,37447,6740,44187,0,37447,6740,0,0
2025-04-06,5,Mommy Rainier,23580,9084,32664,0,23580,9084,0,0
2025-04-06,6,Mostly Washed,41434,3392,44826,0,41434,3392,0,0
2025-04-06,7,Cártel de Breece y Puka,32947,4533,37480,0,32947,4533,0,0
2025-04-06,8,Loading…,33421,13354,46775,0,33421,13354,0,0
2025-04-06,9,Gaeta Spur FC,30118,6574,36692,0,30118,6574,0,0
2025-04-06,10,Rashid Shaheed Truthers,33378,3244,36622,0,33378,3244,0,0
2025-04-06,11,All You Need Is LOVE,26038,17151,43189,0,26038,17151,0,0
2025-04-06,12,Omar Comin,29500,16692,46192,0,29500,16692,0,0
2025-04-07,1,208 Ferrari Way,32529,2295,34824,0,32529,2295,0,0
2025-04-07,2,The Federal Reserve,54079,2632,56711,0,54079,2632,0,0
2025-04-07,3,Golden Hour,32741,10905,43646,0,32741,10905,0,0
2025-04-07,4,Lisan al-Caleb,37447,6740,44187,0,37447,6740,0,0
2025-04-07,5,Mommy Rainier,23580,9084,32664,0,23580,9084,0,0
2025-04-07,6,Mostly Washed,41434,3392,44826,0,41434,3392,0,0
2025-04-07,7,Cártel de Breece y Puka,32947,4533,37480,0,32947,4533,0,0
2025-04-07,8,Loading…,33421,13354,46775,0,33421,13354,0,0
2025-04-07,9,Gaeta Spur FC,30118,6574,36692,0,30118,6574,0,0
2025-04-07,10,Rashid Shaheed Truthers,33378,3244,36622,0,33378,3244,0,0
2025-04-07,11,All You Need Is LOVE,26038,17151,43189,0,26038,17151,0,0
2025-04-07,12,Omar Comin,29500,16692,46192,0,29500,16692,0,0
2025-04-08,1,208 Ferrari Way,32529,2295,34824,0,32529,2295,0,0
2025-04-08,2,The Federal Reserve,54079,2632,56711,0,54079,2632,0,0
2025-04-08,3,Golden Hour,32741,10905,43646,0,32741,10905,0,0
2025-04-08,4,Lisan al-Caleb,37447,6740,44187,0,37447,6740,0,0
2025-04-08,5,Mommy Rainier,23580,9084,32664,0,23580,9084,0,0
2025-04-08,6,Mostly Washed,41434,3392,44826,0,41434,3392,0,0
2025-04-08,7,Cártel de Breece y Puka,32947,4533,37480,0,32947,4533,0,0
2025-04-08,8,Loading…,33421,13354,46775,0,33421,13354,0,0
2025-04-08,9,Gaeta Spur FC,30118,6574,36692,0,30118,6574,0,0
2025-04-08,10,Rashid Shaheed Truthers,33378,3244,36622,0,33378,3244,0,0
2025-04-08,11,All You Need Is LOVE,26038,17151,43189,0,26038,17151,0,0
2025-04-08,12,Omar Comin,29500,16692,46192,0,29500,16692,0,0
2025-04-09,1,208 Ferrari Way,32529,2295,34824,0,32529,2295,0,0
2025-04-09,2,The Federal Reserve,54079,2632,56711,0,54079,2632,0,0
2025-04-09,3,Golden Hour,32741,10905,43646,0,32741,10905,0,0
2025-04-09,4,Lisan al-Caleb,37447,6740,44187,0,37447,6740,0,0
2025-04-09,5,Mommy Rainier,23580,9084,32664,0,23580,9084,0,0
2025-04-09,6,Mostly Washed,41434,3392,44826,0,41434,3392,0,0
2025-04-09,7,Cártel de Breece y Puka,32947,4533,37480,0,32947,4533,0,0
2025-04-09,8,Loading…,33421,13354,46775,0,33421,13354,0,0
2025-04-09,9,Gaeta Spur FC,30118,6574,36692,0,30118,6574,0,0
2025-04-09,10,Rashid Shaheed Truthers,33378,3244,36622,0,33378,3244,0,0
2025-04-09,11,All You Need Is LOVE,26038,17151,43189,0,26038,17151,0,0
2025-04-09,12,Omar Comin,29500,16692,46192,0,29500,16692,0,0
2025-04-10,1,208 Ferrari Way,32529,2295,34824,0,32529,2295,0,0
2025-04-10,2,The Federal Reserve,54079,2632,56711,0,54079,2632,0,0
2025-04-10,3,Golden Hour,32741,10905,43646,0,32741,10905,0,0
2025-04-10,4,Lisan al-Caleb,37447,6740,44187,0,37447,6740,0,0
2025-04-10,5,Mommy Rainier,23580,9084,32664,0,23580,9084,0,0
2025-04-10,6,Mostly Washed,41434,3392,44826,0,41434,3392,0,0
2025-04-10,7,Cártel de Breece y Puka,32947,4533,37480,0,32947,4533,0,0
2025-04-10,8,Loading…,33421,13354,46775,0,33421,13354,0,0
2025-04-10,9,Gaeta Spur FC,30118,6574,36692,0,30118,6574,0,0
2025-04-10,10,Rashid Shaheed Truthers,33378,3244,36622,0,33378,3244,0,0
2025-04-10,11,All You Need Is LOVE,26038,17151,43189,0,26038,17151,0,0
2025-04-10,12,Omar Comin,29500,16692,46192,0,29500,16692,0,0
2025-04-11,1,208 Ferrari Way,32474,2294,34768,32474,0,2294,0,0
2025-04-11,2,The Federal Reserve,54072,2629,56701,54072,0,2629,0,0
2025-04-11,3,Golden Hour,32473,10835,43308,32473,0,10835,0,0
2025-04-11,4,Lisan al-Caleb,36986,6694,43680,36986,0,6694,0,0
2025-04-11,5,Mommy Rainier,23075,9027,32102,23075,0,9027,0,0
2025-04-11,6,Mostly Washed,41793,3374,45167,41793,0,3374,0,0
2025-04-11,7,Cártel de Breece y Puka,32629,4515,37144,32629,0,4515,0,0
2025-04-11,8,Loading…,33384,13247,46631,33384,0,13247,0,0
2025-04-11,9,Gaeta Spur FC,29713,6537,36250,29713,0,6537,0,0
2025-04-11,10,Rashid Shaheed Truthers,33068,3229,36297,33068,0,3229,0,0
2025-04-11,11,All You Need Is LOVE,26062,17031,43093,26062,0,17031,0,0
2025-04-11,12,Omar Comin,28959,16572,45531,28959,0,16572,0,0
2025-04-12,1,208 Ferrari Way,32474,2294,34768,0,32474,2294,0,0
2025-04-12,2,The Federal Reserve,54072,2629,56701,0,54072,2629,0,0
2025-04-12,3,Golden Hour,32473,10835,43308,0,32473,10835,0,0
2025-04-12,4,Lisan al-Caleb,36986,6694,43680,0,36986,6694,0,0
2025-04-12,5,Mommy Rainier,23075,9027,32102,0,23075,9027,0,0
2025-04-12,6,Mostly Washed,41793,3374,45167,0,41793,3374,0,0
2025-04-12,7,Cártel de Breece y Puka,32629,4515,37144,0,32629,4515,0,0
2025-04-12,8,Loading…,33384,13247,46631,0,33384,13247,0,0
2025-04-12,9,Gaeta Spur FC,29713,6537,36250,0,29713,6537,0,0
2025-04-12,10,Rashid Shaheed Truthers,33068,3229,36297,0,33068,3229,0,0
2025-04-12,11,All You Need Is LOVE,26062,17031,43093,0,26062,17031,0,0
2025-04-12,12,Omar Comin,28959,16572,45531,0,28959,16572,0,0
2025-04-13,1,208 Ferrari Way,32474,2294,34768,0,32474,2294,0,0
2025-04-13,2,The Federal Reserve,54072,2629,56701,0,54072,2629,0,0
2025-04-13,3,Golden Hour,32473,10835,43308,0,32473,10835,0,0
2025-04-13,4,Lisan al-Caleb,36986,6694,43680,0,36986,6694,0,0
2025-04-13,5,Mommy Rainier,23075,9027,32102,0,23075,9027,0,0
2025-04-13,6,Mostly Washed,41793,3374,45167,0,41793,3374,0,0
2025-04-13,7,Cártel de Breece y Puka,32629,4515,37144,0,32629,4515,0,0
2025-04-13,8,Loading…,33384,13247,46631,0,33384,13247,0,0
2025-04-13,9,Gaeta Spur FC,29713,6537,36250,0,29713,6537,0,0
2025-04-13,10,Rashid Shaheed Truthers,33068,3229,36297,0,33068,3229,0,0
2025-04-13,11,All You Need Is LOVE,26062,17031,43093,0,26062,17031,0,0
2025-04-13,12,Omar Comin,28959,16572,45531,0,28959,16572,0,0
2025-04-14,1,208 Ferrari Way,32474,2294,34768,0,32474,2294,0,0
2025-04-14,2,The Federal Reserve,54072,2629,56701,0,54072,2629,0,0
2025-04-14,3,Golden Hour,32473,10835,43308,0,32473,10835,0,0
2025-04-14,4,Lisan al-Caleb,36986,6694,43680,0,36986,6694,0,0
2025-04-14,5,Mommy Rainier,23075,9027,32102,0,23075,9027,0,0
2025-04-14,6,Mostly Washed,41793,3374,45167,0,41793,3374,0,0
2025-04-14,7,Cártel de Breece y Puka,32629,4515,37144,0,32629,4515,0,0
2025-04-14,8,Loading…,33384,13247,46631,0,33384,13247,0,0
2025-04-14,9,Gaeta Spur FC,29713,6537,36250,0,29713,6537,0,0
2025-04-14,10,Rashid Shaheed Truthers,33068,3229,36297,0,33068,3229,0,0
2025-04-14,11,All You Need Is LOVE,26062,17031,43093,0,26062,17031,0,0
2025-04-14,12,Omar Comin,28959,16572,45531,0,28959,16572,0,0
2025-04-15,1,208 Ferrari Way,32832,2294,35126,0,32832,2294,0,0
2025-04-15,2,The Federal Reserve,54072,2629,56701,0,54072,2629,0,0
2025-04-15,3,Golden Hour,32473,10835,43308,0,32473,10835,0,0
2025-04-15,4,Lisan al-Caleb,36986,6694,43680,0,36986,6694,0,0
2025-04-15,5,Mommy Rainier,23075,9027,32102,0,23075,9027,0,0
2025-04-15,6,Mostly Washed,41793,3374,45167,0,41793,3374,0,0
2025-04-15,7,Cártel de Breece y Puka,32629,4515,37144,0,32629,4515,0,0
2025-04-15,8,Loading…,33384,13247,46631,0,33384,13247,0,0
2025-04-15,9,Gaeta Spur FC,29713,6537,36250,0,29713,6537,0,0
2025-04-15,10,Rashid Shaheed Truthers,33068,3229,36297,0,33068,3229,0,0
2025-04-15,11,All You Need Is LOVE,26062,17031,43093,0,26062,17031,0,0
2025-04-15,12,Omar Comin,28959,16572,45531,0,28959,16572,0,0
2025-04-16,1,208 Ferrari Way,32832,2294,35126,0,32832,2294,0,0
2025-04-16,2,The Federal Reserve,54072,2629,56701,0,54072,2629,0,0
2025-04-16,3,Golden Hour,32473,10835,43308,0,32473,10835,0,0
2025-04-16,4,Lisan al-Caleb,36986,6694,43680,0,36986,6694,0,0
2025-04-16,5,Mommy Rainier,23075,9027,32102,0,23075,9027,0,0
2025-04-16,6,Mostly Washed,41793,3374,45167,0,41793,3374,0,0
2025-04-16,7,Cártel de Breece y Puka,32629,4515,37144,0,32629,4515,0,0
2025-04-16,8,Loading…,33384,13247,46631,0,33384,13247,0,0
2025-04-16,9,Gaeta Spur FC,29713,6537,36250,0,29713,6537,0,0
2025-04-16,10,Rashid Shaheed Truthers,33068,3229,36297,0,33068,3229,0,0
2025-04-16,11,All You Need Is LOVE,26062,17031,43093,0,26062,17031,0,0
2025-04-16,12,Omar Comin,28959,16572,45531,0,28959,16572,0,0
2025-04-17,1,208 Ferrari Way,32832,2294,35126,0,32832,2294,0,0
2025-04-17,2,The Federal Reserve,54072,2629,56701,0,54072,2629,0,0
2025-04-17,3,Golden Hour,32473,10835,43308,0,32473,10835,0,0
2025-04-17,4,Lisan al-Caleb,36986,6694,43680,0,36986,6694,0,0
2025-04-17,5,Mommy Rainier,23075,9027,32102,0,23075,9027,0,0
2025-04-17,6,Mostly Washed,41793,3374,45167,0,41793,3374,0,0
2025-04-17,7,Cártel de Breece y Puka,32629,4515,37144,0,32629,4515,0,0
2025-04-17,8,Loading…,33384,13247,46631,0,33384,13247,0,0
2025-04-17,9,Gaeta Spur FC,29713,6537,36250,0,29713,6537,0,0
2025-04-17,10,Rashid Shaheed Truthers,33068,3229,36297,0,33068,3229,0,0
2025-04-17,11,All You Need Is LOVE,26062,17031,43093,0,26062,17031,0,0
2025-04-17,12,Omar Comin,28959,16572,45531,0,28959,16572,0,0
2025-04-18,1,208 Ferrari Way,32832,2294,35126,32832,0,2294,0,0
2025-04-18,2,The Federal Reserve,54072,2629,56701,54072,0,2629,0,0
2025-04-18,3,Golden Hour,32473,10835,43308,32473,0,10835,0,0
2025-04-18,4,Lisan al-Caleb,36986,6694,43680,36986,0,6694,0,0
2025-04-18,5,Mommy Rainier,23075,9027,32102,23075,0,9027,0,0
2025-04-18,6,Mostly Washed,41793,3374,45167,41793,0,3374,0,0
2025-04-18,7,Cártel de Breece y Puka,32629,4515,37144,32629,0,4515,0,0
2025-04-18,8,Loading…,33384,13247,46631,33384,0,13247,0,0
2025-04-18,9,Gaeta Spur FC,29713,6537,36250,29713,0,6537,0,0
2025-04-18,10,Rashid Shaheed Truthers,33068,3229,36297,33068,0,3229,0,0
2025-04-18,11,All You Need Is LOVE,26062,17031,43093,26062,0,17031,0,0
2025-04-18,12,Omar Comin,28959,16572,45531,28959,0,16572,0,0
2025-04-19,1,208 Ferrari Way,32832,2294,35126,0,32832,2294,0,0
2025-04-19,2,The Federal Reserve,54072,2629,56701,0,54072,2629,0,0
2025-04-19,3,Golden Hour,32473,10835,43308,0,32473,10835,0,0
2025-04-19,4,Lisan al-Caleb,36986,6694,43680,0,36986,6694,0,0
2025-04-19,5,Mommy Rainier,23075,9027,32102,0,23075,9027,0,0
2025-04-19,6,Mostly Washed,41793,3374,45167,0,41793,3374,0,0
2025-04-19,7,Cártel de Breece y Puka,32629,4515,37144,0,32629,4515,0,0
2025-04-19,8,Loading…,33384,13247,46631,0,33384,13247,0,0
2025-04-19,9,Gaeta Spur FC,29713,6537,36250,0,29713,6537,0,0
2025-04-19,10,Rashid Shaheed Truthers,33068,3229,36297,0,33068,3229,0,0
2025-04-19,11,All You Need Is LOVE,26062,17031,43093,0,26062,17031,0,0
2025-04-19,12,Omar Comin,28959,16572,45531,0,28959,16572,0,0
2025-04-20,1,208 Ferrari Way,32832,2294,35126,0,32832,2294,0,0
2025-04-20,2,The Federal Reserve,54072,2629,56701,0,54072,2629,0,0
2025-04-20,3,Golden Hour,32473,10835,43308,0,32473,10835,0,0
2025-04-20,4,Lisan al-Caleb,36986,6694,43680,0,36986,6694,0,0
2025-04-20,5,Mommy Rainier,23075,9027,32102,0,23075,9027,0,0
2025-04-20,6,Mostly Washed,41793,3374,45167,0,41793,3374,0,0
2025-04-20,7,Cártel de Breece y Puka,32629,4515,37144,0,32629,4515,0,0
2025-04-20,8,Loading…,33384,13247,46631,0,33384,13247,0,0
2025-04-20,9,Gaeta Spur FC,29713,6537,36250,0,29713,6537,0,0
2025-04-20,10,Rashid Shaheed Truthers,33068,3229,36297,0,33068,3229,0,0
2025-04-20,11,All You Need Is LOVE,26062,17031,43093,0,26062,17031,0,0
2025-04-20,12,Omar Comin,28959,16572,45531,0,28959,16572,0,0
2025-04-21,1,208 Ferrari Way,32832,2294,35126,0,32832,2294,0,0
2025-04-21,2,The Federal Reserve,54072,2629,56701,0,54072,2629,0,0
2025-04-21,3,Golden Hour,32473,10835,43308,0,32473,10835,0,0
2025-04-21,4,Lisan al-Caleb,36986,6694,43680,0,36986,6694,0,0
2025-04-21,5,Mommy Rainier,23075,9027,32102,0,23075,9027,0,0
2025-04-21,6,Mostly Washed,41793,3374,45167,0,41793,3374,0,0
2025-04-21,7,Cártel de Breece y Puka,32629,4515,37144,0,32629,4515,0,0
2025-04-21,8,Loading…,33384,13247,46631,0,33384,13247,0,0
2025-04-21,9,Gaeta Spur FC,29713,6537,36250,0,29713,6537,0,0
2025-04-21,10,Rashid Shaheed Truthers,33068,3229,36297,0,33068,3229,0,0
2025-04-21,11,All You Need Is LOVE,26062,17031,43093,0,26062,17031,0,0
2025-04-21,12,Omar Comin,28959,16572,45531,0,28959,16572,0,0
2025-04-22,1,208 Ferrari Way,32832,2294,35126,0,32832,2294,0,0
2025-04-22,2,The Federal Reserve,54072,2629,56701,0,54072,2629,0,0
2025-04-22,3,Golden Hour,32473,10835,43308,0,32473,10835,0,0
2025-04-22,4,Lisan al-Caleb,36986,6694,43680,0,36986,6694,0,0
2025-04-22,5,Mommy Rainier,23075,9027,32102,0,23075,9027,0,0
2025-04-22,6,Mostly Washed,41793,3374,45167,0,41793,3374,0,0
2025-04-22,7,Cártel de Breece y Puka,32629,4515,37144,0,32629,4515,0,0
2025-04-22,8,Loading…,33384,13247,46631,0,33384,13247,0,0
2025-04-22,9,Gaeta Spur FC,29713,6537,36250,0,29713,6537,0,0
2025-04-22,10,Rashid Shaheed Truthers,33068,3229,36297,0,33068,3229,0,0
2025-04-22,11,All You Need Is LOVE,26062,17031,43093,0,26062,17031,0,0
2025-04-22,12,Omar Comin,28957,16572,45529,0,28957,16572,0,0
2025-04-23,1,208 Ferrari Way,32832,2294,35126,0,32832,2294,0,0
2025-04-23,2,The Federal Reserve,54072,2629,56701,0,54072,2629,0,0
2025-04-23,3,Golden Hour,32473,10835,43308,0,32473,10835,0,0
2025-04-23,4,Lisan al-Caleb,36986,6694,43680,0,36986,6694,0,0
2025-04-23,5,Mommy Rainier,22934,7844,30778,0,22934,7844,0,0
2025-04-23,6,Mostly Washed,41793,3374,45167,0,41793,3374,0,0
2025-04-23,7,Cártel de Breece y Puka,32629,4515,37144,0,32629,4515,0,0
2025-04-23,8,Loading…,33384,13247,46631,0,33384,13247,0,0
2025-04-23,9,Gaeta Spur FC,29713,6537,36250,0,29713,6537,0,0
2025-04-23,10,Rashid Shaheed Truthers,33068,3229,36297,0,33068,3229,0,0
2025-04-23,11,All You Need Is LOVE,26030,17031,43061,0,26030,17031,0,0
2025-04-23,12,Omar Comin,29098,17755,46853,0,29098,17755,0,0
2025-04-24,1,208 Ferrari Way,32832,2294,35126,0,32832,2294,0,0
2025-04-24,2,The Federal Reserve,54072,2629,56701,0,54072,2629,0,0
2025-04-24,3,Golden Hour,32473,10835,43308,0,32473,10835,0,0
2025-04-24,4,Lisan al-Caleb,36986,6694,43680,0,36986,6694,0,0
2025-04-24,5,Mommy Rainier,22934,7844,30778,0,22934,7844,0,0
2025-04-24,6,Mostly Washed,41793,3374,45167,0,41793,3374,0,0
2025-04-24,7,Cártel de Breece y Puka,32629,4515,37144,0,32629,4515,0,0
2025-04-24,8,Loading…,33384,13247,46631,0,33384,13247,0,0
2025-04-24,9,Gaeta Spur FC,29713,6537,36250,0,29713,6537,0,0
2025-04-24,10,Rashid Shaheed Truthers,33068,3229,36297,0,33068,3229,0,0
2025-04-24,11,All You Need Is LOVE,26030,17031,43061,0,26030,17031,0,0
2025-04-24,12,Omar Comin,29098,17755,46853,0,29098,17755,0,0
2025-04-25,1,208 Ferrari Way,32795,2309,35104,32795,0,2309,0,0
2025-04-25,2,The Federal Reserve,54385,2648,57033,54385,0,2648,0,0
2025-04-25,3,Golden Hour,32638,10892,43530,32638,0,10892,0,0
2025-04-25,4,Lisan al-Caleb,36720,6724,43444,36720,0,6724,0,0
2025-04-25,5,Mommy Rainier,22910,7884,30794,22910,0,7884,0,0
2025-04-25,6,Mostly Washed,41905,3399,45304,41905,0,3399,0,0
2025-04-25,7,Cártel de Breece y Puka,33029,4543,37572,33029,0,4543,0,0
2025-04-25,8,Loading…,33628,13303,46931,33628,0,13303,0,0
2025-04-25,9,Gaeta Spur FC,29821,6581,36402,29821,0,6581,0,0
2025-04-25,10,Rashid Shaheed Truthers,33347,3251,36598,33347,0,3251,0,0
2025-04-25,11,All You Need Is LOVE,26519,17118,43637,26519,0,17118,0,0
2025-04-25,12,Omar Comin,29473,17856,47329,29473,0,17856,0,0
2025-04-26,1,208 Ferrari Way,32795,2309,35104,0,32795,2309,0,0
2025-04-26,2,The Federal Reserve,54385,2648,57033,0,54385,2648,0,0
2025-04-26,3,Golden Hour,32638,10892,43530,0,32638,10892,0,0
2025-04-26,4,Lisan al-Caleb,36720,6724,43444,0,36720,6724,0,0
2025-04-26,5,Mommy Rainier,22879,7884,30763,0,22879,7884,0,0
2025-04-26,6,Mostly Washed,41905,3399,45304,0,41905,3399,0,0
2025-04-26,7,Cártel de Breece y Puka,33029,4543,37572,0,33029,4543,0,0
2025-04-26,8,Loading…,33628,13303,46931,0,33628,13303,0,0
2025-04-26,9,Gaeta Spur FC,29821,6581,36402,0,29821,6581,0,0
2025-04-26,10,Rashid Shaheed Truthers,33347,3251,36598,0,33347,3251,0,0
2025-04-26,11,All You Need Is LOVE,26519,17118,43637,0,26519,17118,0,0
2025-04-26,12,Omar Comin,29473,17856,47329,0,29473,17856,0,0
2025-04-27,1,208 Ferrari Way,32795,2309,35104,0,32795,2309,0,0
2025-04-27,2,The Federal Reserve,54385,2648,57033,0,54385,2648,0,0
2025-04-27,3,Golden Hour,32638,10892,43530,0,32638,10892,0,0
2025-04-27,4,Lisan al-Caleb,36720,6724,43444,0,36720,6724,0,0
2025-04-27,5,Mommy Rainier,22879,7884,30763,0,22879,7884,0,0
2025-04-27,6,Mostly Washed,41905,3399,45304,0,41905,3399,0,0
2025-04-27,7,Cártel de Breece y Puka,33029,4543,37572,0,33029,4543,0,0
2025-04-27,8,Loading…,33628,13303,46931,0,33628,13303,0,0
2025-04-27,9,Gaeta Spur FC,29821,6581,36402,0,29821,6581,0,0
2025-04-27,10,Rashid Shaheed Truthers,33347,3251,36598,0,33347,3251,0,0
2025-04-27,11,All You Need Is LOVE,26519,17118,43637,0,26519,17118,0,0
2025-04-27,12,Omar Comin,29470,17856,47326,0,29470,17856,0,0
2025-04-28,1,208 Ferrari Way,32795,2309,35104,0,32795,2309,0,0
2025-04-28,2,The Federal Reserve,54385,2648,57033,0,54385,2648,0,0
2025-04-28,3,Golden Hour,32638,10892,43530,0,32638,10892,0,0
2025-04-28,4,Lisan al-Caleb,36720,6724,43444,0,36720,6724,0,0
2025-04-28,5,Mommy Rainier,22879,7884,30763,0,22879,7884,0,0
2025-04-28,6,Mostly Washed,41905,3399,45304,0,41905,3399,0,0
2025-04-28,7,Cártel de Breece y Puka,33029,4543,37572,0,33029,4543,0,0
2025-04-28,8,Loading…,33628,13303,46931,0,33628,13303,0,0
2025-04-28,9,Gaeta Spur FC,29821,6581,36402,0,29821,6581,0,0
2025-04-28,10,Rashid Shaheed Truthers,33347,3251,36598,0,33347,3251,0,0
2025-04-28,11,All You Need Is LOVE,26519,17118,43637,0,26519,17118,0,0
2025-04-28,12,Omar Comin,29470,17856,47326,0,29470,17856,0,0
2025-04-29,1,208 Ferrari Way,32795,2309,35104,0,32795,2309,0,0
2025-04-29,2,The Federal Reserve,54385,2648,57033,0,54385,2648,0,1
2025-04-29,3,Golden Hour,32638,10892,43530,0,32638,10892,0,0
2025-04-29,4,Lisan al-Caleb,35999,7802,43801,0,35999,7802,0,0
2025-04-29,5,Mommy Rainier,19574,10784,30358,0,19574,10784,0,0
2025-04-29,6,Mostly Washed,41905,3399,45304,0,41905,3399,0,0
2025-04-29,7,Cártel de Breece y Puka,32766,4599,37365,0,32766,4599,0,0
2025-04-29,8,Loading…,33628,13303,46931,0,33628,13303,0,0
2025-04-29,9,Gaeta Spur FC,29821,6581,36402,0,29821,6581,0,0
2025-04-29,10,Rashid Shaheed Truthers,33347,3251,36598,0,33347,3251,0,0
2025-04-29,11,All You Need Is LOVE,26519,17118,43637,0,26519,17118,0,0
2025-04-29,12,Omar Comin,33759,13822,47581,0,33759,13822,0,0
2025-04-30,1,208 Ferrari Way,33471,1726,35197,0,33471,1726,0,1
2025-04-30,2,The Federal Reserve,54805,1879,56684,0,54805,1879,0,1
2025-04-30,3,Golden Hour,37533,1419,38952,0,37533,1419,0,0
2025-04-30,4,Lisan al-Caleb,36977,6243,43220,0,36977,6243,0,0
2025-04-30,5,Mommy Rainier,21688,711,22399,0,21688,711,0,0
2025-04-30,6,Mostly Washed,43166,2643,45809,0,43166,2643,0,0
2025-04-30,7,Cártel de Breece y Puka,36395,104,36499,0,36395,104,0,0
2025-04-30,8,Loading…,40169,6243,46412,0,40169,6243,0,0
2025-04-30,9,Gaeta Spur FC,30575,9687,40262,0,30575,9687,0,0
2025-04-30,10,Rashid Shaheed Truthers,33481,2950,36431,0,33481,2950,0,0
2025-04-30,11,All You Need Is LOVE,29609,8826,38435,0,29609,8826,0,0
2025-04-30,12,Omar Comin,40878,17,40895,0,40878,17,0,0
2025-05-01,1,208 Ferrari Way,33176,1713,34889,0,33176,1713,0,1
2025-05-01,2,The Federal Reserve,56021,1879,57900,0,56021,1879,0,0
2025-05-01,3,Golden Hour,37526,1419,38945,0,37526,1419,0,0
2025-05-01,4,Lisan al-Caleb,36977,6219,43196,0,36977,6219,0,0
2025-05-01,5,Mommy Rainier,21414,711,22125,0,21414,711,0,0
2025-05-01,6,Mostly Washed,43194,2643,45837,0,43194,2643,0,0
2025-05-01,7,Cártel de Breece y Puka,34060,142,34202,0,34060,142,0,0
2025-05-01,8,Loading…,41128,6149,47277,0,41128,6149,0,0
2025-05-01,9,Gaeta Spur FC,30537,9700,40237,0,30537,9700,0,0
2025-05-01,10,Rashid Shaheed Truthers,33604,3030,36634,0,33604,3030,0,0
2025-05-01,11,All You Need Is LOVE,29595,8826,38421,0,29595,8826,0,0
2025-05-01,12,Omar Comin,40746,17,40763,0,40746,17,0,0
2025-05-02,1,208 Ferrari Way,32518,1542,34060,32518,0,1542,0,0
2025-05-02,2,The Federal Reserve,55885,1678,57563,55885,0,1678,0,0
2025-05-02,3,Golden Hour,37336,1292,38628,37336,0,1292,0,0
2025-05-02,4,Lisan al-Caleb,37073,6123,43196,37069,4,6123,0,0
2025-05-02,5,Mommy Rainier,23401,618,24019,23401,0,618,0,0
2025-05-02,6,Mostly Washed,41354,2585,43939,41354,0,2585,0,0
2025-05-02,7,Cártel de Breece y Puka,33731,112,33843,33731,0,112,0,0
2025-05-02,8,Loading…,39744,6066,45810,39744,0,6066,0,0
2025-05-02,9,Gaeta Spur FC,28460,9497,37957,28460,0,9497,0,0
2025-05-02,10,Rashid Shaheed Truthers,32386,2907,35293,32386,0,2907,0,0
2025-05-02,11,All You Need Is LOVE,32095,8679,40774,32095,0,8679,0,0
2025-05-02,12,Omar Comin,43076,13,43089,43076,0,13,0,0
2025-05-03,1,208 Ferrari Way,32571,1542,34113,0,32571,1542,0,0
2025-05-03,2,The Federal Reserve,55885,1678,57563,0,55885,1678,0,0
2025-05-03,3,Golden Hour,37351,1292,38643,0,37351,1292,0,0
2025-05-03,4,Lisan al-Caleb,37069,6123,43192,0,37069,6123,0,1
2025-05-03,5,Mommy Rainier,23478,618,24096,0,23478,618,0,2
2025-05-03,6,Mostly Washed,41354,2585,43939,0,41354,2585,0,0
2025-05-03,7,Cártel de Breece y Puka,33731,112,33843,0,33731,112,0,0
2025-05-03,8,Loading…,39857,6066,45923,0,39857,6066,0,0
2025-05-03,9,Gaeta Spur FC,28401,9497,37898,0,28401,9497,0,0
2025-05-03,10,Rashid Shaheed Truthers,32386,2907,35293,0,32386,2907,0,0
2025-05-03,11,All You Need Is LOVE,32095,8679,40774,0,32095,8679,0,0
2025-05-03,12,Omar Comin,43172,13,43185,0,43172,13,0,0
2025-05-04,1,208 Ferrari Way,32571,1542,34113,0,32571,1542,0,0
2025-05-04,2,The Federal Reserve,55885,1678,57563,0,55885,1678,0,0
2025-05-04,3,Golden Hour,37351,1292,38643,0,37351,1292,0,0
2025-05-04,4,Lisan al-Caleb,37069,6123,43192,0,37069,6123,0,1
2025-05-04,5,Mommy Rainier,23501,618,24119,0,23501,618,0,2
2025-05-04,6,Mostly Washed,41354,2585,43939,0,41354,2585,0,0
2025-05-04,7,Cártel de Breece y Puka,33731,112,33843,0,33731,112,0,0
2025-05-04,8,Loading…,39880,6066,45946,0,39880,6066,0,0
2025-05-04,9,Gaeta Spur FC,28401,9497,37898,0,28401,9497,0,0
2025-05-04,10,Rashid Shaheed Truthers,32386,2907,35293,0,32386,2907,0,0
2025-05-04,11,All You Need Is LOVE,32095,8679,40774,0,32095,8679,0,0
2025-05-04,12,Omar Comin,43172,13,43185,0,43172,13,0,0
2025-05-05,1,208 Ferrari Way,32571,1542,34113,0,32571,1542,0,0
2025-05-05,2,The Federal Reserve,52844,1678,54522,0,52844,1678,0,0
2025-05-05,3,Golden Hour,37351,1292,38643,0,37351,1292,0,0
2025-05-05,4,Lisan al-Caleb,37069,6123,43192,0,37069,6123,0,1
2025-05-05,5,Mommy Rainier,26718,553,27271,0,26718,553,0,2
2025-05-05,6,Mostly Washed,41354,2585,43939,0,41354,2585,0,0
2025-05-05,7,Cártel de Breece y Puka,34624,102,34726,0,34624,102,0,0
2025-05-05,8,Loading…,40003,6066,46069,0,40003,6066,0,0
2025-05-05,9,Gaeta Spur FC,28401,9497,37898,0,28401,9497,0,0
2025-05-05,10,Rashid Shaheed Truthers,32386,2907,35293,0,32386,2907,0,0
2025-05-05,11,All You Need Is LOVE,31007,8754,39761,0,31007,8754,0,0
2025-05-05,12,Omar Comin,43172,13,43185,0,43172,13,0,0
2025-05-06,1,208 Ferrari Way,32571,1542,34113,0,32571,1542,0,0
2025-05-06,2,The Federal Reserve,52844,1678,54522,0,52844,1678,0,0
2025-05-06,3,Golden Hour,37351,1292,38643,0,37351,1292,0,0
2025-05-06,4,Lisan al-Caleb,37069,6123,43192,0,37069,6123,0,1
2025-05-06,5,Mommy Rainier,26718,553,27271,0,26718,553,0,2
2025-05-06,6,Mostly Washed,41340,2541,43881,0,41340,2541,0,0
2025-05-06,7,Cártel de Breece y Puka,34638,146,34784,0,34638,146,0,0
2025-05-06,8,Loading…,40003,6066,46069,0,40003,6066,0,0
2025-05-06,9,Gaeta Spur FC,28401,9497,37898,0,28401,9497,0,0
2025-05-06,10,Rashid Shaheed Truthers,32386,2907,35293,0,32386,2907,0,0
2025-05-06,11,All You Need Is LOVE,31007,8754,39761,0,31007,8754,0,0
2025-05-06,12,Omar Comin,43172,13,43185,0,43172,13,0,0
2025-05-07,1,208 Ferrari Way,32571,1542,34113,0,32571,1542,0,0
2025-05-07,2,The Federal Reserve,52844,1678,54522,0,52844,1678,0,0
2025-05-07,3,Golden Hour,37355,1292,38647,0,37355,1292,0,0
2025-05-07,4,Lisan al-Caleb,37069,6123,43192,0,37069,6123,0,1
2025-05-07,5,Mommy Rainier,26718,553,27271,0,26718,553,0,2
2025-05-07,6,Mostly Washed,41340,2541,43881,0,41340,2541,0,0
2025-05-07,7,Cártel de Breece y Puka,34638,146,34784,0,34638,146,0,0
2025-05-07,8,Loading…,40003,6066,46069,0,40003,6066,0,0
2025-05-07,9,Gaeta Spur FC,28401,9497,37898,0,28401,9497,0,0
2025-05-07,10,Rashid Shaheed Truthers,32386,2907,35293,0,32386,2907,0,0
2025-05-07,11,All You Need Is LOVE,31007,8754,39761,0,31007,8754,0,0
2025-05-07,12,Omar Comin,43172,13,43185,0,43172,13,0,0
2025-05-08,1,208 Ferrari Way,32571,1542,34113,0,32571,1542,0,0
2025-05-08,2,The Federal Reserve,52844,1678,54522,0,52844,1678,0,0
2025-05-08,3,Golden Hour,37373,1292,38665,0,37373,1292,0,0
2025-05-08,4,Lisan al-Caleb,37069,6123,43192,0,37069,6123,0,1
2025-05-08,5,Mommy Rainier,26718,553,27271,0,26718,553,0,2
2025-05-08,6,Mostly Washed,41340,2541,43881,0,41340,2541,0,0
2025-05-08,7,Cártel de Breece y Puka,34553,146,34699,0,34553,146,0,0
2025-05-08,8,Loading…,40003,6066,46069,0,40003,6066,0,0
2025-05-08,9,Gaeta Spur FC,28401,9497,37898,0,28401,9497,0,0
2025-05-08,10,Rashid Shaheed Truthers,32386,2907,35293,0,32386,2907,0,0
2025-05-08,11,All You Need Is LOVE,31010,8754,39764,0,31010,8754,0,0
2025-05-08,12,Omar Comin,43172,13,43185,0,43172,13,0,0
2025-05-09,1,208 Ferrari Way,32772,1564,34336,32772,0,1564,0,0
2025-05-09,2,The Federal Reserve,52589,1705,54294,52589,0,1705,0,0
2025-05-09,3,Golden Hour,37609,1308,38917,37609,0,1308,0,0
2025-05-09,4,Lisan al-Caleb,37130,6069,43199,37130,0,6069,0,1
2025-05-09,5,Mommy Rainier,25961,564,26525,25961,0,564,0,1
2025-05-09,6,Mostly Washed,41298,2530,43828,41298,0,2530,0,0
2025-05-09,7,Cártel de Breece y Puka,34264,153,34417,34264,0,153,0,0
2025-05-09,8,Loading…,39214,6010,45224,39214,0,6010,0,0
2025-05-09,9,Gaeta Spur FC,28744,9438,38182,28744,0,9438,0,0
2025-05-09,10,Rashid Shaheed Truthers,33472,2627,36099,33472,0,2627,0,0
2025-05-09,11,All You Need Is LOVE,30251,8693,38944,30251,0,8693,0,0
2025-05-09,12,Omar Comin,41563,295,41858,41563,0,295,0,0
2025-05-10,1,208 Ferrari Way,32772,1564,34336,0,32772,1564,0,0
2025-05-10,2,The Federal Reserve,52589,1705,54294,0,52589,1705,0,0
2025-05-10,3,Golden Hour,37609,1308,38917,0,37609,1308,0,0
2025-05-10,4,Lisan al-Caleb,37130,6069,43199,0,37130,6069,0,1
2025-05-10,5,Mommy Rainier,25961,564,26525,0,25961,564,0,1
2025-05-10,6,Mostly Washed,41366,2530,43896,0,41366,2530,0,0
2025-05-10,7,Cártel de Breece y Puka,34264,153,34417,0,34264,153,0,0
2025-05-10,8,Loading…,39214,6010,45224,0,39214,6010,0,0
2025-05-10,9,Gaeta Spur FC,28474,9438,37912,0,28474,9438,0,0
2025-05-10,10,Rashid Shaheed Truthers,33472,2627,36099,0,33472,2627,0,0
2025-05-10,11,All You Need Is LOVE,30273,8693,38966,0,30273,8693,0,0
2025-05-10,12,Omar Comin,41563,295,41858,0,41563,295,0,0
2025-05-11,1,208 Ferrari Way,32772,1564,34336,0,32772,1564,0,0
2025-05-11,2,The Federal Reserve,52589,1705,54294,0,52589,1705,0,0
2025-05-11,3,Golden Hour,37609,1308,38917,0,37609,1308,0,0
2025-05-11,4,Lisan al-Caleb,37130,6069,43199,0,37130,6069,0,1
2025-05-11,5,Mommy Rainier,25961,564,26525,0,25961,564,0,1
2025-05-11,6,Mostly Washed,41366,2530,43896,0,41366,2530,0,0
2025-05-11,7,Cártel de Breece y Puka,34264,153,34417,0,34264,153,0,0
2025-05-11,8,Loading…,39214,6010,45224,0,39214,6010,0,0
2025-05-11,9,Gaeta Spur FC,28506,9438,37944,0,28506,9438,0,0
2025-05-11,10,Rashid Shaheed Truthers,33472,2627,36099,0,33472,2627,0,0
2025-05-11,11,All You Need Is LOVE,30273,8693,38966,0,30273,8693,0,0
2025-05-11,12,Omar Comin,41563,295,41858,0,41563,295,0,0
2025-05-12,1,208 Ferrari Way,32772,1564,34336,0,32772,1564,0,0
2025-05-12,2,The Federal Reserve,52589,1705,54294,0,52589,1705,0,0
2025-05-12,3,Golden Hour,37609,1308,38917,0,37609,1308,0,0
2025-05-12,4,Lisan al-Caleb,37130,6069,43199,0,37130,6069,0,1
2025-05-12,5,Mommy Rainier,25961,564,26525,0,25961,564,0,1
2025-05-12,6,Mostly Washed,41366,2530,43896,0,41366,2530,0,0
2025-05-12,7,Cártel de Breece y Puka,34264,153,34417,0,34264,153,0,0
2025-05-12,8,Loading…,39214,6010,45224,0,39214,6010,0,0
2025-05-12,9,Gaeta Spur FC,28520,9438,37958,0,28520,9438,0,0
2025-05-12,10,Rashid Shaheed Truthers,33472,2627,36099,0,33472,2627,0,0
2025-05-12,11,All You Need Is LOVE,30273,8693,38966,0,30273,8693,0,0
2025-05-12,12,Omar Comin,41563,295,41858,0,41563,295,0,0
2025-05-13,1,208 Ferrari Way,32772,1564,34336,0,32772,1564,0,0
2025-05-13,2,The Federal Reserve,52589,1705,54294,0,52589,1705,0,0
2025-05-13,3,Golden Hour,37609,1308,38917,0,37609,1308,0,0
2025-05-13,4,Lisan al-Caleb,37130,6069,43199,0,37130,6069,0,1
2025-05-13,5,Mommy Rainier,26164,545,26709,0,26164,545,0,1
2025-05-13,6,Mostly Washed,41366,2530,43896,0,41366,2530,0,0
2025-05-13,7,Cártel de Breece y Puka,34057,172,34229,0,34057,172,0,0
2025-05-13,8,Loading…,39214,6010,45224,0,39214,6010,0,0
2025-05-13,9,Gaeta Spur FC,28520,9438,37958,0,28520,9438,0,0
2025-05-13,10,Rashid Shaheed Truthers,33472,2627,36099,0,33472,2627,0,0
2025-05-13,11,All You Need Is LOVE,30273,8693,38966,0,30273,8693,0,0
2025-05-13,12,Omar Comin,41563,295,41858,0,41563,295,0,0
2025-05-14,1,208 Ferrari Way,32734,1802,34536,0,32734,1802,0,0
2025-05-14,2,The Federal Reserve,52589,1705,54294,0,52589,1705,0,0
2025-05-14,3,Golden Hour,37609,1308,38917,0,37609,1308,0,0
2025-05-14,4,Lisan al-Caleb,37130,6069,43199,0,37130,6069,0,1
2025-05-14,5,Mommy Rainier,26164,545,26709,0,26164,545,0,1
2025-05-14,6,Mostly Washed,41366,2530,43896,0,41366,2530,0,0
2025-05-14,7,Cártel de Breece y Puka,34057,172,34229,0,34057,172,0,0
2025-05-14,8,Loading…,39252,6010,45262,0,39252,6010,0,0
2025-05-14,9,Gaeta Spur FC,28520,9438,37958,0,28520,9438,0,0
2025-05-14,10,Rashid Shaheed Truthers,33472,2627,36099,0,33472,2627,0,0
2025-05-14,11,All You Need Is LOVE,30273,8693,38966,0,30273,8693,0,0
2025-05-14,12,Omar Comin,41601,57,41658,0,41601,57,0,0
2025-05-15,1,208 Ferrari Way,32734,1802,34536,0,32734,1802,0,0
2025-05-15,2,The Federal Reserve,52589,1705,54294,0,52589,1705,0,0
2025-05-15,3,Golden Hour,37609,1308,38917,0,37609,1308,0,0
2025-05-15,4,Lisan al-Caleb,37130,6069,43199,0,37130,6069,0,1
2025-05-15,5,Mommy Rainier,26164,545,26709,0,26164,545,0,1
2025-05-15,6,Mostly Washed,41366,2530,43896,0,41366,2530,0,0
2025-05-15,7,Cártel de Breece y Puka,34070,172,34242,0,34070,172,0,0
2025-05-15,8,Loading…,39252,6010,45262,0,39252,6010,0,0
2025-05-15,9,Gaeta Spur FC,28520,9438,37958,0,28520,9438,0,0
2025-05-15,10,Rashid Shaheed Truthers,33472,2627,36099,0,33472,2627,0,0
2025-05-15,11,All You Need Is LOVE,30273,8693,38966,0,30273,8693,0,0
2025-05-15,12,Omar Comin,41601,57,41658,0,41601,57,0,0
2025-05-16,1,208 Ferrari Way,32730,1825,34555,32730,0,1825,0,0
2025-05-16,2,The Federal Reserve,52229,1727,53956,52229,0,1727,0,0
2025-05-16,3,Golden Hour,37223,1318,38541,37223,0,1318,0,0
2025-05-16,4,Lisan al-Caleb,37186,5999,43185,37186,0,5999,0,0
2025-05-16,5,Mommy Rainier,25568,553,26121,25568,0,553,0,1
2025-05-16,6,Mostly Washed,41314,2507,43821,41314,0,2507,0,0
2025-05-16,7,Cártel de Breece y Puka,34276,180,34456,34276,0,180,0,0
2025-05-16,8,Loading…,39763,5937,45700,39763,0,5937,0,0
2025-05-16,9,Gaeta Spur FC,29090,9346,38436,29090,0,9346,0,0
2025-05-16,10,Rashid Shaheed Truthers,33250,2609,35859,33250,0,2609,0,0
2025-05-16,11,All You Need Is LOVE,30061,8605,38666,30061,0,8605,0,0
2025-05-16,12,Omar Comin,41167,58,41225,41167,0,58,0,0
2025-05-17,1,208 Ferrari Way,32730,1825,34555,0,32730,1825,0,0
2025-05-17,2,The Federal Reserve,52229,1727,53956,0,52229,1727,0,0
2025-05-17,3,Golden Hour,37223,1318,38541,0,37223,1318,0,0
2025-05-17,4,Lisan al-Caleb,37186,5999,43185,0,37186,5999,0,0
2025-05-17,5,Mommy Rainier,25568,553,26121,0,25568,553,0,1
2025-05-17,6,Mostly Washed,41314,2507,43821,0,41314,2507,0,0
2025-05-17,7,Cártel de Breece y Puka,34276,180,34456,0,34276,180,0,0
2025-05-17,8,Loading…,39763,5937,45700,0,39763,5937,0,0
2025-05-17,9,Gaeta Spur FC,29090,9346,38436,0,29090,9346,0,0
2025-05-17,10,Rashid Shaheed Truthers,33250,2609,35859,0,33250,2609,0,0
2025-05-17,11,All You Need Is LOVE,30061,8605,38666,0,30061,8605,0,0
2025-05-17,12,Omar Comin,41167,58,41225,0,41167,58,0,0
2025-05-18,1,208 Ferrari Way,32730,1825,34555,0,32730,1825,0,0
2025-05-18,2,The Federal Reserve,52229,1727,53956,0,52229,1727,0,0
2025-05-18,3,Golden Hour,37223,1318,38541,0,37223,1318,0,0
2025-05-18,4,Lisan al-Caleb,37186,5999,43185,0,37186,5999,0,0
2025-05-18,5,Mommy Rainier,25568,553,26121,0,25568,553,0,1
2025-05-18,6,Mostly Washed,41314,2507,43821,0,41314,2507,0,0
2025-05-18,7,Cártel de Breece y Puka,34276,180,34456,0,34276,180,0,0
2025-05-18,8,Loading…,39763,5937,45700,0,39763,5937,0,0
2025-05-18,9,Gaeta Spur FC,29090,9346,38436,0,29090,9346,0,0
2025-05-18,10,Rashid Shaheed Truthers,33250,2609,35859,0,33250,2609,0,0
2025-05-18,11,All You Need Is LOVE,30061,8605,38666,0,30061,8605,0,0
2025-05-18,12,Omar Comin,41167,58,41225,0,41167,58,0,0
2025-05-19,1,208 Ferrari Way,32730,1825,34555,0,32730,1825,0,0
2025-05-19,2,The Federal Reserve,52229,1727,53956,0,52229,1727,0,0
2025-05-19,3,Golden Hour,37223,1318,38541,0,37223,1318,0,0
2025-05-19,4,Lisan al-Caleb,37186,5999,43185,0,37186,5999,0,0
2025-05-19,5,Mommy Rainier,25568,553,26121,0,25568,553,0,1
2025-05-19,6,Mostly Washed,41314,2507,43821,0,41314,2507,0,0
2025-05-19,7,Cártel de Breece y Puka,34276,180,34456,0,34276,180,0,0
2025-05-19,8,Loading…,39763,5937,45700,0,39763,5937,0,0
2025-05-19,9,Gaeta Spur FC,29090,9346,38436,0,29090,9346,0,0
2025-05-19,10,Rashid Shaheed Truthers,33250,2609,35859,0,33250,2609,0,0
2025-05-19,11,All You Need Is LOVE,30061,8605,38666,0,30061,8605,0,0
2025-05-19,12,Omar Comin,41167,58,41225,0,41167,58,0,0
2025-05-20,1,208 Ferrari Way,32730,1825,34555,0,32730,1825,0,0
2025-05-20,2,The Federal Reserve,52229,1727,53956,0,52229,1727,0,0
2025-05-20,3,Golden Hour,37223,1318,38541,0,37223,1318,0,0
2025-05-20,4,Lisan al-Caleb,37186,5999,43185,0,37186,5999,0,0
2025-05-20,5,Mommy Rainier,25568,553,26121,0,25568,553,0,1
2025-05-20,6,Mostly Washed,41314,2507,43821,0,41314,2507,0,0
2025-05-20,7,Cártel de Breece y Puka,34266,180,34446,0,34266,180,0,0
2025-05-20,8,Loading…,39763,5937,45700,0,39763,5937,0,0
2025-05-20,9,Gaeta Spur FC,29090,9346,38436,0,29090,9346,0,0
2025-05-20,10,Rashid Shaheed Truthers,33197,2609,35806,0,33197,2609,0,0
2025-05-20,11,All You Need Is LOVE,30061,8605,38666,0,30061,8605,0,0
2025-05-20,12,Omar Comin,41167,58,41225,0,41167,58,0,0
2025-05-21,1,208 Ferrari Way,32730,1825,34555,0,32730,1825,0,0
2025-05-21,2,The Federal Reserve,52229,1727,53956,0,52229,1727,0,0
2025-05-21,3,Golden Hour,37223,1318,38541,0,37223,1318,0,0
2025-05-21,4,Lisan al-Caleb,37186,5999,43185,0,37186,5999,0,0
2025-05-21,5,Mommy Rainier,25568,553,26121,0,25568,553,0,1
2025-05-21,6,Mostly Washed,41314,2507,43821,0,41314,2507,0,0
2025-05-21,7,Cártel de Breece y Puka,34266,180,34446,0,34266,180,0,0
2025-05-21,8,Loading…,39763,5937,45700,0,39763,5937,0,0
2025-05-21,9,Gaeta Spur FC,29090,9346,38436,0,29090,9346,0,0
2025-05-21,10,Rashid Shaheed Truthers,33197,2609,35806,0,33197,2609,0,0
2025-05-21,11,All You Need Is LOVE,30061,8605,38666,0,30061,8605,0,0
2025-05-21,12,Omar Comin,41167,58,41225,0,41167,58,0,0
2025-05-22,1,208 Ferrari Way,32730,1825,34555,0,32730,1825,0,0
2025-05-22,2,The Federal Reserve,52229,1727,53956,0,52229,1727,0,0
2025-05-22,3,Golden Hour,37223,1318,38541,0,37223,1318,0,0
2025-05-22,4,Lisan al-Caleb,37186,5999,43185,0,37186,5999,0,0
2025-05-22,5,Mommy Rainier,26206,542,26748,0,26206,542,0,0
2025-05-22,6,Mostly Washed,41314,2507,43821,0,41314,2507,0,0
2025-05-22,7,Cártel de Breece y Puka,34266,180,34446,0,34266,180,0,0
2025-05-22,8,Loading…,39763,5937,45700,0,39763,5937,0,0
2025-05-22,9,Gaeta Spur FC,29090,9346,38436,0,29090,9346,0,0
2025-05-22,10,Rashid Shaheed Truthers,33197,2609,35806,0,33197,2609,0,0
2025-05-22,11,All You Need Is LOVE,30061,8605,38666,0,30061,8605,0,0
2025-05-22,12,Omar Comin,40529,69,40598,0,40529,69,0,0
2025-05-23,1,208 Ferrari Way,32596,1807,34403,32596,0,1807,0,0
2025-05-23,2,The Federal Reserve,52383,1710,54093,52383,0,1710,0,0
2025-05-23,3,Golden Hour,37231,1312,38543,37231,0,1312,0,0
2025-05-23,4,Lisan al-Caleb,37114,6133,43247,37114,0,6133,0,0
2025-05-23,5,Mommy Rainier,26206,535,26741,26206,0,535,0,0
2025-05-23,6,Mostly Washed,41505,2550,44055,41505,0,2550,0,0
2025-05-23,7,Cártel de Breece y Puka,34156,172,34328,34156,0,172,0,0
2025-05-23,8,Loading…,39867,6074,45941,39867,0,6074,0,0
2025-05-23,9,Gaeta Spur FC,29177,9525,38702,29177,0,9525,0,0
2025-05-23,10,Rashid Shaheed Truthers,33340,2648,35988,33340,0,2648,0,0
2025-05-23,11,All You Need Is LOVE,29881,8777,38658,29881,0,8777,0,0
2025-05-23,12,Omar Comin,40715,65,40780,40715,0,65,0,1
2025-05-24,1,208 Ferrari Way,32596,1807,34403,0,32596,1807,0,0
2025-05-24,2,The Federal Reserve,52383,1710,54093,0,52383,1710,0,0
2025-05-24,3,Golden Hour,37231,1312,38543,0,37231,1312,0,0
2025-05-24,4,Lisan al-Caleb,37114,6133,43247,0,37114,6133,0,0
2025-05-24,5,Mommy Rainier,26206,535,26741,0,26206,535,0,0
2025-05-24,6,Mostly Washed,41505,2550,44055,0,41505,2550,0,0
2025-05-24,7,Cártel de Breece y Puka,34156,172,34328,0,34156,172,0,0
2025-05-24,8,Loading…,39867,6074,45941,0,39867,6074,0,0
2025-05-24,9,Gaeta Spur FC,29177,9525,38702,0,29177,9525,0,0
2025-05-24,10,Rashid Shaheed Truthers,33340,2648,35988,0,33340,2648,0,0
2025-05-24,11,All You Need Is LOVE,29881,8777,38658,0,29881,8777,0,0
2025-05-24,12,Omar Comin,40715,65,40780,0,40715,65,0,1
2025-05-25,1,208 Ferrari Way,32596,1807,34403,0,32596,1807,0,0
2025-05-25,2,The Federal Reserve,52383,1710,54093,0,52383,1710,0,0
2025-05-25,3,Golden Hour,37231,1312,38543,0,37231,1312,0,0
2025-05-25,4,Lisan al-Caleb,37114,6133,43247,0,37114,6133,0,0
2025-05-25,5,Mommy Rainier,26206,535,26741,0,26206,535,0,0
2025-05-25,6,Mostly Washed,41505,2550,44055,0,41505,2550,0,0
2025-05-25,7,Cártel de Breece y Puka,34156,172,34328,0,34156,172,0,0
2025-05-25,8,Loading…,39867,6074,45941,0,39867,6074,0,0
2025-05-25,9,Gaeta Spur FC,29177,9525,38702,0,29177,9525,0,0
2025-05-25,10,Rashid Shaheed Truthers,33340,2648,35988,0,33340,2648,0,0
2025-05-25,11,All You Need Is LOVE,29881,8777,38658,0,29881,8777,0,0
2025-05-25,12,Omar Comin,40715,65,40780,0,40715,65,0,1
2025-05-26,1,208 Ferrari Way,32596,1807,34403,0,32596,1807,0,0
2025-05-26,2,The Federal Reserve,52383,1710,54093,0,52383,1710,0,0
2025-05-26,3,Golden Hour,37231,1312,38543,0,37231,1312,0,0
2025-05-26,4,Lisan al-Caleb,37114,6133,43247,0,37114,6133,0,0
2025-05-26,5,Mommy Rainier,26206,535,26741,0,26206,535,0,0
2025-05-26,6,Mostly Washed,41505,2550,44055,0,41505,2550,0,0
2025-05-26,7,Cártel de Breece y Puka,34156,172,34328,0,34156,172,0,0
2025-05-26,8,Loading…,39867,6074,45941,0,39867,6074,0,0
2025-05-26,9,Gaeta Spur FC,29177,9525,38702,0,29177,9525,0,0
2025-05-26,10,Rashid Shaheed Truthers,33340,2648,35988,0,33340,2648,0,0
2025-05-26,11,All You Need Is LOVE,29881,8777,38658,0,29881,8777,0,0
2025-05-26,12,Omar Comin,40715,65,40780,0,40715,65,0,1
2025-05-27,1,208 Ferrari Way,32596,1807,34403,0,32596,1807,0,0
2025-05-27,2,The Federal Reserve,52383,1710,54093,0,52383,1710,0,0
2025-05-27,3,Golden Hour,37231,1312,38543,0,37231,1312,0,0
2025-05-27,4,Lisan al-Caleb,37114,6133,43247,0,37114,6133,0,0
2025-05-27,5,Mommy Rainier,26206,535,26741,0,26206,535,0,0
2025-05-27,6,Mostly Washed,41505,2550,44055,0,41505,2550,0,0
2025-05-27,7,Cártel de Breece y Puka,34156,172,34328,0,34156,172,0,0
2025-05-27,8,Loading…,39867,6074,45941,0,39867,6074,0,0
2025-05-27,9,Gaeta Spur FC,29177,9525,38702,0,29177,9525,0,0
2025-05-27,10,Rashid Shaheed Truthers,33340,2648,35988,0,33340,2648,0,0
2025-05-27,11,All You Need Is LOVE,29881,8777,38658,0,29881,8777,0,0
2025-05-27,12,Omar Comin,40715,65,40780,0,40715,65,0,1
2025-05-28,1,208 Ferrari Way,32596,1807,34403,0,32596,1807,0,0
2025-05-28,2,The Federal Reserve,52383,1710,54093,0,52383,1710,0,0
2025-05-28,3,Golden Hour,37231,1312,38543,0,37231,1312,0,0
2025-05-28,4,Lisan al-Caleb,37114,6133,43247,0,37114,6133,0,0
2025-05-28,5,Mommy Rainier,26206,535,26741,0,26206,535,0,0
2025-05-28,6,Mostly Washed,41505,2550,44055,0,41505,2550,0,0
2025-05-28,7,Cártel de Breece y Puka,34156,172,34328,0,34156,172,0,0
2025-05-28,8,Loading…,39867,6074,45941,0,39867,6074,0,0
2025-05-28,9,Gaeta Spur FC,29177,9525,38702,0,29177,9525,0,0
2025-05-28,10,Rashid Shaheed Truthers,33340,2648,35988,0,33340,2648,0,0
2025-05-28,11,All You Need Is LOVE,29881,8777,38658,0,29881,8777,0,0
2025-05-28,12,Omar Comin,40715,65,40780,0,40715,65,0,1
2025-05-29,1,208 Ferrari Way,32596,1807,34403,0,32596,1807,0,0
2025-05-29,2,The Federal Reserve,52383,1710,54093,0,52383,1710,0,0
2025-05-29,3,Golden Hour,37231,1312,38543,0,37231,1312,0,0
2025-05-29,4,Lisan al-Caleb,37114,6133,43247,0,37114,6133,0,0
2025-05-29,5,Mommy Rainier,26206,535,26741,0,26206,535,0,0
2025-05-29,6,Mostly Washed,41505,2550,44055,0,41505,2550,0,0
2025-05-29,7,Cártel de Breece y Puka,34156,172,34328,0,34156,172,0,0
2025-05-29,8,Loading…,39867,6074,45941,0,39867,6074,0,0
2025-05-29,9,Gaeta Spur FC,29177,9525,38702,0,29177,9525,0,0
2025-05-29,10,Rashid Shaheed Truthers,33340,2648,35988,0,33340,2648,0,0
2025-05-29,11,All You Need Is LOVE,29881,8777,38658,0,29881,8777,0,0
2025-05-29,12,Omar Comin,40715,65,40780,0,40715,65,0,1
2025-05-30,1,208 Ferrari Way,32704,1819,34523,32704,0,1819,0,0
2025-05-30,2,The Federal Reserve,52784,1721,54505,52784,0,1721,0,0
2025-05-30,3,Golden Hour,37396,1318,38714,37396,0,1318,0,0
2025-05-30,4,Lisan al-Caleb,37086,6131,43217,37086,0,6131,0,0
2025-05-30,5,Mommy Rainier,26154,539,26693,26154,0,539,0,0
2025-05-30,6,Mostly Washed,41617,2553,44170,41617,0,2553,0,0
2025-05-30,7,Cártel de Breece y Puka,34445,176,34621,34445,0,176,0,0
2025-05-30,8,Loading…,39950,6071,46021,39950,0,6071,0,0
2025-05-30,9,Gaeta Spur FC,28988,9528,38516,28988,0,9528,0,0
2025-05-30,10,Rashid Shaheed Truthers,33351,2653,36004,33351,0,2653,0,0
2025-05-30,11,All You Need Is LOVE,30247,8780,39027,30247,0,8780,0,0
2025-05-30,12,Omar Comin,41076,67,41143,41076,0,67,0,1
2025-05-31,1,208 Ferrari Way,32704,1819,34523,0,32704,1819,0,0
2025-05-31,2,The Federal Reserve,52784,1721,54505,0,52784,1721,0,0
2025-05-31,3,Golden Hour,37396,1318,38714,0,37396,1318,0,0
2025-05-31,4,Lisan al-Caleb,37086,6131,43217,0,37086,6131,0,0
2025-05-31,5,Mommy Rainier,26154,539,26693,0,26154,539,0,0
2025-05-31,6,Mostly Washed,41617,2553,44170,0,41617,2553,0,0
2025-05-31,7,Cártel de Breece y Puka,34445,176,34621,0,34445,176,0,0
2025-05-31,8,Loading…,39950,6071,46021,0,39950,6071,0,0
2025-05-31,9,Gaeta Spur FC,28988,9528,38516,0,28988,9528,0,0
2025-05-31,10,Rashid Shaheed Truthers,33351,2653,36004,0,33351,2653,0,0
2025-05-31,11,All You Need Is LOVE,30247,8780,39027,0,30247,8780,0,0
2025-05-31,12,Omar Comin,41076,67,41143,0,41076,67,0,1
2025-06-01,1,208 Ferrari Way,32704,1819,34523,0,32704,1819,0,0
2025-06-01,2,The Federal Reserve,54256,442,54698,0,54256,442,0,0
2025-06-01,3,Golden Hour,37396,1318,38714,0,37396,1318,0,0
2025-06-01,4,Lisan al-Caleb,37086,6131,43217,0,37086,6131,0,0
2025-06-01,5,Mommy Rainier,26154,539,26693,0,26154,539,0,0
2025-06-01,6,Mostly Washed,41617,2553,44170,0,41617,2553,0,0
2025-06-01,7,Cártel de Breece y Puka,32973,1455,34428,0,32973,1455,0,0
2025-06-01,8,Loading…,39950,6071,46021,0,39950,6071,0,0
2025-06-01,9,Gaeta Spur FC,28988,9528,38516,0,28988,9528,0,0
2025-06-01,10,Rashid Shaheed Truthers,33351,2653,36004,0,33351,2653,0,0
2025-06-01,11,All You Need Is LOVE,30247,8780,39027,0,30247,8780,0,0
2025-06-01,12,Omar Comin,41076,67,41143,0,41076,67,0,1
2025-06-02,1,208 Ferrari Way,32704,1819,34523,0,32704,1819,0,0
2025-06-02,2,The Federal Reserve,54256,442,54698,0,54256,442,0,0
2025-06-02,3,Golden Hour,37396,1318,38714,0,37396,1318,0,0
2025-06-02,4,Lisan al-Caleb,37086,6131,43217,0,37086,6131,0,0
2025-06-02,5,Mommy Rainier,26154,539,26693,0,26154,539,0,0
2025-06-02,6,Mostly Washed,41617,2553,44170,0,41617,2553,0,0
2025-06-02,7,Cártel de Breece y Puka,32973,1455,34428,0,32973,1455,0,0
2025-06-02,8,Loading…,39950,6071,46021,0,39950,6071,0,0
2025-06-02,9,Gaeta Spur FC,28988,9528,38516,0,28988,9528,0,0
2025-06-02,10,Rashid Shaheed Truthers,33351,2653,36004,0,33351,2653,0,0
2025-06-02,11,All You Need Is LOVE,30247,8780,39027,0,30247,8780,0,0
2025-06-02,12,Omar Comin,41076,67,41143,0,41076,67,0,1
2025-06-03,1,208 Ferrari Way,32704,1819,34523,0,32704,1819,0,0
2025-06-03,2,The Federal Reserve,54256,442,54698,0,54256,442,0,0
2025-06-03,3,Golden Hour,37396,1318,38714,0,37396,1318,0,0
2025-06-03,4,Lisan al-Caleb,37086,6131,43217,0,37086,6131,0,0
2025-06-03,5,Mommy Rainier,26154,539,26693,0,26154,539,0,0
2025-06-03,6,Mostly Washed,41617,2553,44170,0,41617,2553,0,0
2025-06-03,7,Cártel de Breece y Puka,32973,1455,34428,0,32973,1455,0,0
2025-06-03,8,Loading…,39950,6071,46021,0,39950,6071,0,0
2025-06-03,9,Gaeta Spur FC,28988,9528,38516,0,28988,9528,0,0
2025-06-03,10,Rashid Shaheed Truthers,33351,2653,36004,0,33351,2653,0,0
2025-06-03,11,All You Need Is LOVE,30247,8780,39027,0,30247,8780,0,0
2025-06-03,12,Omar Comin,41076,67,41143,0,41076,67,0,1
2025-06-04,1,208 Ferrari Way,32704,1819,34523,0,32704,1819,0,0
2025-06-04,2,The Federal Reserve,54256,442,54698,0,54256,442,0,0
2025-06-04,3,Golden Hour,37396,1318,38714,0,37396,1318,0,0
2025-06-04,4,Lisan al-Caleb,37086,6131,43217,0,37086,6131,0,0
2025-06-04,5,Mommy Rainier,26154,539,26693,0,26154,539,0,0
2025-06-04,6,Mostly Washed,41617,2553,44170,0,41617,2553,0,0
2025-06-04,7,Cártel de Breece y Puka,32973,1455,34428,0,32973,1455,0,0
2025-06-04,8,Loading…,39950,6071,46021,0,39950,6071,0,0
2025-06-04,9,Gaeta Spur FC,28972,9528,38500,0,28972,9528,0,0
2025-06-04,10,Rashid Shaheed Truthers,33351,2653,36004,0,33351,2653,0,0
2025-06-04,11,All You Need Is LOVE,30247,8780,39027,0,30247,8780,0,0
2025-06-04,12,Omar Comin,41076,67,41143,0,41076,67,0,1
2025-06-05,1,208 Ferrari Way,32704,1819,34523,0,32704,1819,0,0
2025-06-05,2,The Federal Reserve,54256,442,54698,0,54256,442,0,0
2025-06-05,3,Golden Hour,37396,1318,38714,0,37396,1318,0,0
2025-06-05,4,Lisan al-Caleb,37086,6131,43217,0,37086,6131,0,0
2025-06-05,5,Mommy Rainier,26154,539,26693,0,26154,539,0,0
2025-06-05,6,Mostly Washed,41617,2553,44170,0,41617,2553,0,0
2025-06-05,7,Cártel de Breece y Puka,32973,1455,34428,0,32973,1455,0,0
2025-06-05,8,Loading…,39950,6071,46021,0,39950,6071,0,0
2025-06-05,9,Gaeta Spur FC,28972,9528,38500,0,28972,9528,0,0
2025-06-05,10,Rashid Shaheed Truthers,33351,2653,36004,0,33351,2653,0,0
2025-06-05,11,All You Need Is LOVE,30247,8780,39027,0,30247,8780,0,0
2025-06-05,12,Omar Comin,41076,67,41143,0,41076,67,0,1
2025-06-06,1,208 Ferrari Way,32525,1816,34341,32525,0,1816,0,0
2025-06-06,2,The Federal Reserve,54341,439,54780,54341,0,439,0,0
2025-06-06,3,Golden Hour,37092,1319,38411,37092,0,1319,0,0
2025-06-06,4,Lisan al-Caleb,37164,6199,43363,37164,0,6199,0,0
2025-06-06,5,Mommy Rainier,25908,536,26444,25908,0,536,0,0
2025-06-06,6,Mostly Washed,42162,2576,44738,42162,0,2576,0,0
2025-06-06,7,Cártel de Breece y Puka,33273,1455,34728,33273,0,1455,0,0
2025-06-06,8,Loading…,39651,6140,45791,39651,0,6140,0,0
2025-06-06,9,Gaeta Spur FC,29168,9623,38791,29168,0,9623,0,0
2025-06-06,10,Rashid Shaheed Truthers,33516,2676,36192,33516,0,2676,0,0
2025-06-06,11,All You Need Is LOVE,30168,8870,39038,30168,0,8870,0,0
2025-06-06,12,Omar Comin,41175,67,41242,41175,0,67,0,1
2025-06-07,1,208 Ferrari Way,32525,1816,34341,0,32525,1816,0,0
2025-06-07,2,The Federal Reserve,54341,439,54780,0,54341,439,0,0
2025-06-07,3,Golden Hour,37092,1319,38411,0,37092,1319,0,0
2025-06-07,4,Lisan al-Caleb,37164,6199,43363,0,37164,6199,0,0
2025-06-07,5,Mommy Rainier,25908,536,26444,0,25908,536,0,0
2025-06-07,6,Mostly Washed,42162,2576,44738,0,42162,2576,0,0
2025-06-07,7,Cártel de Breece y Puka,33273,1455,34728,0,33273,1455,0,0
2025-06-07,8,Loading…,39651,6140,45791,0,39651,6140,0,0
2025-06-07,9,Gaeta Spur FC,29168,9623,38791,0,29168,9623,0,0
2025-06-07,10,Rashid Shaheed Truthers,33516,2676,36192,0,33516,2676,0,0
2025-06-07,11,All You Need Is LOVE,30168,8870,39038,0,30168,8870,0,0
2025-06-07,12,Omar Comin,41175,67,41242,0,41175,67,0,1
2025-06-08,1,208 Ferrari Way,32525,1816,34341,0,32525,1816,0,0
2025-06-08,2,The Federal Reserve,54341,439,54780,0,54341,439,0,0
2025-06-08,3,Golden Hour,37092,1319,38411,0,37092,1319,0,0
2025-06-08,4,Lisan al-Caleb,37164,6199,43363,0,37164,6199,0,0
2025-06-08,5,Mommy Rainier,25908,536,26444,0,25908,536,0,0
2025-06-08,6,Mostly Washed,42162,2576,44738,0,42162,2576,0,0
2025-06-08,7,Cártel de Breece y Puka,33273,1455,34728,0,33273,1455,0,0
2025-06-08,8,Loading…,39651,6140,45791,0,39651,6140,0,0
2025-06-08,9,Gaeta Spur FC,29168,9623,38791,0,29168,9623,0,0
2025-06-08,10,Rashid Shaheed Truthers,33516,2676,36192,0,33516,2676,0,0
2025-06-08,11,All You Need Is LOVE,30168,8870,39038,0,30168,8870,0,0
2025-06-08,12,Omar Comin,41175,67,41242,0,41175,67,0,1
2025-06-09,1,208 Ferrari Way,32525,1816,34341,0,32525,1816,0,0
2025-06-09,2,The Federal Reserve,54341,439,54780,0,54341,439,0,0
2025-06-09,3,Golden Hour,37092,1319,38411,0,37092,1319,0,0
2025-06-09,4,Lisan al-Caleb,37164,6199,43363,0,37164,6199,0,0
2025-06-09,5,Mommy Rainier,25908,536,26444,0,25908,536,0,0
2025-06-09,6,Mostly Washed,42162,2576,44738,0,42162,2576,0,0
2025-06-09,7,Cártel de Breece y Puka,33273,1455,34728,0,33273,1455,0,0
2025-06-09,8,Loading…,39651,6140,45791,0,39651,6140,0,0
2025-06-09,9,Gaeta Spur FC,29168,9623,38791,0,29168,9623,0,0
2025-06-09,10,Rashid Shaheed Truthers,33516,2676,36192,0,33516,2676,0,0
2025-06-09,11,All You Need Is LOVE,30168,8870,39038,0,30168,8870,0,0
2025-06-09,12,Omar Comin,41175,67,41242,0,41175,67,0,1
2025-06-10,1,208 Ferrari Way,32525,1816,34341,0,32525,1816,0,0
2025-06-10,2,The Federal Reserve,54341,439,54780,0,54341,439,0,0
2025-06-10,3,Golden Hour,37092,1319,38411,0,37092,1319,0,0
2025-06-10,4,Lisan al-Caleb,37164,6199,43363,0,37164,6199,0,0
2025-06-10,5,Mommy Rainier,25908,536,26444,0,25908,536,0,0
2025-06-10,6,Mostly Washed,42162,2576,44738,0,42162,2576,0,0
2025-06-10,7,Cártel de Breece y Puka,33273,1455,34728,0,33273,1455,0,0
2025-06-10,8,Loading…,39651,6140,45791,0,39651,6140,0,0
2025-06-10,9,Gaeta Spur FC,29168,9623,38791,0,29168,9623,0,0
2025-06-10,10,Rashid Shaheed Truthers,33516,2676,36192,0,33516,2676,0,0
2025-06-10,11,All You Need Is LOVE,30168,8870,39038,0,30168,8870,0,0
2025-06-10,12,Omar Comin,41175,67,41242,0,41175,67,0,1
2025-06-11,1,208 Ferrari Way,32525,1816,34341,0,32525,1816,0,0
2025-06-11,2,The Federal Reserve,54341,439,54780,0,54341,439,0,0
2025-06-11,3,Golden Hour,37092,1319,38411,0,37092,1319,0,0
2025-06-11,4,Lisan al-Caleb,37164,6199,43363,0,37164,6199,0,0
2025-06-11,5,Mommy Rainier,25908,536,26444,0,25908,536,0,0
2025-06-11,6,Mostly Washed,42164,2576,44740,0,42164,2576,0,0
2025-06-11,7,Cártel de Breece y Puka,33273,1455,34728,0,33273,1455,0,0
2025-06-11,8,Loading…,39651,6140,45791,0,39651,6140,0,0
2025-06-11,9,Gaeta Spur FC,29168,9623,38791,0,29168,9623,0,0
2025-06-11,10,Rashid Shaheed Truthers,33516,2676,36192,0,33516,2676,0,0
2025-06-11,11,All You Need Is LOVE,30168,8870,39038,0,30168,8870,0,0
2025-06-11,12,Omar Comin,41175,67,41242,0,41175,67,0,1
2025-06-12,1,208 Ferrari Way,32525,1816,34341,0,32525,1816,0,0
2025-06-12,2,The Federal Reserve,54341,439,54780,0,54341,439,0,0
2025-06-12,3,Golden Hour,37092,1319,38411,0,37092,1319,0,0
2025-06-12,4,Lisan al-Caleb,37164,6199,43363,0,37164,6199,0,0
2025-06-12,5,Mommy Rainier,25908,536,26444,0,25908,536,0,0
2025-06-12,6,Mostly Washed,42164,2576,44740,0,42164,2576,0,0
2025-06-12,7,Cártel de Breece y Puka,33273,1455,34728,0,33273,1455,0,0
2025-06-12,8,Loading…,39651,6140,45791,0,39651,6140,0,0
2025-06-12,9,Gaeta Spur FC,29168,9623,38791,0,29168,9623,0,0
2025-06-12,10,Rashid Shaheed Truthers,33516,2676,36192,0,33516,2676,0,0
2025-06-12,11,All You Need Is LOVE,30168,8870,39038,0,30168,8870,0,0
2025-06-12,12,Omar Comin,41175,67,41242,0,41175,67,0,1
2025-06-13,1,208 Ferrari Way,32525,1816,34341,0,32525,1816,0,0
2025-06-13,2,The Federal Reserve,54341,439,54780,0,54341,439,0,0
2025-06-13,3,Golden Hour,37092,1319,38411,0,37092,1319,0,0
2025-06-13,4,Lisan al-Caleb,37164,6199,43363,0,37164,6199,0,0
2025-06-13,5,Mommy Rainier,25908,536,26444,0,25908,536,0,0
2025-06-13,6,Mostly Washed,42164,2576,44740,0,42164,2576,0,0
2025-06-13,7,Cártel de Breece y Puka,33273,1455,34728,0,33273,1455,0,0
2025-06-13,8,Loading…,39651,6140,45791,0,39651,6140,0,0
2025-06-13,9,Gaeta Spur FC,29168,9623,38791,0,29168,9623,0,0
2025-06-13,10,Rashid Shaheed Truthers,33516,2676,36192,0,33516,2676,0,0
2025-06-13,11,All You Need Is LOVE,30168,8870,39038,0,30168,8870,0,0
2025-06-13,12,Omar Comin,41175,67,41242,0,41175,67,0,1
2025-06-14,1,208 Ferrari Way,0,0,0,0,0,0,0,25
2025-06-14,2,The Federal Reserve,0,0,0,0,0,0,0,26
2025-06-14,3,Golden Hour,0,0,0,0,0,0,0,27
2025-06-14,4,Lisan al-Caleb,0,0,0,0,0,0,0,26
2025-06-14,5,Mommy Rainier,0,0,0,0,0,0,0,26
2025-06-14,6,Mostly Washed,0,0,0,0,0,0,0,26
2025-06-14,7,Cártel de Breece y Puka,0,0,0,0,0,0,0,26
2025-06-14,8,Loading…,0,0,0,0,0,0,0,26
2025-06-14,9,Gaeta Spur FC,0,0,0,0,0,0,0,26
2025-06-14,10,Rashid Shaheed Truthers,0,0,0,0,0,0,0,26
2025-06-14,11,All You Need Is LOVE,0,0,0,0,0,0,0,26
2025-06-14,12,Omar Comin,0,0,0,0,0,0,0,26
2025-06-15,1,208 Ferrari Way,0,0,0,0,0,0,0,25
2025-06-15,2,The Federal Reserve,0,0,0,0,0,0,0,26
2025-06-15,3,Golden Hour,0,0,0,0,0,0,0,27
2025-06-15,4,Lisan al-Caleb,0,0,0,0,0,0,0,26
2025-06-15,5,Mommy Rainier,0,0,0,0,0,0,0,26
2025-06-15,6,Mostly Washed,0,0,0,0,0,0,0,26
2025-06-15,7,Cártel de Breece y Puka,0,0,0,0,0,0,0,26
2025-06-15,8,Loading…,0,0,0,0,0,0,0,26
2025-06-15,9,Gaeta Spur FC,0,0,0,0,0,0,0,26
2025-06-15,10,Rashid Shaheed Truthers,0,0,0,0,0,0,0,26
2025-06-15,11,All You Need Is LOVE,0,0,0,0,0,0,0,26
2025-06-15,12,Omar Comin,0,0,0,0,0,0,0,26
2025-06-16,1,208 Ferrari Way,0,0,0,0,0,0,0,25
2025-06-16,2,The Federal Reserve,0,0,0,0,0,0,0,26
2025-06-16,3,Golden Hour,0,0,0,0,0,0,0,27
2025-06-16,4,Lisan al-Caleb,0,0,0,0,0,0,0,26
2025-06-16,5,Mommy Rainier,0,0,0,0,0,0,0,26
2025-06-16,6,Mostly Washed,0,0,0,0,0,0,0,26
2025-06-16,7,Cártel de Breece y Puka,0,0,0,0,0,0,0,26
2025-06-16,8,Loading…,0,0,0,0,0,0,0,26
2025-06-16,9,Gaeta Spur FC,0,0,0,0,0,0,0,26
2025-06-16,10,Rashid Shaheed Truthers,0,0,0,0,0,0,0,26
2025-06-16,11,All You Need Is LOVE,0,0,0,0,0,0,0,26
2025-06-16,12,Omar Comin,0,0,0,0,0,0,0,26
2025-06-17,1,208 Ferrari Way,0,0,0,0,0,0,0,25
2025-06-17,2,The Federal Reserve,0,0,0,0,0,0,0,26
2025-06-17,3,Golden Hour,0,0,0,0,0,0,0,27
2025-06-17,4,Lisan al-Caleb,0,0,0,0,0,0,0,26
2025-06-17,5,Mommy Rainier,0,0,0,0,0,0,0,26
2025-06-17,6,Mostly Washed,0,0,0,0,0,0,0,26
2025-06-17,7,Cártel de Breece y Puka,0,0,0,0,0,0,0,26
2025-06-17,8,Loading…,0,0,0,0,0,0,0,26
2025-06-17,9,Gaeta Spur FC,0,0,0,0,0,0,0,26
2025-06-17,10,Rashid Shaheed Truthers,0,0,0,0,0,0,0,26
2025-06-17,11,All You Need Is LOVE,0,0,0,0,0,0,0,26
2025-06-17,12,Omar Comin,0,0,0,0,0,0,0,26
2025-06-18,1,208 Ferrari Way,0,0,0,0,0,0,0,25
2025-06-18,2,The Federal Reserve,0,0,0,0,0,0,0,26
2025-06-18,3,Golden Hour,0,0,0,0,0,0,0,27
2025-06-18,4,Lisan al-Caleb,0,0,0,0,0,0,0,26
2025-06-18,5,Mommy Rainier,0,0,0,0,0,0,0,26
2025-06-18,6,Mostly Washed,0,0,0,0,0,0,0,26
2025-06-18,7,Cártel de Breece y Puka,0,0,0,0,0,0,0,26
2025-06-18,8,Loading…,0,0,0,0,0,0,0,26
2025-06-18,9,Gaeta Spur FC,0,0,0,0,0,0,0,26
2025-06-18,10,Rashid Shaheed Truthers,0,0,0,0,0,0,0,26
2025-06-18,11,All You Need Is LOVE,0,0,0,0,0,0,0,26
2025-06-18,12,Omar Comin,0,0,0,0,0,0,0,26
2025-06-19,1,208 Ferrari Way,0,0,0,0,0,0,0,25
2025-06-19,2,The Federal Reserve,0,0,0,0,0,0,0,26
2025-06-19,3,Golden Hour,0,0,0,0,0,0,0,27
2025-06-19,4,Lisan al-Caleb,0,0,0,0,0,0,0,26
2025-06-19,5,Mommy Rainier,0,0,0,0,0,0,0,26
2025-06-19,6,Mostly Washed,0,0,0,0,0,0,0,26
2025-06-19,7,Cártel de Breece y Puka,0,0,0,0,0,0,0,26
2025-06-19,8,Loading…,0,0,0,0,0,0,0,26
2025-06-19,9,Gaeta Spur FC,0,0,0,0,0,0,0,26
2025-06-19,10,Rashid Shaheed Truthers,0,0,0,0,0,0,0,26
2025-06-19,11,All You Need Is LOVE,0,0,0,0,0,0,0,26
2025-06-19,12,Omar Comin,0,0,0,0,0,0,0,26
2025-06-20,1,208 Ferrari Way,0,0,0,0,0,0,0,25
2025-06-20,2,The Federal Reserve,0,0,0,0,0,0,0,26
2025-06-20,3,Golden Hour,0,0,0,0,0,0,0,27
2025-06-20,4,Lisan al-Caleb,0,0,0,0,0,0,0,26
2025-06-20,5,Mommy Rainier,0,0,0,0,0,0,0,26
2025-06-20,6,Mostly Washed,0,0,0,0,0,0,0,26
2025-06-20,7,Cártel de Breece y Puka,0,0,0,0,0,0,0,26
2025-06-20,8,Loading…,0,0,0,0,0,0,0,26
2025-06-20,9,Gaeta Spur FC,0,0,0,0,0,0,0,26
2025-06-20,10,Rashid Shaheed Truthers,0,0,0,0,0,0,0,26
2025-06-20,11,All You Need Is LOVE,0,0,0,0,0,0,0,26
2025-06-20,12,Omar Comin,0,0,0,0,0,0,0,26
2025-06-21,1,208 Ferrari Way,0,0,0,0,0,0,0,25
2025-06-21,2,The Federal Reserve,0,0,0,0,0,0,0,26
2025-06-21,3,Golden Hour,0,0,0,0,0,0,0,27
2025-06-21,4,Lisan al-Caleb,0,0,0,0,0,0,0,26
2025-06-21,5,Mommy Rainier,0,0,0,0,0,0,0,26
2025-06-21,6,Mostly Washed,0,0,0,0,0,0,0,26
2025-06-21,7,Cártel de Breece y Puka,0,0,0,0,0,0,0,26
2025-06-21,8,Loading…,0,0,0,0,0,0,0,26
2025-06-21,9,Gaeta Spur FC,0,0,0,0,0,0,0,26
2025-06-21,10,Rashid Shaheed Truthers,0,0,0,0,0,0,0,26
2025-06-21,11,All You Need Is LOVE,0,0,0,0,0,0,0,26
2025-06-21,12,Omar Comin,0,0,0,0,0,0,0,26
2025-06-22,1,208 Ferrari Way,0,0,0,0,0,0,0,25
2025-06-22,2,The Federal Reserve,0,0,0,0,0,0,0,26
2025-06-22,3,Golden Hour,0,0,0,0,0,0,0,27
2025-06-22,4,Lisan al-Caleb,0,0,0,0,0,0,0,26
2025-06-22,5,Mommy Rainier,0,0,0,0,0,0,0,26
2025-06-22,6,Mostly Washed,0,0,0,0,0,0,0,26
2025-06-22,7,Cártel de Breece y Puka,0,0,0,0,0,0,0,26
2025-06-22,8,Loading…,0,0,0,0,0,0,0,26
2025-06-22,9,Gaeta Spur FC,0,0,0,0,0,0,0,26
2025-06-22,10,Rashid Shaheed Truthers,0,0,0,0,0,0,0,26
2025-06-22,11,All You Need Is LOVE,0,0,0,0,0,0,0,26
2025-06-22,12,Omar Comin,0,0,0,0,0,0,0,26
2025-06-23,1,208 Ferrari Way,0,0,0,0,0,0,0,25
2025-06-23,2,The Federal Reserve,0,0,0,0,0,0,0,26
2025-06-23,3,Golden Hour,0,0,0,0,0,0,0,27
2025-06-23,4,Lisan al-Caleb,0,0,0,0,0,0,0,26
2025-06-23,5,Mommy Rainier,0,0,0,0,0,0,0,26
2025-06-23,6,Mostly Washed,0,0,0,0,0,0,0,26
2025-06-23,7,Cártel de Breece y Puka,0,0,0,0,0,0,0,26
2025-06-23,8,Loading…,0,0,0,0,0,0,0,26
2025-06-23,9,Gaeta Spur FC,0,0,0,0,0,0,0,26
2025-06-23,10,Rashid Shaheed Truthers,0,0,0,0,0,0,0,26
2025-06-23,11,All You Need Is LOVE,0,0,0,0,0,0,0,26
2025-06-23,12,Omar Comin,0,0,0,0,0,0,0,26
2025-06-24,1,208 Ferrari Way,0,0,0,0,0,0,0,25
2025-06-24,2,The Federal Reserve,0,0,0,0,0,0,0,26
2025-06-24,3,Golden Hour,0,0,0,0,0,0,0,27
2025-06-24,4,Lisan al-Caleb,0,0,0,0,0,0,0,26
2025-06-24,5,Mommy Rainier,0,0,0,0,0,0,0,26
2025-06-24,6,Mostly Washed,0,0,0,0,0,0,0,26
2025-06-24,7,Cártel de Breece y Puka,0,0,0,0,0,0,0,26
2025-06-24,8,Loading…,0,0,0,0,0,0,0,26
2025-06-24,9,Gaeta Spur FC,0,0,0,0,0,0,0,26
2025-06-24,10,Rashid Shaheed Truthers,0,0,0,0,0,0,0,26
2025-06-24,11,All You Need Is LOVE,0,0,0,0,0,0,0,26
2025-06-24,12,Omar Comin,0,0,0,0,0,0,0,26
2025-06-25,1,208 Ferrari Way,0,0,0,0,0,0,0,25
2025-06-25,2,The Federal Reserve,0,0,0,0,0,0,0,26
2025-06-25,3,Golden Hour,0,0,0,0,0,0,0,27
2025-06-25,4,Lisan al-Caleb,0,0,0,0,0,0,0,27
2025-06-25,5,Mommy Rainier,0,0,0,0,0,0,0,26
2025-06-25,6,Mostly Washed,0,0,0,0,0,0,0,26
2025-06-25,7,Cártel de Breece y Puka,0,0,0,0,0,0,0,25
2025-06-25,8,Loading…,0,0,0,0,0,0,0,26
2025-06-25,9,Gaeta Spur FC,0,0,0,0,0,0,0,26
2025-06-25,10,Rashid Shaheed Truthers,0,0,0,0,0,0,0,26
2025-06-25,11,All You Need Is LOVE,0,0,0,0,0,0,0,26
2025-06-25,12,Omar Comin,0,0,0,0,0,0,0,26
2025-06-26,1,208 Ferrari Way,0,0,0,0,0,0,0,25
2025-06-26,2,The Federal Reserve,0,0,0,0,0,0,0,26
2025-06-26,3,Golden Hour,0,0,0,0,0,0,0,27
2025-06-26,4,Lisan al-Caleb,0,0,0,0,0,0,0,27
2025-06-26,5,Mommy Rainier,0,0,0,0,0,0,0,26
2025-06-26,6,Mostly Washed,0,0,0,0,0,0,0,26
2025-06-26,7,Cártel de Breece y Puka,0,0,0,0,0,0,0,26
2025-06-26,8,Loading…,0,0,0,0,0,0,0,26
2025-06-26,9,Gaeta Spur FC,0,0,0,0,0,0,0,26
2025-06-26,10,Rashid Shaheed Truthers,0,0,0,0,0,0,0,26
2025-06-26,11,All You Need Is LOVE,0,0,0,0,0,0,0,26
2025-06-26,12,Omar Comin,0,0,0,0,0,0,0,26
2025-06-27,1,208 Ferrari Way,32717,1879,34596,32717,0,1879,0,0
2025-06-27,2,The Federal Reserve,55032,498,55530,55032,0,498,0,0
2025-06-27,3,Golden Hour,36681,1336,38017,36681,0,1336,0,0
2025-06-27,4,Lisan al-Caleb,35476,5130,40606,35476,0,5130,0,0
2025-06-27,5,Mommy Rainier,25669,564,26233,25669,0,564,0,0
2025-06-27,6,Mostly Washed,41280,2359,43639,41280,0,2359,0,0
2025-06-27,7,Cártel de Breece y Puka,36018,2038,38056,36018,0,2038,0,0
2025-06-27,8,Loading…,39303,5599,44902,39303,0,5599,0,0
2025-06-27,9,Gaeta Spur FC,28561,8858,37419,28561,0,8858,0,0
2025-06-27,10,Rashid Shaheed Truthers,34049,2480,36529,34049,0,2480,0,0
2025-06-27,11,All You Need Is LOVE,30335,8144,38479,30335,0,8144,0,0
2025-06-27,12,Omar Comin,41012,87,41099,41012,0,87,0,1
2025-06-28,1,208 Ferrari Way,32717,1879,34596,0,32717,1879,0,0
2025-06-28,2,The Federal Reserve,55032,498,55530,0,55032,498,0,0
2025-06-28,3,Golden Hour,36681,1336,38017,0,36681,1336,0,0
2025-06-28,4,Lisan al-Caleb,35476,5130,40606,0,35476,5130,0,0
2025-06-28,5,Mommy Rainier,25669,564,26233,0,25669,564,0,0
2025-06-28,6,Mostly Washed,41280,2359,43639,0,41280,2359,0,0
2025-06-28,7,Cártel de Breece y Puka,36018,2038,38056,0,36018,2038,0,0
2025-06-28,8,Loading…,39303,5599,44902,0,39303,5599,0,0
2025-06-28,9,Gaeta Spur FC,28561,8858,37419,0,28561,8858,0,0
2025-06-28,10,Rashid Shaheed Truthers,34049,2480,36529,0,34049,2480,0,0
2025-06-28,11,All You Need Is LOVE,30335,8144,38479,0,30335,8144,0,0
2025-06-28,12,Omar Comin,41012,87,41099,0,41012,87,0,1
2025-06-29,1,208 Ferrari Way,32717,1879,34596,0,32717,1879,0,0
2025-06-29,2,The Federal Reserve,55032,498,55530,0,55032,498,0,0
2025-06-29,3,Golden Hour,36681,1336,38017,0,36681,1336,0,0
2025-06-29,4,Lisan al-Caleb,35476,5130,40606,0,35476,5130,0,0
2025-06-29,5,Mommy Rainier,25669,564,26233,0,25669,564,0,0
2025-06-29,6,Mostly Washed,41280,2359,43639,0,41280,2359,0,0
2025-06-29,7,Cártel de Breece y Puka,36018,2038,38056,0,36018,2038,0,0
2025-06-29,8,Loading…,39303,5599,44902,0,39303,5599,0,0
2025-06-29,9,Gaeta Spur FC,28561,8858,37419,0,28561,8858,0,0
2025-06-29,10,Rashid Shaheed Truthers,34049,2480,36529,0,34049,2480,0,0
2025-06-29,11,All You Need Is LOVE,30335,8144,38479,0,30335,8144,0,0
2025-06-29,12,Omar Comin,41012,87,41099,0,41012,87,0,1
2025-06-30,1,208 Ferrari Way,32717,1879,34596,0,32717,1879,0,0
2025-06-30,2,The Federal Reserve,55032,498,55530,0,55032,498,0,0
2025-06-30,3,Golden Hour,36681,1336,38017,0,36681,1336,0,0
2025-06-30,4,Lisan al-Caleb,35476,5130,40606,0,35476,5130,0,0
2025-06-30,5,Mommy Rainier,25669,564,26233,0,25669,564,0,0
2025-06-30,6,Mostly Washed,41280,2359,43639,0,41280,2359,0,0
2025-06-30,7,Cártel de Breece y Puka,36018,2038,38056,0,36018,2038,0,0
2025-06-30,8,Loading…,39303,5599,44902,0,39303,5599,0,0
2025-06-30,9,Gaeta Spur FC,28561,8858,37419,0,28561,8858,0,0
2025-06-30,10,Rashid Shaheed Truthers,34049,2480,36529,0,34049,2480,0,0
2025-06-30,11,All You Need Is LOVE,30335,8144,38479,0,30335,8144,0,0
2025-06-30,12,Omar Comin,41012,87,41099,0,41012,87,0,1
2025-07-01,1,208 Ferrari Way,32717,1879,34596,0,32717,1879,0,0
2025-07-01,2,The Federal Reserve,55032,498,55530,0,55032,498,0,0
2025-07-01,3,Golden Hour,36681,1336,38017,0,36681,1336,0,0
2025-07-01,4,Lisan al-Caleb,35476,5130,40606,0,35476,5130,0,0
2025-07-01,5,Mommy Rainier,25669,564,26233,0,25669,564,0,0
2025-07-01,6,Mostly Washed,41280,2359,43639,0,41280,2359,0,0
2025-07-01,7,Cártel de Breece y Puka,36018,2038,38056,0,36018,2038,0,0
2025-07-01,8,Loading…,39303,5599,44902,0,39303,5599,0,0
2025-07-01,9,Gaeta Spur FC,28561,8858,37419,0,28561,8858,0,0
2025-07-01,10,Rashid Shaheed Truthers,34049,2480,36529,0,34049,2480,0,0
2025-07-01,11,All You Need Is LOVE,30335,8144,38479,0,30335,8144,0,0
2025-07-01,12,Omar Comin,41012,87,41099,0,41012,87,0,1
2025-07-02,1,208 Ferrari Way,32717,1879,34596,0,32717,1879,0,0
2025-07-02,2,The Federal Reserve,55032,498,55530,0,55032,498,0,0
2025-07-02,3,Golden Hour,36661,1336,37997,0,36661,1336,0,1
2025-07-02,4,Lisan al-Caleb,35476,5130,40606,0,35476,5130,0,0
2025-07-02,5,Mommy Rainier,25669,564,26233,0,25669,564,0,0
2025-07-02,6,Mostly Washed,41280,2359,43639,0,41280,2359,0,0
2025-07-02,7,Cártel de Breece y Puka,36018,2038,38056,0,36018,2038,0,0
2025-07-02,8,Loading…,39303,5599,44902,0,39303,5599,0,0
2025-07-02,9,Gaeta Spur FC,28561,8858,37419,0,28561,8858,0,0
2025-07-02,10,Rashid Shaheed Truthers,34049,2480,36529,0,34049,2480,0,0
2025-07-02,11,All You Need Is LOVE,30335,8144,38479,0,30335,8144,0,0
2025-07-02,12,Omar Comin,41012,87,41099,0,41012,87,0,1
2025-07-03,1,208 Ferrari Way,32717,1879,34596,0,32717,1879,0,0
2025-07-03,2,The Federal Reserve,55032,498,55530,0,55032,498,0,0
2025-07-03,3,Golden Hour,36661,1336,37997,0,36661,1336,0,1
2025-07-03,4,Lisan al-Caleb,35476,5130,40606,0,35476,5130,0,0
2025-07-03,5,Mommy Rainier,25669,564,26233,0,25669,564,0,0
2025-07-03,6,Mostly Washed,41280,2359,43639,0,41280,2359,0,0
2025-07-03,7,Cártel de Breece y Puka,36018,2038,38056,0,36018,2038,0,0
2025-07-03,8,Loading…,39303,5599,44902,0,39303,5599,0,0
2025-07-03,9,Gaeta Spur FC,28561,8858,37419,0,28561,8858,0,0
2025-07-03,10,Rashid Shaheed Truthers,34049,2480,36529,0,34049,2480,0,0
2025-07-03,11,All You Need Is LOVE,30335,8144,38479,0,30335,8144,0,0
2025-07-03,12,Omar Comin,41012,87,41099,0,41012,87,0,1
2025-07-04,1,208 Ferrari Way,32728,1891,34619,32728,0,1891,0,0
2025-07-04,2,The Federal Reserve,55152,498,55650,55152,0,498,0,0
2025-07-04,3,Golden Hour,36569,1344,37913,36569,0,1344,0,1
2025-07-04,4,Lisan al-Caleb,35259,5191,40450,35259,0,5191,0,0
2025-07-04,5,Mommy Rainier,26121,567,26688,26121,0,567,0,0
2025-07-04,6,Mostly Washed,40784,2386,43170,40784,0,2386,0,0
2025-07-04,7,Cártel de Breece y Puka,36589,2049,38638,36589,0,2049,0,0
2025-07-04,8,Loading…,39608,5664,45272,39608,0,5664,0,0
2025-07-04,9,Gaeta Spur FC,28081,8957,37038,28081,0,8957,0,0
2025-07-04,10,Rashid Shaheed Truthers,33450,2507,35957,33450,0,2507,0,0
2025-07-04,11,All You Need Is LOVE,30751,8233,38984,30751,0,8233,0,0
2025-07-04,12,Omar Comin,41202,85,41287,41202,0,85,0,1
2025-07-05,1,208 Ferrari Way,32728,1891,34619,0,32728,1891,0,0
2025-07-05,2,The Federal Reserve,55152,498,55650,0,55152,498,0,0
2025-07-05,3,Golden Hour,36569,1344,37913,0,36569,1344,0,1
2025-07-05,4,Lisan al-Caleb,35259,5191,40450,0,35259,5191,0,0
2025-07-05,5,Mommy Rainier,26121,567,26688,0,26121,567,0,0
2025-07-05,6,Mostly Washed,40784,2386,43170,0,40784,2386,0,0
2025-07-05,7,Cártel de Breece y Puka,36589,2049,38638,0,36589,2049,0,0
2025-07-05,8,Loading…,39608,5664,45272,0,39608,5664,0,0
2025-07-05,9,Gaeta Spur FC,28081,8957,37038,0,28081,8957,0,0
2025-07-05,10,Rashid Shaheed Truthers,33450,2507,35957,0,33450,2507,0,0
2025-07-05,11,All You Need Is LOVE,30751,8233,38984,0,30751,8233,0,0
2025-07-05,12,Omar Comin,41214,85,41299,0,41214,85,0,0
2025-07-06,1,208 Ferrari Way,32728,1891,34619,0,32728,1891,0,0
2025-07-06,2,The Federal Reserve,55152,498,55650,0,55152,498,0,0
2025-07-06,3,Golden Hour,36569,1344,37913,0,36569,1344,0,1
2025-07-06,4,Lisan al-Caleb,35259,5191,40450,0,35259,5191,0,0
2025-07-06,5,Mommy Rainier,26121,567,26688,0,26121,567,0,0
2025-07-06,6,Mostly Washed,40784,2386,43170,0,40784,2386,0,0
2025-07-06,7,Cártel de Breece y Puka,36589,2049,38638,0,36589,2049,0,0
2025-07-06,8,Loading…,39608,5664,45272,0,39608,5664,0,0
2025-07-06,9,Gaeta Spur FC,28081,8957,37038,0,28081,8957,0,0
2025-07-06,10,Rashid Shaheed Truthers,33450,2507,35957,0,33450,2507,0,0
2025-07-06,11,All You Need Is LOVE,30751,8233,38984,0,30751,8233,0,0
2025-07-06,12,Omar Comin,41214,85,41299,0,41214,85,0,0
2025-07-07,1,208 Ferrari Way,32728,1891,34619,0,32728,1891,0,0
2025-07-07,2,The Federal Reserve,55152,498,55650,0,55152,498,0,0
2025-07-07,3,Golden Hour,36569,1344,37913,0,36569,1344,0,1
2025-07-07,4,Lisan al-Caleb,35259,5191,40450,0,35259,5191,0,0
2025-07-07,5,Mommy Rainier,26121,567,26688,0,26121,567,0,0
2025-07-07,6,Mostly Washed,40784,2386,43170,0,40784,2386,0,0
2025-07-07,7,Cártel de Breece y Puka,36589,2049,38638,0,36589,2049,0,0
2025-07-07,8,Loading…,39608,5664,45272,0,39608,5664,0,0
2025-07-07,9,Gaeta Spur FC,28081,8957,37038,0,28081,8957,0,0
2025-07-07,10,Rashid Shaheed Truthers,33450,2507,35957,0,33450,2507,0,0
2025-07-07,11,All You Need Is LOVE,30751,8233,38984,0,30751,8233,0,0
2025-07-07,12,Omar Comin,41214,85,41299,0,41214,85,0,0
2025-07-08,1,208 Ferrari Way,32728,1891,34619,0,32728,1891,0,0
2025-07-08,2,The Federal Reserve,55152,498,55650,0,55152,498,0,0
2025-07-08,3,Golden Hour,36569,1344,37913,0,36569,1344,0,1
2025-07-08,4,Lisan al-Caleb,35259,5191,40450,0,35259,5191,0,0
2025-07-08,5,Mommy Rainier,26121,567,26688,0,26121,567,0,0
2025-07-08,6,Mostly Washed,40784,2386,43170,0,40784,2386,0,0
2025-07-08,7,Cártel de Breece y Puka,36545,2049,38594,0,36545,2049,0,0
2025-07-08,8,Loading…,39608,5664,45272,0,39608,5664,0,0
2025-07-08,9,Gaeta Spur FC,28081,8957,37038,0,28081,8957,0,0
2025-07-08,10,Rashid Shaheed Truthers,33450,2507,35957,0,33450,2507,0,0
2025-07-08,11,All You Need Is LOVE,30751,8233,38984,0,30751,8233,0,0
2025-07-08,12,Omar Comin,41214,85,41299,0,41214,85,0,0
2025-07-09,1,208 Ferrari Way,32728,1891,34619,0,32728,1891,0,0
2025-07-09,2,The Federal Reserve,55152,498,55650,0,55152,498,0,0
2025-07-09,3,Golden Hour,36569,1344,37913,0,36569,1344,0,1
2025-07-09,4,Lisan al-Caleb,35259,5191,40450,0,35259,5191,0,0
2025-07-09,5,Mommy Rainier,26121,567,26688,0,26121,567,0,0
2025-07-09,6,Mostly Washed,40784,2386,43170,0,40784,2386,0,0
2025-07-09,7,Cártel de Breece y Puka,37261,1482,38743,0,37261,1482,0,0
2025-07-09,8,Loading…,39608,5664,45272,0,39608,5664,0,0
2025-07-09,9,Gaeta Spur FC,28081,8957,37038,0,28081,8957,0,0
2025-07-09,10,Rashid Shaheed Truthers,33450,2507,35957,0,33450,2507,0,0
2025-07-09,11,All You Need Is LOVE,30052,8800,38852,0,30052,8800,0,0
2025-07-09,12,Omar Comin,41214,85,41299,0,41214,85,0,0
2025-07-10,1,208 Ferrari Way,32728,1891,34619,0,32728,1891,0,0
2025-07-10,2,The Federal Reserve,55152,498,55650,0,55152,498,0,0
2025-07-10,3,Golden Hour,36569,1344,37913,0,36569,1344,0,1
2025-07-10,4,Lisan al-Caleb,35259,5191,40450,0,35259,5191,0,0
2025-07-10,5,Mommy Rainier,26121,567,26688,0,26121,567,0,0
2025-07-10,6,Mostly Washed,40784,2386,43170,0,40784,2386,0,0
2025-07-10,7,Cártel de Breece y Puka,37246,1482,38728,0,37246,1482,0,0
2025-07-10,8,Loading…,39608,5664,45272,0,39608,5664,0,0
2025-07-10,9,Gaeta Spur FC,28081,8957,37038,0,28081,8957,0,0
2025-07-10,10,Rashid Shaheed Truthers,33450,2507,35957,0,33450,2507,0,0
2025-07-10,11,All You Need Is LOVE,30173,8800,38973,0,30173,8800,0,0
2025-07-10,12,Omar Comin,41214,85,41299,0,41214,85,0,0
2025-07-11,1,208 Ferrari Way,32432,1891,34323,32432,0,1891,0,0
2025-07-11,2,The Federal Reserve,55255,498,55753,55255,0,498,0,0
2025-07-11,3,Golden Hour,36513,1344,37857,36513,0,1344,0,1
2025-07-11,4,Lisan al-Caleb,35216,5177,40393,35216,0,5177,0,0
2025-07-11,5,Mommy Rainier,25993,568,26561,25993,0,568,0,0
2025-07-11,6,Mostly Washed,41028,2383,43411,41028,0,2383,0,0
2025-07-11,7,Cártel de Breece y Puka,37338,1482,38820,37338,0,1482,0,0
2025-07-11,8,Loading…,39960,5651,45611,39960,0,5651,0,0
2025-07-11,9,Gaeta Spur FC,27804,8940,36744,27804,0,8940,0,0
2025-07-11,10,Rashid Shaheed Truthers,33460,2504,35964,33460,0,2504,0,0
2025-07-11,11,All You Need Is LOVE,29740,8785,38525,29740,0,8785,0,0
2025-07-11,12,Omar Comin,41709,85,41794,41709,0,85,0,0
2025-07-12,1,208 Ferrari Way,32432,1891,34323,0,32432,1891,0,0
2025-07-12,2,The Federal Reserve,55255,498,55753,0,55255,498,0,0
2025-07-12,3,Golden Hour,36513,1344,37857,0,36513,1344,0,1
2025-07-12,4,Lisan al-Caleb,35216,5177,40393,0,35216,5177,0,0
2025-07-12,5,Mommy Rainier,25993,568,26561,0,25993,568,0,0
2025-07-12,6,Mostly Washed,41028,2383,43411,0,41028,2383,0,0
2025-07-12,7,Cártel de Breece y Puka,37338,1482,38820,0,37338,1482,0,0
2025-07-12,8,Loading…,39960,5651,45611,0,39960,5651,0,0
2025-07-12,9,Gaeta Spur FC,27804,8940,36744,0,27804,8940,0,0
2025-07-12,10,Rashid Shaheed Truthers,33460,2504,35964,0,33460,2504,0,0
2025-07-12,11,All You Need Is LOVE,29740,8785,38525,0,29740,8785,0,0
2025-07-12,12,Omar Comin,41709,85,41794,0,41709,85,0,0
2025-07-13,1,208 Ferrari Way,32432,1891,34323,0,32432,1891,0,0
2025-07-13,2,The Federal Reserve,55255,498,55753,0,55255,498,0,0
2025-07-13,3,Golden Hour,36513,1344,37857,0,36513,1344,0,1
2025-07-13,4,Lisan al-Caleb,35216,5177,40393,0,35216,5177,0,0
2025-07-13,5,Mommy Rainier,25993,568,26561,0,25993,568,0,0
2025-07-13,6,Mostly Washed,41028,2383,43411,0,41028,2383,0,0
2025-07-13,7,Cártel de Breece y Puka,37338,1482,38820,0,37338,1482,0,0
2025-07-13,8,Loading…,39960,5651,45611,0,39960,5651,0,0
2025-07-13,9,Gaeta Spur FC,27804,8940,36744,0,27804,8940,0,0
2025-07-13,10,Rashid Shaheed Truthers,33460,2504,35964,0,33460,2504,0,0
2025-07-13,11,All You Need Is LOVE,29740,8785,38525,0,29740,8785,0,0
2025-07-13,12,Omar Comin,41709,85,41794,0,41709,85,0,0
2025-07-14,1,208 Ferrari Way,32432,1891,34323,0,32432,1891,0,0
2025-07-14,2,The Federal Reserve,55255,498,55753,0,55255,498,0,0
2025-07-14,3,Golden Hour,36513,1344,37857,0,36513,1344,0,1
2025-07-14,4,Lisan al-Caleb,35216,5177,40393,0,35216,5177,0,0
2025-07-14,5,Mommy Rainier,25993,568,26561,0,25993,568,0,0
2025-07-14,6,Mostly Washed,41028,2383,43411,0,41028,2383,0,0
2025-07-14,7,Cártel de Breece y Puka,37338,1482,38820,0,37338,1482,0,0
2025-07-14,8,Loading…,39960,5651,45611,0,39960,5651,0,0
2025-07-14,9,Gaeta Spur FC,27804,8940,36744,0,27804,8940,0,0
2025-07-14,10,Rashid Shaheed Truthers,33460,2504,35964,0,33460,2504,0,0
2025-07-14,11,All You Need Is LOVE,29740,8785,38525,0,29740,8785,0,0
2025-07-14,12,Omar Comin,41709,85,41794,0,41709,85,0,0
2025-07-15,1,208 Ferrari Way,32432,1891,34323,0,32432,1891,0,0
2025-07-15,2,The Federal Reserve,55255,498,55753,0,55255,498,0,0
2025-07-15,3,Golden Hour,36513,1344,37857,0,36513,1344,0,1
2025-07-15,4,Lisan al-Caleb,35216,5177,40393,0,35216,5177,0,0
2025-07-15,5,Mommy Rainier,25993,568,26561,0,25993,568,0,0
2025-07-15,6,Mostly Washed,41028,2383,43411,0,41028,2383,0,0
2025-07-15,7,Cártel de Breece y Puka,37338,1482,38820,0,37338,1482,0,0
2025-07-15,8,Loading…,39960,5651,45611,0,39960,5651,0,0
2025-07-15,9,Gaeta Spur FC,27804,8940,36744,0,27804,8940,0,0
2025-07-15,10,Rashid Shaheed Truthers,33460,2504,35964,0,33460,2504,0,0
2025-07-15,11,All You Need Is LOVE,29740,8785,38525,0,29740,8785,0,0
2025-07-15,12,Omar Comin,41709,85,41794,0,41709,85,0,0
2025-07-16,1,208 Ferrari Way,32432,1891,34323,0,32432,1891,0,0
2025-07-16,2,The Federal Reserve,55255,498,55753,0,55255,498,0,0
2025-07-16,3,Golden Hour,36513,1344,37857,0,36513,1344,0,1
2025-07-16,4,Lisan al-Caleb,35216,5177,40393,0,35216,5177,0,0
2025-07-16,5,Mommy Rainier,25986,568,26554,0,25986,568,0,0
2025-07-16,6,Mostly Washed,41028,2383,43411,0,41028,2383,0,0
2025-07-16,7,Cártel de Breece y Puka,37338,1482,38820,0,37338,1482,0,0
2025-07-16,8,Loading…,39960,5651,45611,0,39960,5651,0,0
2025-07-16,9,Gaeta Spur FC,27804,8940,36744,0,27804,8940,0,0
2025-07-16,10,Rashid Shaheed Truthers,33460,2504,35964,0,33460,2504,0,0
2025-07-16,11,All You Need Is LOVE,29740,8785,38525,0,29740,8785,0,0
2025-07-16,12,Omar Comin,41709,85,41794,0,41709,85,0,0
2025-07-17,1,208 Ferrari Way,32432,1891,34323,0,32432,1891,0,0
2025-07-17,2,The Federal Reserve,55255,498,55753,0,55255,498,0,0
2025-07-17,3,Golden Hour,36513,1344,37857,0,36513,1344,0,1
2025-07-17,4,Lisan al-Caleb,35216,5177,40393,0,35216,5177,0,0
2025-07-17,5,Mommy Rainier,25761,622,26383,0,25761,622,0,0
2025-07-17,6,Mostly Washed,41028,2383,43411,0,41028,2383,0,0
2025-07-17,7,Cártel de Breece y Puka,37338,1482,38820,0,37338,1482,0,0
2025-07-17,8,Loading…,39960,5651,45611,0,39960,5651,0,0
2025-07-17,9,Gaeta Spur FC,27989,8883,36872,0,27989,8883,0,0
2025-07-17,10,Rashid Shaheed Truthers,33460,2504,35964,0,33460,2504,0,0
2025-07-17,11,All You Need Is LOVE,29740,8785,38525,0,29740,8785,0,0
2025-07-17,12,Omar Comin,41743,88,41831,0,41743,88,0,0
2025-07-18,1,208 Ferrari Way,32588,1875,34463,32588,0,1875,0,0
2025-07-18,2,The Federal Reserve,55405,493,55898,55405,0,493,0,0
2025-07-18,3,Golden Hour,36862,1334,38196,36862,0,1334,0,1
2025-07-18,4,Lisan al-Caleb,35279,5186,40465,35279,0,5186,0,0
2025-07-18,5,Mommy Rainier,25392,615,26007,25392,0,615,0,0
2025-07-18,6,Mostly Washed,41272,2376,43648,41272,0,2376,0,0
2025-07-18,7,Cártel de Breece y Puka,36704,1470,38174,36704,0,1470,0,0
2025-07-18,8,Loading…,40115,5654,45769,40115,0,5654,0,0
2025-07-18,9,Gaeta Spur FC,28410,8876,37286,28410,0,8876,0,0
2025-07-18,10,Rashid Shaheed Truthers,33799,2494,36293,33799,0,2494,0,0
2025-07-18,11,All You Need Is LOVE,29844,8772,38616,29844,0,8772,0,0
2025-07-18,12,Omar Comin,41316,87,41403,41316,0,87,0,0
2025-07-19,1,208 Ferrari Way,32588,1875,34463,0,32588,1875,0,0
2025-07-19,2,The Federal Reserve,55405,493,55898,0,55405,493,0,0
2025-07-19,3,Golden Hour,36862,1334,38196,0,36862,1334,0,1
2025-07-19,4,Lisan al-Caleb,35279,5186,40465,0,35279,5186,0,0
2025-07-19,5,Mommy Rainier,25392,615,26007,0,25392,615,0,0
2025-07-19,6,Mostly Washed,41272,2376,43648,0,41272,2376,0,0
2025-07-19,7,Cártel de Breece y Puka,36704,1470,38174,0,36704,1470,0,0
2025-07-19,8,Loading…,40115,5654,45769,0,40115,5654,0,0
2025-07-19,9,Gaeta Spur FC,28410,8876,37286,0,28410,8876,0,0
2025-07-19,10,Rashid Shaheed Truthers,33799,2494,36293,0,33799,2494,0,0
2025-07-19,11,All You Need Is LOVE,29844,8772,38616,0,29844,8772,0,0
2025-07-19,12,Omar Comin,41316,87,41403,0,41316,87,0,0
2025-07-20,1,208 Ferrari Way,32588,1875,34463,0,32588,1875,0,0
2025-07-20,2,The Federal Reserve,55405,493,55898,0,55405,493,0,0
2025-07-20,3,Golden Hour,36862,1334,38196,0,36862,1334,0,1
2025-07-20,4,Lisan al-Caleb,35279,5186,40465,0,35279,5186,0,0
2025-07-20,5,Mommy Rainier,25392,615,26007,0,25392,615,0,0
2025-07-20,6,Mostly Washed,41272,2376,43648,0,41272,2376,0,0
2025-07-20,7,Cártel de Breece y Puka,36704,1470,38174,0,36704,1470,0,0
2025-07-20,8,Loading…,40115,5654,45769,0,40115,5654,0,0
2025-07-20,9,Gaeta Spur FC,28410,8876,37286,0,28410,8876,0,0
2025-07-20,10,Rashid Shaheed Truthers,33799,2494,36293,0,33799,2494,0,0
2025-07-20,11,All You Need Is LOVE,29844,8772,38616,0,29844,8772,0,0
2025-07-20,12,Omar Comin,41316,87,41403,0,41316,87,0,0
2025-07-21,1,208 Ferrari Way,32588,1875,34463,0,32588,1875,0,0
2025-07-21,2,The Federal Reserve,55405,493,55898,0,55405,493,0,0
2025-07-21,3,Golden Hour,36862,1334,38196,0,36862,1334,0,1
2025-07-21,4,Lisan al-Caleb,35279,5186,40465,0,35279,5186,0,0
2025-07-21,5,Mommy Rainier,25392,615,26007,0,25392,615,0,0
2025-07-21,6,Mostly Washed,41272,2376,43648,0,41272,2376,0,0
2025-07-21,7,Cártel de Breece y Puka,36704,1470,38174,0,36704,1470,0,0
2025-07-21,8,Loading…,40115,5654,45769,0,40115,5654,0,0
2025-07-21,9,Gaeta Spur FC,28410,8876,37286,0,28410,8876,0,0
2025-07-21,10,Rashid Shaheed Truthers,33799,2494,36293,0,33799,2494,0,0
2025-07-21,11,All You Need Is LOVE,29844,8772,38616,0,29844,8772,0,0
2025-07-21,12,Omar Comin,41316,87,41403,0,41316,87,0,0
2025-07-22,1,208 Ferrari Way,32588,1875,34463,0,32588,1875,0,0
2025-07-22,2,The Federal Reserve,55405,493,55898,0,55405,493,0,0
2025-07-22,3,Golden Hour,36862,1334,38196,0,36862,1334,0,1
2025-07-22,4,Lisan al-Caleb,35279,5186,40465,0,35279,5186,0,0
2025-07-22,5,Mommy Rainier,25392,615,26007,0,25392,615,0,0
2025-07-22,6,Mostly Washed,41272,2376,43648,0,41272,2376,0,0
2025-07-22,7,Cártel de Breece y Puka,36704,1470,38174,0,36704,1470,0,0
2025-07-22,8,Loading…,40115,5654,45769,0,40115,5654,0,0
2025-07-22,9,Gaeta Spur FC,28410,8876,37286,0,28410,8876,0,0
2025-07-22,10,Rashid Shaheed Truthers,33799,2494,36293,0,33799,2494,0,0
2025-07-22,11,All You Need Is LOVE,29844,8772,38616,0,29844,8772,0,0
2025-07-22,12,Omar Comin,41316,87,41403,0,41316,87,0,0
2025-07-23,1,208 Ferrari Way,32588,1875,34463,0,32588,1875,0,0
2025-07-23,2,The Federal Reserve,55405,493,55898,0,55405,493,0,0
2025-07-23,3,Golden Hour,36862,1334,38196,0,36862,1334,0,1
2025-07-23,4,Lisan al-Caleb,35279,5186,40465,0,35279,5186,0,0
2025-07-23,5,Mommy Rainier,25392,615,26007,0,25392,615,0,0
2025-07-23,6,Mostly Washed,41272,2376,43648,0,41272,2376,0,0
2025-07-23,7,Cártel de Breece y Puka,36704,1470,38174,0,36704,1470,0,0
2025-07-23,8,Loading…,40115,5654,45769,0,40115,5654,0,0
2025-07-23,9,Gaeta Spur FC,28410,8876,37286,0,28410,8876,0,0
2025-07-23,10,Rashid Shaheed Truthers,33799,2494,36293,0,33799,2494,0,0
2025-07-23,11,All You Need Is LOVE,29856,8772,38628,0,29856,8772,0,0
2025-07-23,12,Omar Comin,41316,87,41403,0,41316,87,0,0
2025-07-24,1,208 Ferrari Way,32588,1875,34463,0,32588,1875,0,0
2025-07-24,2,The Federal Reserve,55405,493,55898,0,55405,493,0,0
2025-07-24,3,Golden Hour,36862,1334,38196,0,36862,1334,0,1
2025-07-24,4,Lisan al-Caleb,35279,5186,40465,0,35279,5186,0,0
2025-07-24,5,Mommy Rainier,25392,615,26007,0,25392,615,0,0
2025-07-24,6,Mostly Washed,41272,2376,43648,0,41272,2376,0,0
2025-07-24,7,Cártel de Breece y Puka,36704,1470,38174,0,36704,1470,0,0
2025-07-24,8,Loading…,40115,5654,45769,0,40115,5654,0,0
2025-07-24,9,Gaeta Spur FC,28410,8876,37286,0,28410,8876,0,0
2025-07-24,10,Rashid Shaheed Truthers,33799,2494,36293,0,33799,2494,0,0
2025-07-24,11,All You Need Is LOVE,29856,8772,38628,0,29856,8772,0,0
2025-07-24,12,Omar Comin,41316,87,41403,0,41316,87,0,0
2025-07-25,1,208 Ferrari Way,32414,1898,34312,32414,0,1898,0,0
2025-07-25,2,The Federal Reserve,55316,499,55815,55316,0,499,0,0
2025-07-25,3,Golden Hour,37344,1349,38693,37344,0,1349,0,0
2025-07-25,4,Lisan al-Caleb,35692,5207,40899,35692,0,5207,0,0
2025-07-25,5,Mommy Rainier,25116,623,25739,25116,0,623,0,0
2025-07-25,6,Mostly Washed,41427,2396,43823,41427,0,2396,0,0
2025-07-25,7,Cártel de Breece y Puka,36030,1486,37516,36030,0,1486,0,0
2025-07-25,8,Loading…,40219,5682,45901,40219,0,5682,0,0
2025-07-25,9,Gaeta Spur FC,28365,8933,37298,28365,0,8933,0,0
2025-07-25,10,Rashid Shaheed Truthers,33939,2514,36453,33939,0,2514,0,0
2025-07-25,11,All You Need Is LOVE,30226,8830,39056,30226,0,8830,0,0
2025-07-25,12,Omar Comin,42010,87,42097,42010,0,87,0,0
2025-07-26,1,208 Ferrari Way,32414,1898,34312,0,32414,1898,0,0
2025-07-26,2,The Federal Reserve,55316,499,55815,0,55316,499,0,0
2025-07-26,3,Golden Hour,37344,1349,38693,0,37344,1349,0,0
2025-07-26,4,Lisan al-Caleb,35690,5207,40897,0,35690,5207,0,1
2025-07-26,5,Mommy Rainier,25116,623,25739,0,25116,623,0,0
2025-07-26,6,Mostly Washed,41427,2396,43823,0,41427,2396,0,0
2025-07-26,7,Cártel de Breece y Puka,36030,1486,37516,0,36030,1486,0,0
2025-07-26,8,Loading…,40219,5682,45901,0,40219,5682,0,0
2025-07-26,9,Gaeta Spur FC,28365,8933,37298,0,28365,8933,0,0
2025-07-26,10,Rashid Shaheed Truthers,33939,2514,36453,0,33939,2514,0,0
2025-07-26,11,All You Need Is LOVE,30226,8830,39056,0,30226,8830,0,0
2025-07-26,12,Omar Comin,42010,87,42097,0,42010,87,0,0
2025-07-27,1,208 Ferrari Way,32414,1898,34312,0,32414,1898,0,0
2025-07-27,2,The Federal Reserve,55316,499,55815,0,55316,499,0,0
2025-07-27,3,Golden Hour,37344,1349,38693,0,37344,1349,0,0
2025-07-27,4,Lisan al-Caleb,35690,5207,40897,0,35690,5207,0,1
2025-07-27,5,Mommy Rainier,25116,623,25739,0,25116,623,0,0
2025-07-27,6,Mostly Washed,41427,2396,43823,0,41427,2396,0,0
2025-07-27,7,Cártel de Breece y Puka,36030,1486,37516,0,36030,1486,0,0
2025-07-27,8,Loading…,40219,5682,45901,0,40219,5682,0,0
2025-07-27,9,Gaeta Spur FC,28365,8933,37298,0,28365,8933,0,0
2025-07-27,10,Rashid Shaheed Truthers,33939,2514,36453,0,33939,2514,0,0
2025-07-27,11,All You Need Is LOVE,30226,8830,39056,0,30226,8830,0,0
2025-07-27,12,Omar Comin,42010,87,42097,0,42010,87,0,0
2025-07-28,1,208 Ferrari Way,32414,1898,34312,0,32414,1898,0,0
2025-07-28,2,The Federal Reserve,55316,499,55815,0,55316,499,0,0
2025-07-28,3,Golden Hour,37344,1349,38693,0,37344,1349,0,0
2025-07-28,4,Lisan al-Caleb,35690,5207,40897,0,35690,5207,0,1
2025-07-28,5,Mommy Rainier,25116,623,25739,0,25116,623,0,0
2025-07-28,6,Mostly Washed,41427,2396,43823,0,41427,2396,0,0
2025-07-28,7,Cártel de Breece y Puka,36030,1486,37516,0,36030,1486,0,0
2025-07-28,8,Loading…,40219,5682,45901,0,40219,5682,0,0
2025-07-28,9,Gaeta Spur FC,28365,8933,37298,0,28365,8933,0,0
2025-07-28,10,Rashid Shaheed Truthers,33939,2514,36453,0,33939,2514,0,0
2025-07-28,11,All You Need Is LOVE,30226,8830,39056,0,30226,8830,0,0
2025-07-28,12,Omar Comin,42010,87,42097,0,42010,87,0,0
2025-07-29,1,208 Ferrari Way,32414,1898,34312,0,32414,1898,0,0
2025-07-29,2,The Federal Reserve,55316,499,55815,0,55316,499,0,0
2025-07-29,3,Golden Hour,37344,1349,38693,0,37344,1349,0,0
2025-07-29,4,Lisan al-Caleb,35690,5207,40897,0,35690,5207,0,1
2025-07-29,5,Mommy Rainier,25116,623,25739,0,25116,623,0,0
2025-07-29,6,Mostly Washed,41427,2396,43823,0,41427,2396,0,0
2025-07-29,7,Cártel de Breece y Puka,36030,1486,37516,0,36030,1486,0,0
2025-07-29,8,Loading…,40219,5682,45901,0,40219,5682,0,0
2025-07-29,9,Gaeta Spur FC,28365,8933,37298,0,28365,8933,0,0
2025-07-29,10,Rashid Shaheed Truthers,33939,2514,36453,0,33939,2514,0,0
2025-07-29,11,All You Need Is LOVE,30226,8830,39056,0,30226,8830,0,0
2025-07-29,12,Omar Comin,42010,87,42097,0,42010,87,0,0
2025-07-30,1,208 Ferrari Way,32414,1898,34312,0,32414,1898,0,0
2025-07-30,2,The Federal Reserve,55316,499,55815,0,55316,499,0,0
2025-07-30,3,Golden Hour,37344,1349,38693,0,37344,1349,0,0
2025-07-30,4,Lisan al-Caleb,35690,5207,40897,0,35690,5207,0,1
2025-07-30,5,Mommy Rainier,25116,623,25739,0,25116,623,0,0
2025-07-30,6,Mostly Washed,41427,2396,43823,0,41427,2396,0,0
2025-07-30,7,Cártel de Breece y Puka,36030,1486,37516,0,36030,1486,0,0
2025-07-30,8,Loading…,40219,5682,45901,0,40219,5682,0,0
2025-07-30,9,Gaeta Spur FC,28365,8933,37298,0,28365,8933,0,0
2025-07-30,10,Rashid Shaheed Truthers,33939,2514,36453,0,33939,2514,0,0
2025-07-30,11,All You Need Is LOVE,30226,8830,39056,0,30226,8830,0,0
2025-07-30,12,Omar Comin,42010,87,42097,0,42010,87,0,0
2025-07-31,1,208 Ferrari Way,32414,1898,34312,0,32414,1898,0,0
2025-07-31,2,The Federal Reserve,55316,499,55815,0,55316,499,0,0
2025-07-31,3,Golden Hour,37344,1349,38693,0,37344,1349,0,0
2025-07-31,4,Lisan al-Caleb,35690,5207,40897,0,35690,5207,0,1
2025-07-31,5,Mommy Rainier,25116,623,25739,0,25116,623,0,0
2025-07-31,6,Mostly Washed,41427,2396,43823,0,41427,2396,0,0
2025-07-31,7,Cártel de Breece y Puka,36030,1486,37516,0,36030,1486,0,0
2025-07-31,8,Loading…,40219,5682,45901,0,40219,5682,0,0
2025-07-31,9,Gaeta Spur FC,28365,8933,37298,0,28365,8933,0,0
2025-07-31,10,Rashid Shaheed Truthers,33939,2514,36453,0,33939,2514,0,0
2025-07-31,11,All You Need Is LOVE,30226,8830,39056,0,30226,8830,0,0
2025-07-31,12,Omar Comin,42010,87,42097,0,42010,87,0,0
2025-08-01,1,208 Ferrari Way,32530,1884,34414,32530,0,1884,0,0
2025-08-01,2,The Federal Reserve,55291,490,55781,55291,0,490,0,0
2025-08-01,3,Golden Hour,37608,1344,38952,37608,0,1344,0,0
2025-08-01,4,Lisan al-Caleb,35282,5296,40578,35282,0,5296,0,1
2025-08-01,5,Mommy Rainier,25968,616,26584,25968,0,616,0,0
2025-08-01,6,Mostly Washed,41149,2417,43566,41149,0,2417,0,0
2025-08-01,7,Cártel de Breece y Puka,35900,1478,37378,35900,0,1478,0,0
2025-08-01,8,Loading…,39969,5768,45737,39969,0,5768,0,0
2025-08-01,9,Gaeta Spur FC,28094,9039,37133,28094,0,9039,0,0
2025-08-01,10,Rashid Shaheed Truthers,34007,2534,36541,34007,0,2534,0,0
2025-08-01,11,All You Need Is LOVE,30752,8929,39681,30752,0,8929,0,0
2025-08-01,12,Omar Comin,42071,85,42156,42071,0,85,0,0
2025-08-02,1,208 Ferrari Way,32530,1884,34414,0,32530,1884,0,0
2025-08-02,2,The Federal Reserve,55291,490,55781,0,55291,490,0,0
2025-08-02,3,Golden Hour,37608,1344,38952,0,37608,1344,0,0
2025-08-02,4,Lisan al-Caleb,35282,5296,40578,0,35282,5296,0,1
2025-08-02,5,Mommy Rainier,25968,616,26584,0,25968,616,0,0
2025-08-02,6,Mostly Washed,41149,2417,43566,0,41149,2417,0,0
2025-08-02,7,Cártel de Breece y Puka,35900,1478,37378,0,35900,1478,0,0
2025-08-02,8,Loading…,39969,5768,45737,0,39969,5768,0,0
2025-08-02,9,Gaeta Spur FC,28094,9039,37133,0,28094,9039,0,0
2025-08-02,10,Rashid Shaheed Truthers,34007,2534,36541,0,34007,2534,0,0
2025-08-02,11,All You Need Is LOVE,30752,8929,39681,0,30752,8929,0,0
2025-08-02,12,Omar Comin,42071,85,42156,0,42071,85,0,0
2025-08-03,1,208 Ferrari Way,32530,1884,34414,0,32530,1884,0,0
2025-08-03,2,The Federal Reserve,55291,490,55781,0,55291,490,0,0
2025-08-03,3,Golden Hour,37608,1344,38952,0,37608,1344,0,0
2025-08-03,4,Lisan al-Caleb,35282,5296,40578,0,35282,5296,0,1
2025-08-03,5,Mommy Rainier,25968,616,26584,0,25968,616,0,0
2025-08-03,6,Mostly Washed,41149,2417,43566,0,41149,2417,0,0
2025-08-03,7,Cártel de Breece y Puka,35900,1478,37378,0,35900,1478,0,0
2025-08-03,8,Loading…,39969,5768,45737,0,39969,5768,0,0
2025-08-03,9,Gaeta Spur FC,28094,9039,37133,0,28094,9039,0,0
2025-08-03,10,Rashid Shaheed Truthers,34007,2534,36541,0,34007,2534,0,0
2025-08-03,11,All You Need Is LOVE,30752,8929,39681,0,30752,8929,0,0
2025-08-03,12,Omar Comin,42071,85,42156,0,42071,85,0,0
2025-08-04,1,208 Ferrari Way,32530,1884,34414,0,32530,1884,0,0
2025-08-04,2,The Federal Reserve,55291,490,55781,0,55291,490,0,0
2025-08-04,3,Golden Hour,37608,1344,38952,0,37608,1344,0,0
2025-08-04,4,Lisan al-Caleb,35282,5296,40578,0,35282,5296,0,1
2025-08-04,5,Mommy Rainier,25968,616,26584,0,25968,616,0,0
2025-08-04,6,Mostly Washed,41149,2417,43566,0,41149,2417,0,0
2025-08-04,7,Cártel de Breece y Puka,35900,1478,37378,0,35900,1478,0,0
2025-08-04,8,Loading…,39969,5768,45737,0,39969,5768,0,0
2025-08-04,9,Gaeta Spur FC,28094,9039,37133,0,28094,9039,0,0
2025-08-04,10,Rashid Shaheed Truthers,34007,2534,36541,0,34007,2534,0,0
2025-08-04,11,All You Need Is LOVE,30752,8929,39681,0,30752,8929,0,0
2025-08-04,12,Omar Comin,42071,85,42156,0,42071,85,0,0
2025-08-05,1,208 Ferrari Way,32530,1884,34414,0,32530,1884,0,0
2025-08-05,2,The Federal Reserve,55291,490,55781,0,55291,490,0,0
2025-08-05,3,Golden Hour,37608,1344,38952,0,37608,1344,0,0
2025-08-05,4,Lisan al-Caleb,35282,5296,40578,0,35282,5296,0,1
2025-08-05,5,Mommy Rainier,25968,616,26584,0,25968,616,0,0
2025-08-05,6,Mostly Washed,41149,2417,43566,0,41149,2417,0,0
2025-08-05,7,Cártel de Breece y Puka,35900,1478,37378,0,35900,1478,0,0
2025-08-05,8,Loading…,39969,5768,45737,0,39969,5768,0,0
2025-08-05,9,Gaeta Spur FC,28094,9039,37133,0,28094,9039,0,0
2025-08-05,10,Rashid Shaheed Truthers,34007,2534,36541,0,34007,2534,0,0
2025-08-05,11,All You Need Is LOVE,30752,8929,39681,0,30752,8929,0,0
2025-08-05,12,Omar Comin,42071,85,42156,0,42071,85,0,0
2025-08-06,1,208 Ferrari Way,32530,1884,34414,0,32530,1884,0,0
2025-08-06,2,The Federal Reserve,55291,490,55781,0,55291,490,0,0
2025-08-06,3,Golden Hour,36091,1309,37400,0,36091,1309,0,0
2025-08-06,4,Lisan al-Caleb,35292,5296,40588,0,35292,5296,0,1
2025-08-06,5,Mommy Rainier,25968,616,26584,0,25968,616,0,0
2025-08-06,6,Mostly Washed,41149,2417,43566,0,41149,2417,0,0
2025-08-06,7,Cártel de Breece y Puka,35900,1478,37378,0,35900,1478,0,0
2025-08-06,8,Loading…,39969,5768,45737,0,39969,5768,0,0
2025-08-06,9,Gaeta Spur FC,28094,9039,37133,0,28094,9039,0,0
2025-08-06,10,Rashid Shaheed Truthers,35524,2569,38093,0,35524,2569,0,0
2025-08-06,11,All You Need Is LOVE,30752,8929,39681,0,30752,8929,0,0
2025-08-06,12,Omar Comin,42071,85,42156,0,42071,85,0,0
2025-08-07,1,208 Ferrari Way,31398,4123,35521,0,31398,4123,0,0
2025-08-07,2,The Federal Reserve,55291,490,55781,0,55291,490,0,0
2025-08-07,3,Golden Hour,36091,1309,37400,0,36091,1309,0,0
2025-08-07,4,Lisan al-Caleb,35292,5296,40588,0,35292,5296,0,1
2025-08-07,5,Mommy Rainier,27632,599,28231,0,27632,599,0,0
2025-08-07,6,Mostly Washed,42281,178,42459,0,42281,178,0,0
2025-08-07,7,Cártel de Breece y Puka,35900,1478,37378,0,35900,1478,0,0
2025-08-07,8,Loading…,39969,5768,45737,0,39969,5768,0,0
2025-08-07,9,Gaeta Spur FC,26413,9056,35469,0,26413,9056,0,0
2025-08-07,10,Rashid Shaheed Truthers,35524,2569,38093,0,35524,2569,0,0
2025-08-07,11,All You Need Is LOVE,30752,8929,39681,0,30752,8929,0,0
2025-08-07,12,Omar Comin,42071,85,42156,0,42071,85,0,0
2025-08-08,1,208 Ferrari Way,31796,4165,35961,31796,0,4165,0,0
2025-08-08,2,The Federal Reserve,55131,497,55628,55131,0,497,0,0
2025-08-08,3,Golden Hour,36974,1323,38297,36974,0,1323,0,0
2025-08-08,4,Lisan al-Caleb,35134,5333,40467,35134,0,5333,0,1
2025-08-08,5,Mommy Rainier,27501,607,28108,27501,0,607,0,0
2025-08-08,6,Mostly Washed,41934,180,42114,41934,0,180,0,0
2025-08-08,7,Cártel de Breece y Puka,35429,1495,36924,35429,0,1495,0,0
2025-08-08,8,Loading…,40400,5811,46211,40400,0,5811,0,0
2025-08-08,9,Gaeta Spur FC,26100,9130,35230,26100,0,9130,0,0
2025-08-08,10,Rashid Shaheed Truthers,35401,2594,37995,35401,0,2594,0,0
2025-08-08,11,All You Need Is LOVE,31187,9003,40190,31187,0,9003,0,0
2025-08-08,12,Omar Comin,42574,86,42660,42574,0,86,0,0
2025-08-09,1,208 Ferrari Way,33560,1743,35303,0,33560,1743,0,0
2025-08-09,2,The Federal Reserve,55131,497,55628,0,55131,497,0,0
2025-08-09,3,Golden Hour,36974,1323,38297,0,36974,1323,0,0
2025-08-09,4,Lisan al-Caleb,35304,5240,40544,0,35304,5240,0,1
2025-08-09,5,Mommy Rainier,27331,700,28031,0,27331,700,0,0
2025-08-09,6,Mostly Washed,41934,180,42114,0,41934,180,0,0
2025-08-09,7,Cártel de Breece y Puka,33665,3917,37582,0,33665,3917,0,0
2025-08-09,8,Loading…,40400,5811,46211,0,40400,5811,0,0
2025-08-09,9,Gaeta Spur FC,26100,9130,35230,0,26100,9130,0,0
2025-08-09,10,Rashid Shaheed Truthers,35401,2594,37995,0,35401,2594,0,0
2025-08-09,11,All You Need Is LOVE,31187,9003,40190,0,31187,9003,0,0
2025-08-09,12,Omar Comin,42574,86,42660,0,42574,86,0,0
2025-08-10,1,208 Ferrari Way,33560,1743,35303,0,33560,1743,0,0
2025-08-10,2,The Federal Reserve,55131,497,55628,0,55131,497,0,0
2025-08-10,3,Golden Hour,36974,1323,38297,0,36974,1323,0,0
2025-08-10,4,Lisan al-Caleb,35304,5240,40544,0,35304,5240,0,1
2025-08-10,5,Mommy Rainier,27331,700,28031,0,27331,700,0,0
2025-08-10,6,Mostly Washed,41934,180,42114,0,41934,180,0,0
2025-08-10,7,Cártel de Breece y Puka,33677,3917,37594,0,33677,3917,0,0
2025-08-10,8,Loading…,40400,5811,46211,0,40400,5811,0,0
2025-08-10,9,Gaeta Spur FC,26100,9130,35230,0,26100,9130,0,0
2025-08-10,10,Rashid Shaheed Truthers,35401,2594,37995,0,35401,2594,0,0
2025-08-10,11,All You Need Is LOVE,31187,9003,40190,0,31187,9003,0,0
2025-08-10,12,Omar Comin,42574,86,42660,0,42574,86,0,0
2025-08-11,1,208 Ferrari Way,33560,1743,35303,0,33560,1743,0,0
2025-08-11,2,The Federal Reserve,55131,497,55628,0,55131,497,0,0
2025-08-11,3,Golden Hour,36974,1323,38297,0,36974,1323,0,0
2025-08-11,4,Lisan al-Caleb,35304,5240,40544,0,35304,5240,0,1
2025-08-11,5,Mommy Rainier,27331,700,28031,0,27331,700,0,0
2025-08-11,6,Mostly Washed,41934,180,42114,0,41934,180,0,0
2025-08-11,7,Cártel de Breece y Puka,33677,3917,37594,0,33677,3917,0,0
2025-08-11,8,Loading…,40400,5811,46211,0,40400,5811,0,0
2025-08-11,9,Gaeta Spur FC,26100,9130,35230,0,26100,9130,0,0
2025-08-11,10,Rashid Shaheed Truthers,35401,2594,37995,0,35401,2594,0,0
2025-08-11,11,All You Need Is LOVE,31187,9003,40190,0,31187,9003,0,0
2025-08-11,12,Omar Comin,42574,86,42660,0,42574,86,0,0
2025-08-12,1,208 Ferrari Way,33560,1743,35303,0,33560,1743,0,0
2025-08-12,2,The Federal Reserve,55131,497,55628,0,55131,497,0,0
2025-08-12,3,Golden Hour,36974,1323,38297,0,36974,1323,0,0
2025-08-12,4,Lisan al-Caleb,35304,5240,40544,0,35304,5240,0,1
2025-08-12,5,Mommy Rainier,27331,700,28031,0,27331,700,0,0
2025-08-12,6,Mostly Washed,41934,180,42114,0,41934,180,0,0
2025-08-12,7,Cártel de Breece y Puka,33677,3917,37594,0,33677,3917,0,0
2025-08-12,8,Loading…,40400,5811,46211,0,40400,5811,0,0
2025-08-12,9,Gaeta Spur FC,26100,9130,35230,0,26100,9130,0,0
2025-08-12,10,Rashid Shaheed Truthers,35401,2594,37995,0,35401,2594,0,0
2025-08-12,11,All You Need Is LOVE,31187,9003,40190,0,31187,9003,0,0
2025-08-12,12,Omar Comin,42574,86,42660,0,42574,86,0,0
2025-08-13,1,208 Ferrari Way,33560,1743,35303,0,33560,1743,0,0
2025-08-13,2,The Federal Reserve,55131,497,55628,0,55131,497,0,0
2025-08-13,3,Golden Hour,36974,1323,38297,0,36974,1323,0,0
2025-08-13,4,Lisan al-Caleb,35304,5240,40544,0,35304,5240,0,1
2025-08-13,5,Mommy Rainier,27331,700,28031,0,27331,700,0,0
2025-08-13,6,Mostly Washed,41934,180,42114,0,41934,180,0,0
2025-08-13,7,Cártel de Breece y Puka,33677,3917,37594,0,33677,3917,0,0
2025-08-13,8,Loading…,40400,5811,46211,0,40400,5811,0,0
2025-08-13,9,Gaeta Spur FC,26100,9130,35230,0,26100,9130,0,0
2025-08-13,10,Rashid Shaheed Truthers,35401,2594,37995,0,35401,2594,0,0
2025-08-13,11,All You Need Is LOVE,31187,9003,40190,0,31187,9003,0,0
2025-08-13,12,Omar Comin,42574,86,42660,0,42574,86,0,0
2025-08-14,1,208 Ferrari Way,33560,1743,35303,0,33560,1743,0,0
2025-08-14,2,The Federal Reserve,55131,497,55628,0,55131,497,0,0
2025-08-14,3,Golden Hour,36974,1323,38297,0,36974,1323,0,0
2025-08-14,4,Lisan al-Caleb,35304,5240,40544,0,35304,5240,0,1
2025-08-14,5,Mommy Rainier,27331,700,28031,0,27331,700,0,0
2025-08-14,6,Mostly Washed,41934,180,42114,0,41934,180,0,0
2025-08-14,7,Cártel de Breece y Puka,33677,3917,37594,0,33677,3917,0,0
2025-08-14,8,Loading…,40400,5811,46211,0,40400,5811,0,0
2025-08-14,9,Gaeta Spur FC,26100,9130,35230,0,26100,9130,0,0
2025-08-14,10,Rashid Shaheed Truthers,35401,2594,37995,0,35401,2594,0,0
2025-08-14,11,All You Need Is LOVE,31187,9003,40190,0,31187,9003,0,0
2025-08-14,12,Omar Comin,42574,86,42660,0,42574,86,0,0
2025-08-15,1,208 Ferrari Way,33645,1749,35394,33645,0,1749,0,0
2025-08-15,2,The Federal Reserve,53986,500,54486,53986,0,500,0,0
2025-08-15,3,Golden Hour,37374,1326,38700,37374,0,1326,0,0
2025-08-15,4,Lisan al-Caleb,35120,5219,40339,35120,0,5219,0,1
2025-08-15,5,Mommy Rainier,27493,703,28196,27491,2,703,0,0
2025-08-15,6,Mostly Washed,41213,182,41395,41213,0,182,0,0
2025-08-15,7,Cártel de Breece y Puka,33834,3918,37752,33834,0,3918,0,0
2025-08-15,8,Loading…,40463,5792,46255,40463,0,5792,0,0
2025-08-15,9,Gaeta Spur FC,26283,9110,35393,26283,0,9110,0,0
2025-08-15,10,Rashid Shaheed Truthers,34701,2593,37294,34701,0,2593,0,0
2025-08-15,11,All You Need Is LOVE,31084,8984,40068,31084,0,8984,0,0
2025-08-15,12,Omar Comin,43558,88,43646,43558,0,88,0,0
2025-08-16,1,208 Ferrari Way,33645,1749,35394,0,33645,1749,0,0
2025-08-16,2,The Federal Reserve,53986,500,54486,0,53986,500,0,0
2025-08-16,3,Golden Hour,37374,1326,38700,0,37374,1326,0,0
2025-08-16,4,Lisan al-Caleb,35109,5219,40328,0,35109,5219,0,0
2025-08-16,5,Mommy Rainier,27491,703,28194,0,27491,703,0,1
2025-08-16,6,Mostly Washed,41213,182,41395,0,41213,182,0,0
2025-08-16,7,Cártel de Breece y Puka,33834,3918,37752,0,33834,3918,0,0
2025-08-16,8,Loading…,40463,5792,46255,0,40463,5792,0,0
2025-08-16,9,Gaeta Spur FC,26283,9110,35393,0,26283,9110,0,0
2025-08-16,10,Rashid Shaheed Truthers,34701,2593,37294,0,34701,2593,0,0
2025-08-16,11,All You Need Is LOVE,31084,8984,40068,0,31084,8984,0,0
2025-08-16,12,Omar Comin,43558,88,43646,0,43558,88,0,0
2025-08-17,1,208 Ferrari Way,33645,1749,35394,0,33645,1749,0,0
2025-08-17,2,The Federal Reserve,53986,500,54486,0,53986,500,0,0
2025-08-17,3,Golden Hour,37374,1326,38700,0,37374,1326,0,0
2025-08-17,4,Lisan al-Caleb,35109,5219,40328,0,35109,5219,0,1
2025-08-17,5,Mommy Rainier,27491,703,28194,0,27491,703,0,1
2025-08-17,6,Mostly Washed,41213,182,41395,0,41213,182,0,0
2025-08-17,7,Cártel de Breece y Puka,33834,3918,37752,0,33834,3918,0,0
2025-08-17,8,Loading…,40463,5792,46255,0,40463,5792,0,0
2025-08-17,9,Gaeta Spur FC,26286,9110,35396,0,26286,9110,0,0
2025-08-17,10,Rashid Shaheed Truthers,34701,2593,37294,0,34701,2593,0,0
2025-08-17,11,All You Need Is LOVE,31084,8984,40068,0,31084,8984,0,0
2025-08-17,12,Omar Comin,43558,88,43646,0,43558,88,0,0
2025-08-18,1,208 Ferrari Way,33643,1749,35392,0,33643,1749,0,0
2025-08-18,2,The Federal Reserve,53986,500,54486,0,53986,500,0,0
2025-08-18,3,Golden Hour,37374,1326,38700,0,37374,1326,0,0
2025-08-18,4,Lisan al-Caleb,35126,5219,40345,0,35126,5219,0,0
2025-08-18,5,Mommy Rainier,27491,703,28194,0,27491,703,0,1
2025-08-18,6,Mostly Washed,41213,182,41395,0,41213,182,0,0
2025-08-18,7,Cártel de Breece y Puka,33834,3918,37752,0,33834,3918,0,0
2025-08-18,8,Loading…,40463,5792,46255,0,40463,5792,0,0
2025-08-18,9,Gaeta Spur FC,26296,9110,35406,0,26296,9110,0,0
2025-08-18,10,Rashid Shaheed Truthers,34701,2593,37294,0,34701,2593,0,0
2025-08-18,11,All You Need Is LOVE,31084,8984,40068,0,31084,8984,0,0
2025-08-18,12,Omar Comin,43558,88,43646,0,43558,88,0,0
2025-08-19,1,208 Ferrari Way,33643,1749,35392,0,33643,1749,0,0
2025-08-19,2,The Federal Reserve,53986,500,54486,0,53986,500,0,0
2025-08-19,3,Golden Hour,37374,1326,38700,0,37374,1326,0,0
2025-08-19,4,Lisan al-Caleb,35126,5219,40345,0,35126,5219,0,0
2025-08-19,5,Mommy Rainier,27491,703,28194,0,27491,703,0,2
2025-08-19,6,Mostly Washed,41213,182,41395,0,41213,182,0,0
2025-08-19,7,Cártel de Breece y Puka,33834,3918,37752,0,33834,3918,0,0
2025-08-19,8,Loading…,40450,5792,46242,0,40450,5792,0,0
2025-08-19,9,Gaeta Spur FC,26296,9110,35406,0,26296,9110,0,0
2025-08-19,10,Rashid Shaheed Truthers,34701,2593,37294,0,34701,2593,0,0
2025-08-19,11,All You Need Is LOVE,31084,8984,40068,0,31084,8984,0,0
2025-08-19,12,Omar Comin,43540,88,43628,0,43540,88,0,0
2025-08-20,1,208 Ferrari Way,33643,1749,35392,0,33643,1749,0,0
2025-08-20,2,The Federal Reserve,53986,500,54486,0,53986,500,0,0
2025-08-20,3,Golden Hour,37347,1326,38673,0,37347,1326,0,0
2025-08-20,4,Lisan al-Caleb,35126,5219,40345,0,35126,5219,0,0
2025-08-20,5,Mommy Rainier,27491,703,28194,0,27491,703,0,2
2025-08-20,6,Mostly Washed,41213,182,41395,0,41213,182,0,0
2025-08-20,7,Cártel de Breece y Puka,33834,3918,37752,0,33834,3918,0,0
2025-08-20,8,Loading…,40450,5792,46242,0,40450,5792,0,0
2025-08-20,9,Gaeta Spur FC,26296,9110,35406,0,26296,9110,0,0
2025-08-20,10,Rashid Shaheed Truthers,34701,2593,37294,0,34701,2593,0,0
2025-08-20,11,All You Need Is LOVE,31084,8984,40068,0,31084,8984,0,0
2025-08-20,12,Omar Comin,43540,88,43628,0,43540,88,0,0
2025-08-21,1,208 Ferrari Way,33643,1749,35392,0,33643,1749,0,0
2025-08-21,2,The Federal Reserve,53986,500,54486,0,53986,500,0,0
2025-08-21,3,Golden Hour,37347,1326,38673,0,37347,1326,0,0
2025-08-21,4,Lisan al-Caleb,35126,5219,40345,0,35126,5219,0,0
2025-08-21,5,Mommy Rainier,27491,703,28194,0,27491,703,0,2
2025-08-21,6,Mostly Washed,41213,182,41395,0,41213,182,0,0
2025-08-21,7,Cártel de Breece y Puka,33834,3918,37752,0,33834,3918,0,0
2025-08-21,8,Loading…,40450,5792,46242,0,40450,5792,0,0
2025-08-21,9,Gaeta Spur FC,26296,9110,35406,0,26296,9110,0,0
2025-08-21,10,Rashid Shaheed Truthers,34701,2593,37294,0,34701,2593,0,0
2025-08-21,11,All You Need Is LOVE,31084,8984,40068,0,31084,8984,0,0
2025-08-21,12,Omar Comin,43540,88,43628,0,43540,88,0,0
2025-08-22,1,208 Ferrari Way,32880,1770,34650,32880,0,1770,0,0
2025-08-22,2,The Federal Reserve,54938,509,55447,54938,0,509,0,0
2025-08-22,3,Golden Hour,37163,1340,38503,37133,30,1340,0,0
2025-08-22,4,Lisan al-Caleb,35849,5208,41057,35849,0,5208,0,0
2025-08-22,5,Mommy Rainier,28095,714,28809,28095,0,714,0,2
2025-08-22,6,Mostly Washed,41718,185,41903,41718,0,185,0,0
2025-08-22,7,Cártel de Breece y Puka,37831,1517,39348,37831,0,1517,0,0
2025-08-22,8,Loading…,36131,8217,44348,36131,0,8217,0,0
2025-08-22,9,Gaeta Spur FC,26509,9125,35634,26509,0,9125,0,0
2025-08-22,10,Rashid Shaheed Truthers,35081,2604,37685,35081,0,2604,0,0
2025-08-22,11,All You Need Is LOVE,30927,9003,39930,30927,0,9003,0,0
2025-08-22,12,Omar Comin,44128,88,44216,44128,0,88,0,0
2025-08-23,1,208 Ferrari Way,32880,1770,34650,0,32880,1770,0,0
2025-08-23,2,The Federal Reserve,54938,509,55447,0,54938,509,0,0
2025-08-23,3,Golden Hour,37133,1340,38473,0,37133,1340,0,1
2025-08-23,4,Lisan al-Caleb,35849,5208,41057,0,35849,5208,0,0
2025-08-23,5,Mommy Rainier,28095,714,28809,0,28095,714,0,2
2025-08-23,6,Mostly Washed,41718,185,41903,0,41718,185,0,0
2025-08-23,7,Cártel de Breece y Puka,37831,1517,39348,0,37831,1517,0,0
2025-08-23,8,Loading…,36131,8217,44348,0,36131,8217,0,0
2025-08-23,9,Gaeta Spur FC,26509,9125,35634,0,26509,9125,0,0
2025-08-23,10,Rashid Shaheed Truthers,35081,2604,37685,0,35081,2604,0,0
2025-08-23,11,All You Need Is LOVE,30927,9003,39930,0,30927,9003,0,0
2025-08-23,12,Omar Comin,44128,88,44216,0,44128,88,0,0
2025-08-24,1,208 Ferrari Way,32880,1770,34650,0,32880,1770,0,0
2025-08-24,2,The Federal Reserve,54938,509,55447,0,54938,509,0,0
2025-08-24,3,Golden Hour,37133,1340,38473,0,37133,1340,0,1
2025-08-24,4,Lisan al-Caleb,34303,5208,39511,0,34303,5208,0,0
2025-08-24,5,Mommy Rainier,29641,714,30355,0,29641,714,0,2
2025-08-24,6,Mostly Washed,41718,185,41903,0,41718,185,0,0
2025-08-24,7,Cártel de Breece y Puka,37831,1517,39348,0,37831,1517,0,0
2025-08-24,8,Loading…,36131,8217,44348,0,36131,8217,0,0
2025-08-24,9,Gaeta Spur FC,26509,9125,35634,0,26509,9125,0,0
2025-08-24,10,Rashid Shaheed Truthers,35081,2604,37685,0,35081,2604,0,0
2025-08-24,11,All You Need Is LOVE,30927,9003,39930,0,30927,9003,0,0
2025-08-24,12,Omar Comin,44169,88,44257,0,44169,88,0,0
2025-08-25,1,208 Ferrari Way,32880,1770,34650,0,32880,1770,0,0
2025-08-25,2,The Federal Reserve,54938,509,55447,0,54938,509,0,0
2025-08-25,3,Golden Hour,37133,1340,38473,0,37133,1340,0,1
2025-08-25,4,Lisan al-Caleb,34303,5208,39511,0,34303,5208,0,0
2025-08-25,5,Mommy Rainier,29641,714,30355,0,29641,714,0,2
2025-08-25,6,Mostly Washed,41718,185,41903,0,41718,185,0,0
2025-08-25,7,Cártel de Breece y Puka,37831,1517,39348,0,37831,1517,0,0
2025-08-25,8,Loading…,36131,8217,44348,0,36131,8217,0,0
2025-08-25,9,Gaeta Spur FC,26509,9125,35634,0,26509,9125,0,0
2025-08-25,10,Rashid Shaheed Truthers,35081,2604,37685,0,35081,2604,0,0
2025-08-25,11,All You Need Is LOVE,30927,9003,39930,0,30927,9003,0,0
2025-08-25,12,Omar Comin,44169,88,44257,0,44169,88,0,0
2025-08-26,1,208 Ferrari Way,32880,1770,34650,0,32880,1770,0,0
2025-08-26,2,The Federal Reserve,54938,509,55447,0,54938,509,0,0
2025-08-26,3,Golden Hour,37130,1340,38470,0,37130,1340,0,1
2025-08-26,4,Lisan al-Caleb,34303,5208,39511,0,34303,5208,0,0
2025-08-26,5,Mommy Rainier,29610,714,30324,0,29610,714,0,2
2025-08-26,6,Mostly Washed,41704,185,41889,0,41704,185,0,0
2025-08-26,7,Cártel de Breece y Puka,37831,1517,39348,0,37831,1517,0,0
2025-08-26,8,Loading…,36131,8217,44348,0,36131,8217,0,0
2025-08-26,9,Gaeta Spur FC,26509,9125,35634,0,26509,9125,0,0
2025-08-26,10,Rashid Shaheed Truthers,35081,2604,37685,0,35081,2604,0,0
2025-08-26,11,All You Need Is LOVE,30927,9003,39930,0,30927,9003,0,0
2025-08-26,12,Omar Comin,44169,88,44257,0,44169,88,0,0
2025-08-27,1,208 Ferrari Way,32880,1770,34650,0,32880,1770,0,0
2025-08-27,2,The Federal Reserve,54938,509,55447,0,54938,509,0,0
2025-08-27,3,Golden Hour,37130,1340,38470,0,37130,1340,0,1
2025-08-27,4,Lisan al-Caleb,34303,5208,39511,0,34303,5208,0,0
2025-08-27,5,Mommy Rainier,29610,714,30324,0,29610,714,0,2
2025-08-27,6,Mostly Washed,41704,185,41889,0,41704,185,0,0
2025-08-27,7,Cártel de Breece y Puka,37831,1517,39348,0,37831,1517,0,0
2025-08-27,8,Loading…,36131,8217,44348,0,36131,8217,0,0
2025-08-27,9,Gaeta Spur FC,26526,9125,35651,0,26526,9125,0,0
2025-08-27,10,Rashid Shaheed Truthers,35081,2604,37685,0,35081,2604,0,0
2025-08-27,11,All You Need Is LOVE,30927,9003,39930,0,30927,9003,0,0
2025-08-27,12,Omar Comin,44169,88,44257,0,44169,88,0,0
2025-08-28,1,208 Ferrari Way,32872,1770,34642,0,32872,1770,0,0
2025-08-28,2,The Federal Reserve,54938,509,55447,0,54938,509,0,0
2025-08-28,3,Golden Hour,37130,1340,38470,0,37130,1340,0,1
2025-08-28,4,Lisan al-Caleb,34303,5208,39511,0,34303,5208,0,0
2025-08-28,5,Mommy Rainier,29610,714,30324,0,29610,714,0,2
2025-08-28,6,Mostly Washed,41704,185,41889,0,41704,185,0,0
2025-08-28,7,Cártel de Breece y Puka,37831,1517,39348,0,37831,1517,0,0
2025-08-28,8,Loading…,36131,8217,44348,0,36131,8217,0,0
2025-08-28,9,Gaeta Spur FC,26526,9125,35651,0,26526,9125,0,0
2025-08-28,10,Rashid Shaheed Truthers,35081,2604,37685,0,35081,2604,0,0
2025-08-28,11,All You Need Is LOVE,30927,9003,39930,0,30927,9003,0,0
2025-08-28,12,Omar Comin,44169,88,44257,0,44169,88,0,0
2025-08-29,1,208 Ferrari Way,32262,1750,34012,32262,0,1750,0,0
2025-08-29,2,The Federal Reserve,56389,498,56887,56389,0,498,0,0
2025-08-29,3,Golden Hour,36699,1328,38027,36699,0,1328,0,0
2025-08-29,4,Lisan al-Caleb,33041,5262,38303,33041,0,5262,0,0
2025-08-29,5,Mommy Rainier,29797,703,30500,29797,0,703,0,1
2025-08-29,6,Mostly Washed,41260,181,41441,41260,0,181,0,0
2025-08-29,7,Cártel de Breece y Puka,37040,1501,38541,37040,0,1501,0,0
2025-08-29,8,Loading…,36938,8267,45205,36938,0,8267,0,0
2025-08-29,9,Gaeta Spur FC,25552,9170,34722,25552,0,9170,0,0
2025-08-29,10,Rashid Shaheed Truthers,34973,2604,37577,34973,0,2604,0,0
2025-08-29,11,All You Need Is LOVE,31158,9041,40199,31158,0,9041,0,0
2025-08-29,12,Omar Comin,44706,87,44793,44706,0,87,0,0
2025-08-30,1,208 Ferrari Way,32262,1750,34012,0,32262,1750,0,0
2025-08-30,2,The Federal Reserve,56389,498,56887,0,56389,498,0,0
2025-08-30,3,Golden Hour,36699,1328,38027,0,36699,1328,0,0
2025-08-30,4,Lisan al-Caleb,33041,5262,38303,0,33041,5262,0,0
2025-08-30,5,Mommy Rainier,29797,703,30500,0,29797,703,0,1
2025-08-30,6,Mostly Washed,41260,181,41441,0,41260,181,0,0
2025-08-30,7,Cártel de Breece y Puka,37040,1501,38541,0,37040,1501,0,0
2025-08-30,8,Loading…,36938,8267,45205,0,36938,8267,0,0
2025-08-30,9,Gaeta Spur FC,25552,9170,34722,0,25552,9170,0,0
2025-08-30,10,Rashid Shaheed Truthers,34973,2604,37577,0,34973,2604,0,0
2025-08-30,11,All You Need Is LOVE,31158,9041,40199,0,31158,9041,0,0
2025-08-30,12,Omar Comin,44706,87,44793,0,44706,87,0,0
2025-08-31,1,208 Ferrari Way,32262,1750,34012,0,32262,1750,0,0
2025-08-31,2,The Federal Reserve,56389,498,56887,0,56389,498,0,0
2025-08-31,3,Golden Hour,36699,1328,38027,0,36699,1328,0,0
2025-08-31,4,Lisan al-Caleb,33041,5262,38303,0,33041,5262,0,0
2025-08-31,5,Mommy Rainier,29797,703,30500,0,29797,703,0,1
2025-08-31,6,Mostly Washed,41260,181,41441,0,41260,181,0,0
2025-08-31,7,Cártel de Breece y Puka,37040,1501,38541,0,37040,1501,0,0
2025-08-31,8,Loading…,36938,8267,45205,0,36938,8267,0,0
2025-08-31,9,Gaeta Spur FC,25552,9170,34722,0,25552,9170,0,0
2025-08-31,10,Rashid Shaheed Truthers,34973,2604,37577,0,34973,2604,0,0
2025-08-31,11,All You Need Is LOVE,31158,9041,40199,0,31158,9041,0,0
2025-08-31,12,Omar Comin,44706,87,44793,0,44706,87,0,0
2025-09-01,1,208 Ferrari Way,32262,1750,34012,0,32262,1750,0,0
2025-09-01,2,The Federal Reserve,56389,498,56887,0,56389,498,0,0
2025-09-01,3,Golden Hour,36699,1328,38027,0,36699,1328,0,0
2025-09-01,4,Lisan al-Caleb,33041,5262,38303,0,33041,5262,0,0
2025-09-01,5,Mommy Rainier,29797,703,30500,0,29797,703,0,1
2025-09-01,6,Mostly Washed,41260,181,41441,0,41260,181,0,0
2025-09-01,7,Cártel de Breece y Puka,37040,1501,38541,0,37040,1501,0,0
2025-09-01,8,Loading…,36938,8267,45205,0,36938,8267,0,0
2025-09-01,9,Gaeta Spur FC,25552,9170,34722,0,25552,9170,0,0
2025-09-01,10,Rashid Shaheed Truthers,34973,2604,37577,0,34973,2604,0,0
2025-09-01,11,All You Need Is LOVE,31158,9041,40199,0,31158,9041,0,0
2025-09-01,12,Omar Comin,44706,87,44793,0,44706,87,0,0
2025-09-02,1,208 Ferrari Way,32262,1750,34012,0,32262,1750,0,0
2025-09-02,2,The Federal Reserve,56389,498,56887,0,56389,498,0,0
2025-09-02,3,Golden Hour,36699,1328,38027,0,36699,1328,0,0
2025-09-02,4,Lisan al-Caleb,33041,5262,38303,0,33041,5262,0,0
2025-09-02,5,Mommy Rainier,29797,703,30500,0,29797,703,0,1
2025-09-02,6,Mostly Washed,41260,181,41441,0,41260,181,0,0
2025-09-02,7,Cártel de Breece y Puka,37040,1501,38541,0,37040,1501,0,0
2025-09-02,8,Loading…,36938,8267,45205,0,36938,8267,0,0
2025-09-02,9,Gaeta Spur FC,25552,9170,34722,0,25552,9170,0,0
2025-09-02,10,Rashid Shaheed Truthers,34973,2604,37577,0,34973,2604,0,0
2025-09-02,11,All You Need Is LOVE,31158,9041,40199,0,31158,9041,0,0
2025-09-02,12,Omar Comin,44706,87,44793,0,44706,87,0,0
2025-09-03,1,208 Ferrari Way,32188,1750,33938,0,32188,1750,0,0
2025-09-03,2,The Federal Reserve,56389,498,56887,0,56389,498,0,0
2025-09-03,3,Golden Hour,36702,1328,38030,0,36702,1328,0,0
2025-09-03,4,Lisan al-Caleb,33041,5262,38303,0,33041,5262,0,0
2025-09-03,5,Mommy Rainier,29797,703,30500,0,29797,703,0,1
2025-09-03,6,Mostly Washed,41260,181,41441,0,41260,181,0,0
2025-09-03,7,Cártel de Breece y Puka,37040,1501,38541,0,37040,1501,0,0
2025-09-03,8,Loading…,36953,8267,45220,0,36953,8267,0,0
2025-09-03,9,Gaeta Spur FC,25552,9170,34722,0,25552,9170,0,0
2025-09-03,10,Rashid Shaheed Truthers,34973,2604,37577,0,34973,2604,0,0
2025-09-03,11,All You Need Is LOVE,31158,9041,40199,0,31158,9041,0,0
2025-09-03,12,Omar Comin,44710,87,44797,0,44710,87,0,0
2025-09-04,1,208 Ferrari Way,32218,1750,33968,0,32218,1750,0,0
2025-09-04,2,The Federal Reserve,56389,498,56887,0,56389,498,0,0
2025-09-04,3,Golden Hour,36702,1328,38030,0,36702,1328,0,0
2025-09-04,4,Lisan al-Caleb,33041,5262,38303,0,33041,5262,0,0
2025-09-04,5,Mommy Rainier,29797,703,30500,0,29797,703,0,1
2025-09-04,6,Mostly Washed,41260,181,41441,0,41260,181,0,0
2025-09-04,7,Cártel de Breece y Puka,37047,1501,38548,0,37047,1501,0,0
2025-09-04,8,Loading…,36953,8267,45220,0,36953,8267,0,0
2025-09-04,9,Gaeta Spur FC,25552,9170,34722,0,25552,9170,0,0
2025-09-04,10,Rashid Shaheed Truthers,34973,2604,37577,0,34973,2604,0,0
2025-09-04,11,All You Need Is LOVE,31158,9041,40199,0,31158,9041,0,0
2025-09-04,12,Omar Comin,44710,87,44797,0,44710,87,0,0
2025-09-05,1,208 Ferrari Way,32388,1848,34236,32388,0,1848,0,0
2025-09-05,2,The Federal Reserve,55622,520,56142,55622,0,520,0,0
2025-09-05,3,Golden Hour,37275,1403,38678,37275,0,1403,0,0
2025-09-05,4,Lisan al-Caleb,34546,5594,40140,34546,0,5594,0,0
2025-09-05,5,Mommy Rainier,28945,737,29682,28945,0,737,0,1
2025-09-05,6,Mostly Washed,41819,188,42007,41819,0,188,0,0
2025-09-05,7,Cártel de Breece y Puka,38165,1580,39745,38165,0,1580,0,0
2025-09-05,8,Loading…,36507,8783,45290,36507,0,8783,0,0
2025-09-05,9,Gaeta Spur FC,25375,9737,35112,25375,0,9737,0,0
2025-09-05,10,Rashid Shaheed Truthers,36185,2760,38945,36185,0,2760,0,0
2025-09-05,11,All You Need Is LOVE,30990,9594,40584,30990,0,9594,0,0
2025-09-05,12,Omar Comin,43975,88,44063,43975,0,88,0,0
2025-09-06,1,208 Ferrari Way,32388,1848,34236,0,32388,1848,0,0
2025-09-06,2,The Federal Reserve,55622,520,56142,0,55622,520,0,0
2025-09-06,3,Golden Hour,37275,1403,38678,0,37275,1403,0,0
2025-09-06,4,Lisan al-Caleb,34546,5594,40140,0,34546,5594,0,0
2025-09-06,5,Mommy Rainier,28945,737,29682,0,28945,737,0,1
2025-09-06,6,Mostly Washed,41819,188,42007,0,41819,188,0,0
2025-09-06,7,Cártel de Breece y Puka,38165,1580,39745,0,38165,1580,0,0
2025-09-06,8,Loading…,36507,8783,45290,0,36507,8783,0,0
2025-09-06,9,Gaeta Spur FC,25375,9737,35112,0,25375,9737,0,0
2025-09-06,10,Rashid Shaheed Truthers,36185,2760,38945,0,36185,2760,0,0
2025-09-06,11,All You Need Is LOVE,30990,9594,40584,0,30990,9594,0,0
2025-09-06,12,Omar Comin,43975,88,44063,0,43975,88,0,0
2025-09-07,1,208 Ferrari Way,32388,1848,34236,0,32388,1848,0,0
2025-09-07,2,The Federal Reserve,55622,520,56142,0,55622,520,0,0
2025-09-07,3,Golden Hour,37275,1403,38678,0,37275,1403,0,0
2025-09-07,4,Lisan al-Caleb,34546,5594,40140,0,34546,5594,0,0
2025-09-07,5,Mommy Rainier,28948,737,29685,0,28948,737,0,1
2025-09-07,6,Mostly Washed,41819,188,42007,0,41819,188,0,0
2025-09-07,7,Cártel de Breece y Puka,38165,1580,39745,0,38165,1580,0,0
2025-09-07,8,Loading…,36507,8783,45290,0,36507,8783,0,0
2025-09-07,9,Gaeta Spur FC,25375,9737,35112,0,25375,9737,0,0
2025-09-07,10,Rashid Shaheed Truthers,36185,2760,38945,0,36185,2760,0,0
2025-09-07,11,All You Need Is LOVE,30990,9594,40584,0,30990,9594,0,0
2025-09-07,12,Omar Comin,43975,88,44063,0,43975,88,0,0
2025-09-08,1,208 Ferrari Way,32388,1848,34236,0,32388,1848,0,0
2025-09-08,2,The Federal Reserve,55622,520,56142,0,55622,520,0,0
2025-09-08,3,Golden Hour,37275,1403,38678,0,37275,1403,0,0
2025-09-08,4,Lisan al-Caleb,34546,5594,40140,0,34546,5594,0,0
2025-09-08,5,Mommy Rainier,28948,737,29685,0,28948,737,0,1
2025-09-08,6,Mostly Washed,41819,188,42007,0,41819,188,0,0
2025-09-08,7,Cártel de Breece y Puka,38165,1580,39745,0,38165,1580,0,0
2025-09-08,8,Loading…,36507,8783,45290,0,36507,8783,0,0
2025-09-08,9,Gaeta Spur FC,25375,9737,35112,0,25375,9737,0,0
2025-09-08,10,Rashid Shaheed Truthers,36185,2760,38945,0,36185,2760,0,0
2025-09-08,11,All You Need Is LOVE,30990,9594,40584,0,30990,9594,0,0
2025-09-08,12,Omar Comin,43975,88,44063,0,43975,88,0,0
2025-09-09,1,208 Ferrari Way,32388,1848,34236,0,32388,1848,0,0
2025-09-09,2,The Federal Reserve,55622,520,56142,0,55622,520,0,0
2025-09-09,3,Golden Hour,37275,1403,38678,0,37275,1403,0,0
2025-09-09,4,Lisan al-Caleb,34546,5594,40140,0,34546,5594,0,0
2025-09-09,5,Mommy Rainier,28948,737,29685,0,28948,737,0,1
2025-09-09,6,Mostly Washed,41819,188,42007,0,41819,188,0,0
2025-09-09,7,Cártel de Breece y Puka,38165,1580,39745,0,38165,1580,0,0
2025-09-09,8,Loading…,36507,8783,45290,0,36507,8783,0,0
2025-09-09,9,Gaeta Spur FC,25375,9737,35112,0,25375,9737,0,0
2025-09-09,10,Rashid Shaheed Truthers,36185,2760,38945,0,36185,2760,0,0
2025-09-09,11,All You Need Is LOVE,30990,9594,40584,0,30990,9594,0,0
2025-09-09,12,Omar Comin,43975,88,44063,0,43975,88,0,0
2025-09-10,1,208 Ferrari Way,32388,1848,34236,0,32388,1848,0,0
2025-09-10,2,The Federal Reserve,55656,520,56176,0,55656,520,0,0
2025-09-10,3,Golden Hour,37275,1403,38678,0,37275,1403,0,0
2025-09-10,4,Lisan al-Caleb,34546,5594,40140,0,34546,5594,0,0
2025-09-10,5,Mommy Rainier,28939,737,29676,0,28939,737,0,2
2025-09-10,6,Mostly Washed,41819,188,42007,0,41819,188,0,0
2025-09-10,7,Cártel de Breece y Puka,38165,1580,39745,0,38165,1580,0,0
2025-09-10,8,Loading…,36507,8783,45290,0,36507,8783,0,0
2025-09-10,9,Gaeta Spur FC,25368,9737,35105,0,25368,9737,0,1
2025-09-10,10,Rashid Shaheed Truthers,36185,2760,38945,0,36185,2760,0,0
2025-09-10,11,All You Need Is LOVE,30976,9594,40570,0,30976,9594,0,0
2025-09-10,12,Omar Comin,43975,88,44063,0,43975,88,0,0
2025-09-11,1,208 Ferrari Way,32388,1848,34236,0,32388,1848,0,0
2025-09-11,2,The Federal Reserve,55656,520,56176,0,55656,520,0,0
2025-09-11,3,Golden Hour,37275,1403,38678,0,37275,1403,0,0
2025-09-11,4,Lisan al-Caleb,34546,5594,40140,0,34546,5594,0,0
2025-09-11,5,Mommy Rainier,28939,737,29676,0,28939,737,0,2
2025-09-11,6,Mostly Washed,41819,188,42007,0,41819,188,0,0
2025-09-11,7,Cártel de Breece y Puka,38165,1580,39745,0,38165,1580,0,0
2025-09-11,8,Loading…,36507,8783,45290,0,36507,8783,0,0
2025-09-11,9,Gaeta Spur FC,25368,9737,35105,0,25368,9737,0,1
2025-09-11,10,Rashid Shaheed Truthers,36185,2760,38945,0,36185,2760,0,0
2025-09-11,11,All You Need Is LOVE,30976,9594,40570,0,30976,9594,0,0
2025-09-11,12,Omar Comin,43975,88,44063,0,43975,88,0,0
2025-09-12,1,208 Ferrari Way,32080,1852,33932,32078,2,1852,0,0
2025-09-12,2,The Federal Reserve,55919,531,56450,55919,0,531,0,0
2025-09-12,3,Golden Hour,36697,1404,38101,36697,0,1404,0,0
2025-09-12,4,Lisan al-Caleb,33512,5505,39017,33488,24,5505,0,0
2025-09-12,5,Mommy Rainier,29608,747,30355,29602,6,747,0,2
2025-09-12,6,Mostly Washed,41297,193,41490,41292,5,193,0,0
2025-09-12,7,Cártel de Breece y Puka,37411,1589,39000,37411,0,1589,0,0
2025-09-12,8,Loading…,36556,8669,45225,36547,9,8669,0,0
2025-09-12,9,Gaeta Spur FC,25389,9621,35010,25389,0,9621,0,1
2025-09-12,10,Rashid Shaheed Truthers,35483,2741,38224,35472,11,2741,0,0
2025-09-12,11,All You Need Is LOVE,30766,9491,40257,30766,0,9491,0,0
2025-09-12,12,Omar Comin,44228,93,44321,44228,0,93,0,0
2025-09-13,1,208 Ferrari Way,32078,1852,33930,0,32078,1852,0,1
2025-09-13,2,The Federal Reserve,55919,531,56450,0,55919,531,0,0
2025-09-13,3,Golden Hour,36697,1404,38101,0,36697,1404,0,0
2025-09-13,4,Lisan al-Caleb,33488,5505,38993,0,33488,5505,0,4
2025-09-13,5,Mommy Rainier,29602,747,30349,0,29602,747,0,4
2025-09-13,6,Mostly Washed,41292,193,41485,0,41292,193,0,1
2025-09-13,7,Cártel de Breece y Puka,37411,1589,39000,0,37411,1589,0,0
2025-09-13,8,Loading…,36547,8669,45216,0,36547,8669,0,1
2025-09-13,9,Gaeta Spur FC,25389,9621,35010,0,25389,9621,0,1
2025-09-13,10,Rashid Shaheed Truthers,35472,2741,38213,0,35472,2741,0,1
2025-09-13,11,All You Need Is LOVE,30766,9491,40257,0,30766,9491,0,0
2025-09-13,12,Omar Comin,44228,93,44321,0,44228,93,0,0
2025-09-14,1,208 Ferrari Way,32078,1852,33930,0,32078,1852,0,1
2025-09-14,2,The Federal Reserve,55919,531,56450,0,55919,531,0,0
2025-09-14,3,Golden Hour,36697,1404,38101,0,36697,1404,0,0
2025-09-14,4,Lisan al-Caleb,33488,5505,38993,0,33488,5505,0,4
2025-09-14,5,Mommy Rainier,30003,139,30142,0,30003,139,0,4
2025-09-14,6,Mostly Washed,41292,193,41485,0,41292,193,0,1
2025-09-14,7,Cártel de Breece y Puka,37411,1589,39000,0,37411,1589,0,0
2025-09-14,8,Loading…,36547,8669,45216,0,36547,8669,0,1
2025-09-14,9,Gaeta Spur FC,25389,9621,35010,0,25389,9621,0,1
2025-09-14,10,Rashid Shaheed Truthers,35472,2741,38213,0,35472,2741,0,1
2025-09-14,11,All You Need Is LOVE,30362,10099,40461,0,30362,10099,0,0
2025-09-14,12,Omar Comin,44228,93,44321,0,44228,93,0,0
2025-09-15,1,208 Ferrari Way,32078,1852,33930,0,32078,1852,0,1
2025-09-15,2,The Federal Reserve,55919,531,56450,0,55919,531,0,0
2025-09-15,3,Golden Hour,36697,1404,38101,0,36697,1404,0,0
2025-09-15,4,Lisan al-Caleb,33488,5505,38993,0,33488,5505,0,4
2025-09-15,5,Mommy Rainier,30003,139,30142,0,30003,139,0,4
2025-09-15,6,Mostly Washed,41292,193,41485,0,41292,193,0,1
2025-09-15,7,Cártel de Breece y Puka,37411,1589,39000,0,37411,1589,0,0
2025-09-15,8,Loading…,36547,8669,45216,0,36547,8669,0,1
2025-09-15,9,Gaeta Spur FC,25389,9621,35010,0,25389,9621,0,1
2025-09-15,10,Rashid Shaheed Truthers,35472,2741,38213,0,35472,2741,0,1
2025-09-15,11,All You Need Is LOVE,30362,10099,40461,0,30362,10099,0,0
2025-09-15,12,Omar Comin,44228,93,44321,0,44228,93,0,0
2025-09-16,1,208 Ferrari Way,32078,1852,33930,0,32078,1852,0,1
2025-09-16,2,The Federal Reserve,55919,531,56450,0,55919,531,0,0
2025-09-16,3,Golden Hour,36697,1404,38101,0,36697,1404,0,0
2025-09-16,4,Lisan al-Caleb,33488,5505,38993,0,33488,5505,0,4
2025-09-16,5,Mommy Rainier,30003,139,30142,0,30003,139,0,4
2025-09-16,6,Mostly Washed,41292,193,41485,0,41292,193,0,1
2025-09-16,7,Cártel de Breece y Puka,40618,373,40991,0,40618,373,0,0
2025-09-16,8,Loading…,36547,8669,45216,0,36547,8669,0,1
2025-09-16,9,Gaeta Spur FC,22160,10818,32978,0,22160,10818,0,1
2025-09-16,10,Rashid Shaheed Truthers,35472,2741,38213,0,35472,2741,0,1
2025-09-16,11,All You Need Is LOVE,30362,10099,40461,0,30362,10099,0,0
2025-09-16,12,Omar Comin,44210,112,44322,0,44210,112,0,0
2025-09-17,1,208 Ferrari Way,32078,1852,33930,0,32078,1852,0,1
2025-09-17,2,The Federal Reserve,55919,531,56450,0,55919,531,0,0
2025-09-17,3,Golden Hour,36697,1404,38101,0,36697,1404,0,0
2025-09-17,4,Lisan al-Caleb,33488,5505,38993,0,33488,5505,0,4
2025-09-17,5,Mommy Rainier,30007,139,30146,0,30007,139,0,3
2025-09-17,6,Mostly Washed,41292,193,41485,0,41292,193,0,1
2025-09-17,7,Cártel de Breece y Puka,40621,373,40994,0,40621,373,0,0
2025-09-17,8,Loading…,36547,8669,45216,0,36547,8669,0,1
2025-09-17,9,Gaeta Spur FC,22164,10818,32982,0,22164,10818,0,1
2025-09-17,10,Rashid Shaheed Truthers,35472,2741,38213,0,35472,2741,0,1
2025-09-17,11,All You Need Is LOVE,30365,10099,40464,0,30365,10099,0,1
2025-09-17,12,Omar Comin,44210,112,44322,0,44210,112,0,0
2025-09-18,1,208 Ferrari Way,32078,1852,33930,0,32078,1852,0,1
2025-09-18,2,The Federal Reserve,55919,531,56450,0,55919,531,0,0
2025-09-18,3,Golden Hour,36697,1404,38101,0,36697,1404,0,0
2025-09-18,4,Lisan al-Caleb,33488,5505,38993,0,33488,5505,0,4
2025-09-18,5,Mommy Rainier,30007,139,30146,0,30007,139,0,3
2025-09-18,6,Mostly Washed,41292,193,41485,0,41292,193,0,1
2025-09-18,7,Cártel de Breece y Puka,40621,373,40994,0,40621,373,0,0
2025-09-18,8,Loading…,36547,8669,45216,0,36547,8669,0,1
2025-09-18,9,Gaeta Spur FC,22164,10818,32982,0,22164,10818,0,1
2025-09-18,10,Rashid Shaheed Truthers,35472,2741,38213,0,35472,2741,0,1
2025-09-18,11,All You Need Is LOVE,30365,10099,40464,0,30365,10099,0,1
2025-09-18,12,Omar Comin,44210,112,44322,0,44210,112,0,0
2025-09-19,1,208 Ferrari Way,36934,1964,38898,36845,89,1964,0,1
2025-09-19,2,The Federal Reserve,56428,561,56989,56403,25,561,0,0
2025-09-19,3,Golden Hour,35832,1485,37317,35745,87,1485,0,0
2025-09-19,4,Lisan al-Caleb,32840,5729,38569,32832,8,5729,0,5
2025-09-19,5,Mommy Rainier,31245,144,31389,31212,33,144,0,3
2025-09-19,6,Mostly Washed,40826,202,41028,40819,7,202,0,1
2025-09-19,7,Cártel de Breece y Puka,41799,391,42190,41796,3,391,0,0
2025-09-19,8,Loading…,36515,9065,45580,36515,0,9065,0,1
2025-09-19,9,Gaeta Spur FC,22224,11339,33563,22199,25,11339,0,1
2025-09-19,10,Rashid Shaheed Truthers,34307,2882,37189,34307,0,2882,0,1
2025-09-19,11,All You Need Is LOVE,29827,10578,40405,29824,3,10578,0,1
2025-09-19,12,Omar Comin,44981,112,45093,44950,31,112,0,1
2025-09-20,1,208 Ferrari Way,36845,1964,38809,0,36845,1964,0,5
2025-09-20,2,The Federal Reserve,56403,561,56964,0,56403,561,0,1
2025-09-20,3,Golden Hour,35745,1485,37230,0,35745,1485,0,5
2025-09-20,4,Lisan al-Caleb,32832,5729,38561,0,32832,5729,0,6
2025-09-20,5,Mommy Rainier,31212,144,31356,0,31212,144,0,7
2025-09-20,6,Mostly Washed,40819,202,41021,0,40819,202,0,2
2025-09-20,7,Cártel de Breece y Puka,41796,391,42187,0,41796,391,0,1
2025-09-20,8,Loading…,36515,9065,45580,0,36515,9065,0,1
2025-09-20,9,Gaeta Spur FC,22199,11339,33538,0,22199,11339,0,4
2025-09-20,10,Rashid Shaheed Truthers,34307,2882,37189,0,34307,2882,0,1
2025-09-20,11,All You Need Is LOVE,29824,10578,40402,0,29824,10578,0,2
2025-09-20,12,Omar Comin,44950,112,45062,0,44950,112,0,4
2025-09-21,1,208 Ferrari Way,36845,1964,38809,0,36845,1964,0,5
2025-09-21,2,The Federal Reserve,56403,561,56964,0,56403,561,0,1
2025-09-21,3,Golden Hour,35745,1485,37230,0,35745,1485,0,5
2025-09-21,4,Lisan al-Caleb,32832,5729,38561,0,32832,5729,0,6
2025-09-21,5,Mommy Rainier,31212,144,31356,0,31212,144,0,7
2025-09-21,6,Mostly Washed,40819,202,41021,0,40819,202,0,2
2025-09-21,7,Cártel de Breece y Puka,41796,391,42187,0,41796,391,0,1
2025-09-21,8,Loading…,36515,9065,45580,0,36515,9065,0,1
2025-09-21,9,Gaeta Spur FC,22199,11339,33538,0,22199,11339,0,4
2025-09-21,10,Rashid Shaheed Truthers,34307,2882,37189,0,34307,2882,0,1
2025-09-21,11,All You Need Is LOVE,29824,10578,40402,0,29824,10578,0,2
2025-09-21,12,Omar Comin,44950,112,45062,0,44950,112,0,4
2025-09-22,1,208 Ferrari Way,36845,1964,38809,0,36845,1964,0,5
2025-09-22,2,The Federal Reserve,56403,561,56964,0,56403,561,0,1
2025-09-22,3,Golden Hour,35745,1485,37230,0,35745,1485,0,5
2025-09-22,4,Lisan al-Caleb,32832,5729,38561,0,32832,5729,0,6
2025-09-22,5,Mommy Rainier,31212,144,31356,0,31212,144,0,7
2025-09-22,6,Mostly Washed,40819,202,41021,0,40819,202,0,2
2025-09-22,7,Cártel de Breece y Puka,41796,391,42187,0,41796,391,0,1
2025-09-22,8,Loading…,36515,9065,45580,0,36515,9065,0,1
2025-09-22,9,Gaeta Spur FC,22199,11339,33538,0,22199,11339,0,4
2025-09-22,10,Rashid Shaheed Truthers,34307,2882,37189,0,34307,2882,0,1
2025-09-22,11,All You Need Is LOVE,29824,10578,40402,0,29824,10578,0,2
2025-09-22,12,Omar Comin,44950,112,45062,0,44950,112,0,4
2025-09-23,1,208 Ferrari Way,36845,1964,38809,0,36845,1964,0,5
2025-09-23,2,The Federal Reserve,56403,561,56964,0,56403,561,0,1
2025-09-23,3,Golden Hour,35745,1485,37230,0,35745,1485,0,5
2025-09-23,4,Lisan al-Caleb,32832,5729,38561,0,32832,5729,0,6
2025-09-23,5,Mommy Rainier,31212,144,31356,0,31212,144,0,7
2025-09-23,6,Mostly Washed,40819,202,41021,0,40819,202,0,2
2025-09-23,7,Cártel de Breece y Puka,41796,391,42187,0,41796,391,0,1
2025-09-23,8,Loading…,36515,9065,45580,0,36515,9065,0,1
2025-09-23,9,Gaeta Spur FC,22199,11339,33538,0,22199,11339,0,4
2025-09-23,10,Rashid Shaheed Truthers,34307,2882,37189,0,34307,2882,0,1
2025-09-23,11,All You Need Is LOVE,29824,10578,40402,0,29824,10578,0,2
2025-09-23,12,Omar Comin,44950,112,45062,0,44950,112,0,4
2025-09-24,1,208 Ferrari Way,36843,1964,38807,0,36843,1964,0,6
2025-09-24,2,The Federal Reserve,56403,561,56964,0,56403,561,0,1
2025-09-24,3,Golden Hour,35745,1485,37230,0,35745,1485,0,5
2025-09-24,4,Lisan al-Caleb,32832,5729,38561,0,32832,5729,0,7
2025-09-24,5,Mommy Rainier,31212,144,31356,0,31212,144,0,7
2025-09-24,6,Mostly Washed,40819,202,41021,0,40819,202,0,2
2025-09-24,7,Cártel de Breece y Puka,41798,391,42189,0,41798,391,0,1
2025-09-24,8,Loading…,36515,9065,45580,0,36515,9065,0,2
2025-09-24,9,Gaeta Spur FC,22199,11339,33538,0,22199,11339,0,4
2025-09-24,10,Rashid Shaheed Truthers,34307,2882,37189,0,34307,2882,0,1
2025-09-24,11,All You Need Is LOVE,29824,10578,40402,0,29824,10578,0,2
2025-09-24,12,Omar Comin,44950,112,45062,0,44950,112,0,3
2025-09-25,1,208 Ferrari Way,36843,1964,38807,0,36843,1964,0,6
2025-09-25,2,The Federal Reserve,56403,561,56964,0,56403,561,0,1
2025-09-25,3,Golden Hour,35745,1485,37230,0,35745,1485,0,5
2025-09-25,4,Lisan al-Caleb,32832,5729,38561,0,32832,5729,0,7
2025-09-25,5,Mommy Rainier,31212,144,31356,0,31212,144,0,7
2025-09-25,6,Mostly Washed,40819,202,41021,0,40819,202,0,2
2025-09-25,7,Cártel de Breece y Puka,41798,391,42189,0,41798,391,0,1
2025-09-25,8,Loading…,36515,9065,45580,0,36515,9065,0,2
2025-09-25,9,Gaeta Spur FC,22199,11339,33538,0,22199,11339,0,4
2025-09-25,10,Rashid Shaheed Truthers,34092,2882,36974,0,34092,2882,0,1
2025-09-25,11,All You Need Is LOVE,29824,10578,40402,0,29824,10578,0,2
2025-09-25,12,Omar Comin,45165,112,45277,0,45165,112,0,3
2025-09-26,1,208 Ferrari Way,36613,1910,38523,36613,0,1910,0,2
2025-09-26,2,The Federal Reserve,57172,556,57728,57172,0,556,0,1
2025-09-26,3,Golden Hour,36553,1444,37997,36551,2,1444,0,3
2025-09-26,4,Lisan al-Caleb,33160,5504,38664,33160,0,5504,0,5
2025-09-26,5,Mommy Rainier,29465,146,29611,29465,0,146,0,6
2025-09-26,6,Mostly Washed,40918,203,41121,40918,0,203,0,2
2025-09-26,7,Cártel de Breece y Puka,40871,392,41263,40871,0,392,0,1
2025-09-26,8,Loading…,35301,8720,44021,35298,3,8720,0,1
2025-09-26,9,Gaeta Spur FC,21777,10924,32701,21777,0,10924,0,4
2025-09-26,10,Rashid Shaheed Truthers,34093,2782,36875,34093,0,2782,0,1
2025-09-26,11,All You Need Is LOVE,29867,10201,40068,29865,2,10201,0,2
2025-09-26,12,Omar Comin,44316,118,44434,44316,0,118,0,1
2025-09-27,1,208 Ferrari Way,36613,1910,38523,0,36613,1910,0,2
2025-09-27,2,The Federal Reserve,57172,556,57728,0,57172,556,0,1
2025-09-27,3,Golden Hour,36551,1444,37995,0,36551,1444,0,4
2025-09-27,4,Lisan al-Caleb,33160,5504,38664,0,33160,5504,0,5
2025-09-27,5,Mommy Rainier,29465,146,29611,0,29465,146,0,6
2025-09-27,6,Mostly Washed,40918,203,41121,0,40918,203,0,2
2025-09-27,7,Cártel de Breece y Puka,40871,392,41263,0,40871,392,0,1
2025-09-27,8,Loading…,35298,8720,44018,0,35298,8720,0,2
2025-09-27,9,Gaeta Spur FC,21777,10924,32701,0,21777,10924,0,4
2025-09-27,10,Rashid Shaheed Truthers,34093,2782,36875,0,34093,2782,0,1
2025-09-27,11,All You Need Is LOVE,29865,10201,40066,0,29865,10201,0,3
2025-09-27,12,Omar Comin,44316,118,44434,0,44316,118,0,1
2025-09-28,1,208 Ferrari Way,36613,1910,38523,0,36613,1910,0,2
2025-09-28,2,The Federal Reserve,57172,556,57728,0,57172,556,0,1
2025-09-28,3,Golden Hour,36551,1444,37995,0,36551,1444,0,4
2025-09-28,4,Lisan al-Caleb,33160,5504,38664,0,33160,5504,0,5
2025-09-28,5,Mommy Rainier,29465,146,29611,0,29465,146,0,6
2025-09-28,6,Mostly Washed,40918,203,41121,0,40918,203,0,2
2025-09-28,7,Cártel de Breece y Puka,40871,392,41263,0,40871,392,0,1
2025-09-28,8,Loading…,35298,8720,44018,0,35298,8720,0,2
2025-09-28,9,Gaeta Spur FC,21777,10924,32701,0,21777,10924,0,4
2025-09-28,10,Rashid Shaheed Truthers,34093,2782,36875,0,34093,2782,0,1
2025-09-28,11,All You Need Is LOVE,29865,10201,40066,0,29865,10201,0,3
2025-09-28,12,Omar Comin,44316,118,44434,0,44316,118,0,1
2025-09-29,1,208 Ferrari Way,36613,1910,38523,0,36613,1910,0,2
2025-09-29,2,The Federal Reserve,57172,556,57728,0,57172,556,0,1
2025-09-29,3,Golden Hour,36551,1444,37995,0,36551,1444,0,4
2025-09-29,4,Lisan al-Caleb,33160,5504,38664,0,33160,5504,0,5
2025-09-29,5,Mommy Rainier,29465,146,29611,0,29465,146,0,6
2025-09-29,6,Mostly Washed,40918,203,41121,0,40918,203,0,2
2025-09-29,7,Cártel de Breece y Puka,40871,392,41263,0,40871,392,0,1
2025-09-29,8,Loading…,35298,8720,44018,0,35298,8720,0,2
2025-09-29,9,Gaeta Spur FC,21777,10924,32701,0,21777,10924,0,4
2025-09-29,10,Rashid Shaheed Truthers,34093,2782,36875,0,34093,2782,0,1
2025-09-29,11,All You Need Is LOVE,29865,10201,40066,0,29865,10201,0,3
2025-09-29,12,Omar Comin,44316,118,44434,0,44316,118,0,1
2025-09-30,1,208 Ferrari Way,36613,1910,38523,0,36613,1910,0,2
2025-09-30,2,The Federal Reserve,57172,556,57728,0,57172,556,0,1
2025-09-30,3,Golden Hour,36551,1444,37995,0,36551,1444,0,4
2025-09-30,4,Lisan al-Caleb,33160,5504,38664,0,33160,5504,0,5
2025-09-30,5,Mommy Rainier,29373,187,29560,0,29373,187,0,6
2025-09-30,6,Mostly Washed,40918,203,41121,0,40918,203,0,2
2025-09-30,7,Cártel de Breece y Puka,38788,366,39154,0,38788,366,0,1
2025-09-30,8,Loading…,35298,8720,44018,0,35298,8720,0,1
2025-09-30,9,Gaeta Spur FC,21777,10924,32701,0,21777,10924,0,4
2025-09-30,10,Rashid Shaheed Truthers,34093,2782,36875,0,34093,2782,0,1
2025-09-30,11,All You Need Is LOVE,29865,10201,40066,0,29865,10201,0,3
2025-09-30,12,Omar Comin,46491,103,46594,0,46491,103,0,0
2025-10-01,1,208 Ferrari Way,36835,1619,38454,0,36835,1619,0,1
2025-10-01,2,The Federal Reserve,57502,556,58058,0,57502,556,0,1
2025-10-01,3,Golden Hour,36551,1444,37995,0,36551,1444,0,4
2025-10-01,4,Lisan al-Caleb,33160,5504,38664,0,33160,5504,0,5
2025-10-01,5,Mommy Rainier,29151,478,29629,0,29151,478,0,7
2025-10-01,6,Mostly Washed,40918,203,41121,0,40918,203,0,2
2025-10-01,7,Cártel de Breece y Puka,38791,366,39157,0,38791,366,0,2
2025-10-01,8,Loading…,34970,8720,43690,0,34970,8720,0,1
2025-10-01,9,Gaeta Spur FC,21777,10924,32701,0,21777,10924,0,4
2025-10-01,10,Rashid Shaheed Truthers,34015,2782,36797,0,34015,2782,0,2
2025-10-01,11,All You Need Is LOVE,29865,10201,40066,0,29865,10201,0,3
2025-10-01,12,Omar Comin,46491,103,46594,0,46491,103,0,0
2025-10-02,1,208 Ferrari Way,38338,1246,39584,0,38338,1246,0,1
2025-10-02,2,The Federal Reserve,57502,556,58058,0,57502,556,0,1
2025-10-02,3,Golden Hour,36551,1444,37995,0,36551,1444,0,4
2025-10-02,4,Lisan al-Caleb,33130,5504,38634,0,33130,5504,0,5
2025-10-02,5,Mommy Rainier,28248,810,29058,0,28248,810,0,7
2025-10-02,6,Mostly Washed,40918,203,41121,0,40918,203,0,2
2025-10-02,7,Cártel de Breece y Puka,38191,407,38598,0,38191,407,0,2
2025-10-02,8,Loading…,34970,8720,43690,0,34970,8720,0,1
2025-10-02,9,Gaeta Spur FC,21777,10924,32701,0,21777,10924,0,4
2025-10-02,10,Rashid Shaheed Truthers,34015,2782,36797,0,34015,2782,0,2
2025-10-02,11,All You Need Is LOVE,29865,10201,40066,0,29865,10201,0,3
2025-10-02,12,Omar Comin,46491,103,46594,0,46491,103,0,0
2025-10-03,1,208 Ferrari Way,38897,1253,40150,38897,0,1253,0,1
2025-10-03,2,The Federal Reserve,60935,559,61494,60935,0,559,0,0
2025-10-03,3,Golden Hour,38253,1452,39705,38253,0,1452,0,0
2025-10-03,4,Lisan al-Caleb,30599,5532,36131,30599,0,5532,0,2
2025-10-03,5,Mommy Rainier,27012,815,27827,27012,0,815,0,4
2025-10-03,6,Mostly Washed,37991,204,38195,37991,0,204,0,0
2025-10-03,7,Cártel de Breece y Puka,39095,410,39505,39095,0,410,0,0
2025-10-03,8,Loading…,35258,8767,44025,35258,0,8767,0,1
2025-10-03,9,Gaeta Spur FC,18910,10982,29892,18910,0,10982,0,1
2025-10-03,10,Rashid Shaheed Truthers,33119,2800,35919,33119,0,2800,0,0
2025-10-03,11,All You Need Is LOVE,28771,10258,39029,28771,0,10258,0,1
2025-10-03,12,Omar Comin,47484,104,47588,47484,0,104,0,0
2025-10-04,1,208 Ferrari Way,38897,1253,40150,0,38897,1253,0,1
2025-10-04,2,The Federal Reserve,60935,559,61494,0,60935,559,0,0
2025-10-04,3,Golden Hour,38253,1452,39705,0,38253,1452,0,0
2025-10-04,4,Lisan al-Caleb,30599,5532,36131,0,30599,5532,0,2
2025-10-04,5,Mommy Rainier,27030,815,27845,0,27030,815,0,4
2025-10-04,6,Mostly Washed,37991,204,38195,0,37991,204,0,0
2025-10-04,7,Cártel de Breece y Puka,39095,410,39505,0,39095,410,0,0
2025-10-04,8,Loading…,35258,8767,44025,0,35258,8767,0,1
2025-10-04,9,Gaeta Spur FC,18910,10982,29892,0,18910,10982,0,1
2025-10-04,10,Rashid Shaheed Truthers,33119,2800,35919,0,33119,2800,0,0
2025-10-04,11,All You Need Is LOVE,28771,10258,39029,0,28771,10258,0,1
2025-10-04,12,Omar Comin,47484,104,47588,0,47484,104,0,0
2025-10-05,1,208 Ferrari Way,38875,1253,40128,0,38875,1253,0,1
2025-10-05,2,The Federal Reserve,60935,559,61494,0,60935,559,0,0
2025-10-05,3,Golden Hour,38253,1452,39705,0,38253,1452,0,0
2025-10-05,4,Lisan al-Caleb,30599,5532,36131,0,30599,5532,0,2
2025-10-05,5,Mommy Rainier,27030,815,27845,0,27030,815,0,4
2025-10-05,6,Mostly Washed,37991,204,38195,0,37991,204,0,0
2025-10-05,7,Cártel de Breece y Puka,39051,410,39461,0,39051,410,0,0
2025-10-05,8,Loading…,35258,8767,44025,0,35258,8767,0,1
2025-10-05,9,Gaeta Spur FC,18910,10982,29892,0,18910,10982,0,1
2025-10-05,10,Rashid Shaheed Truthers,33119,2800,35919,0,33119,2800,0,0
2025-10-05,11,All You Need Is LOVE,28771,10258,39029,0,28771,10258,0,1
2025-10-05,12,Omar Comin,47484,104,47588,0,47484,104,0,0
2025-10-06,1,208 Ferrari Way,38875,1253,40128,0,38875,1253,0,1
2025-10-06,2,The Federal Reserve,60935,559,61494,0,60935,559,0,0
2025-10-06,3,Golden Hour,38253,1452,39705,0,38253,1452,0,0
2025-10-06,4,Lisan al-Caleb,30599,5532,36131,0,30599,5532,0,2
2025-10-06,5,Mommy Rainier,27030,815,27845,0,27030,815,0,4
2025-10-06,6,Mostly Washed,37991,204,38195,0,37991,204,0,0
2025-10-06,7,Cártel de Breece y Puka,39051,410,39461,0,39051,410,0,0
2025-10-06,8,Loading…,35258,8767,44025,0,35258,8767,0,1
2025-10-06,9,Gaeta Spur FC,18910,10982,29892,0,18910,10982,0,1
2025-10-06,10,Rashid Shaheed Truthers,33119,2800,35919,0,33119,2800,0,0
2025-10-06,11,All You Need Is LOVE,28771,10258,39029,0,28771,10258,0,1
2025-10-06,12,Omar Comin,47484,104,47588,0,47484,104,0,0
2025-10-07,1,208 Ferrari Way,38875,1253,40128,0,38875,1253,0,1
2025-10-07,2,The Federal Reserve,60935,559,61494,0,60935,559,0,0
2025-10-07,3,Golden Hour,38253,1452,39705,0,38253,1452,0,0
2025-10-07,4,Lisan al-Caleb,30599,5532,36131,0,30599,5532,0,2
2025-10-07,5,Mommy Rainier,27030,815,27845,0,27030,815,0,4
2025-10-07,6,Mostly Washed,37991,204,38195,0,37991,204,0,0
2025-10-07,7,Cártel de Breece y Puka,39051,410,39461,0,39051,410,0,0
2025-10-07,8,Loading…,35440,8767,44207,0,35440,8767,0,1
2025-10-07,9,Gaeta Spur FC,18910,10982,29892,0,18910,10982,0,1
2025-10-07,10,Rashid Shaheed Truthers,33119,2800,35919,0,33119,2800,0,0
2025-10-07,11,All You Need Is LOVE,28771,10258,39029,0,28771,10258,0,1
2025-10-07,12,Omar Comin,47302,104,47406,0,47302,104,0,0
2025-10-08,1,208 Ferrari Way,38875,1253,40128,0,38875,1253,0,1
2025-10-08,2,The Federal Reserve,60935,559,61494,0,60935,559,0,0
2025-10-08,3,Golden Hour,38253,1452,39705,0,38253,1452,0,0
2025-10-08,4,Lisan al-Caleb,30599,5532,36131,0,30599,5532,0,2
2025-10-08,5,Mommy Rainier,27030,815,27845,0,27030,815,0,4
2025-10-08,6,Mostly Washed,37991,204,38195,0,37991,204,0,0
2025-10-08,7,Cártel de Breece y Puka,39043,410,39453,0,39043,410,0,0
2025-10-08,8,Loading…,35440,8767,44207,0,35440,8767,0,1
2025-10-08,9,Gaeta Spur FC,18910,10982,29892,0,18910,10982,0,1
2025-10-08,10,Rashid Shaheed Truthers,33102,2800,35902,0,33102,2800,0,0
2025-10-08,11,All You Need Is LOVE,28752,10258,39010,0,28752,10258,0,1
2025-10-08,12,Omar Comin,47302,104,47406,0,47302,104,0,0
2025-10-09,1,208 Ferrari Way,38875,1253,40128,0,38875,1253,0,1
2025-10-09,2,The Federal Reserve,60935,559,61494,0,60935,559,0,0
2025-10-09,3,Golden Hour,38253,1452,39705,0,38253,1452,0,0
2025-10-09,4,Lisan al-Caleb,30599,5532,36131,0,30599,5532,0,2
2025-10-09,5,Mommy Rainier,27030,815,27845,0,27030,815,0,4
2025-10-09,6,Mostly Washed,37991,204,38195,0,37991,204,0,0
2025-10-09,7,Cártel de Breece y Puka,39043,410,39453,0,39043,410,0,0
2025-10-09,8,Loading…,35440,8767,44207,0,35440,8767,0,1
2025-10-09,9,Gaeta Spur FC,18910,10982,29892,0,18910,10982,0,1
2025-10-09,10,Rashid Shaheed Truthers,33102,2800,35902,0,33102,2800,0,0
2025-10-09,11,All You Need Is LOVE,28752,10258,39010,0,28752,10258,0,1
2025-10-09,12,Omar Comin,47302,104,47406,0,47302,104,0,0
2025-10-10,1,208 Ferrari Way,41941,1256,43197,41941,0,1256,0,0
2025-10-10,2,The Federal Reserve,57490,578,58068,57488,2,578,0,0
2025-10-10,3,Golden Hour,35157,1463,36620,35121,36,1463,0,0
2025-10-10,4,Lisan al-Caleb,32273,5410,37683,32270,3,5410,0,1
2025-10-10,5,Mommy Rainier,26900,841,27741,26876,24,841,0,2
2025-10-10,6,Mostly Washed,38333,213,38546,38333,0,213,0,0
2025-10-10,7,Cártel de Breece y Puka,39559,430,39989,39559,0,430,0,0
2025-10-10,8,Loading…,35483,8625,44108,35483,0,8625,0,1
2025-10-10,9,Gaeta Spur FC,21711,10846,32557,21709,2,10846,0,1
2025-10-10,10,Rashid Shaheed Truthers,32937,2783,35720,32932,5,2783,0,0
2025-10-10,11,All You Need Is LOVE,27589,10147,37736,27587,2,10147,0,0
2025-10-10,12,Omar Comin,44288,112,44400,44288,0,112,0,0
2025-10-11,1,208 Ferrari Way,41778,1367,43145,0,41778,1367,0,0
2025-10-11,2,The Federal Reserve,57488,578,58066,0,57488,578,0,1
2025-10-11,3,Golden Hour,35121,1463,36584,0,35121,1463,0,1
2025-10-11,4,Lisan al-Caleb,32270,5410,37680,0,32270,5410,0,2
2025-10-11,5,Mommy Rainier,26188,1211,27399,0,26188,1211,0,4
2025-10-11,6,Mostly Washed,38333,213,38546,0,38333,213,0,0
2025-10-11,7,Cártel de Breece y Puka,40245,60,40305,0,40245,60,0,0
2025-10-11,8,Loading…,35483,8625,44108,0,35483,8625,0,1
2025-10-11,9,Gaeta Spur FC,21709,10846,32555,0,21709,10846,0,2
2025-10-11,10,Rashid Shaheed Truthers,32932,2783,35715,0,32932,2783,0,2
2025-10-11,11,All You Need Is LOVE,27750,10036,37786,0,27750,10036,0,1
2025-10-11,12,Omar Comin,44288,112,44400,0,44288,112,0,0
2025-10-12,1,208 Ferrari Way,41778,1367,43145,0,41778,1367,0,0
2025-10-12,2,The Federal Reserve,57488,578,58066,0,57488,578,0,1
2025-10-12,3,Golden Hour,35121,1463,36584,0,35121,1463,0,1
2025-10-12,4,Lisan al-Caleb,32262,5410,37672,0,32262,5410,0,3
2025-10-12,5,Mommy Rainier,26193,1211,27404,0,26193,1211,0,4
2025-10-12,6,Mostly Washed,38333,213,38546,0,38333,213,0,0
2025-10-12,7,Cártel de Breece y Puka,40245,60,40305,0,40245,60,0,0
2025-10-12,8,Loading…,35483,8625,44108,0,35483,8625,0,1
2025-10-12,9,Gaeta Spur FC,21709,10846,32555,0,21709,10846,0,2
2025-10-12,10,Rashid Shaheed Truthers,32932,2783,35715,0,32932,2783,0,2
2025-10-12,11,All You Need Is LOVE,27727,10036,37763,0,27727,10036,0,1
2025-10-12,12,Omar Comin,44288,112,44400,0,44288,112,0,0
2025-10-13,1,208 Ferrari Way,41778,1367,43145,0,41778,1367,0,0
2025-10-13,2,The Federal Reserve,57488,578,58066,0,57488,578,0,1
2025-10-13,3,Golden Hour,35121,1463,36584,0,35121,1463,0,1
2025-10-13,4,Lisan al-Caleb,32262,5410,37672,0,32262,5410,0,3
2025-10-13,5,Mommy Rainier,26193,1211,27404,0,26193,1211,0,4
2025-10-13,6,Mostly Washed,38333,213,38546,0,38333,213,0,0
2025-10-13,7,Cártel de Breece y Puka,40245,60,40305,0,40245,60,0,0
2025-10-13,8,Loading…,35483,8625,44108,0,35483,8625,0,1
2025-10-13,9,Gaeta Spur FC,21709,10846,32555,0,21709,10846,0,2
2025-10-13,10,Rashid Shaheed Truthers,32932,2783,35715,0,32932,2783,0,2
2025-10-13,11,All You Need Is LOVE,27727,10036,37763,0,27727,10036,0,1
2025-10-13,12,Omar Comin,44288,112,44400,0,44288,112,0,0
2025-10-14,1,208 Ferrari Way,41778,1367,43145,0,41778,1367,0,0
2025-10-14,2,The Federal Reserve,57488,578,58066,0,57488,578,0,1
2025-10-14,3,Golden Hour,35121,1463,36584,0,35121,1463,0,1
2025-10-14,4,Lisan al-Caleb,32262,5410,37672,0,32262,5410,0,3
2025-10-14,5,Mommy Rainier,26193,1211,27404,0,26193,1211,0,4
2025-10-14,6,Mostly Washed,38290,213,38503,0,38290,213,0,0
2025-10-14,7,Cártel de Breece y Puka,40245,60,40305,0,40245,60,0,0
2025-10-14,8,Loading…,35483,8625,44108,0,35483,8625,0,1
2025-10-14,9,Gaeta Spur FC,21709,10846,32555,0,21709,10846,0,2
2025-10-14,10,Rashid Shaheed Truthers,32932,2783,35715,0,32932,2783,0,2
2025-10-14,11,All You Need Is LOVE,27727,10036,37763,0,27727,10036,0,1
2025-10-14,12,Omar Comin,44288,112,44400,0,44288,112,0,0
2025-10-15,1,208 Ferrari Way,41778,1367,43145,0,41778,1367,0,0
2025-10-15,2,The Federal Reserve,57488,578,58066,0,57488,578,0,1
2025-10-15,3,Golden Hour,35121,1463,36584,0,35121,1463,0,1
2025-10-15,4,Lisan al-Caleb,32262,5410,37672,0,32262,5410,0,3
2025-10-15,5,Mommy Rainier,26190,1211,27401,0,26190,1211,0,4
2025-10-15,6,Mostly Washed,38290,213,38503,0,38290,213,0,0
2025-10-15,7,Cártel de Breece y Puka,40245,60,40305,0,40245,60,0,0
2025-10-15,8,Loading…,35445,8625,44070,0,35445,8625,0,2
2025-10-15,9,Gaeta Spur FC,21709,10846,32555,0,21709,10846,0,2
2025-10-15,10,Rashid Shaheed Truthers,32932,2783,35715,0,32932,2783,0,2
2025-10-15,11,All You Need Is LOVE,27727,10036,37763,0,27727,10036,0,1
2025-10-15,12,Omar Comin,44288,112,44400,0,44288,112,0,0
2025-10-16,1,208 Ferrari Way,41778,1367,43145,0,41778,1367,0,0
2025-10-16,2,The Federal Reserve,57488,578,58066,0,57488,578,0,1
2025-10-16,3,Golden Hour,35121,1463,36584,0,35121,1463,0,1
2025-10-16,4,Lisan al-Caleb,32262,5410,37672,0,32262,5410,0,3
2025-10-16,5,Mommy Rainier,26190,1211,27401,0,26190,1211,0,4
2025-10-16,6,Mostly Washed,38290,213,38503,0,38290,213,0,0
2025-10-16,7,Cártel de Breece y Puka,40245,60,40305,0,40245,60,0,0
2025-10-16,8,Loading…,35445,8625,44070,0,35445,8625,0,2
2025-10-16,9,Gaeta Spur FC,21709,10846,32555,0,21709,10846,0,2
2025-10-16,10,Rashid Shaheed Truthers,32932,2783,35715,0,32932,2783,0,2
2025-10-16,11,All You Need Is LOVE,27727,10036,37763,0,27727,10036,0,1
2025-10-16,12,Omar Comin,44288,112,44400,0,44288,112,0,0
2025-10-17,1,208 Ferrari Way,38137,1338,39475,38137,0,1338,0,0
2025-10-17,2,The Federal Reserve,58246,555,58801,58246,0,555,0,0
2025-10-17,3,Golden Hour,36744,1430,38174,36744,0,1430,0,0
2025-10-17,4,Lisan al-Caleb,29692,5459,35151,29692,0,5459,0,1
2025-10-17,5,Mommy Rainier,26995,1162,28157,26993,2,1162,0,1
2025-10-17,6,Mostly Washed,38727,203,38930,38727,0,203,0,0
2025-10-17,7,Cártel de Breece y Puka,39948,57,40005,39948,0,57,0,0
2025-10-17,8,Loading…,37487,8639,46126,37487,0,8639,0,2
2025-10-17,9,Gaeta Spur FC,22964,10817,33781,22964,0,10817,0,2
2025-10-17,10,Rashid Shaheed Truthers,31284,2759,34043,31284,0,2759,0,0
2025-10-17,11,All You Need Is LOVE,30373,10004,40377,30373,0,10004,0,1
2025-10-17,12,Omar Comin,44199,105,44304,44199,0,105,0,0
2025-10-18,1,208 Ferrari Way,38137,1338,39475,0,38137,1338,0,0
2025-10-18,2,The Federal Reserve,58246,555,58801,0,58246,555,0,0
2025-10-18,3,Golden Hour,36744,1430,38174,0,36744,1430,0,0
2025-10-18,4,Lisan al-Caleb,29692,5459,35151,0,29692,5459,0,1
2025-10-18,5,Mommy Rainier,26993,1162,28155,0,26993,1162,0,2
2025-10-18,6,Mostly Washed,38727,203,38930,0,38727,203,0,0
2025-10-18,7,Cártel de Breece y Puka,39948,57,40005,0,39948,57,0,0
2025-10-18,8,Loading…,37487,8639,46126,0,37487,8639,0,2
2025-10-18,9,Gaeta Spur FC,22964,10817,33781,0,22964,10817,0,2
2025-10-18,10,Rashid Shaheed Truthers,31284,2759,34043,0,31284,2759,0,0
2025-10-18,11,All You Need Is LOVE,30373,10004,40377,0,30373,10004,0,1
2025-10-18,12,Omar Comin,44199,105,44304,0,44199,105,0,0
2025-10-19,1,208 Ferrari Way,38137,1338,39475,0,38137,1338,0,0
2025-10-19,2,The Federal Reserve,58246,555,58801,0,58246,555,0,0
2025-10-19,3,Golden Hour,36744,1430,38174,0,36744,1430,0,0
2025-10-19,4,Lisan al-Caleb,29692,5459,35151,0,29692,5459,0,1
2025-10-19,5,Mommy Rainier,26993,1162,28155,0,26993,1162,0,2
2025-10-19,6,Mostly Washed,38727,203,38930,0,38727,203,0,0
2025-10-19,7,Cártel de Breece y Puka,39948,57,40005,0,39948,57,0,0
2025-10-19,8,Loading…,37487,8639,46126,0,37487,8639,0,2
2025-10-19,9,Gaeta Spur FC,22964,10817,33781,0,22964,10817,0,1
2025-10-19,10,Rashid Shaheed Truthers,31284,2759,34043,0,31284,2759,0,0
2025-10-19,11,All You Need Is LOVE,30373,10004,40377,0,30373,10004,0,1
2025-10-19,12,Omar Comin,44199,105,44304,0,44199,105,0,0
2025-10-20,1,208 Ferrari Way,38137,1338,39475,0,38137,1338,0,0
2025-10-20,2,The Federal Reserve,58246,555,58801,0,58246,555,0,0
2025-10-20,3,Golden Hour,36744,1430,38174,0,36744,1430,0,0
2025-10-20,4,Lisan al-Caleb,29692,5459,35151,0,29692,5459,0,1
2025-10-20,5,Mommy Rainier,26993,1162,28155,0,26993,1162,0,2
2025-10-20,6,Mostly Washed,38727,203,38930,0,38727,203,0,0
2025-10-20,7,Cártel de Breece y Puka,39948,57,40005,0,39948,57,0,0
2025-10-20,8,Loading…,37487,8639,46126,0,37487,8639,0,2
2025-10-20,9,Gaeta Spur FC,22964,10817,33781,0,22964,10817,0,1
2025-10-20,10,Rashid Shaheed Truthers,31284,2759,34043,0,31284,2759,0,0
2025-10-20,11,All You Need Is LOVE,30373,10004,40377,0,30373,10004,0,1
2025-10-20,12,Omar Comin,44199,105,44304,0,44199,105,0,0
2025-10-21,1,208 Ferrari Way,38137,1338,39475,0,38137,1338,0,0
2025-10-21,2,The Federal Reserve,58246,555,58801,0,58246,555,0,0
2025-10-21,3,Golden Hour,36744,1430,38174,0,36744,1430,0,0
2025-10-21,4,Lisan al-Caleb,29692,5459,35151,0,29692,5459,0,1
2025-10-21,5,Mommy Rainier,26993,1162,28155,0,26993,1162,0,2
2025-10-21,6,Mostly Washed,38727,203,38930,0,38727,203,0,0
2025-10-21,7,Cártel de Breece y Puka,39948,57,40005,0,39948,57,0,0
2025-10-21,8,Loading…,37487,8639,46126,0,37487,8639,0,2
2025-10-21,9,Gaeta Spur FC,22964,10817,33781,0,22964,10817,0,1
2025-10-21,10,Rashid Shaheed Truthers,31284,2759,34043,0,31284,2759,0,0
2025-10-21,11,All You Need Is LOVE,30373,10004,40377,0,30373,10004,0,1
2025-10-21,12,Omar Comin,44199,105,44304,0,44199,105,0,0
2025-10-22,1,208 Ferrari Way,38137,1338,39475,0,38137,1338,0,0
2025-10-22,2,The Federal Reserve,58246,555,58801,0,58246,555,0,0
2025-10-22,3,Golden Hour,36744,1430,38174,0,36744,1430,0,0
2025-10-22,4,Lisan al-Caleb,29692,5459,35151,0,29692,5459,0,1
2025-10-22,5,Mommy Rainier,26993,1162,28155,0,26993,1162,0,2
2025-10-22,6,Mostly Washed,38727,203,38930,0,38727,203,0,0
2025-10-22,7,Cártel de Breece y Puka,39948,57,40005,0,39948,57,0,1
2025-10-22,8,Loading…,37487,8639,46126,0,37487,8639,0,2
2025-10-22,9,Gaeta Spur FC,22964,10817,33781,0,22964,10817,0,1
2025-10-22,10,Rashid Shaheed Truthers,31284,2759,34043,0,31284,2759,0,0
2025-10-22,11,All You Need Is LOVE,30373,10004,40377,0,30373,10004,0,1
2025-10-22,12,Omar Comin,44199,105,44304,0,44199,105,0,0
2025-10-23,1,208 Ferrari Way,38137,1338,39475,0,38137,1338,0,0
2025-10-23,2,The Federal Reserve,58246,555,58801,0,58246,555,0,0
2025-10-23,3,Golden Hour,36744,1430,38174,0,36744,1430,0,0
2025-10-23,4,Lisan al-Caleb,22963,11511,34474,0,22963,11511,0,1
2025-10-23,5,Mommy Rainier,26293,1204,27497,0,26293,1204,0,1
2025-10-23,6,Mostly Washed,38727,203,38930,0,38727,203,0,0
2025-10-23,7,Cártel de Breece y Puka,41569,30,41599,0,41569,30,0,1
2025-10-23,8,Loading…,44216,2587,46803,0,44216,2587,0,1
2025-10-23,9,Gaeta Spur FC,22043,10802,32845,0,22043,10802,0,1
2025-10-23,10,Rashid Shaheed Truthers,31284,2759,34043,0,31284,2759,0,0
2025-10-23,11,All You Need Is LOVE,30373,10004,40377,0,30373,10004,0,1
2025-10-23,12,Omar Comin,44199,105,44304,0,44199,105,0,0
2025-10-24,1,208 Ferrari Way,40471,1343,41814,40467,4,1343,0,0
2025-10-24,2,The Federal Reserve,59529,548,60077,59527,2,548,0,0
2025-10-24,3,Golden Hour,38254,1434,39688,38252,2,1434,0,0
2025-10-24,4,Lisan al-Caleb,22405,11672,34077,22394,11,11672,0,1
2025-10-24,5,Mommy Rainier,25749,1187,26936,25720,29,1187,0,2
2025-10-24,6,Mostly Washed,38122,200,38322,38118,4,200,0,0
2025-10-24,7,Cártel de Breece y Puka,42171,30,42201,42170,1,30,0,0
2025-10-24,8,Loading…,41648,2618,44266,41648,0,2618,0,1
2025-10-24,9,Gaeta Spur FC,18418,10926,29344,18416,2,10926,0,1
2025-10-24,10,Rashid Shaheed Truthers,32711,2785,35496,32710,1,2785,0,0
2025-10-24,11,All You Need Is LOVE,29198,10114,39312,29198,0,10114,0,1
2025-10-24,12,Omar Comin,48836,103,48939,48836,0,103,0,0
2025-10-25,1,208 Ferrari Way,40467,1343,41810,0,40467,1343,0,1
2025-10-25,2,The Federal Reserve,59527,548,60075,0,59527,548,0,1
2025-10-25,3,Golden Hour,38249,1434,39683,0,38249,1434,0,1
2025-10-25,4,Lisan al-Caleb,22394,11672,34066,0,22394,11672,0,5
2025-10-25,5,Mommy Rainier,25720,1187,26907,0,25720,1187,0,6
2025-10-25,6,Mostly Washed,38118,200,38318,0,38118,200,0,1
2025-10-25,7,Cártel de Breece y Puka,42170,30,42200,0,42170,30,0,1
2025-10-25,8,Loading…,41648,2618,44266,0,41648,2618,0,1
2025-10-25,9,Gaeta Spur FC,18416,10926,29342,0,18416,10926,0,2
2025-10-25,10,Rashid Shaheed Truthers,32710,2785,35495,0,32710,2785,0,1
2025-10-25,11,All You Need Is LOVE,29198,10114,39312,0,29198,10114,0,1
2025-10-25,12,Omar Comin,48836,103,48939,0,48836,103,0,0
2025-10-26,1,208 Ferrari Way,40467,1343,41810,0,40467,1343,0,1
2025-10-26,2,The Federal Reserve,59527,548,60075,0,59527,548,0,1
2025-10-26,3,Golden Hour,38249,1434,39683,0,38249,1434,0,1
2025-10-26,4,Lisan al-Caleb,22394,11672,34066,0,22394,11672,0,5
2025-10-26,5,Mommy Rainier,25720,1187,26907,0,25720,1187,0,6
2025-10-26,6,Mostly Washed,38118,200,38318,0,38118,200,0,1
2025-10-26,7,Cártel de Breece y Puka,42170,30,42200,0,42170,30,0,1
2025-10-26,8,Loading…,41648,2618,44266,0,41648,2618,0,1
2025-10-26,9,Gaeta Spur FC,18416,10926,29342,0,18416,10926,0,2
2025-10-26,10,Rashid Shaheed Truthers,32710,2785,35495,0,32710,2785,0,1
2025-10-26,11,All You Need Is LOVE,29198,10114,39312,0,29198,10114,0,1
2025-10-26,12,Omar Comin,48836,103,48939,0,48836,103,0,0
2025-10-27,1,208 Ferrari Way,40467,1343,41810,0,40467,1343,0,1
2025-10-27,2,The Federal Reserve,59527,548,60075,0,59527,548,0,1
2025-10-27,3,Golden Hour,38249,1434,39683,0,38249,1434,0,1
2025-10-27,4,Lisan al-Caleb,22394,11672,34066,0,22394,11672,0,5
2025-10-27,5,Mommy Rainier,25720,1187,26907,0,25720,1187,0,6
2025-10-27,6,Mostly Washed,38118,200,38318,0,38118,200,0,1
2025-10-27,7,Cártel de Breece y Puka,42170,30,42200,0,42170,30,0,1
2025-10-27,8,Loading…,41648,2618,44266,0,41648,2618,0,1
2025-10-27,9,Gaeta Spur FC,18416,10926,29342,0,18416,10926,0,2
2025-10-27,10,Rashid Shaheed Truthers,32710,2785,35495,0,32710,2785,0,1
2025-10-27,11,All You Need Is LOVE,29198,10114,39312,0,29198,10114,0,1
2025-10-27,12,Omar Comin,48836,103,48939,0,48836,103,0,0
2025-10-28,1,208 Ferrari Way,40467,1343,41810,0,40467,1343,0,1
2025-10-28,2,The Federal Reserve,56655,548,57203,0,56655,548,0,1
2025-10-28,3,Golden Hour,38249,1434,39683,0,38249,1434,0,1
2025-10-28,4,Lisan al-Caleb,22394,11672,34066,0,22394,11672,0,5
2025-10-28,5,Mommy Rainier,25720,1187,26907,0,25720,1187,0,6
2025-10-28,6,Mostly Washed,38118,200,38318,0,38118,200,0,1
2025-10-28,7,Cártel de Breece y Puka,42170,30,42200,0,42170,30,0,1
2025-10-28,8,Loading…,41648,2618,44266,0,41648,2618,0,1
2025-10-28,9,Gaeta Spur FC,18416,10926,29342,0,18416,10926,0,2
2025-10-28,10,Rashid Shaheed Truthers,32710,2785,35495,0,32710,2785,0,1
2025-10-28,11,All You Need Is LOVE,29198,10114,39312,0,29198,10114,0,1
2025-10-28,12,Omar Comin,51708,103,51811,0,51708,103,0,0
2025-10-29,1,208 Ferrari Way,40467,1343,41810,0,40467,1343,0,1
2025-10-29,2,The Federal Reserve,56655,548,57203,0,56655,548,0,2
2025-10-29,3,Golden Hour,38249,1434,39683,0,38249,1434,0,1
2025-10-29,4,Lisan al-Caleb,22394,11672,34066,0,22394,11672,0,5
2025-10-29,5,Mommy Rainier,25720,1187,26907,0,25720,1187,0,6
2025-10-29,6,Mostly Washed,38118,200,38318,0,38118,200,0,1
2025-10-29,7,Cártel de Breece y Puka,42167,30,42197,0,42167,30,0,2
2025-10-29,8,Loading…,41670,2618,44288,0,41670,2618,0,0
2025-10-29,9,Gaeta Spur FC,18435,10926,29361,0,18435,10926,0,1
2025-10-29,10,Rashid Shaheed Truthers,32710,2785,35495,0,32710,2785,0,1
2025-10-29,11,All You Need Is LOVE,29211,10114,39325,0,29211,10114,0,1
2025-10-29,12,Omar Comin,51670,103,51773,0,51670,103,0,0
2025-10-30,1,208 Ferrari Way,40467,1343,41810,0,40467,1343,0,1
2025-10-30,2,The Federal Reserve,56655,548,57203,0,56655,548,0,2
2025-10-30,3,Golden Hour,38249,1434,39683,0,38249,1434,0,1
2025-10-30,4,Lisan al-Caleb,22394,11672,34066,0,22394,11672,0,5
2025-10-30,5,Mommy Rainier,25720,1187,26907,0,25720,1187,0,6
2025-10-30,6,Mostly Washed,38118,200,38318,0,38118,200,0,1
2025-10-30,7,Cártel de Breece y Puka,42167,30,42197,0,42167,30,0,2
2025-10-30,8,Loading…,41670,2618,44288,0,41670,2618,0,0
2025-10-30,9,Gaeta Spur FC,18435,10926,29361,0,18435,10926,0,1
2025-10-30,10,Rashid Shaheed Truthers,32710,2785,35495,0,32710,2785,0,1
2025-10-30,11,All You Need Is LOVE,29211,10114,39325,0,29211,10114,0,1
2025-10-30,12,Omar Comin,51670,103,51773,0,51670,103,0,0
2025-10-31,1,208 Ferrari Way,41945,1358,43303,41945,0,1358,0,0
2025-10-31,2,The Federal Reserve,56675,557,57232,56675,0,557,0,0
2025-10-31,3,Golden Hour,36980,1450,38430,36980,0,1450,0,0
2025-10-31,4,Lisan al-Caleb,21579,11687,33266,21579,0,11687,0,1
2025-10-31,5,Mommy Rainier,26009,1207,27216,26009,0,1207,0,3
2025-10-31,6,Mostly Washed,37210,203,37413,37210,0,203,0,0
2025-10-31,7,Cártel de Breece y Puka,42746,30,42776,42746,0,30,0,0
2025-10-31,8,Loading…,41293,2632,43925,41293,0,2632,0,0
2025-10-31,9,Gaeta Spur FC,20007,10975,30982,20007,0,10975,0,0
2025-10-31,10,Rashid Shaheed Truthers,32755,2801,35556,32755,0,2801,0,1
2025-10-31,11,All You Need Is LOVE,29148,10160,39308,29148,0,10160,0,0
2025-10-31,12,Omar Comin,53923,104,54027,53923,0,104,0,0
2025-11-01,1,208 Ferrari Way,42246,1358,43604,0,42246,1358,0,0
2025-11-01,2,The Federal Reserve,56675,557,57232,0,56675,557,0,0
2025-11-01,3,Golden Hour,36980,1450,38430,0,36980,1450,0,0
2025-11-01,4,Lisan al-Caleb,21251,11687,32938,0,21251,11687,0,2
2025-11-01,5,Mommy Rainier,26009,1207,27216,0,26009,1207,0,3
2025-11-01,6,Mostly Washed,37210,203,37413,0,37210,203,0,0
2025-11-01,7,Cártel de Breece y Puka,42746,30,42776,0,42746,30,0,0
2025-11-01,8,Loading…,41293,2632,43925,0,41293,2632,0,0
2025-11-01,9,Gaeta Spur FC,20007,10975,30982,0,20007,10975,0,0
2025-11-01,10,Rashid Shaheed Truthers,32755,2801,35556,0,32755,2801,0,1
2025-11-01,11,All You Need Is LOVE,29148,10160,39308,0,29148,10160,0,0
2025-11-01,12,Omar Comin,53923,104,54027,0,53923,104,0,0
2025-11-02,1,208 Ferrari Way,42246,1358,43604,0,42246,1358,0,0
2025-11-02,2,The Federal Reserve,56675,557,57232,0,56675,557,0,0
2025-11-02,3,Golden Hour,36980,1450,38430,0,36980,1450,0,0
2025-11-02,4,Lisan al-Caleb,21251,11687,32938,0,21251,11687,0,2
2025-11-02,5,Mommy Rainier,26009,1207,27216,0,26009,1207,0,3
2025-11-02,6,Mostly Washed,37210,203,37413,0,37210,203,0,0
2025-11-02,7,Cártel de Breece y Puka,42204,30,42234,0,42204,30,0,0
2025-11-02,8,Loading…,41789,2632,44421,0,41789,2632,0,0
2025-11-02,9,Gaeta Spur FC,20007,10975,30982,0,20007,10975,0,0
2025-11-02,10,Rashid Shaheed Truthers,32755,2801,35556,0,32755,2801,0,1
2025-11-02,11,All You Need Is LOVE,29148,10160,39308,0,29148,10160,0,0
2025-11-02,12,Omar Comin,53923,104,54027,0,53923,104,0,0
2025-11-03,1,208 Ferrari Way,42246,1358,43604,0,42246,1358,0,0
2025-11-03,2,The Federal Reserve,56675,557,57232,0,56675,557,0,0
2025-11-03,3,Golden Hour,36980,1450,38430,0,36980,1450,0,0
2025-11-03,4,Lisan al-Caleb,21251,11687,32938,0,21251,11687,0,2
2025-11-03,5,Mommy Rainier,26009,1207,27216,0,26009,1207,0,3
2025-11-03,6,Mostly Washed,37210,203,37413,0,37210,203,0,0
2025-11-03,7,Cártel de Breece y Puka,42204,30,42234,0,42204,30,0,0
2025-11-03,8,Loading…,41789,2632,44421,0,41789,2632,0,0
2025-11-03,9,Gaeta Spur FC,20007,10975,30982,0,20007,10975,0,0
2025-11-03,10,Rashid Shaheed Truthers,32755,2801,35556,0,32755,2801,0,1
2025-11-03,11,All You Need Is LOVE,29148,10160,39308,0,29148,10160,0,0
2025-11-03,12,Omar Comin,53923,104,54027,0,53923,104,0,0
2025-11-04,1,208 Ferrari Way,42246,1358,43604,0,42246,1358,0,0
2025-11-04,2,The Federal Reserve,56675,557,57232,0,56675,557,0,0
2025-11-04,3,Golden Hour,36980,1450,38430,0,36980,1450,0,0
2025-11-04,4,Lisan al-Caleb,21251,11687,32938,0,21251,11687,0,2
2025-11-04,5,Mommy Rainier,26009,1207,27216,0,26009,1207,0,3
2025-11-04,6,Mostly Washed,37210,203,37413,0,37210,203,0,0
2025-11-04,7,Cártel de Breece y Puka,42204,30,42234,0,42204,30,0,0
2025-11-04,8,Loading…,41789,2632,44421,0,41789,2632,0,0
2025-11-04,9,Gaeta Spur FC,20007,10975,30982,0,20007,10975,0,0
2025-11-04,10,Rashid Shaheed Truthers,32755,2801,35556,0,32755,2801,0,1
2025-11-04,11,All You Need Is LOVE,29148,10160,39308,0,29148,10160,0,0
2025-11-04,12,Omar Comin,53923,104,54027,0,53923,104,0,0
2025-11-05,1,208 Ferrari Way,42246,1358,43604,0,42246,1358,0,0
2025-11-05,2,The Federal Reserve,56675,557,57232,0,56675,557,0,0
2025-11-05,3,Golden Hour,36980,1450,38430,0,36980,1450,0,0
2025-11-05,4,Lisan al-Caleb,21251,11687,32938,0,21251,11687,0,2
2025-11-05,5,Mommy Rainier,26011,1207,27218,0,26011,1207,0,3
2025-11-05,6,Mostly Washed,37210,203,37413,0,37210,203,0,0
2025-11-05,7,Cártel de Breece y Puka,42201,30,42231,0,42201,30,0,0
2025-11-05,8,Loading…,41817,2632,44449,0,41817,2632,0,0
2025-11-05,9,Gaeta Spur FC,20007,10975,30982,0,20007,10975,0,0
2025-11-05,10,Rashid Shaheed Truthers,32787,2801,35588,0,32787,2801,0,1
2025-11-05,11,All You Need Is LOVE,29148,10160,39308,0,29148,10160,0,0
2025-11-05,12,Omar Comin,53923,104,54027,0,53923,104,0,0
2025-11-06,1,208 Ferrari Way,42246,1358,43604,0,42246,1358,0,0
2025-11-06,2,The Federal Reserve,56675,557,57232,0,56675,557,0,0
2025-11-06,3,Golden Hour,36980,1450,38430,0,36980,1450,0,0
2025-11-06,4,Lisan al-Caleb,21264,11687,32951,0,21264,11687,0,1
2025-11-06,5,Mommy Rainier,26011,1207,27218,0,26011,1207,0,3
2025-11-06,6,Mostly Washed,37210,203,37413,0,37210,203,0,0
2025-11-06,7,Cártel de Breece y Puka,42201,30,42231,0,42201,30,0,0
2025-11-06,8,Loading…,41817,2632,44449,0,41817,2632,0,0
2025-11-06,9,Gaeta Spur FC,20007,10975,30982,0,20007,10975,0,0
2025-11-06,10,Rashid Shaheed Truthers,32787,2801,35588,0,32787,2801,0,1
2025-11-06,11,All You Need Is LOVE,29148,10160,39308,0,29148,10160,0,0
2025-11-06,12,Omar Comin,53923,104,54027,0,53923,104,0,0
2025-11-07,1,208 Ferrari Way,41601,1390,42991,41598,3,1390,0,0
2025-11-07,2,The Federal Reserve,53336,564,53900,53332,4,564,0,0
2025-11-07,3,Golden Hour,36401,1483,37884,36399,2,1483,0,0
2025-11-07,4,Lisan al-Caleb,20370,12207,32577,20361,9,12207,0,1
2025-11-07,5,Mommy Rainier,25345,1222,26567,25340,5,1222,0,3
2025-11-07,6,Mostly Washed,38009,205,38214,38009,0,205,0,0
2025-11-07,7,Cártel de Breece y Puka,43869,30,43899,43865,4,30,0,0
2025-11-07,8,Loading…,39809,2722,42531,39809,0,2722,0,0
2025-11-07,9,Gaeta Spur FC,20298,11384,31682,20294,4,11384,0,0
2025-11-07,10,Rashid Shaheed Truthers,33322,2894,36216,33322,0,2894,0,1
2025-11-07,11,All You Need Is LOVE,29929,10538,40467,29928,1,10538,0,0
2025-11-07,12,Omar Comin,58856,105,58961,58856,0,105,0,0
2025-11-08,1,208 Ferrari Way,41598,1390,42988,0,41598,1390,0,1
2025-11-08,2,The Federal Reserve,53332,564,53896,0,53332,564,0,2
2025-11-08,3,Golden Hour,36399,1483,37882,0,36399,1483,0,1
2025-11-08,4,Lisan al-Caleb,20361,12207,32568,0,20361,12207,0,4
2025-11-08,5,Mommy Rainier,25340,1222,26562,0,25340,1222,0,5
2025-11-08,6,Mostly Washed,38009,205,38214,0,38009,205,0,0
2025-11-08,7,Cártel de Breece y Puka,43865,30,43895,0,43865,30,0,2
2025-11-08,8,Loading…,39809,2722,42531,0,39809,2722,0,0
2025-11-08,9,Gaeta Spur FC,20294,11384,31678,0,20294,11384,0,1
2025-11-08,10,Rashid Shaheed Truthers,33322,2894,36216,0,33322,2894,0,1
2025-11-08,11,All You Need Is LOVE,29928,10538,40466,0,29928,10538,0,1
2025-11-08,12,Omar Comin,58856,105,58961,0,58856,105,0,0
2025-11-09,1,208 Ferrari Way,41598,1390,42988,0,41598,1390,0,1
2025-11-09,2,The Federal Reserve,53332,564,53896,0,53332,564,0,2
2025-11-09,3,Golden Hour,36399,1483,37882,0,36399,1483,0,1
2025-11-09,4,Lisan al-Caleb,20361,12207,32568,0,20361,12207,0,4
2025-11-09,5,Mommy Rainier,25367,1222,26589,0,25367,1222,0,4
2025-11-09,6,Mostly Washed,38009,205,38214,0,38009,205,0,0
2025-11-09,7,Cártel de Breece y Puka,43865,30,43895,0,43865,30,0,2
2025-11-09,8,Loading…,39809,2722,42531,0,39809,2722,0,0
2025-11-09,9,Gaeta Spur FC,20294,11384,31678,0,20294,11384,0,1
2025-11-09,10,Rashid Shaheed Truthers,33322,2894,36216,0,33322,2894,0,1
2025-11-09,11,All You Need Is LOVE,29928,10538,40466,0,29928,10538,0,1
2025-11-09,12,Omar Comin,58856,105,58961,0,58856,105,0,0
2025-11-10,1,208 Ferrari Way,41598,1390,42988,0,41598,1390,0,1
2025-11-10,2,The Federal Reserve,53332,564,53896,0,53332,564,0,2
2025-11-10,3,Golden Hour,36399,1483,37882,0,36399,1483,0,1
2025-11-10,4,Lisan al-Caleb,20361,12207,32568,0,20361,12207,0,4
2025-11-10,5,Mommy Rainier,25367,1222,26589,0,25367,1222,0,4
2025-11-10,6,Mostly Washed,38009,205,38214,0,38009,205,0,0
2025-11-10,7,Cártel de Breece y Puka,43865,30,43895,0,43865,30,0,2
2025-11-10,8,Loading…,39809,2722,42531,0,39809,2722,0,0
2025-11-10,9,Gaeta Spur FC,20294,11384,31678,0,20294,11384,0,1
2025-11-10,10,Rashid Shaheed Truthers,33322,2894,36216,0,33322,2894,0,1
2025-11-10,11,All You Need Is LOVE,29928,10538,40466,0,29928,10538,0,1
2025-11-10,12,Omar Comin,58856,105,58961,0,58856,105,0,0
2025-11-11,1,208 Ferrari Way,41598,1390,42988,0,41598,1390,0,1
2025-11-11,2,The Federal Reserve,53372,486,53858,0,53372,486,0,2
2025-11-11,3,Golden Hour,36399,1483,37882,0,36399,1483,0,1
2025-11-11,4,Lisan al-Caleb,20361,12207,32568,0,20361,12207,0,4
2025-11-11,5,Mommy Rainier,25327,1300,26627,0,25327,1300,0,4
2025-11-11,6,Mostly Washed,38009,205,38214,0,38009,205,0,0
2025-11-11,7,Cártel de Breece y Puka,43865,30,43895,0,43865,30,0,2
2025-11-11,8,Loading…,39809,2722,42531,0,39809,2722,0,0
2025-11-11,9,Gaeta Spur FC,20294,11384,31678,0,20294,11384,0,1
2025-11-11,10,Rashid Shaheed Truthers,33322,2894,36216,0,33322,2894,0,1
2025-11-11,11,All You Need Is LOVE,29928,10538,40466,0,29928,10538,0,1
2025-11-11,12,Omar Comin,58856,105,58961,0,58856,105,0,0
2025-11-12,1,208 Ferrari Way,44208,136,44344,0,44208,136,0,1
2025-11-12,2,The Federal Reserve,53810,62,53872,0,53810,62,0,1
2025-11-12,3,Golden Hour,36399,1483,37882,0,36399,1483,0,1
2025-11-12,4,Lisan al-Caleb,18799,12207,31006,0,18799,12207,0,4
2025-11-12,5,Mommy Rainier,25327,1300,26627,0,25327,1300,0,4
2025-11-12,6,Mostly Washed,38009,205,38214,0,38009,205,0,0
2025-11-12,7,Cártel de Breece y Puka,45411,30,45441,0,45411,30,0,2
2025-11-12,8,Loading…,38875,2894,41769,0,38875,2894,0,1
2025-11-12,9,Gaeta Spur FC,20291,11701,31992,0,20291,11701,0,1
2025-11-12,10,Rashid Shaheed Truthers,33322,2894,36216,0,33322,2894,0,1
2025-11-12,11,All You Need Is LOVE,27283,11792,39075,0,27283,11792,0,1
2025-11-12,12,Omar Comin,59295,40,59335,0,59295,40,0,0
2025-11-13,1,208 Ferrari Way,44208,136,44344,0,44208,136,0,1
2025-11-13,2,The Federal Reserve,53810,62,53872,0,53810,62,0,1
2025-11-13,3,Golden Hour,36399,1483,37882,0,36399,1483,0,1
2025-11-13,4,Lisan al-Caleb,18799,12207,31006,0,18799,12207,0,4
2025-11-13,5,Mommy Rainier,25327,1300,26627,0,25327,1300,0,4
2025-11-13,6,Mostly Washed,38009,205,38214,0,38009,205,0,0
2025-11-13,7,Cártel de Breece y Puka,45411,30,45441,0,45411,30,0,2
2025-11-13,8,Loading…,38875,2894,41769,0,38875,2894,0,1
2025-11-13,9,Gaeta Spur FC,20293,11701,31994,0,20293,11701,0,1
2025-11-13,10,Rashid Shaheed Truthers,33322,2894,36216,0,33322,2894,0,1
2025-11-13,11,All You Need Is LOVE,27283,11792,39075,0,27283,11792,0,1
2025-11-13,12,Omar Comin,59295,40,59335,0,59295,40,0,0
2025-11-14,1,208 Ferrari Way,46463,142,46605,46463,0,142,0,0
2025-11-14,2,The Federal Reserve,56022,66,56088,56022,0,66,0,0
2025-11-14,3,Golden Hour,35868,1524,37392,35868,0,1524,0,0
2025-11-14,4,Lisan al-Caleb,18882,12370,31252,18882,0,12370,0,0
2025-11-14,5,Mommy Rainier,28231,1354,29585,28231,0,1354,0,2
2025-11-14,6,Mostly Washed,33819,215,34034,33819,0,215,0,0
2025-11-14,7,Cártel de Breece y Puka,44859,32,44891,44857,2,32,0,0
2025-11-14,8,Loading…,46841,2953,49794,46841,0,2953,0,0
2025-11-14,9,Gaeta Spur FC,20918,11912,32830,20918,0,11912,0,0
2025-11-14,10,Rashid Shaheed Truthers,32355,2953,35308,32355,0,2953,0,0
2025-11-14,11,All You Need Is LOVE,25298,12011,37309,25298,0,12011,0,2
2025-11-14,12,Omar Comin,54544,44,54588,54544,0,44,0,0
2025-11-15,1,208 Ferrari Way,46463,142,46605,0,46463,142,0,0
2025-11-15,2,The Federal Reserve,56022,66,56088,0,56022,66,0,0
2025-11-15,3,Golden Hour,35868,1524,37392,0,35868,1524,0,0
2025-11-15,4,Lisan al-Caleb,18882,12370,31252,0,18882,12370,0,0
2025-11-15,5,Mommy Rainier,28231,1354,29585,0,28231,1354,0,2
2025-11-15,6,Mostly Washed,33819,215,34034,0,33819,215,0,0
2025-11-15,7,Cártel de Breece y Puka,44857,32,44889,0,44857,32,0,1
2025-11-15,8,Loading…,46841,2953,49794,0,46841,2953,0,0
2025-11-15,9,Gaeta Spur FC,20918,11912,32830,0,20918,11912,0,0
2025-11-15,10,Rashid Shaheed Truthers,32355,2953,35308,0,32355,2953,0,0
2025-11-15,11,All You Need Is LOVE,25298,12011,37309,0,25298,12011,0,2
2025-11-15,12,Omar Comin,54544,44,54588,0,54544,44,0,0
2025-11-16,1,208 Ferrari Way,46463,142,46605,0,46463,142,0,0
2025-11-16,2,The Federal Reserve,56022,66,56088,0,56022,66,0,0
2025-11-16,3,Golden Hour,35868,1524,37392,0,35868,1524,0,0
2025-11-16,4,Lisan al-Caleb,18882,12370,31252,0,18882,12370,0,0
2025-11-16,5,Mommy Rainier,28231,1354,29585,0,28231,1354,0,2
2025-11-16,6,Mostly Washed,33819,215,34034,0,33819,215,0,0
2025-11-16,7,Cártel de Breece y Puka,44857,32,44889,0,44857,32,0,1
2025-11-16,8,Loading…,46841,2953,49794,0,46841,2953,0,0
2025-11-16,9,Gaeta Spur FC,20921,11912,32833,0,20921,11912,0,0
2025-11-16,10,Rashid Shaheed Truthers,32355,2953,35308,0,32355,2953,0,1
2025-11-16,11,All You Need Is LOVE,25298,12011,37309,0,25298,12011,0,2
2025-11-16,12,Omar Comin,54544,44,54588,0,54544,44,0,0
2025-11-17,1,208 Ferrari Way,46463,142,46605,0,46463,142,0,0
2025-11-17,2,The Federal Reserve,56022,66,56088,0,56022,66,0,0
2025-11-17,3,Golden Hour,35868,1524,37392,0,35868,1524,0,0
2025-11-17,4,Lisan al-Caleb,18882,12370,31252,0,18882,12370,0,0
2025-11-17,5,Mommy Rainier,28231,1354,29585,0,28231,1354,0,2
2025-11-17,6,Mostly Washed,33819,215,34034,0,33819,215,0,0
2025-11-17,7,Cártel de Breece y Puka,44857,32,44889,0,44857,32,0,1
2025-11-17,8,Loading…,46841,2953,49794,0,46841,2953,0,0
2025-11-17,9,Gaeta Spur FC,20921,11912,32833,0,20921,11912,0,0
2025-11-17,10,Rashid Shaheed Truthers,32355,2953,35308,0,32355,2953,0,1
2025-11-17,11,All You Need Is LOVE,25298,12011,37309,0,25298,12011,0,2
2025-11-17,12,Omar Comin,54544,44,54588,0,54544,44,0,0
2025-11-18,1,208 Ferrari Way,46463,142,46605,0,46463,142,0,0
2025-11-18,2,The Federal Reserve,55883,82,55965,0,55883,82,0,0
2025-11-18,3,Golden Hour,37144,1331,38475,0,37144,1331,0,0
2025-11-18,4,Lisan al-Caleb,18776,12370,31146,0,18776,12370,0,0
2025-11-18,5,Mommy Rainier,28231,1354,29585,0,28231,1354,0,2
2025-11-18,6,Mostly Washed,33819,215,34034,0,33819,215,0,0
2025-11-18,7,Cártel de Breece y Puka,44857,32,44889,0,44857,32,0,1
2025-11-18,8,Loading…,46916,2953,49869,0,46916,2953,0,0
2025-11-18,9,Gaeta Spur FC,19645,12105,31750,0,19645,12105,0,0
2025-11-18,10,Rashid Shaheed Truthers,32355,2953,35308,0,32355,2953,0,1
2025-11-18,11,All You Need Is LOVE,25437,11995,37432,0,25437,11995,0,1
2025-11-18,12,Omar Comin,54543,44,54587,0,54543,44,0,0
2025-11-19,1,208 Ferrari Way,46463,142,46605,0,46463,142,0,0
2025-11-19,2,The Federal Reserve,55886,82,55968,0,55886,82,0,0
2025-11-19,3,Golden Hour,37144,1331,38475,0,37144,1331,0,0
2025-11-19,4,Lisan al-Caleb,18776,12370,31146,0,18776,12370,0,0
2025-11-19,5,Mommy Rainier,28232,1354,29586,0,28232,1354,0,2
2025-11-19,6,Mostly Washed,33821,215,34036,0,33821,215,0,0
2025-11-19,7,Cártel de Breece y Puka,44857,32,44889,0,44857,32,0,1
2025-11-19,8,Loading…,46916,2953,49869,0,46916,2953,0,0
2025-11-19,9,Gaeta Spur FC,19647,12105,31752,0,19647,12105,0,1
2025-11-19,10,Rashid Shaheed Truthers,32355,2953,35308,0,32355,2953,0,1
2025-11-19,11,All You Need Is LOVE,25437,11995,37432,0,25437,11995,0,1
2025-11-19,12,Omar Comin,54560,44,54604,0,54560,44,0,0
2025-11-20,1,208 Ferrari Way,46463,142,46605,0,46463,142,0,0
2025-11-20,2,The Federal Reserve,55886,82,55968,0,55886,82,0,0
2025-11-20,3,Golden Hour,37144,1331,38475,0,37144,1331,0,0
2025-11-20,4,Lisan al-Caleb,18776,12370,31146,0,18776,12370,0,0
2025-11-20,5,Mommy Rainier,28234,1354,29588,0,28234,1354,0,1
2025-11-20,6,Mostly Washed,33821,215,34036,0,33821,215,0,0
2025-11-20,7,Cártel de Breece y Puka,44857,32,44889,0,44857,32,0,1
2025-11-20,8,Loading…,46916,2953,49869,0,46916,2953,0,0
2025-11-20,9,Gaeta Spur FC,19647,12105,31752,0,19647,12105,0,1
2025-11-20,10,Rashid Shaheed Truthers,32355,2953,35308,0,32355,2953,0,1
2025-11-20,11,All You Need Is LOVE,25437,11995,37432,0,25437,11995,0,1
2025-11-20,12,Omar Comin,54560,44,54604,0,54560,44,0,0
2025-11-21,1,208 Ferrari Way,45257,138,45395,45257,0,138,0,0
2025-11-21,2,The Federal Reserve,56035,77,56112,56035,0,77,0,0
2025-11-21,3,Golden Hour,37426,1331,38757,37426,0,1331,0,0
2025-11-21,4,Lisan al-Caleb,19034,12509,31543,19034,0,12509,0,0
2025-11-21,5,Mommy Rainier,25968,1332,27300,25968,0,1332,0,1
2025-11-21,6,Mostly Washed,36171,210,36381,36171,0,210,0,0
2025-11-21,7,Cártel de Breece y Puka,46389,30,46419,46389,0,30,0,1
2025-11-21,8,Loading…,38224,2966,41190,38224,0,2966,0,0
2025-11-21,9,Gaeta Spur FC,17886,12187,30073,17884,2,12187,0,0
2025-11-21,10,Rashid Shaheed Truthers,33308,2964,36272,33308,0,2964,0,0
2025-11-21,11,All You Need Is LOVE,26872,12076,38948,26872,0,12076,0,0
2025-11-21,12,Omar Comin,56027,40,56067,56027,0,40,0,0
2025-11-22,1,208 Ferrari Way,45257,138,45395,0,45257,138,0,0
2025-11-22,2,The Federal Reserve,56035,77,56112,0,56035,77,0,0
2025-11-22,3,Golden Hour,37426,1331,38757,0,37426,1331,0,0
2025-11-22,4,Lisan al-Caleb,19034,12509,31543,0,19034,12509,0,0
2025-11-22,5,Mommy Rainier,25968,1332,27300,0,25968,1332,0,1
2025-11-22,6,Mostly Washed,36171,210,36381,0,36171,210,0,0
2025-11-22,7,Cártel de Breece y Puka,46389,30,46419,0,46389,30,0,1
2025-11-22,8,Loading…,38224,2966,41190,0,38224,2966,0,0
2025-11-22,9,Gaeta Spur FC,17884,12187,30071,0,17884,12187,0,1
2025-11-22,10,Rashid Shaheed Truthers,33308,2964,36272,0,33308,2964,0,0
2025-11-22,11,All You Need Is LOVE,26872,12076,38948,0,26872,12076,0,0
2025-11-22,12,Omar Comin,56027,40,56067,0,56027,40,0,0
2025-11-23,1,208 Ferrari Way,45257,138,45395,0,45257,138,0,0
2025-11-23,2,The Federal Reserve,56035,77,56112,0,56035,77,0,0
2025-11-23,3,Golden Hour,37426,1331,38757,0,37426,1331,0,0
2025-11-23,4,Lisan al-Caleb,19034,12509,31543,0,19034,12509,0,0
2025-11-23,5,Mommy Rainier,25968,1332,27300,0,25968,1332,0,1
2025-11-23,6,Mostly Washed,36171,210,36381,0,36171,210,0,0
2025-11-23,7,Cártel de Breece y Puka,46389,30,46419,0,46389,30,0,1
2025-11-23,8,Loading…,38224,2966,41190,0,38224,2966,0,0
2025-11-23,9,Gaeta Spur FC,17884,12187,30071,0,17884,12187,0,1
2025-11-23,10,Rashid Shaheed Truthers,33308,2964,36272,0,33308,2964,0,0
2025-11-23,11,All You Need Is LOVE,26872,12076,38948,0,26872,12076,0,0
2025-11-23,12,Omar Comin,56027,40,56067,0,56027,40,0,0
2025-11-24,1,208 Ferrari Way,45257,138,45395,0,45257,138,0,0
2025-11-24,2,The Federal Reserve,56035,77,56112,0,56035,77,0,0
2025-11-24,3,Golden Hour,37426,1331,38757,0,37426,1331,0,0
2025-11-24,4,Lisan al-Caleb,19034,12509,31543,0,19034,12509,0,0
2025-11-24,5,Mommy Rainier,25968,1332,27300,0,25968,1332,0,1
2025-11-24,6,Mostly Washed,36171,210,36381,0,36171,210,0,0
2025-11-24,7,Cártel de Breece y Puka,46389,30,46419,0,46389,30,0,1
2025-11-24,8,Loading…,38224,2966,41190,0,38224,2966,0,0
2025-11-24,9,Gaeta Spur FC,17884,12187,30071,0,17884,12187,0,1
2025-11-24,10,Rashid Shaheed Truthers,33308,2964,36272,0,33308,2964,0,0
2025-11-24,11,All You Need Is LOVE,26872,12076,38948,0,26872,12076,0,0
2025-11-24,12,Omar Comin,56027,40,56067,0,56027,40,0,0
2025-11-25,1,208 Ferrari Way,45257,138,45395,0,45257,138,0,0
2025-11-25,2,The Federal Reserve,56035,77,56112,0,56035,77,0,0
2025-11-25,3,Golden Hour,37426,1331,38757,0,37426,1331,0,0
2025-11-25,4,Lisan al-Caleb,19034,12509,31543,0,19034,12509,0,0
2025-11-25,5,Mommy Rainier,25966,1332,27298,0,25966,1332,0,1
2025-11-25,6,Mostly Washed,36171,210,36381,0,36171,210,0,0
2025-11-25,7,Cártel de Breece y Puka,46389,30,46419,0,46389,30,0,1
2025-11-25,8,Loading…,38211,2966,41177,0,38211,2966,0,0
2025-11-25,9,Gaeta Spur FC,17884,12187,30071,0,17884,12187,0,1
2025-11-25,10,Rashid Shaheed Truthers,33308,2964,36272,0,33308,2964,0,0
2025-11-25,11,All You Need Is LOVE,26872,12076,38948,0,26872,12076,0,0
2025-11-25,12,Omar Comin,56027,40,56067,0,56027,40,0,0
2025-11-26,1,208 Ferrari Way,45257,138,45395,0,45257,138,0,0
2025-11-26,2,The Federal Reserve,56035,77,56112,0,56035,77,0,0
2025-11-26,3,Golden Hour,37426,1331,38757,0,37426,1331,0,0
2025-11-26,4,Lisan al-Caleb,19034,12509,31543,0,19034,12509,0,0
2025-11-26,5,Mommy Rainier,25966,1332,27298,0,25966,1332,0,1
2025-11-26,6,Mostly Washed,36171,210,36381,0,36171,210,0,0
2025-11-26,7,Cártel de Breece y Puka,46389,30,46419,0,46389,30,0,1
2025-11-26,8,Loading…,38212,2966,41178,0,38212,2966,0,0
2025-11-26,9,Gaeta Spur FC,17885,12187,30072,0,17885,12187,0,1
2025-11-26,10,Rashid Shaheed Truthers,33308,2964,36272,0,33308,2964,0,0
2025-11-26,11,All You Need Is LOVE,26864,12076,38940,0,26864,12076,0,0
2025-11-26,12,Omar Comin,56027,40,56067,0,56027,40,0,0
2025-11-27,1,208 Ferrari Way,45257,138,45395,0,45257,138,0,0
2025-11-27,2,The Federal Reserve,56035,77,56112,0,56035,77,0,0
2025-11-27,3,Golden Hour,37426,1331,38757,0,37426,1331,0,0
2025-11-27,4,Lisan al-Caleb,19034,12509,31543,0,19034,12509,0,0
2025-11-27,5,Mommy Rainier,25966,1332,27298,0,25966,1332,0,1
2025-11-27,6,Mostly Washed,36171,210,36381,0,36171,210,0,0
2025-11-27,7,Cártel de Breece y Puka,46389,30,46419,0,46389,30,0,1
2025-11-27,8,Loading…,38212,2966,41178,0,38212,2966,0,0
2025-11-27,9,Gaeta Spur FC,17887,12187,30074,0,17887,12187,0,0
2025-11-27,10,Rashid Shaheed Truthers,33308,2964,36272,0,33308,2964,0,0
2025-11-27,11,All You Need Is LOVE,26864,12076,38940,0,26864,12076,0,0
2025-11-27,12,Omar Comin,56027,40,56067,0,56027,40,0,0
2025-11-28,1,208 Ferrari Way,45427,139,45566,45427,0,139,0,0
2025-11-28,2,The Federal Reserve,56240,77,56317,56240,0,77,0,0
2025-11-28,3,Golden Hour,37622,1335,38957,37622,0,1335,0,0
2025-11-28,4,Lisan al-Caleb,18997,12541,31538,18997,0,12541,0,0
2025-11-28,5,Mommy Rainier,26480,1332,27812,26480,0,1332,0,1
2025-11-28,6,Mostly Washed,36664,210,36874,36664,0,210,0,0
2025-11-28,7,Cártel de Breece y Puka,45444,30,45474,45444,0,30,0,1
2025-11-28,8,Loading…,39390,2976,42366,39390,0,2976,0,0
2025-11-28,9,Gaeta Spur FC,18243,12219,30462,18243,0,12219,0,0
2025-11-28,10,Rashid Shaheed Truthers,32537,2974,35511,32535,2,2974,0,0
2025-11-28,11,All You Need Is LOVE,26998,12107,39105,26995,3,12107,0,0
2025-11-28,12,Omar Comin,55593,40,55633,55593,0,40,0,0
2025-11-29,1,208 Ferrari Way,45427,139,45566,0,45427,139,0,0
2025-11-29,2,The Federal Reserve,56240,77,56317,0,56240,77,0,0
2025-11-29,3,Golden Hour,37622,1335,38957,0,37622,1335,0,0
2025-11-29,4,Lisan al-Caleb,18997,12541,31538,0,18997,12541,0,0
2025-11-29,5,Mommy Rainier,26480,1332,27812,0,26480,1332,0,1
2025-11-29,6,Mostly Washed,36664,210,36874,0,36664,210,0,0
2025-11-29,7,Cártel de Breece y Puka,45444,30,45474,0,45444,30,0,1
2025-11-29,8,Loading…,39390,2976,42366,0,39390,2976,0,0
2025-11-29,9,Gaeta Spur FC,18243,12219,30462,0,18243,12219,0,0
2025-11-29,10,Rashid Shaheed Truthers,32535,2974,35509,0,32535,2974,0,1
2025-11-29,11,All You Need Is LOVE,26995,12107,39102,0,26995,12107,0,1
2025-11-29,12,Omar Comin,55593,40,55633,0,55593,40,0,0
2025-11-30,1,208 Ferrari Way,45427,139,45566,0,45427,139,0,0
2025-11-30,2,The Federal Reserve,56240,77,56317,0,56240,77,0,0
2025-11-30,3,Golden Hour,37610,1335,38945,0,37610,1335,0,0
2025-11-30,4,Lisan al-Caleb,18997,12541,31538,0,18997,12541,0,0
2025-11-30,5,Mommy Rainier,26480,1332,27812,0,26480,1332,0,1
2025-11-30,6,Mostly Washed,36664,210,36874,0,36664,210,0,0
2025-11-30,7,Cártel de Breece y Puka,45444,30,45474,0,45444,30,0,1
2025-11-30,8,Loading…,39390,2976,42366,0,39390,2976,0,0
2025-11-30,9,Gaeta Spur FC,18243,12219,30462,0,18243,12219,0,0
2025-11-30,10,Rashid Shaheed Truthers,32535,2974,35509,0,32535,2974,0,1
2025-11-30,11,All You Need Is LOVE,26995,12107,39102,0,26995,12107,0,1
2025-11-30,12,Omar Comin,55593,40,55633,0,55593,40,0,0
2025-12-01,1,208 Ferrari Way,45427,139,45566,0,45427,139,0,0
2025-12-01,2,The Federal Reserve,56240,77,56317,0,56240,77,0,0
2025-12-01,3,Golden Hour,37610,1335,38945,0,37610,1335,0,0
2025-12-01,4,Lisan al-Caleb,18997,12541,31538,0,18997,12541,0,0
2025-12-01,5,Mommy Rainier,26480,1332,27812,0,26480,1332,0,1
2025-12-01,6,Mostly Washed,36664,210,36874,0,36664,210,0,0
2025-12-01,7,Cártel de Breece y Puka,45444,30,45474,0,45444,30,0,1
2025-12-01,8,Loading…,39390,2976,42366,0,39390,2976,0,0
2025-12-01,9,Gaeta Spur FC,18243,12219,30462,0,18243,12219,0,0
2025-12-01,10,Rashid Shaheed Truthers,32535,2974,35509,0,32535,2974,0,1
2025-12-01,11,All You Need Is LOVE,26995,12107,39102,0,26995,12107,0,1
2025-12-01,12,Omar Comin,55593,40,55633,0,55593,40,0,0
2025-12-02,1,208 Ferrari Way,45427,139,45566,0,45427,139,0,0
2025-12-02,2,The Federal Reserve,56240,77,56317,0,56240,77,0,0
2025-12-02,3,Golden Hour,37610,1335,38945,0,37610,1335,0,0
2025-12-02,4,Lisan al-Caleb,18997,12541,31538,0,18997,12541,0,0
2025-12-02,5,Mommy Rainier,26480,1332,27812,0,26480,1332,0,1
2025-12-02,6,Mostly Washed,36664,210,36874,0,36664,210,0,0
2025-12-02,7,Cártel de Breece y Puka,45444,30,45474,0,45444,30,0,1
2025-12-02,8,Loading…,39390,2976,42366,0,39390,2976,0,0
2025-12-02,9,Gaeta Spur FC,18243,12219,30462,0,18243,12219,0,0
2025-12-02,10,Rashid Shaheed Truthers,32535,2974,35509,0,32535,2974,0,1
2025-12-02,11,All You Need Is LOVE,26995,12107,39102,0,26995,12107,0,1
2025-12-02,12,Omar Comin,55593,40,55633,0,55593,40,0,0
2025-12-03,1,208 Ferrari Way,45422,139,45561,0,45422,139,0,1
2025-12-03,2,The Federal Reserve,56240,77,56317,0,56240,77,0,0
2025-12-03,3,Golden Hour,37610,1335,38945,0,37610,1335,0,0
2025-12-03,4,Lisan al-Caleb,18997,12541,31538,0,18997,12541,0,0
2025-12-03,5,Mommy Rainier,26480,1332,27812,0,26480,1332,0,1
2025-12-03,6,Mostly Washed,36664,210,36874,0,36664,210,0,0
2025-12-03,7,Cártel de Breece y Puka,45444,30,45474,0,45444,30,0,1
2025-12-03,8,Loading…,39402,2976,42378,0,39402,2976,0,0
2025-12-03,9,Gaeta Spur FC,18262,12219,30481,0,18262,12219,0,0
2025-12-03,10,Rashid Shaheed Truthers,32535,2974,35509,0,32535,2974,0,1
2025-12-03,11,All You Need Is LOVE,26995,12107,39102,0,26995,12107,0,1
2025-12-03,12,Omar Comin,55593,40,55633,0,55593,40,0,0
2025-12-04,1,208 Ferrari Way,45422,139,45561,0,45422,139,0,1
2025-12-04,2,The Federal Reserve,56240,77,56317,0,56240,77,0,0
2025-12-04,3,Golden Hour,37610,1335,38945,0,37610,1335,0,0
2025-12-04,4,Lisan al-Caleb,18997,12541,31538,0,18997,12541,0,0
2025-12-04,5,Mommy Rainier,26480,1332,27812,0,26480,1332,0,1
2025-12-04,6,Mostly Washed,36664,210,36874,0,36664,210,0,0
2025-12-04,7,Cártel de Breece y Puka,45444,30,45474,0,45444,30,0,0
2025-12-04,8,Loading…,39402,2976,42378,0,39402,2976,0,0
2025-12-04,9,Gaeta Spur FC,18262,12219,30481,0,18262,12219,0,0
2025-12-04,10,Rashid Shaheed Truthers,32535,2974,35509,0,32535,2974,0,1
2025-12-04,11,All You Need Is LOVE,26995,12107,39102,0,26995,12107,0,1
2025-12-04,12,Omar Comin,55593,40,55633,0,55593,40,0,0
2025-12-05,1,208 Ferrari Way,46774,156,46930,46774,0,156,0,0
2025-12-05,2,The Federal Reserve,58405,91,58496,58405,0,91,0,0
2025-12-05,3,Golden Hour,38910,1418,40328,38910,0,1418,0,0
2025-12-05,4,Lisan al-Caleb,18742,12822,31564,18724,18,12822,0,0
2025-12-05,5,Mommy Rainier,26622,1480,28102,26620,2,1480,0,1
2025-12-05,6,Mostly Washed,36302,236,36538,36302,0,236,0,0
2025-12-05,7,Cártel de Breece y Puka,42362,36,42398,42362,0,36,0,0
2025-12-05,8,Loading…,39576,3109,42685,39576,0,3109,0,0
2025-12-05,9,Gaeta Spur FC,18695,12688,31383,18695,0,12688,0,0
2025-12-05,10,Rashid Shaheed Truthers,31338,3110,34448,31338,0,3110,0,0
2025-12-05,11,All You Need Is LOVE,27171,12578,39749,27171,0,12578,0,0
2025-12-05,12,Omar Comin,53681,48,53729,53681,0,48,0,0
2025-12-06,1,208 Ferrari Way,46774,156,46930,0,46774,156,0,0
2025-12-06,2,The Federal Reserve,58405,91,58496,0,58405,91,0,0
2025-12-06,3,Golden Hour,38910,1418,40328,0,38910,1418,0,0
2025-12-06,4,Lisan al-Caleb,18724,12822,31546,0,18724,12822,0,1
2025-12-06,5,Mommy Rainier,26620,1480,28100,0,26620,1480,0,2
2025-12-06,6,Mostly Washed,36302,236,36538,0,36302,236,0,0
2025-12-06,7,Cártel de Breece y Puka,42362,36,42398,0,42362,36,0,0
2025-12-06,8,Loading…,39576,3109,42685,0,39576,3109,0,0
2025-12-06,9,Gaeta Spur FC,18695,12688,31383,0,18695,12688,0,0
2025-12-06,10,Rashid Shaheed Truthers,31338,3110,34448,0,31338,3110,0,0
2025-12-06,11,All You Need Is LOVE,27171,12578,39749,0,27171,12578,0,0
2025-12-06,12,Omar Comin,53681,48,53729,0,53681,48,0,0
2025-12-07,1,208 Ferrari Way,46774,156,46930,0,46774,156,0,0
2025-12-07,2,The Federal Reserve,58405,91,58496,0,58405,91,0,0
2025-12-07,3,Golden Hour,38910,1418,40328,0,38910,1418,0,0
2025-12-07,4,Lisan al-Caleb,18724,12822,31546,0,18724,12822,0,1
2025-12-07,5,Mommy Rainier,26620,1480,28100,0,26620,1480,0,2
2025-12-07,6,Mostly Washed,36302,236,36538,0,36302,236,0,0
2025-12-07,7,Cártel de Breece y Puka,42362,36,42398,0,42362,36,0,0
2025-12-07,8,Loading…,39576,3109,42685,0,39576,3109,0,0
2025-12-07,9,Gaeta Spur FC,18694,12688,31382,0,18694,12688,0,0
2025-12-07,10,Rashid Shaheed Truthers,31338,3110,34448,0,31338,3110,0,0
2025-12-07,11,All You Need Is LOVE,27171,12578,39749,0,27171,12578,0,0
2025-12-07,12,Omar Comin,53681,48,53729,0,53681,48,0,0
2025-12-08,1,208 Ferrari Way,46774,156,46930,0,46774,156,0,0
2025-12-08,2,The Federal Reserve,58405,91,58496,0,58405,91,0,0
2025-12-08,3,Golden Hour,38910,1418,40328,0,38910,1418,0,0
2025-12-08,4,Lisan al-Caleb,18724,12822,31546,0,18724,12822,0,1
2025-12-08,5,Mommy Rainier,26620,1480,28100,0,26620,1480,0,2
2025-12-08,6,Mostly Washed,36302,236,36538,0,36302,236,0,0
2025-12-08,7,Cártel de Breece y Puka,42362,36,42398,0,42362,36,0,0
2025-12-08,8,Loading…,39576,3109,42685,0,39576,3109,0,0
2025-12-08,9,Gaeta Spur FC,18694,12688,31382,0,18694,12688,0,0
2025-12-08,10,Rashid Shaheed Truthers,31338,3110,34448,0,31338,3110,0,0
2025-12-08,11,All You Need Is LOVE,27171,12578,39749,0,27171,12578,0,0
2025-12-08,12,Omar Comin,53681,48,53729,0,53681,48,0,0
2025-12-09,1,208 Ferrari Way,46774,156,46930,0,46774,156,0,0
2025-12-09,2,The Federal Reserve,58405,91,58496,0,58405,91,0,0
2025-12-09,3,Golden Hour,38910,1418,40328,0,38910,1418,0,0
2025-12-09,4,Lisan al-Caleb,18724,12822,31546,0,18724,12822,0,1
2025-12-09,5,Mommy Rainier,26620,1480,28100,0,26620,1480,0,2
2025-12-09,6,Mostly Washed,36302,236,36538,0,36302,236,0,0
2025-12-09,7,Cártel de Breece y Puka,42362,36,42398,0,42362,36,0,0
2025-12-09,8,Loading…,39576,3109,42685,0,39576,3109,0,0
2025-12-09,9,Gaeta Spur FC,18694,12688,31382,0,18694,12688,0,0
2025-12-09,10,Rashid Shaheed Truthers,31338,3110,34448,0,31338,3110,0,0
2025-12-09,11,All You Need Is LOVE,27171,12578,39749,0,27171,12578,0,0
2025-12-09,12,Omar Comin,53681,48,53729,0,53681,48,0,0
2025-12-10,1,208 Ferrari Way,46774,156,46930,0,46774,156,0,0
2025-12-10,2,The Federal Reserve,58405,91,58496,0,58405,91,0,0
2025-12-10,3,Golden Hour,38910,1418,40328,0,38910,1418,0,0
2025-12-10,4,Lisan al-Caleb,18724,12822,31546,0,18724,12822,0,2
2025-12-10,5,Mommy Rainier,26622,1480,28102,0,26622,1480,0,1
2025-12-10,6,Mostly Washed,36302,236,36538,0,36302,236,0,0
2025-12-10,7,Cártel de Breece y Puka,42283,36,42319,0,42283,36,0,0
2025-12-10,8,Loading…,39576,3109,42685,0,39576,3109,0,0
2025-12-10,9,Gaeta Spur FC,18684,12688,31372,0,18684,12688,0,0
2025-12-10,10,Rashid Shaheed Truthers,31335,3110,34445,0,31335,3110,0,0
2025-12-10,11,All You Need Is LOVE,27171,12578,39749,0,27171,12578,0,0
2025-12-10,12,Omar Comin,53681,48,53729,0,53681,48,0,0
2025-12-11,1,208 Ferrari Way,46774,156,46930,0,46774,156,0,0
2025-12-11,2,The Federal Reserve,58405,91,58496,0,58405,91,0,0
2025-12-11,3,Golden Hour,38910,1418,40328,0,38910,1418,0,0
2025-12-11,4,Lisan al-Caleb,18724,12822,31546,0,18724,12822,0,2
2025-12-11,5,Mommy Rainier,26622,1480,28102,0,26622,1480,0,1
2025-12-11,6,Mostly Washed,36302,236,36538,0,36302,236,0,0
2025-12-11,7,Cártel de Breece y Puka,42283,36,42319,0,42283,36,0,0
2025-12-11,8,Loading…,39576,3109,42685,0,39576,3109,0,0
2025-12-11,9,Gaeta Spur FC,18684,12688,31372,0,18684,12688,0,0
2025-12-11,10,Rashid Shaheed Truthers,31335,3110,34445,0,31335,3110,0,0
2025-12-11,11,All You Need Is LOVE,27171,12578,39749,0,27171,12578,0,0
2025-12-11,12,Omar Comin,53496,48,53544,0,53496,48,0,0
2025-12-12,1,208 Ferrari Way,46766,148,46914,46766,0,148,0,0
2025-12-12,2,The Federal Reserve,56288,82,56370,56288,0,82,0,0
2025-12-12,3,Golden Hour,41730,1427,43157,41730,0,1427,0,0
2025-12-12,4,Lisan al-Caleb,19773,13182,32955,19773,0,13182,0,2
2025-12-12,5,Mommy Rainier,27926,1439,29365,27926,0,1439,0,1
2025-12-12,6,Mostly Washed,34598,227,34825,34598,0,227,0,0
2025-12-12,7,Cártel de Breece y Puka,42449,32,42481,42449,0,32,0,0
2025-12-12,8,Loading…,37985,3155,41140,37985,0,3155,0,0
2025-12-12,9,Gaeta Spur FC,18152,12933,31085,18152,0,12933,0,0
2025-12-12,10,Rashid Shaheed Truthers,31783,3153,34936,31783,0,3153,0,0
2025-12-12,11,All You Need Is LOVE,28588,12816,41404,28588,0,12816,0,0
2025-12-12,12,Omar Comin,53818,42,53860,53818,0,42,0,0
2025-12-13,1,208 Ferrari Way,46766,148,46914,0,46766,148,0,0
2025-12-13,2,The Federal Reserve,56288,82,56370,0,56288,82,0,0
2025-12-13,3,Golden Hour,41730,1427,43157,0,41730,1427,0,0
2025-12-13,4,Lisan al-Caleb,19773,13182,32955,0,19773,13182,0,2
2025-12-13,5,Mommy Rainier,27926,1439,29365,0,27926,1439,0,1
2025-12-13,6,Mostly Washed,34598,227,34825,0,34598,227,0,0
2025-12-13,7,Cártel de Breece y Puka,42569,32,42601,0,42569,32,0,0
2025-12-13,8,Loading…,37985,3155,41140,0,37985,3155,0,0
2025-12-13,9,Gaeta Spur FC,18152,12933,31085,0,18152,12933,0,0
2025-12-13,10,Rashid Shaheed Truthers,31783,3153,34936,0,31783,3153,0,0
2025-12-13,11,All You Need Is LOVE,28588,12816,41404,0,28588,12816,0,0
2025-12-13,12,Omar Comin,53818,42,53860,0,53818,42,0,0
2025-12-14,1,208 Ferrari Way,46766,148,46914,0,46766,148,0,0
2025-12-14,2,The Federal Reserve,56288,82,56370,0,56288,82,0,0
2025-12-14,3,Golden Hour,41730,1427,43157,0,41730,1427,0,0
2025-12-14,4,Lisan al-Caleb,19773,13182,32955,0,19773,13182,0,2
2025-12-14,5,Mommy Rainier,27926,1439,29365,0,27926,1439,0,1
2025-12-14,6,Mostly Washed,34598,227,34825,0,34598,227,0,0
2025-12-14,7,Cártel de Breece y Puka,42569,32,42601,0,42569,32,0,0
2025-12-14,8,Loading…,37985,3155,41140,0,37985,3155,0,0
2025-12-14,9,Gaeta Spur FC,18152,12933,31085,0,18152,12933,0,0
2025-12-14,10,Rashid Shaheed Truthers,31783,3153,34936,0,31783,3153,0,0
2025-12-14,11,All You Need Is LOVE,28588,12816,41404,0,28588,12816,0,0
2025-12-14,12,Omar Comin,53827,42,53869,0,53827,42,0,0
2025-12-15,1,208 Ferrari Way,46766,148,46914,0,46766,148,0,0
2025-12-15,2,The Federal Reserve,56288,82,56370,0,56288,82,0,0
2025-12-15,3,Golden Hour,41730,1427,43157,0,41730,1427,0,0
2025-12-15,4,Lisan al-Caleb,19773,13182,32955,0,19773,13182,0,2
2025-12-15,5,Mommy Rainier,27926,1439,29365,0,27926,1439,0,1
2025-12-15,6,Mostly Washed,34598,227,34825,0,34598,227,0,0
2025-12-15,7,Cártel de Breece y Puka,42569,32,42601,0,42569,32,0,0
2025-12-15,8,Loading…,37985,3155,41140,0,37985,3155,0,0
2025-12-15,9,Gaeta Spur FC,18152,12933,31085,0,18152,12933,0,0
2025-12-15,10,Rashid Shaheed Truthers,31783,3153,34936,0,31783,3153,0,0
2025-12-15,11,All You Need Is LOVE,28588,12816,41404,0,28588,12816,0,0
2025-12-15,12,Omar Comin,53827,42,53869,0,53827,42,0,0
2025-12-16,1,208 Ferrari Way,46766,148,46914,0,46766,148,0,0
2025-12-16,2,The Federal Reserve,56288,82,56370,0,56288,82,0,0
2025-12-16,3,Golden Hour,41730,1427,43157,0,41730,1427,0,0
2025-12-16,4,Lisan al-Caleb,19773,13182,32955,0,19773,13182,0,2
2025-12-16,5,Mommy Rainier,27926,1439,29365,0,27926,1439,0,1
2025-12-16,6,Mostly Washed,34598,227,34825,0,34598,227,0,0
2025-12-16,7,Cártel de Breece y Puka,42569,32,42601,0,42569,32,0,0
2025-12-16,8,Loading…,37985,3155,41140,0,37985,3155,0,0
2025-12-16,9,Gaeta Spur FC,18152,12933,31085,0,18152,12933,0,0
2025-12-16,10,Rashid Shaheed Truthers,31781,3153,34934,0,31781,3153,0,0
2025-12-16,11,All You Need Is LOVE,28588,12816,41404,0,28588,12816,0,0
2025-12-16,12,Omar Comin,53827,42,53869,0,53827,42,0,0
2025-12-17,1,208 Ferrari Way,46766,148,46914,0,46766,148,0,0
2025-12-17,2,The Federal Reserve,56243,82,56325,0,56243,82,0,0
2025-12-17,3,Golden Hour,41730,1427,43157,0,41730,1427,0,0
2025-12-17,4,Lisan al-Caleb,19773,13182,32955,0,19773,13182,0,2
2025-12-17,5,Mommy Rainier,27935,1439,29374,0,27935,1439,0,1
2025-12-17,6,Mostly Washed,34598,227,34825,0,34598,227,0,0
2025-12-17,7,Cártel de Breece y Puka,42569,32,42601,0,42569,32,0,0
2025-12-17,8,Loading…,38014,3155,41169,0,38014,3155,0,0
2025-12-17,9,Gaeta Spur FC,18152,12933,31085,0,18152,12933,0,0
2025-12-17,10,Rashid Shaheed Truthers,31781,3153,34934,0,31781,3153,0,0
2025-12-17,11,All You Need Is LOVE,28568,12816,41384,0,28568,12816,0,0
2025-12-17,12,Omar Comin,53827,42,53869,0,53827,42,0,0
2025-12-18,1,208 Ferrari Way,46766,148,46914,0,46766,148,0,0
2025-12-18,2,The Federal Reserve,56243,82,56325,0,56243,82,0,0
2025-12-18,3,Golden Hour,41730,1427,43157,0,41730,1427,0,0
2025-12-18,4,Lisan al-Caleb,19773,13182,32955,0,19773,13182,0,2
2025-12-18,5,Mommy Rainier,27935,1439,29374,0,27935,1439,0,1
2025-12-18,6,Mostly Washed,34598,227,34825,0,34598,227,0,0
2025-12-18,7,Cártel de Breece y Puka,42569,32,42601,0,42569,32,0,0
2025-12-18,8,Loading…,38014,3155,41169,0,38014,3155,0,0
2025-12-18,9,Gaeta Spur FC,18152,12933,31085,0,18152,12933,0,0
2025-12-18,10,Rashid Shaheed Truthers,31781,3153,34934,0,31781,3153,0,0
2025-12-18,11,All You Need Is LOVE,28568,12816,41384,0,28568,12816,0,0
2025-12-18,12,Omar Comin,53827,42,53869,0,53827,42,0,0
2025-12-19,1,208 Ferrari Way,46444,153,46597,46444,0,153,0,0
2025-12-19,2,The Federal Reserve,55586,88,55674,55586,0,88,0,0
2025-12-19,3,Golden Hour,39869,1411,41280,39869,0,1411,0,0
2025-12-19,4,Lisan al-Caleb,20402,12950,33352,20402,0,12950,0,1
2025-12-19,5,Mommy Rainier,25562,1457,27019,25562,0,1457,0,1
2025-12-19,6,Mostly Washed,36082,231,36313,36082,0,231,0,0
2025-12-19,7,Cártel de Breece y Puka,44847,34,44881,44847,0,34,0,0
2025-12-19,8,Loading…,45100,3113,48213,45100,0,3113,0,0
2025-12-19,9,Gaeta Spur FC,18499,12738,31237,18499,0,12738,0,0
2025-12-19,10,Rashid Shaheed Truthers,31398,3114,34512,31398,0,3114,0,0
2025-12-19,11,All You Need Is LOVE,27688,12625,40313,27688,0,12625,0,0
2025-12-19,12,Omar Comin,53314,46,53360,53314,0,46,0,0
2025-12-20,1,208 Ferrari Way,46444,153,46597,0,46444,153,0,0
2025-12-20,2,The Federal Reserve,55586,88,55674,0,55586,88,0,0
2025-12-20,3,Golden Hour,39869,1411,41280,0,39869,1411,0,0
2025-12-20,4,Lisan al-Caleb,20402,12950,33352,0,20402,12950,0,1
2025-12-20,5,Mommy Rainier,25562,1457,27019,0,25562,1457,0,1
2025-12-20,6,Mostly Washed,36082,231,36313,0,36082,231,0,0
2025-12-20,7,Cártel de Breece y Puka,44847,34,44881,0,44847,34,0,0
2025-12-20,8,Loading…,45100,3113,48213,0,45100,3113,0,0
2025-12-20,9,Gaeta Spur FC,18499,12738,31237,0,18499,12738,0,0
2025-12-20,10,Rashid Shaheed Truthers,31398,3114,34512,0,31398,3114,0,0
2025-12-20,11,All You Need Is LOVE,27688,12625,40313,0,27688,12625,0,0
2025-12-20,12,Omar Comin,53314,46,53360,0,53314,46,0,0
2025-12-21,1,208 Ferrari Way,46431,153,46584,0,46431,153,0,1
2025-12-21,2,The Federal Reserve,55586,88,55674,0,55586,88,0,0
2025-12-21,3,Golden Hour,39869,1411,41280,0,39869,1411,0,0
2025-12-21,4,Lisan al-Caleb,20402,12950,33352,0,20402,12950,0,1
2025-12-21,5,Mommy Rainier,25562,1457,27019,0,25562,1457,0,1
2025-12-21,6,Mostly Washed,36082,231,36313,0,36082,231,0,0
2025-12-21,7,Cártel de Breece y Puka,44847,34,44881,0,44847,34,0,0
2025-12-21,8,Loading…,45100,3113,48213,0,45100,3113,0,0
2025-12-21,9,Gaeta Spur FC,18499,12738,31237,0,18499,12738,0,0
2025-12-21,10,Rashid Shaheed Truthers,31398,3114,34512,0,31398,3114,0,0
2025-12-21,11,All You Need Is LOVE,27688,12625,40313,0,27688,12625,0,0
2025-12-21,12,Omar Comin,53314,46,53360,0,53314,46,0,0
2025-12-22,1,208 Ferrari Way,46431,153,46584,0,46431,153,0,1
2025-12-22,2,The Federal Reserve,55586,88,55674,0,55586,88,0,0
2025-12-22,3,Golden Hour,39869,1411,41280,0,39869,1411,0,0
2025-12-22,4,Lisan al-Caleb,20402,12950,33352,0,20402,12950,0,1
2025-12-22,5,Mommy Rainier,25562,1457,27019,0,25562,1457,0,1
2025-12-22,6,Mostly Washed,36082,231,36313,0,36082,231,0,0
2025-12-22,7,Cártel de Breece y Puka,44847,34,44881,0,44847,34,0,0
2025-12-22,8,Loading…,45100,3113,48213,0,45100,3113,0,0
2025-12-22,9,Gaeta Spur FC,18499,12738,31237,0,18499,12738,0,0
2025-12-22,10,Rashid Shaheed Truthers,31398,3114,34512,0,31398,3114,0,0
2025-12-22,11,All You Need Is LOVE,27688,12625,40313,0,27688,12625,0,0
2025-12-22,12,Omar Comin,53314,46,53360,0,53314,46,0,0
2025-12-23,1,208 Ferrari Way,46431,153,46584,0,46431,153,0,1
2025-12-23,2,The Federal Reserve,55586,88,55674,0,55586,88,0,0
2025-12-23,3,Golden Hour,39869,1411,41280,0,39869,1411,0,0
2025-12-23,4,Lisan al-Caleb,20402,12950,33352,0,20402,12950,0,1
2025-12-23,5,Mommy Rainier,25562,1457,27019,0,25562,1457,0,1
2025-12-23,6,Mostly Washed,36082,231,36313,0,36082,231,0,0
2025-12-23,7,Cártel de Breece y Puka,44847,34,44881,0,44847,34,0,0
2025-12-23,8,Loading…,45100,3113,48213,0,45100,3113,0,0
2025-12-23,9,Gaeta Spur FC,18499,12738,31237,0,18499,12738,0,0
2025-12-23,10,Rashid Shaheed Truthers,31398,3114,34512,0,31398,3114,0,0
2025-12-23,11,All You Need Is LOVE,27688,12625,40313,0,27688,12625,0,0
2025-12-23,12,Omar Comin,53314,46,53360,0,53314,46,0,0
2025-12-24,1,208 Ferrari Way,46397,153,46550,0,46397,153,0,1
2025-12-24,2,The Federal Reserve,55586,88,55674,0,55586,88,0,0
2025-12-24,3,Golden Hour,39869,1411,41280,0,39869,1411,0,0
2025-12-24,4,Lisan al-Caleb,20402,12950,33352,0,20402,12950,0,1
2025-12-24,5,Mommy Rainier,25565,1457,27022,0,25565,1457,0,0
2025-12-24,6,Mostly Washed,36082,231,36313,0,36082,231,0,0
2025-12-24,7,Cártel de Breece y Puka,44813,34,44847,0,44813,34,0,0
2025-12-24,8,Loading…,45100,3113,48213,0,45100,3113,0,0
2025-12-24,9,Gaeta Spur FC,18499,12738,31237,0,18499,12738,0,0
2025-12-24,10,Rashid Shaheed Truthers,31398,3114,34512,0,31398,3114,0,0
2025-12-24,11,All You Need Is LOVE,27797,12625,40422,0,27797,12625,0,0
2025-12-24,12,Omar Comin,53314,46,53360,0,53314,46,0,0
2025-12-25,1,208 Ferrari Way,46397,153,46550,0,46397,153,0,1
2025-12-25,2,The Federal Reserve,55586,88,55674,0,55586,88,0,0
2025-12-25,3,Golden Hour,39869,1411,41280,0,39869,1411,0,0
2025-12-25,4,Lisan al-Caleb,20402,12950,33352,0,20402,12950,0,1
2025-12-25,5,Mommy Rainier,25565,1457,27022,0,25565,1457,0,0
2025-12-25,6,Mostly Washed,36082,231,36313,0,36082,231,0,0
2025-12-25,7,Cártel de Breece y Puka,44813,34,44847,0,44813,34,0,0
2025-12-25,8,Loading…,45100,3113,48213,0,45100,3113,0,0
2025-12-25,9,Gaeta Spur FC,18499,12738,31237,0,18499,12738,0,0
2025-12-25,10,Rashid Shaheed Truthers,31398,3114,34512,0,31398,3114,0,0
2025-12-25,11,All You Need Is LOVE,27797,12625,40422,0,27797,12625,0,0
2025-12-25,12,Omar Comin,53314,46,53360,0,53314,46,0,0
2025-12-26,1,208 Ferrari Way,44597,159,44756,44597,0,159,0,1
2025-12-26,2,The Federal Reserve,57095,91,57186,57095,0,91,0,0
2025-12-26,3,Golden Hour,40116,1440,41556,40116,0,1440,0,0
2025-12-26,4,Lisan al-Caleb,20713,12979,33692,20713,0,12979,0,1
2025-12-26,5,Mommy Rainier,26018,1507,27525,26016,2,1507,0,0
2025-12-26,6,Mostly Washed,35894,240,36134,35894,0,240,0,0
2025-12-26,7,Cártel de Breece y Puka,44209,36,44245,44209,0,36,0,0
2025-12-26,8,Loading…,37560,3155,40715,37560,0,3155,0,0
2025-12-26,9,Gaeta Spur FC,18048,12863,30911,18048,0,12863,0,0
2025-12-26,10,Rashid Shaheed Truthers,30937,3155,34092,30937,0,3155,0,0
2025-12-26,11,All You Need Is LOVE,27710,12755,40465,27709,1,12755,0,0
2025-12-26,12,Omar Comin,53426,48,53474,53423,3,48,0,0
2025-12-27,1,208 Ferrari Way,44597,159,44756,0,44597,159,0,1
2025-12-27,2,The Federal Reserve,57095,91,57186,0,57095,91,0,0
2025-12-27,3,Golden Hour,40116,1440,41556,0,40116,1440,0,0
2025-12-27,4,Lisan al-Caleb,20713,12979,33692,0,20713,12979,0,1
2025-12-27,5,Mommy Rainier,26016,1507,27523,0,26016,1507,0,1
2025-12-27,6,Mostly Washed,35894,240,36134,0,35894,240,0,0
2025-12-27,7,Cártel de Breece y Puka,44209,36,44245,0,44209,36,0,0
2025-12-27,8,Loading…,37560,3155,40715,0,37560,3155,0,0
2025-12-27,9,Gaeta Spur FC,18048,12863,30911,0,18048,12863,0,0
2025-12-27,10,Rashid Shaheed Truthers,30937,3155,34092,0,30937,3155,0,0
2025-12-27,11,All You Need Is LOVE,27709,12755,40464,0,27709,12755,0,1
2025-12-27,12,Omar Comin,53423,48,53471,0,53423,48,0,1
2025-12-28,1,208 Ferrari Way,44597,159,44756,0,44597,159,0,1
2025-12-28,2,The Federal Reserve,57095,91,57186,0,57095,91,0,0
2025-12-28,3,Golden Hour,40116,1440,41556,0,40116,1440,0,0
2025-12-28,4,Lisan al-Caleb,20713,12979,33692,0,20713,12979,0,1
2025-12-28,5,Mommy Rainier,26016,1507,27523,0,26016,1507,0,1
2025-12-28,6,Mostly Washed,35894,240,36134,0,35894,240,0,0
2025-12-28,7,Cártel de Breece y Puka,44209,36,44245,0,44209,36,0,0
2025-12-28,8,Loading…,37560,3155,40715,0,37560,3155,0,0
2025-12-28,9,Gaeta Spur FC,18048,12863,30911,0,18048,12863,0,0
2025-12-28,10,Rashid Shaheed Truthers,30919,3155,34074,0,30919,3155,0,1
2025-12-28,11,All You Need Is LOVE,27709,12755,40464,0,27709,12755,0,1
2025-12-28,12,Omar Comin,53423,48,53471,0,53423,48,0,1
2025-12-29,1,208 Ferrari Way,44597,159,44756,0,44597,159,0,1
2025-12-29,2,The Federal Reserve,57095,91,57186,0,57095,91,0,0
2025-12-29,3,Golden Hour,40116,1440,41556,0,40116,1440,0,0
2025-12-29,4,Lisan al-Caleb,20713,12979,33692,0,20713,12979,0,1
2025-12-29,5,Mommy Rainier,26016,1507,27523,0,26016,1507,0,1
2025-12-29,6,Mostly Washed,35894,240,36134,0,35894,240,0,0
2025-12-29,7,Cártel de Breece y Puka,44209,36,44245,0,44209,36,0,0
2025-12-29,8,Loading…,37560,3155,40715,0,37560,3155,0,0
2025-12-29,9,Gaeta Spur FC,18048,12863,30911,0,18048,12863,0,0
2025-12-29,10,Rashid Shaheed Truthers,30919,3155,34074,0,30919,3155,0,1
2025-12-29,11,All You Need Is LOVE,27709,12755,40464,0,27709,12755,0,1
2025-12-29,12,Omar Comin,53423,48,53471,0,53423,48,0,1
2025-12-30,1,208 Ferrari Way,44597,159,44756,0,44597,159,0,1
2025-12-30,2,The Federal Reserve,57095,91,57186,0,57095,91,0,0
2025-12-30,3,Golden Hour,40116,1440,41556,0,40116,1440,0,0
2025-12-30,4,Lisan al-Caleb,20713,12979,33692,0,20713,12979,0,1
2025-12-30,5,Mommy Rainier,26016,1507,27523,0,26016,1507,0,1
2025-12-30,6,Mostly Washed,35894,240,36134,0,35894,240,0,0
2025-12-30,7,Cártel de Breece y Puka,44190,36,44226,0,44190,36,0,0
2025-12-30,8,Loading…,37560,3155,40715,0,37560,3155,0,0
2025-12-30,9,Gaeta Spur FC,18048,12863,30911,0,18048,12863,0,0
2025-12-30,10,Rashid Shaheed Truthers,30919,3155,34074,0,30919,3155,0,1
2025-12-30,11,All You Need Is LOVE,27709,12755,40464,0,27709,12755,0,1
2025-12-30,12,Omar Comin,53420,48,53468,0,53420,48,0,1
2025-12-31,1,208 Ferrari Way,44597,159,44756,0,44597,159,0,1
2025-12-31,2,The Federal Reserve,57095,91,57186,0,57095,91,0,0
2025-12-31,3,Golden Hour,40116,1440,41556,0,40116,1440,0,0
2025-12-31,4,Lisan al-Caleb,20713,12979,33692,0,20713,12979,0,1
2025-12-31,5,Mommy Rainier,26016,1507,27523,0,26016,1507,0,1
2025-12-31,6,Mostly Washed,35894,240,36134,0,35894,240,0,0
2025-12-31,7,Cártel de Breece y Puka,44251,36,44287,0,44251,36,0,0
2025-12-31,8,Loading…,37560,3155,40715,0,37560,3155,0,0
2025-12-31,9,Gaeta Spur FC,18048,12863,30911,0,18048,12863,0,0
2025-12-31,10,Rashid Shaheed Truthers,30916,3155,34071,0,30916,3155,0,2
2025-12-31,11,All You Need Is LOVE,27709,12755,40464,0,27709,12755,0,1
2025-12-31,12,Omar Comin,53420,48,53468,0,53420,48,0,1
2026-01-01,1,208 Ferrari Way,44600,159,44759,0,44600,159,0,1
2026-01-01,2,The Federal Reserve,57095,91,57186,0,57095,91,0,0
2026-01-01,3,Golden Hour,40116,1440,41556,0,40116,1440,0,0
2026-01-01,4,Lisan al-Caleb,20713,12979,33692,0,20713,12979,0,1
2026-01-01,5,Mommy Rainier,26016,1507,27523,0,26016,1507,0,1
2026-01-01,6,Mostly Washed,35894,240,36134,0,35894,240,0,0
2026-01-01,7,Cártel de Breece y Puka,44251,36,44287,0,44251,36,0,0
2026-01-01,8,Loading…,37560,3155,40715,0,37560,3155,0,0
2026-01-01,9,Gaeta Spur FC,18048,12863,30911,0,18048,12863,0,0
2026-01-01,10,Rashid Shaheed Truthers,30916,3155,34071,0,30916,3155,0,2
2026-01-01,11,All You Need Is LOVE,27709,12755,40464,0,27709,12755,0,1
2026-01-01,12,Omar Comin,53420,48,53468,0,53420,48,0,1
2026-01-02,1,208 Ferrari Way,47328,243,47571,47328,0,243,0,1
2026-01-02,2,The Federal Reserve,59469,9286,68755,59469,0,9286,0,0
2026-01-02,3,Golden Hour,40078,2953,43031,40078,0,2953,0,0
2026-01-02,4,Lisan al-Caleb,21540,26471,48011,21540,0,26471,0,1
2026-01-02,5,Mommy Rainier,24287,1570,25857,24287,0,1570,0,0
2026-01-02,6,Mostly Washed,36019,3113,39132,36019,0,3113,0,0
2026-01-02,7,Cártel de Breece y Puka,42117,50,42167,42117,0,50,0,0
2026-01-02,8,Loading…,37406,5286,42692,37406,0,5286,0,0
2026-01-02,9,Gaeta Spur FC,18853,17876,36729,18853,0,17876,0,0
2026-01-02,10,Rashid Shaheed Truthers,30696,6261,36957,30696,0,6261,0,0
2026-01-02,11,All You Need Is LOVE,28564,19853,48417,28564,0,19853,0,1
2026-01-02,12,Omar Comin,53001,94,53095,53001,0,94,0,0
2026-01-03,1,208 Ferrari Way,47405,243,47648,0,47405,243,0,1
2026-01-03,2,The Federal Reserve,59469,9286,68755,0,59469,9286,0,0
2026-01-03,3,Golden Hour,40098,2953,43051,0,40098,2953,0,1
2026-01-03,4,Lisan al-Caleb,21540,26471,48011,0,21540,26471,0,1
2026-01-03,5,Mommy Rainier,24287,1570,25857,0,24287,1570,0,0
2026-01-03,6,Mostly Washed,36019,3113,39132,0,36019,3113,0,0
2026-01-03,7,Cártel de Breece y Puka,42117,50,42167,0,42117,50,0,0
2026-01-03,8,Loading…,37406,5286,42692,0,37406,5286,0,0
2026-01-03,9,Gaeta Spur FC,18853,17876,36729,0,18853,17876,0,0
2026-01-03,10,Rashid Shaheed Truthers,30696,6261,36957,0,30696,6261,0,0
2026-01-03,11,All You Need Is LOVE,28564,19853,48417,0,28564,19853,0,1
2026-01-03,12,Omar Comin,53001,94,53095,0,53001,94,0,0
2026-01-04,1,208 Ferrari Way,47405,243,47648,0,47405,243,0,1
2026-01-04,2,The Federal Reserve,59469,9286,68755,0,59469,9286,0,0
2026-01-04,3,Golden Hour,40098,2953,43051,0,40098,2953,0,1
2026-01-04,4,Lisan al-Caleb,21540,26471,48011,0,21540,26471,0,1
2026-01-04,5,Mommy Rainier,24287,1570,25857,0,24287,1570,0,0
2026-01-04,6,Mostly Washed,36019,3113,39132,0,36019,3113,0,0
2026-01-04,7,Cártel de Breece y Puka,42135,50,42185,0,42135,50,0,0
2026-01-04,8,Loading…,37406,5286,42692,0,37406,5286,0,0
2026-01-04,9,Gaeta Spur FC,18853,17876,36729,0,18853,17876,0,0
2026-01-04,10,Rashid Shaheed Truthers,30696,6261,36957,0,30696,6261,0,0
2026-01-04,11,All You Need Is LOVE,28564,19853,48417,0,28564,19853,0,1
2026-01-04,12,Omar Comin,53001,94,53095,0,53001,94,0,0
2026-01-05,1,208 Ferrari Way,47405,243,47648,0,47405,243,0,1
2026-01-05,2,The Federal Reserve,59469,9286,68755,0,59469,9286,0,0
2026-01-05,3,Golden Hour,40098,2953,43051,0,40098,2953,0,2
2026-01-05,4,Lisan al-Caleb,21540,26471,48011,0,21540,26471,0,1
2026-01-05,5,Mommy Rainier,24287,1570,25857,0,24287,1570,0,0
2026-01-05,6,Mostly Washed,36019,3113,39132,0,36019,3113,0,1
2026-01-05,7,Cártel de Breece y Puka,42135,50,42185,0,42135,50,0,0
2026-01-05,8,Loading…,37406,5286,42692,0,37406,5286,0,0
2026-01-05,9,Gaeta Spur FC,18853,17876,36729,0,18853,17876,0,0
2026-01-05,10,Rashid Shaheed Truthers,30696,6261,36957,0,30696,6261,0,0
2026-01-05,11,All You Need Is LOVE,28564,19853,48417,0,28564,19853,0,1
2026-01-05,12,Omar Comin,53001,94,53095,0,53001,94,0,0
2026-01-06,1,208 Ferrari Way,47405,243,47648,0,47405,243,0,1
2026-01-06,2,The Federal Reserve,59469,9286,68755,0,59469,9286,0,0
2026-01-06,3,Golden Hour,40098,2953,43051,0,40098,2953,0,2
2026-01-06,4,Lisan al-Caleb,21540,26471,48011,0,21540,26471,0,1
2026-01-06,5,Mommy Rainier,24287,1570,25857,0,24287,1570,0,0
2026-01-06,6,Mostly Washed,36019,3113,39132,0,36019,3113,0,1
2026-01-06,7,Cártel de Breece y Puka,42135,50,42185,0,42135,50,0,0
2026-01-06,8,Loading…,37406,5286,42692,0,37406,5286,0,0
2026-01-06,9,Gaeta Spur FC,18853,17876,36729,0,18853,17876,0,0
2026-01-06,10,Rashid Shaheed Truthers,30696,6261,36957,0,30696,6261,0,0
2026-01-06,11,All You Need Is LOVE,28564,19853,48417,0,28564,19853,0,1
2026-01-06,12,Omar Comin,53001,94,53095,0,53001,94,0,0
2026-01-07,1,208 Ferrari Way,47405,243,47648,0,47405,243,0,1
2026-01-07,2,The Federal Reserve,59469,9286,68755,0,59469,9286,0,0
2026-01-07,3,Golden Hour,40098,2953,43051,0,40098,2953,0,2
2026-01-07,4,Lisan al-Caleb,21540,26471,48011,0,21540,26471,0,1
2026-01-07,5,Mommy Rainier,24287,1570,25857,0,24287,1570,0,0
2026-01-07,6,Mostly Washed,36019,3113,39132,0,36019,3113,0,1
2026-01-07,7,Cártel de Breece y Puka,42135,50,42185,0,42135,50,0,0
2026-01-07,8,Loading…,37406,5286,42692,0,37406,5286,0,0
2026-01-07,9,Gaeta Spur FC,18853,17876,36729,0,18853,17876,0,0
2026-01-07,10,Rashid Shaheed Truthers,30696,6261,36957,0,30696,6261,0,0
2026-01-07,11,All You Need Is LOVE,28564,19853,48417,0,28564,19853,0,1
2026-01-07,12,Omar Comin,53001,94,53095,0,53001,94,0,0
2026-01-08,1,208 Ferrari Way,47405,243,47648,0,47405,243,0,1
2026-01-08,2,The Federal Reserve,59469,9286,68755,0,59469,9286,0,0
2026-01-08,3,Golden Hour,40098,2953,43051,0,40098,2953,0,2
2026-01-08,4,Lisan al-Caleb,21540,26471,48011,0,21540,26471,0,1
2026-01-08,5,Mommy Rainier,24287,1570,25857,0,24287,1570,0,0
2026-01-08,6,Mostly Washed,36019,3113,39132,0,36019,3113,0,1
2026-01-08,7,Cártel de Breece y Puka,42135,50,42185,0,42135,50,0,0
2026-01-08,8,Loading…,37406,5286,42692,0,37406,5286,0,0
2026-01-08,9,Gaeta Spur FC,18853,17876,36729,0,18853,17876,0,0
2026-01-08,10,Rashid Shaheed Truthers,30696,6261,36957,0,30696,6261,0,0
2026-01-08,11,All You Need Is LOVE,28564,19853,48417,0,28564,19853,0,1
2026-01-08,12,Omar Comin,53001,94,53095,0,53001,94,0,0
2026-01-09,1,208 Ferrari Way,44595,235,44830,44595,0,235,0,1
2026-01-09,2,The Federal Reserve,58721,9530,68251,58721,0,9530,0,0
2026-01-09,3,Golden Hour,38122,2981,41103,38122,0,2981,0,2
2026-01-09,4,Lisan al-Caleb,22869,27296,50165,22869,0,27296,0,1
2026-01-09,5,Mommy Rainier,23916,1553,25469,23916,0,1553,0,0
2026-01-09,6,Mostly Washed,36299,3165,39464,36299,0,3165,0,1
2026-01-09,7,Cártel de Breece y Puka,41365,45,41410,41365,0,45,0,0
2026-01-09,8,Loading…,38286,5374,43660,38286,0,5374,0,0
2026-01-09,9,Gaeta Spur FC,18668,18268,36936,18668,0,18268,0,0
2026-01-09,10,Rashid Shaheed Truthers,30358,6389,36747,30356,2,6389,0,0
2026-01-09,11,All You Need Is LOVE,28486,20360,48846,28486,0,20360,0,1
2026-01-09,12,Omar Comin,53756,88,53844,53756,0,88,0,0
2026-01-10,1,208 Ferrari Way,44595,235,44830,0,44595,235,0,1
2026-01-10,2,The Federal Reserve,58721,9530,68251,0,58721,9530,0,0
2026-01-10,3,Golden Hour,38122,2981,41103,0,38122,2981,0,2
2026-01-10,4,Lisan al-Caleb,22869,27296,50165,0,22869,27296,0,1
2026-01-10,5,Mommy Rainier,23916,1553,25469,0,23916,1553,0,0
2026-01-10,6,Mostly Washed,36299,3165,39464,0,36299,3165,0,1
2026-01-10,7,Cártel de Breece y Puka,41365,45,41410,0,41365,45,0,0
2026-01-10,8,Loading…,38286,5374,43660,0,38286,5374,0,0
2026-01-10,9,Gaeta Spur FC,18668,18268,36936,0,18668,18268,0,0
2026-01-10,10,Rashid Shaheed Truthers,30356,6389,36745,0,30356,6389,0,1
2026-01-10,11,All You Need Is LOVE,28486,20360,48846,0,28486,20360,0,1
2026-01-10,12,Omar Comin,53756,88,53844,0,53756,88,0,0
2026-01-11,1,208 Ferrari Way,44595,235,44830,0,44595,235,0,1
2026-01-11,2,The Federal Reserve,58721,9530,68251,0,58721,9530,0,0
2026-01-11,3,Golden Hour,38122,2981,41103,0,38122,2981,0,2
2026-01-11,4,Lisan al-Caleb,22869,27296,50165,0,22869,27296,0,1
2026-01-11,5,Mommy Rainier,23916,1553,25469,0,23916,1553,0,0
2026-01-11,6,Mostly Washed,36299,3165,39464,0,36299,3165,0,1
2026-01-11,7,Cártel de Breece y Puka,41365,45,41410,0,41365,45,0,0
2026-01-11,8,Loading…,38286,5374,43660,0,38286,5374,0,0
2026-01-11,9,Gaeta Spur FC,18668,18268,36936,0,18668,18268,0,0
2026-01-11,10,Rashid Shaheed Truthers,30356,6389,36745,0,30356,6389,0,1
2026-01-11,11,All You Need Is LOVE,28486,20360,48846,0,28486,20360,0,1
2026-01-11,12,Omar Comin,53756,88,53844,0,53756,88,0,0
2026-01-12,1,208 Ferrari Way,44595,235,44830,0,44595,235,0,1
2026-01-12,2,The Federal Reserve,58721,9530,68251,0,58721,9530,0,0
2026-01-12,3,Golden Hour,38122,2981,41103,0,38122,2981,0,2
2026-01-12,4,Lisan al-Caleb,22869,27296,50165,0,22869,27296,0,1
2026-01-12,5,Mommy Rainier,23916,1553,25469,0,23916,1553,0,0
2026-01-12,6,Mostly Washed,36299,3165,39464,0,36299,3165,0,1
2026-01-12,7,Cártel de Breece y Puka,41365,45,41410,0,41365,45,0,0
2026-01-12,8,Loading…,38286,5374,43660,0,38286,5374,0,0
2026-01-12,9,Gaeta Spur FC,18668,18268,36936,0,18668,18268,0,0
2026-01-12,10,Rashid Shaheed Truthers,30356,6389,36745,0,30356,6389,0,1
2026-01-12,11,All You Need Is LOVE,28486,20360,48846,0,28486,20360,0,1
2026-01-12,12,Omar Comin,53782,88,53870,0,53782,88,0,0
2026-01-13,1,208 Ferrari Way,44595,235,44830,0,44595,235,0,1
2026-01-13,2,The Federal Reserve,58721,9530,68251,0,58721,9530,0,0
2026-01-13,3,Golden Hour,38122,2981,41103,0,38122,2981,0,2
2026-01-13,4,Lisan al-Caleb,22869,27296,50165,0,22869,27296,0,1
2026-01-13,5,Mommy Rainier,23916,1553,25469,0,23916,1553,0,0
2026-01-13,6,Mostly Washed,36299,3165,39464,0,36299,3165,0,1
2026-01-13,7,Cártel de Breece y Puka,41365,45,41410,0,41365,45,0,0
2026-01-13,8,Loading…,38286,5374,43660,0,38286,5374,0,0
2026-01-13,9,Gaeta Spur FC,18668,18268,36936,0,18668,18268,0,0
2026-01-13,10,Rashid Shaheed Truthers,30356,6389,36745,0,30356,6389,0,1
2026-01-13,11,All You Need Is LOVE,28486,20360,48846,0,28486,20360,0,1
2026-01-13,12,Omar Comin,53782,88,53870,0,53782,88,0,0
2026-01-14,1,208 Ferrari Way,44595,235,44830,0,44595,235,0,1
2026-01-14,2,The Federal Reserve,58721,9530,68251,0,58721,9530,0,0
2026-01-14,3,Golden Hour,38122,2981,41103,0,38122,2981,0,2
2026-01-14,4,Lisan al-Caleb,22869,27296,50165,0,22869,27296,0,1
2026-01-14,5,Mommy Rainier,23916,1553,25469,0,23916,1553,0,0
2026-01-14,6,Mostly Washed,36299,3165,39464,0,36299,3165,0,1
2026-01-14,7,Cártel de Breece y Puka,41365,45,41410,0,41365,45,0,0
2026-01-14,8,Loading…,38286,5374,43660,0,38286,5374,0,0
2026-01-14,9,Gaeta Spur FC,18668,18268,36936,0,18668,18268,0,0
2026-01-14,10,Rashid Shaheed Truthers,30356,6389,36745,0,30356,6389,0,1
2026-01-14,11,All You Need Is LOVE,28486,20360,48846,0,28486,20360,0,1
2026-01-14,12,Omar Comin,53782,88,53870,0,53782,88,0,0
2026-01-15,1,208 Ferrari Way,44595,235,44830,0,44595,235,0,1
2026-01-15,2,The Federal Reserve,58721,9530,68251,0,58721,9530,0,0
2026-01-15,3,Golden Hour,38122,2981,41103,0,38122,2981,0,2
2026-01-15,4,Lisan al-Caleb,22869,27296,50165,0,22869,27296,0,1
2026-01-15,5,Mommy Rainier,23916,1553,25469,0,23916,1553,0,0
2026-01-15,6,Mostly Washed,36299,3165,39464,0,36299,3165,0,1
2026-01-15,7,Cártel de Breece y Puka,41365,45,41410,0,41365,45,0,0
2026-01-15,8,Loading…,38286,5374,43660,0,38286,5374,0,0
2026-01-15,9,Gaeta Spur FC,18668,18268,36936,0,18668,18268,0,0
2026-01-15,10,Rashid Shaheed Truthers,30356,6389,36745,0,30356,6389,0,1
2026-01-15,11,All You Need Is LOVE,28486,20360,48846,0,28486,20360,0,1
2026-01-15,12,Omar Comin,53782,88,53870,0,53782,88,0,0
2026-01-16,1,208 Ferrari Way,45354,224,45578,45354,0,224,0,1
2026-01-16,2,The Federal Reserve,58538,9491,68029,58538,0,9491,0,0
2026-01-16,3,Golden Hour,37701,2941,40642,37701,0,2941,0,2
2026-01-16,4,Lisan al-Caleb,22684,27263,49947,22684,0,27263,0,1
2026-01-16,5,Mommy Rainier,23506,1506,25012,23503,3,1506,0,0
2026-01-16,6,Mostly Washed,35927,3133,39060,35927,0,3133,0,1
2026-01-16,7,Cártel de Breece y Puka,43321,45,43366,43321,0,45,0,0
2026-01-16,8,Loading…,38275,5319,43594,38275,0,5319,0,0
2026-01-16,9,Gaeta Spur FC,18273,18144,36417,18273,0,18144,0,0
2026-01-16,10,Rashid Shaheed Truthers,30478,6338,36816,30478,0,6338,0,1
2026-01-16,11,All You Need Is LOVE,28194,20265,48459,28191,3,20265,0,1
2026-01-16,12,Omar Comin,52215,83,52298,52215,0,83,0,0
2026-01-17,1,208 Ferrari Way,45352,224,45576,0,45352,224,0,1
2026-01-17,2,The Federal Reserve,58444,9491,67935,0,58444,9491,0,0
2026-01-17,3,Golden Hour,37701,2941,40642,0,37701,2941,0,2
2026-01-17,4,Lisan al-Caleb,22684,27263,49947,0,22684,27263,0,1
2026-01-17,5,Mommy Rainier,23503,1506,25009,0,23503,1506,0,1
2026-01-17,6,Mostly Washed,35927,3133,39060,0,35927,3133,0,1
2026-01-17,7,Cártel de Breece y Puka,43321,45,43366,0,43321,45,0,0
2026-01-17,8,Loading…,38275,5319,43594,0,38275,5319,0,0
2026-01-17,9,Gaeta Spur FC,18273,18144,36417,0,18273,18144,0,0
2026-01-17,10,Rashid Shaheed Truthers,30478,6338,36816,0,30478,6338,0,1
2026-01-17,11,All You Need Is LOVE,28191,20265,48456,0,28191,20265,0,2
2026-01-17,12,Omar Comin,52215,83,52298,0,52215,83,0,0
2026-01-18,1,208 Ferrari Way,45388,224,45612,0,45388,224,0,1
2026-01-18,2,The Federal Reserve,58444,9491,67935,0,58444,9491,0,0
2026-01-18,3,Golden Hour,37701,2941,40642,0,37701,2941,0,2
2026-01-18,4,Lisan al-Caleb,22684,27263,49947,0,22684,27263,0,1
2026-01-18,5,Mommy Rainier,23503,1506,25009,0,23503,1506,0,1
2026-01-18,6,Mostly Washed,35927,3133,39060,0,35927,3133,0,1
2026-01-18,7,Cártel de Breece y Puka,43321,45,43366,0,43321,45,0,0
2026-01-18,8,Loading…,38275,5319,43594,0,38275,5319,0,0
2026-01-18,9,Gaeta Spur FC,18273,18144,36417,0,18273,18144,0,0
2026-01-18,10,Rashid Shaheed Truthers,30478,6338,36816,0,30478,6338,0,1
2026-01-18,11,All You Need Is LOVE,28191,20265,48456,0,28191,20265,0,2
2026-01-18,12,Omar Comin,52215,83,52298,0,52215,83,0,0
2026-01-19,1,208 Ferrari Way,45388,224,45612,0,45388,224,0,1
2026-01-19,2,The Federal Reserve,58444,9491,67935,0,58444,9491,0,0
2026-01-19,3,Golden Hour,37701,2941,40642,0,37701,2941,0,2
2026-01-19,4,Lisan al-Caleb,22684,27263,49947,0,22684,27263,0,1
2026-01-19,5,Mommy Rainier,23503,1506,25009,0,23503,1506,0,1
2026-01-19,6,Mostly Washed,35927,3133,39060,0,35927,3133,0,1
2026-01-19,7,Cártel de Breece y Puka,43321,45,43366,0,43321,45,0,0
2026-01-19,8,Loading…,38275,5319,43594,0,38275,5319,0,0
2026-01-19,9,Gaeta Spur FC,18273,18144,36417,0,18273,18144,0,0
2026-01-19,10,Rashid Shaheed Truthers,30478,6338,36816,0,30478,6338,0,1
2026-01-19,11,All You Need Is LOVE,28191,20265,48456,0,28191,20265,0,2
2026-01-19,12,Omar Comin,52215,83,52298,0,52215,83,0,0
2026-01-20,1,208 Ferrari Way,45388,224,45612,0,45388,224,0,1
2026-01-20,2,The Federal Reserve,58444,9491,67935,0,58444,9491,0,0
2026-01-20,3,Golden Hour,37701,2941,40642,0,37701,2941,0,2
2026-01-20,4,Lisan al-Caleb,22684,27263,49947,0,22684,27263,0,1
2026-01-20,5,Mommy Rainier,23501,1506,25007,0,23501,1506,0,1
2026-01-20,6,Mostly Washed,35927,3133,39060,0,35927,3133,0,1
2026-01-20,7,Cártel de Breece y Puka,43321,45,43366,0,43321,45,0,0
2026-01-20,8,Loading…,38275,5319,43594,0,38275,5319,0,0
2026-01-20,9,Gaeta Spur FC,18273,18144,36417,0,18273,18144,0,0
2026-01-20,10,Rashid Shaheed Truthers,30478,6338,36816,0,30478,6338,0,1
2026-01-20,11,All You Need Is LOVE,28191,20265,48456,0,28191,20265,0,2
2026-01-20,12,Omar Comin,52215,83,52298,0,52215,83,0,0
2026-01-21,1,208 Ferrari Way,45388,224,45612,0,45388,224,0,1
2026-01-21,2,The Federal Reserve,58444,9491,67935,0,58444,9491,0,0
2026-01-21,3,Golden Hour,37701,2941,40642,0,37701,2941,0,2
2026-01-21,4,Lisan al-Caleb,22684,27263,49947,0,22684,27263,0,1
2026-01-21,5,Mommy Rainier,23501,1506,25007,0,23501,1506,0,1
2026-01-21,6,Mostly Washed,35927,3133,39060,0,35927,3133,0,1
2026-01-21,7,Cártel de Breece y Puka,43321,45,43366,0,43321,45,0,0
2026-01-21,8,Loading…,38275,5319,43594,0,38275,5319,0,0
2026-01-21,9,Gaeta Spur FC,18273,18144,36417,0,18273,18144,0,0
2026-01-21,10,Rashid Shaheed Truthers,30478,6338,36816,0,30478,6338,0,1
2026-01-21,11,All You Need Is LOVE,28191,20265,48456,0,28191,20265,0,2
2026-01-21,12,Omar Comin,52215,83,52298,0,52215,83,0,0
2026-01-22,1,208 Ferrari Way,45388,224,45612,0,45388,224,0,1
2026-01-22,2,The Federal Reserve,58444,9491,67935,0,58444,9491,0,0
2026-01-22,3,Golden Hour,37701,2941,40642,0,37701,2941,0,2
2026-01-22,4,Lisan al-Caleb,22684,27263,49947,0,22684,27263,0,1
2026-01-22,5,Mommy Rainier,23501,1506,25007,0,23501,1506,0,1
2026-01-22,6,Mostly Washed,35927,3133,39060,0,35927,3133,0,1
2026-01-22,7,Cártel de Breece y Puka,43321,45,43366,0,43321,45,0,0
2026-01-22,8,Loading…,38275,5319,43594,0,38275,5319,0,0
2026-01-22,9,Gaeta Spur FC,18273,18144,36417,0,18273,18144,0,0
2026-01-22,10,Rashid Shaheed Truthers,30478,6338,36816,0,30478,6338,0,1
2026-01-22,11,All You Need Is LOVE,28191,20265,48456,0,28191,20265,0,2
2026-01-22,12,Omar Comin,52215,83,52298,0,52215,83,0,0
2026-01-23,1,208 Ferrari Way,46002,237,46239,46002,0,237,0,1
2026-01-23,2,The Federal Reserve,56507,9404,65911,56507,0,9404,0,0
2026-01-23,3,Golden Hour,39831,2944,42775,39831,0,2944,0,2
2026-01-23,4,Lisan al-Caleb,23337,26934,50271,23337,0,26934,0,1
2026-01-23,5,Mommy Rainier,24840,1539,26379,24840,0,1539,0,1
2026-01-23,6,Mostly Washed,35380,3123,38503,35380,0,3123,0,1
2026-01-23,7,Cártel de Breece y Puka,39906,50,39956,39906,0,50,0,0
2026-01-23,8,Loading…,37780,5301,43081,37780,0,5301,0,0
2026-01-23,9,Gaeta Spur FC,18129,18019,36148,18129,0,18019,0,0
2026-01-23,10,Rashid Shaheed Truthers,29578,6302,35880,29578,0,6302,0,0
2026-01-23,11,All You Need Is LOVE,27992,20085,48077,27992,0,20085,0,1
2026-01-23,12,Omar Comin,53033,90,53123,53033,0,90,0,0
2026-01-24,1,208 Ferrari Way,46002,237,46239,0,46002,237,0,1
2026-01-24,2,The Federal Reserve,56507,9404,65911,0,56507,9404,0,0
2026-01-24,3,Golden Hour,39831,2944,42775,0,39831,2944,0,2
2026-01-24,4,Lisan al-Caleb,23337,26934,50271,0,23337,26934,0,1
2026-01-24,5,Mommy Rainier,24840,1539,26379,0,24840,1539,0,1
2026-01-24,6,Mostly Washed,35380,3123,38503,0,35380,3123,0,1
2026-01-24,7,Cártel de Breece y Puka,39906,50,39956,0,39906,50,0,0
2026-01-24,8,Loading…,37780,5301,43081,0,37780,5301,0,0
2026-01-24,9,Gaeta Spur FC,18129,18019,36148,0,18129,18019,0,0
2026-01-24,10,Rashid Shaheed Truthers,29578,6302,35880,0,29578,6302,0,0
2026-01-24,11,All You Need Is LOVE,27992,20085,48077,0,27992,20085,0,1
2026-01-24,12,Omar Comin,53033,90,53123,0,53033,90,0,0
2026-01-25,1,208 Ferrari Way,46002,237,46239,0,46002,237,0,1
2026-01-25,2,The Federal Reserve,56507,9404,65911,0,56507,9404,0,0
2026-01-25,3,Golden Hour,39831,2944,42775,0,39831,2944,0,2
2026-01-25,4,Lisan al-Caleb,23337,26934,50271,0,23337,26934,0,1
2026-01-25,5,Mommy Rainier,24840,1539,26379,0,24840,1539,0,1
2026-01-25,6,Mostly Washed,35380,3123,38503,0,35380,3123,0,1
2026-01-25,7,Cártel de Breece y Puka,39906,50,39956,0,39906,50,0,0
2026-01-25,8,Loading…,37780,5301,43081,0,37780,5301,0,0
2026-01-25,9,Gaeta Spur FC,18129,18019,36148,0,18129,18019,0,0
2026-01-25,10,Rashid Shaheed Truthers,29578,6302,35880,0,29578,6302,0,0
2026-01-25,11,All You Need Is LOVE,27992,20085,48077,0,27992,20085,0,1
2026-01-25,12,Omar Comin,53033,90,53123,0,53033,90,0,0
2026-01-26,1,208 Ferrari Way,46002,237,46239,0,46002,237,0,1
2026-01-26,2,The Federal Reserve,56507,9404,65911,0,56507,9404,0,0
2026-01-26,3,Golden Hour,39831,2944,42775,0,39831,2944,0,2
2026-01-26,4,Lisan al-Caleb,23337,26934,50271,0,23337,26934,0,1
2026-01-26,5,Mommy Rainier,24840,1539,26379,0,24840,1539,0,1
2026-01-26,6,Mostly Washed,35380,3123,38503,0,35380,3123,0,1
2026-01-26,7,Cártel de Breece y Puka,39906,50,39956,0,39906,50,0,0
2026-01-26,8,Loading…,37780,5301,43081,0,37780,5301,0,0
2026-01-26,9,Gaeta Spur FC,18129,18019,36148,0,18129,18019,0,0
2026-01-26,10,Rashid Shaheed Truthers,29578,6302,35880,0,29578,6302,0,0
2026-01-26,11,All You Need Is LOVE,27992,20085,48077,0,27992,20085,0,1
2026-01-26,12,Omar Comin,53011,90,53101,0,53011,90,0,0
2026-01-27,1,208 Ferrari Way,46002,237,46239,0,46002,237,0,1
2026-01-27,2,The Federal Reserve,56507,9404,65911,0,56507,9404,0,0
2026-01-27,3,Golden Hour,39831,2944,42775,0,39831,2944,0,2
2026-01-27,4,Lisan al-Caleb,23337,26934,50271,0,23337,26934,0,1
2026-01-27,5,Mommy Rainier,24840,1539,26379,0,24840,1539,0,1
2026-01-27,6,Mostly Washed,35380,3123,38503,0,35380,3123,0,1
2026-01-27,7,Cártel de Breece y Puka,39906,50,39956,0,39906,50,0,0
2026-01-27,8,Loading…,37780,5301,43081,0,37780,5301,0,0
2026-01-27,9,Gaeta Spur FC,18129,18019,36148,0,18129,18019,0,0
2026-01-27,10,Rashid Shaheed Truthers,29578,6302,35880,0,29578,6302,0,0
2026-01-27,11,All You Need Is LOVE,27992,20085,48077,0,27992,20085,0,1
2026-01-27,12,Omar Comin,53011,90,53101,0,53011,90,0,0
2026-01-28,1,208 Ferrari Way,46002,237,46239,0,46002,237,0,1
2026-01-28,2,The Federal Reserve,56507,9404,65911,0,56507,9404,0,0
2026-01-28,3,Golden Hour,39831,2944,42775,0,39831,2944,0,2
2026-01-28,4,Lisan al-Caleb,23337,26934,50271,0,23337,26934,0,1
2026-01-28,5,Mommy Rainier,24840,1539,26379,0,24840,1539,0,1
2026-01-28,6,Mostly Washed,35380,3123,38503,0,35380,3123,0,1
2026-01-28,7,Cártel de Breece y Puka,39906,50,39956,0,39906,50,0,0
2026-01-28,8,Loading…,37780,5301,43081,0,37780,5301,0,0
2026-01-28,9,Gaeta Spur FC,18129,18019,36148,0,18129,18019,0,0
2026-01-28,10,Rashid Shaheed Truthers,29578,6302,35880,0,29578,6302,0,0
2026-01-28,11,All You Need Is LOVE,27992,20085,48077,0,27992,20085,0,1
2026-01-28,12,Omar Comin,53011,90,53101,0,53011,90,0,0
2026-01-29,1,208 Ferrari Way,46002,237,46239,0,46002,237,0,1
2026-01-29,2,The Federal Reserve,56507,9404,65911,0,56507,9404,0,0
2026-01-29,3,Golden Hour,39831,2944,42775,0,39831,2944,0,2
2026-01-29,4,Lisan al-Caleb,23337,26934,50271,0,23337,26934,0,1
2026-01-29,5,Mommy Rainier,24840,1539,26379,0,24840,1539,0,1
2026-01-29,6,Mostly Washed,35380,3123,38503,0,35380,3123,0,1
2026-01-29,7,Cártel de Breece y Puka,39906,50,39956,0,39906,50,0,0
2026-01-29,8,Loading…,37780,5301,43081,0,37780,5301,0,0
2026-01-29,9,Gaeta Spur FC,18129,18019,36148,0,18129,18019,0,0
2026-01-29,10,Rashid Shaheed Truthers,29578,6302,35880,0,29578,6302,0,0
2026-01-29,11,All You Need Is LOVE,27992,20085,48077,0,27992,20085,0,1
2026-01-29,12,Omar Comin,53011,90,53101,0,53011,90,0,0
2026-01-30,1,208 Ferrari Way,42650,256,42906,42650,0,256,0,1
2026-01-30,2,The Federal Reserve,56171,9154,65325,56171,0,9154,0,0
2026-01-30,3,Golden Hour,41219,2937,44156,41215,4,2937,0,2
2026-01-30,4,Lisan al-Caleb,22543,26035,48578,22535,8,26035,0,1
2026-01-30,5,Mommy Rainier,23320,1607,24927,23320,0,1607,0,1
2026-01-30,6,Mostly Washed,33691,3087,36778,33691,0,3087,0,1
2026-01-30,7,Cártel de Breece y Puka,40563,53,40616,40563,0,53,0,0
2026-01-30,8,Loading…,38755,5240,43995,38755,0,5240,0,0
2026-01-30,9,Gaeta Spur FC,17759,17666,35425,17759,0,17666,0,0
2026-01-30,10,Rashid Shaheed Truthers,30533,6189,36722,30530,3,6189,0,0
2026-01-30,11,All You Need Is LOVE,26943,19585,46528,26943,0,19585,0,1
2026-01-30,12,Omar Comin,50964,99,51063,50964,0,99,0,0
2026-01-31,1,208 Ferrari Way,42650,256,42906,0,42650,256,0,1
2026-01-31,2,The Federal Reserve,56171,9154,65325,0,56171,9154,0,0
2026-01-31,3,Golden Hour,41215,2937,44152,0,41215,2937,0,3
2026-01-31,4,Lisan al-Caleb,22535,26035,48570,0,22535,26035,0,3
2026-01-31,5,Mommy Rainier,23320,1607,24927,0,23320,1607,0,1
2026-01-31,6,Mostly Washed,33691,3087,36778,0,33691,3087,0,1
2026-01-31,7,Cártel de Breece y Puka,40563,53,40616,0,40563,53,0,0
2026-01-31,8,Loading…,38755,5240,43995,0,38755,5240,0,0
2026-01-31,9,Gaeta Spur FC,17759,17666,35425,0,17759,17666,0,0
2026-01-31,10,Rashid Shaheed Truthers,30530,6189,36719,0,30530,6189,0,2
2026-01-31,11,All You Need Is LOVE,26943,19585,46528,0,26943,19585,0,1
2026-01-31,12,Omar Comin,50964,99,51063,0,50964,99,0,0
2026-02-01,1,208 Ferrari Way,42650,256,42906,0,42650,256,0,1
2026-02-01,2,The Federal Reserve,56171,9154,65325,0,56171,9154,0,0
2026-02-01,3,Golden Hour,41215,2937,44152,0,41215,2937,0,3
2026-02-01,4,Lisan al-Caleb,22535,26035,48570,0,22535,26035,0,3
2026-02-01,5,Mommy Rainier,23320,1607,24927,0,23320,1607,0,1
2026-02-01,6,Mostly Washed,33691,3087,36778,0,33691,3087,0,1
2026-02-01,7,Cártel de Breece y Puka,40563,53,40616,0,40563,53,0,0
2026-02-01,8,Loading…,38755,5240,43995,0,38755,5240,0,0
2026-02-01,9,Gaeta Spur FC,17759,17666,35425,0,17759,17666,0,0
2026-02-01,10,Rashid Shaheed Truthers,30530,6189,36719,0,30530,6189,0,2
2026-02-01,11,All You Need Is LOVE,26943,19585,46528,0,26943,19585,0,1
2026-02-01,12,Omar Comin,50964,99,51063,0,50964,99,0,0
2026-02-02,1,208 Ferrari Way,42650,256,42906,0,42650,256,0,1
2026-02-02,2,The Federal Reserve,56171,9154,65325,0,56171,9154,0,0
2026-02-02,3,Golden Hour,41215,2937,44152,0,41215,2937,0,3
2026-02-02,4,Lisan al-Caleb,22535,26035,48570,0,22535,26035,0,3
2026-02-02,5,Mommy Rainier,23320,1607,24927,0,23320,1607,0,1
2026-02-02,6,Mostly Washed,33691,3087,36778,0,33691,3087,0,1
2026-02-02,7,Cártel de Breece y Puka,40563,53,40616,0,40563,53,0,0
2026-02-02,8,Loading…,38755,5240,43995,0,38755,5240,0,0
2026-02-02,9,Gaeta Spur FC,17759,17666,35425,0,17759,17666,0,0
2026-02-02,10,Rashid Shaheed Truthers,30530,6189,36719,0,30530,6189,0,2
2026-02-02,11,All You Need Is LOVE,26943,19585,46528,0,26943,19585,0,1
2026-02-02,12,Omar Comin,50964,99,51063,0,50964,99,0,0
2026-02-03,1,208 Ferrari Way,42650,256,42906,0,42650,256,0,1
2026-02-03,2,The Federal Reserve,56171,9154,65325,0,56171,9154,0,0
2026-02-03,3,Golden Hour,41215,2937,44152,0,41215,2937,0,3
2026-02-03,4,Lisan al-Caleb,22535,26035,48570,0,22535,26035,0,3
2026-02-03,5,Mommy Rainier,23320,1607,24927,0,23320,1607,0,1
2026-02-03,6,Mostly Washed,33691,3087,36778,0,33691,3087,0,1
2026-02-03,7,Cártel de Breece y Puka,40563,53,40616,0,40563,53,0,0
2026-02-03,8,Loading…,38755,5240,43995,0,38755,5240,0,0
2026-02-03,9,Gaeta Spur FC,17759,17666,35425,0,17759,17666,0,0
2026-02-03,10,Rashid Shaheed Truthers,30530,6189,36719,0,30530,6189,0,2
2026-02-03,11,All You Need Is LOVE,26943,19585,46528,0,26943,19585,0,1
2026-02-03,12,Omar Comin,50964,99,51063,0,50964,99,0,0
2026-02-04,1,208 Ferrari Way,42650,256,42906,0,42650,256,0,1
2026-02-04,2,The Federal Reserve,56171,9154,65325,0,56171,9154,0,0
2026-02-04,3,Golden Hour,41215,2937,44152,0,41215,2937,0,3
2026-02-04,4,Lisan al-Caleb,22535,26035,48570,0,22535,26035,0,3
2026-02-04,5,Mommy Rainier,23320,1607,24927,0,23320,1607,0,1
2026-02-04,6,Mostly Washed,33691,3087,36778,0,33691,3087,0,1
2026-02-04,7,Cártel de Breece y Puka,40563,53,40616,0,40563,53,0,0
2026-02-04,8,Loading…,38755,5240,43995,0,38755,5240,0,0
2026-02-04,9,Gaeta Spur FC,17759,17666,35425,0,17759,17666,0,0
2026-02-04,10,Rashid Shaheed Truthers,30530,6189,36719,0,30530,6189,0,2
2026-02-04,11,All You Need Is LOVE,26943,19585,46528,0,26943,19585,0,1
2026-02-04,12,Omar Comin,50964,99,51063,0,50964,99,0,0
2026-02-05,1,208 Ferrari Way,42650,256,42906,0,42650,256,0,1
2026-02-05,2,The Federal Reserve,56171,9154,65325,0,56171,9154,0,0
2026-02-05,3,Golden Hour,41215,2937,44152,0,41215,2937,0,3
2026-02-05,4,Lisan al-Caleb,22535,26035,48570,0,22535,26035,0,3
2026-02-05,5,Mommy Rainier,23320,1607,24927,0,23320,1607,0,1
2026-02-05,6,Mostly Washed,33691,3087,36778,0,33691,3087,0,1
2026-02-05,7,Cártel de Breece y Puka,40563,53,40616,0,40563,53,0,0
2026-02-05,8,Loading…,38755,5240,43995,0,38755,5240,0,0
2026-02-05,9,Gaeta Spur FC,17759,17666,35425,0,17759,17666,0,0
2026-02-05,10,Rashid Shaheed Truthers,30530,6189,36719,0,30530,6189,0,2
2026-02-05,11,All You Need Is LOVE,26943,19585,46528,0,26943,19585,0,1
2026-02-05,12,Omar Comin,50964,99,51063,0,50964,99,0,0
2026-02-06,1,208 Ferrari Way,44944,4746,49690,44944,0,4746,0,0
2026-02-06,2,The Federal Reserve,57739,16011,73750,57739,0,16011,0,0
2026-02-06,3,Golden Hour,38385,9438,47823,38385,0,9438,0,2
2026-02-06,4,Lisan al-Caleb,23538,29214,52752,23538,0,29214,0,0
2026-02-06,5,Mommy Rainier,23833,13397,37230,23833,0,13397,0,0
2026-02-06,6,Mostly Washed,34657,9230,43887,34657,0,9230,0,1
2026-02-06,7,Cártel de Breece y Puka,40362,2106,42468,40362,0,2106,0,0
2026-02-06,8,Loading…,39379,13606,52985,39379,0,13606,0,0
2026-02-06,9,Gaeta Spur FC,18711,34325,53036,18711,0,34325,0,0
2026-02-06,10,Rashid Shaheed Truthers,31328,15315,46643,31328,0,15315,0,0
2026-02-06,11,All You Need Is LOVE,28339,31037,59376,28339,0,31037,0,1
2026-02-06,12,Omar Comin,51192,3175,54367,51192,0,3175,0,0
2026-02-07,1,208 Ferrari Way,44944,4746,49690,0,44944,4746,0,0
2026-02-07,2,The Federal Reserve,57739,16011,73750,0,57739,16011,0,0
2026-02-07,3,Golden Hour,38385,9438,47823,0,38385,9438,0,2
2026-02-07,4,Lisan al-Caleb,23538,29214,52752,0,23538,29214,0,0
2026-02-07,5,Mommy Rainier,23833,13397,37230,0,23833,13397,0,0
2026-02-07,6,Mostly Washed,34657,9230,43887,0,34657,9230,0,1
2026-02-07,7,Cártel de Breece y Puka,40362,2106,42468,0,40362,2106,0,0
2026-02-07,8,Loading…,39379,13606,52985,0,39379,13606,0,0
2026-02-07,9,Gaeta Spur FC,18711,34325,53036,0,18711,34325,0,0
2026-02-07,10,Rashid Shaheed Truthers,31328,15315,46643,0,31328,15315,0,0
2026-02-07,11,All You Need Is LOVE,28339,31037,59376,0,28339,31037,0,1
2026-02-07,12,Omar Comin,51192,3175,54367,0,51192,3175,0,0
2026-02-08,1,208 Ferrari Way,44944,4746,49690,0,44944,4746,0,0
2026-02-08,2,The Federal Reserve,57739,16011,73750,0,57739,16011,0,0
2026-02-08,3,Golden Hour,38385,9438,47823,0,38385,9438,0,2
2026-02-08,4,Lisan al-Caleb,23538,29214,52752,0,23538,29214,0,0
2026-02-08,5,Mommy Rainier,23833,13397,37230,0,23833,13397,0,0
2026-02-08,6,Mostly Washed,34657,9230,43887,0,34657,9230,0,1
2026-02-08,7,Cártel de Breece y Puka,40362,2106,42468,0,40362,2106,0,0
2026-02-08,8,Loading…,39379,13606,52985,0,39379,13606,0,0
2026-02-08,9,Gaeta Spur FC,18711,34325,53036,0,18711,34325,0,0
2026-02-08,10,Rashid Shaheed Truthers,31328,15315,46643,0,31328,15315,0,0
2026-02-08,11,All You Need Is LOVE,28339,31037,59376,0,28339,31037,0,1
2026-02-08,12,Omar Comin,51192,3175,54367,0,51192,3175,0,1
2026-02-09,1,208 Ferrari Way,44944,4746,49690,0,44944,4746,0,0
2026-02-09,2,The Federal Reserve,57739,16011,73750,0,57739,16011,0,0
2026-02-09,3,Golden Hour,38385,9438,47823,0,38385,9438,0,2
2026-02-09,4,Lisan al-Caleb,23538,29214,52752,0,23538,29214,0,0
2026-02-09,5,Mommy Rainier,23833,13397,37230,0,23833,13397,0,0
2026-02-09,6,Mostly Washed,34657,9230,43887,0,34657,9230,0,1
2026-02-09,7,Cártel de Breece y Puka,40362,2106,42468,0,40362,2106,0,0
2026-02-09,8,Loading…,39379,13606,52985,0,39379,13606,0,0
2026-02-09,9,Gaeta Spur FC,18711,34325,53036,0,18711,34325,0,0
2026-02-09,10,Rashid Shaheed Truthers,31328,15315,46643,0,31328,15315,0,0
2026-02-09,11,All You Need Is LOVE,28339,31037,59376,0,28339,31037,0,1
2026-02-09,12,Omar Comin,51192,3175,54367,0,51192,3175,0,1
2026-02-10,1,208 Ferrari Way,44944,4746,49690,0,44944,4746,0,0
2026-02-10,2,The Federal Reserve,57739,16011,73750,0,57739,16011,0,0
2026-02-10,3,Golden Hour,38385,9438,47823,0,38385,9438,0,2
2026-02-10,4,Lisan al-Caleb,23516,29214,52730,0,23516,29214,0,0
2026-02-10,5,Mommy Rainier,23833,13397,37230,0,23833,13397,0,0
2026-02-10,6,Mostly Washed,34657,9230,43887,0,34657,9230,0,1
2026-02-10,7,Cártel de Breece y Puka,40362,2106,42468,0,40362,2106,0,0
2026-02-10,8,Loading…,39379,13606,52985,0,39379,13606,0,0
2026-02-10,9,Gaeta Spur FC,18711,34325,53036,0,18711,34325,0,0
2026-02-10,10,Rashid Shaheed Truthers,31328,15315,46643,0,31328,15315,0,0
2026-02-10,11,All You Need Is LOVE,28339,31037,59376,0,28339,31037,0,1
2026-02-10,12,Omar Comin,51192,3175,54367,0,51192,3175,0,1
2026-02-11,1,208 Ferrari Way,44944,4746,49690,0,44944,4746,0,0
2026-02-11,2,The Federal Reserve,57739,16011,73750,0,57739,16011,0,0
2026-02-11,3,Golden Hour,38385,9438,47823,0,38385,9438,0,2
2026-02-11,4,Lisan al-Caleb,23516,29214,52730,0,23516,29214,0,1
2026-02-11,5,Mommy Rainier,23833,13397,37230,0,23833,13397,0,0
2026-02-11,6,Mostly Washed,34657,9230,43887,0,34657,9230,0,1
2026-02-11,7,Cártel de Breece y Puka,40362,2106,42468,0,40362,2106,0,0
2026-02-11,8,Loading…,39379,13606,52985,0,39379,13606,0,0
2026-02-11,9,Gaeta Spur FC,18711,34325,53036,0,18711,34325,0,0
2026-02-11,10,Rashid Shaheed Truthers,31328,15315,46643,0,31328,15315,0,0
2026-02-11,11,All You Need Is LOVE,28339,31037,59376,0,28339,31037,0,1
2026-02-11,12,Omar Comin,51192,3175,54367,0,51192,3175,0,1
2026-02-12,1,208 Ferrari Way,44944,4746,49690,0,44944,4746,0,0
2026-02-12,2,The Federal Reserve,57739,16011,73750,0,57739,16011,0,0
2026-02-12,3,Golden Hour,38363,9438,47801,0,38363,9438,0,1
2026-02-12,4,Lisan al-Caleb,23516,29214,52730,0,23516,29214,0,1
2026-02-12,5,Mommy Rainier,23833,13397,37230,0,23833,13397,0,0
2026-02-12,6,Mostly Washed,34657,9230,43887,0,34657,9230,0,1
2026-02-12,7,Cártel de Breece y Puka,40358,2106,42464,0,40358,2106,0,0
2026-02-12,8,Loading…,39379,13606,52985,0,39379,13606,0,0
2026-02-12,9,Gaeta Spur FC,18711,34325,53036,0,18711,34325,0,0
2026-02-12,10,Rashid Shaheed Truthers,31328,15315,46643,0,31328,15315,0,0
2026-02-12,11,All You Need Is LOVE,28339,31037,59376,0,28339,31037,0,1
2026-02-12,12,Omar Comin,51136,3175,54311,0,51136,3175,0,0
2026-02-13,1,208 Ferrari Way,44733,4797,49530,44733,0,4797,0,0
2026-02-13,2,The Federal Reserve,56853,15934,72787,56853,0,15934,0,0
2026-02-13,3,Golden Hour,38266,9427,47693,38266,0,9427,0,1
2026-02-13,4,Lisan al-Caleb,22597,28894,51491,22597,0,28894,0,1
2026-02-13,5,Mommy Rainier,24237,13460,37697,24237,0,13460,0,0
2026-02-13,6,Mostly Washed,35043,9223,44266,35043,0,9223,0,0
2026-02-13,7,Cártel de Breece y Puka,40797,2144,42941,40797,0,2144,0,0
2026-02-13,8,Loading…,38068,13557,51625,38068,0,13557,0,0
2026-02-13,9,Gaeta Spur FC,18011,34113,52124,18011,0,34113,0,0
2026-02-13,10,Rashid Shaheed Truthers,30476,15282,45758,30476,0,15282,0,0
2026-02-13,11,All You Need Is LOVE,28039,30786,58825,28039,0,30786,0,0
2026-02-13,12,Omar Comin,51237,3219,54456,51237,0,3219,0,0
2026-02-14,1,208 Ferrari Way,44733,4797,49530,0,44733,4797,0,0
2026-02-14,2,The Federal Reserve,56853,15934,72787,0,56853,15934,0,0
2026-02-14,3,Golden Hour,38266,9427,47693,0,38266,9427,0,1
2026-02-14,4,Lisan al-Caleb,22597,28894,51491,0,22597,28894,0,1
2026-02-14,5,Mommy Rainier,24237,13460,37697,0,24237,13460,0,0
2026-02-14,6,Mostly Washed,35043,9223,44266,0,35043,9223,0,0
2026-02-14,7,Cártel de Breece y Puka,40797,2144,42941,0,40797,2144,0,0
2026-02-14,8,Loading…,38068,13557,51625,0,38068,13557,0,0
2026-02-14,9,Gaeta Spur FC,18011,34113,52124,0,18011,34113,0,0
2026-02-14,10,Rashid Shaheed Truthers,30476,15282,45758,0,30476,15282,0,0
2026-02-14,11,All You Need Is LOVE,28039,30786,58825,0,28039,30786,0,0
2026-02-14,12,Omar Comin,51237,3219,54456,0,51237,3219,0,0
2026-02-15,1,208 Ferrari Way,44733,4797,49530,0,44733,4797,0,0
2026-02-15,2,The Federal Reserve,56853,15934,72787,0,56853,15934,0,0
2026-02-15,3,Golden Hour,38266,9427,47693,0,38266,9427,0,1
2026-02-15,4,Lisan al-Caleb,22597,28894,51491,0,22597,28894,0,1
2026-02-15,5,Mommy Rainier,24237,13460,37697,0,24237,13460,0,0
2026-02-15,6,Mostly Washed,35043,9223,44266,0,35043,9223,0,0
2026-02-15,7,Cártel de Breece y Puka,40797,2144,42941,0,40797,2144,0,0
2026-02-15,8,Loading…,38068,13557,51625,0,38068,13557,0,0
2026-02-15,9,Gaeta Spur FC,18011,34113,52124,0,18011,34113,0,0
2026-02-15,10,Rashid Shaheed Truthers,30476,15282,45758,0,30476,15282,0,0
2026-02-15,11,All You Need Is LOVE,28039,30786,58825,0,28039,30786,0,0
2026-02-15,12,Omar Comin,51237,3219,54456,0,51237,3219,0,0
2026-02-16,1,208 Ferrari Way,44733,4797,49530,0,44733,4797,0,0
2026-02-16,2,The Federal Reserve,56853,15934,72787,0,56853,15934,0,0
2026-02-16,3,Golden Hour,38266,9427,47693,0,38266,9427,0,1
2026-02-16,4,Lisan al-Caleb,22597,28894,51491,0,22597,28894,0,1
2026-02-16,5,Mommy Rainier,24237,13460,37697,0,24237,13460,0,0
2026-02-16,6,Mostly Washed,35043,9223,44266,0,35043,9223,0,0
2026-02-16,7,Cártel de Breece y Puka,40797,2144,42941,0,40797,2144,0,0
2026-02-16,8,Loading…,38068,13557,51625,0,38068,13557,0,0
2026-02-16,9,Gaeta Spur FC,18011,34113,52124,0,18011,34113,0,0
2026-02-16,10,Rashid Shaheed Truthers,30476,15282,45758,0,30476,15282,0,0
2026-02-16,11,All You Need Is LOVE,28039,30786,58825,0,28039,30786,0,0
2026-02-16,12,Omar Comin,51237,3219,54456,0,51237,3219,0,0
2026-02-17,1,208 Ferrari Way,44733,4797,49530,0,44733,4797,0,0
2026-02-17,2,The Federal Reserve,56853,15934,72787,0,56853,15934,0,0
2026-02-17,3,Golden Hour,38266,9427,47693,0,38266,9427,0,1
2026-02-17,4,Lisan al-Caleb,22597,28894,51491,0,22597,28894,0,1
2026-02-17,5,Mommy Rainier,24237,13460,37697,0,24237,13460,0,0
2026-02-17,6,Mostly Washed,35043,9223,44266,0,35043,9223,0,0
2026-02-17,7,Cártel de Breece y Puka,40797,2144,42941,0,40797,2144,0,0
2026-02-17,8,Loading…,38068,13557,51625,0,38068,13557,0,0
2026-02-17,9,Gaeta Spur FC,18011,34113,52124,0,18011,34113,0,0
2026-02-17,10,Rashid Shaheed Truthers,30476,15282,45758,0,30476,15282,0,0
2026-02-17,11,All You Need Is LOVE,28039,30786,58825,0,28039,30786,0,0
2026-02-17,12,Omar Comin,51237,3219,54456,0,51237,3219,0,0
2026-02-18,1,208 Ferrari Way,44733,4797,49530,0,44733,4797,0,0
2026-02-18,2,The Federal Reserve,56853,15934,72787,0,56853,15934,0,0
2026-02-18,3,Golden Hour,38266,9427,47693,0,38266,9427,0,1
2026-02-18,4,Lisan al-Caleb,22597,28894,51491,0,22597,28894,0,1
2026-02-18,5,Mommy Rainier,24202,13460,37662,0,24202,13460,0,0
2026-02-18,6,Mostly Washed,35043,9223,44266,0,35043,9223,0,0
2026-02-18,7,Cártel de Breece y Puka,40797,2144,42941,0,40797,2144,0,0
2026-02-18,8,Loading…,38068,13557,51625,0,38068,13557,0,0
2026-02-18,9,Gaeta Spur FC,18011,34113,52124,0,18011,34113,0,0
2026-02-18,10,Rashid Shaheed Truthers,30466,15282,45748,0,30466,15282,0,0
2026-02-18,11,All You Need Is LOVE,28039,30786,58825,0,28039,30786,0,0
2026-02-18,12,Omar Comin,51237,3219,54456,0,51237,3219,0,0
2026-02-19,1,208 Ferrari Way,44733,4797,49530,0,44733,4797,0,0
2026-02-19,2,The Federal Reserve,56853,15934,72787,0,56853,15934,0,0
2026-02-19,3,Golden Hour,38266,9427,47693,0,38266,9427,0,1
2026-02-19,4,Lisan al-Caleb,22597,28894,51491,0,22597,28894,0,1
2026-02-19,5,Mommy Rainier,24202,13460,37662,0,24202,13460,0,0
2026-02-19,6,Mostly Washed,35043,9223,44266,0,35043,9223,0,0
2026-02-19,7,Cártel de Breece y Puka,40797,2144,42941,0,40797,2144,0,0
2026-02-19,8,Loading…,38068,13557,51625,0,38068,13557,0,0
2026-02-19,9,Gaeta Spur FC,18011,34113,52124,0,18011,34113,0,0
2026-02-19,10,Rashid Shaheed Truthers,30466,15282,45748,0,30466,15282,0,0
2026-02-19,11,All You Need Is LOVE,28039,30786,58825,0,28039,30786,0,0
2026-02-19,12,Omar Comin,51237,3219,54456,0,51237,3219,0,0
2026-02-20,1,208 Ferrari Way,44163,4769,48932,44163,0,4769,0,0
2026-02-20,2,The Federal Reserve,56345,15798,72143,56345,0,15798,0,0
2026-02-20,3,Golden Hour,38798,9349,48147,38798,0,9349,0,1
2026-02-20,4,Lisan al-Caleb,22219,28614,50833,22219,0,28614,0,1
2026-02-20,5,Mommy Rainier,23556,13396,36952,23556,0,13396,0,0
2026-02-20,6,Mostly Washed,34688,9152,43840,34688,0,9152,0,0
2026-02-20,7,Cártel de Breece y Puka,40171,2117,42288,40171,0,2117,0,0
2026-02-20,8,Loading…,37827,13458,51285,37827,0,13458,0,0
2026-02-20,9,Gaeta Spur FC,17643,33840,51483,17643,0,33840,0,0
2026-02-20,10,Rashid Shaheed Truthers,30689,15158,45847,30689,0,15158,0,0
2026-02-20,11,All You Need Is LOVE,27965,30525,58490,27965,0,30525,0,0
2026-02-20,12,Omar Comin,51514,3188,54702,51514,0,3188,0,0
2026-02-21,1,208 Ferrari Way,44163,4769,48932,0,44163,4769,0,0
2026-02-21,2,The Federal Reserve,56345,15798,72143,0,56345,15798,0,0
2026-02-21,3,Golden Hour,38798,9349,48147,0,38798,9349,0,1
2026-02-21,4,Lisan al-Caleb,22219,28614,50833,0,22219,28614,0,1
2026-02-21,5,Mommy Rainier,23556,13396,36952,0,23556,13396,0,0
2026-02-21,6,Mostly Washed,34688,9152,43840,0,34688,9152,0,0
2026-02-21,7,Cártel de Breece y Puka,40171,2117,42288,0,40171,2117,0,0
2026-02-21,8,Loading…,37827,13458,51285,0,37827,13458,0,0
2026-02-21,9,Gaeta Spur FC,17643,33840,51483,0,17643,33840,0,0
2026-02-21,10,Rashid Shaheed Truthers,30689,15158,45847,0,30689,15158,0,0
2026-02-21,11,All You Need Is LOVE,27965,30525,58490,0,27965,30525,0,0
2026-02-21,12,Omar Comin,51514,3188,54702,0,51514,3188,0,0
2026-02-22,1,208 Ferrari Way,44163,4769,48932,0,44163,4769,0,0
2026-02-22,2,The Federal Reserve,56345,15798,72143,0,56345,15798,0,0
2026-02-22,3,Golden Hour,38798,9349,48147,0,38798,9349,0,1
2026-02-22,4,Lisan al-Caleb,22219,28614,50833,0,22219,28614,0,1
2026-02-22,5,Mommy Rainier,23556,13396,36952,0,23556,13396,0,0
2026-02-22,6,Mostly Washed,34688,9152,43840,0,34688,9152,0,0
2026-02-22,7,Cártel de Breece y Puka,40171,2117,42288,0,40171,2117,0,0
2026-02-22,8,Loading…,37827,13458,51285,0,37827,13458,0,0
2026-02-22,9,Gaeta Spur FC,17643,33840,51483,0,17643,33840,0,0
2026-02-22,10,Rashid Shaheed Truthers,30689,15158,45847,0,30689,15158,0,0
2026-02-22,11,All You Need Is LOVE,27965,30525,58490,0,27965,30525,0,0
2026-02-22,12,Omar Comin,51514,3188,54702,0,51514,3188,0,0
2026-02-23,1,208 Ferrari Way,44163,4769,48932,0,44163,4769,0,0
2026-02-23,2,The Federal Reserve,56345,15798,72143,0,56345,15798,0,0
2026-02-23,3,Golden Hour,38798,9349,48147,0,38798,9349,0,1
2026-02-23,4,Lisan al-Caleb,22219,28614,50833,0,22219,28614,0,1
2026-02-23,5,Mommy Rainier,23556,13396,36952,0,23556,13396,0,0
2026-02-23,6,Mostly Washed,34688,9152,43840,0,34688,9152,0,0
2026-02-23,7,Cártel de Breece y Puka,40171,2117,42288,0,40171,2117,0,0
2026-02-23,8,Loading…,37827,13458,51285,0,37827,13458,0,0
2026-02-23,9,Gaeta Spur FC,17643,33840,51483,0,17643,33840,0,0
2026-02-23,10,Rashid Shaheed Truthers,30689,15158,45847,0,30689,15158,0,0
2026-02-23,11,All You Need Is LOVE,27965,30525,58490,0,27965,30525,0,0
2026-02-23,12,Omar Comin,51514,3188,54702,0,51514,3188,0,0
2026-02-24,1,208 Ferrari Way,44123,4769,48892,0,44123,4769,0,0
2026-02-24,2,The Federal Reserve,56345,15798,72143,0,56345,15798,0,0
2026-02-24,3,Golden Hour,38798,9349,48147,0,38798,9349,0,1
2026-02-24,4,Lisan al-Caleb,22219,28614,50833,0,22219,28614,0,1
2026-02-24,5,Mommy Rainier,23556,13396,36952,0,23556,13396,0,0
2026-02-24,6,Mostly Washed,34688,9152,43840,0,34688,9152,0,0
2026-02-24,7,Cártel de Breece y Puka,40171,2117,42288,0,40171,2117,0,0
2026-02-24,8,Loading…,37827,13458,51285,0,37827,13458,0,0
2026-02-24,9,Gaeta Spur FC,17643,33840,51483,0,17643,33840,0,0
2026-02-24,10,Rashid Shaheed Truthers,30689,15158,45847,0,30689,15158,0,0
2026-02-24,11,All You Need Is LOVE,27965,30525,58490,0,27965,30525,0,0
2026-02-24,12,Omar Comin,51514,3188,54702,0,51514,3188,0,0
2026-02-25,1,208 Ferrari Way,44123,4769,48892,0,44123,4769,0,0
2026-02-25,2,The Federal Reserve,56345,15798,72143,0,56345,15798,0,0
2026-02-25,3,Golden Hour,38798,9349,48147,0,38798,9349,0,1
2026-02-25,4,Lisan al-Caleb,22219,28614,50833,0,22219,28614,0,1
2026-02-25,5,Mommy Rainier,23556,13396,36952,0,23556,13396,0,0
2026-02-25,6,Mostly Washed,34688,9152,43840,0,34688,9152,0,0
2026-02-25,7,Cártel de Breece y Puka,40171,2117,42288,0,40171,2117,0,0
2026-02-25,8,Loading…,37827,13458,51285,0,37827,13458,0,0
2026-02-25,9,Gaeta Spur FC,17643,33840,51483,0,17643,33840,0,0
2026-02-25,10,Rashid Shaheed Truthers,30689,15158,45847,0,30689,15158,0,0
2026-02-25,11,All You Need Is LOVE,27965,30525,58490,0,27965,30525,0,0
2026-02-25,12,Omar Comin,51514,3188,54702,0,51514,3188,0,0
2026-02-26,1,208 Ferrari Way,44123,4769,48892,0,44123,4769,0,0
2026-02-26,2,The Federal Reserve,56345,15798,72143,0,56345,15798,0,0
2026-02-26,3,Golden Hour,38798,9349,48147,0,38798,9349,0,1
2026-02-26,4,Lisan al-Caleb,22219,28614,50833,0,22219,28614,0,1
2026-02-26,5,Mommy Rainier,23556,13396,36952,0,23556,13396,0,0
2026-02-26,6,Mostly Washed,34688,9152,43840,0,34688,9152,0,0
2026-02-26,7,Cártel de Breece y Puka,40171,2117,42288,0,40171,2117,0,0
2026-02-26,8,Loading…,37827,13458,51285,0,37827,13458,0,0
2026-02-26,9,Gaeta Spur FC,17643,33840,51483,0,17643,33840,0,0
2026-02-26,10,Rashid Shaheed Truthers,30689,15158,45847,0,30689,15158,0,0
2026-02-26,11,All You Need Is LOVE,27965,30525,58490,0,27965,30525,0,0
2026-02-26,12,Omar Comin,51514,3188,54702,0,51514,3188,0,0
2026-02-27,1,208 Ferrari Way,44022,4748,48770,44022,0,4748,0,0
2026-02-27,2,The Federal Reserve,56483,15774,72257,56483,0,15774,0,0
2026-02-27,3,Golden Hour,38729,9331,48060,38729,0,9331,0,1
2026-02-27,4,Lisan al-Caleb,22274,28598,50872,22274,0,28598,0,1
2026-02-27,5,Mommy Rainier,23561,13359,36920,23561,0,13359,0,0
2026-02-27,6,Mostly Washed,34760,9133,43893,34748,12,9133,0,0
2026-02-27,7,Cártel de Breece y Puka,39637,2105,41742,39637,0,2105,0,0
2026-02-27,8,Loading…,37872,13438,51310,37872,0,13438,0,0
2026-02-27,9,Gaeta Spur FC,17519,33807,51326,17519,0,33807,0,0
2026-02-27,10,Rashid Shaheed Truthers,30320,15128,45448,30320,0,15128,0,0
2026-02-27,11,All You Need Is LOVE,27821,30501,58322,27821,0,30501,0,0
2026-02-27,12,Omar Comin,51181,3170,54351,51181,0,3170,0,0
2026-02-28,1,208 Ferrari Way,44022,4748,48770,0,44022,4748,0,0
2026-02-28,2,The Federal Reserve,56483,15774,72257,0,56483,15774,0,0
2026-02-28,3,Golden Hour,38729,9331,48060,0,38729,9331,0,1
2026-02-28,4,Lisan al-Caleb,22274,28598,50872,0,22274,28598,0,1
2026-02-28,5,Mommy Rainier,23561,13359,36920,0,23561,13359,0,0
2026-02-28,6,Mostly Washed,34748,9133,43881,0,34748,9133,0,1
2026-02-28,7,Cártel de Breece y Puka,39637,2105,41742,0,39637,2105,0,0
2026-02-28,8,Loading…,37872,13438,51310,0,37872,13438,0,0
2026-02-28,9,Gaeta Spur FC,17519,33807,51326,0,17519,33807,0,0
2026-02-28,10,Rashid Shaheed Truthers,30320,15128,45448,0,30320,15128,0,0
2026-02-28,11,All You Need Is LOVE,27821,30501,58322,0,27821,30501,0,0
2026-02-28,12,Omar Comin,51181,3170,54351,0,51181,3170,0,0
2026-03-01,1,208 Ferrari Way,44022,4748,48770,0,44022,4748,0,0
2026-03-01,2,The Federal Reserve,56483,15774,72257,0,56483,15774,0,0
2026-03-01,3,Golden Hour,38729,9331,48060,0,38729,9331,0,1
2026-03-01,4,Lisan al-Caleb,22274,28598,50872,0,22274,28598,0,1
2026-03-01,5,Mommy Rainier,23561,13359,36920,0,23561,13359,0,0
2026-03-01,6,Mostly Washed,34748,9133,43881,0,34748,9133,0,1
2026-03-01,7,Cártel de Breece y Puka,39637,2105,41742,0,39637,2105,0,0
2026-03-01,8,Loading…,37872,13438,51310,0,37872,13438,0,0
2026-03-01,9,Gaeta Spur FC,17519,33807,51326,0,17519,33807,0,0
2026-03-01,10,Rashid Shaheed Truthers,30320,15128,45448,0,30320,15128,0,0
2026-03-01,11,All You Need Is LOVE,27821,30501,58322,0,27821,30501,0,0
2026-03-01,12,Omar Comin,51181,3170,54351,0,51181,3170,0,0
2026-03-02,1,208 Ferrari Way,44022,4748,48770,0,44022,4748,0,0
2026-03-02,2,The Federal Reserve,56483,15774,72257,0,56483,15774,0,0
2026-03-02,3,Golden Hour,38729,9331,48060,0,38729,9331,0,1
2026-03-02,4,Lisan al-Caleb,22274,28598,50872,0,22274,28598,0,1
2026-03-02,5,Mommy Rainier,23561,13359,36920,0,23561,13359,0,0
2026-03-02,6,Mostly Washed,34748,9133,43881,0,34748,9133,0,1
2026-03-02,7,Cártel de Breece y Puka,39637,2105,41742,0,39637,2105,0,0
2026-03-02,8,Loading…,37872,13438,51310,0,37872,13438,0,0
2026-03-02,9,Gaeta Spur FC,17519,33807,51326,0,17519,33807,0,0
2026-03-02,10,Rashid Shaheed Truthers,30320,15128,45448,0,30320,15128,0,0
2026-03-02,11,All You Need Is LOVE,27821,30501,58322,0,27821,30501,0,0
2026-03-02,12,Omar Comin,51181,3170,54351,0,51181,3170,0,0
2026-03-03,1,208 Ferrari Way,44022,4748,48770,0,44022,4748,0,0
2026-03-03,2,The Federal Reserve,56483,15774,72257,0,56483,15774,0,0
2026-03-03,3,Golden Hour,38729,9331,48060,0,38729,9331,0,1
2026-03-03,4,Lisan al-Caleb,22274,28598,50872,0,22274,28598,0,1
2026-03-03,5,Mommy Rainier,23561,13359,36920,0,23561,13359,0,0
2026-03-03,6,Mostly Washed,34748,9133,43881,0,34748,9133,0,1
2026-03-03,7,Cártel de Breece y Puka,39637,2105,41742,0,39637,2105,0,0
2026-03-03,8,Loading…,37872,13438,51310,0,37872,13438,0,0
2026-03-03,9,Gaeta Spur FC,17519,33807,51326,0,17519,33807,0,0
2026-03-03,10,Rashid Shaheed Truthers,30320,15128,45448,0,30320,15128,0,0
2026-03-03,11,All You Need Is LOVE,27821,30501,58322,0,27821,30501,0,0
2026-03-03,12,Omar Comin,51181,3170,54351,0,51181,3170,0,0
2026-03-04,1,208 Ferrari Way,44022,4748,48770,0,44022,4748,0,0
2026-03-04,2,The Federal Reserve,56483,15774,72257,0,56483,15774,0,0
2026-03-04,3,Golden Hour,38729,9331,48060,0,38729,9331,0,1
2026-03-04,4,Lisan al-Caleb,22274,28598,50872,0,22274,28598,0,1
2026-03-04,5,Mommy Rainier,23561,13359,36920,0,23561,13359,0,0
2026-03-04,6,Mostly Washed,34748,9133,43881,0,34748,9133,0,1
2026-03-04,7,Cártel de Breece y Puka,39637,2105,41742,0,39637,2105,0,0
2026-03-04,8,Loading…,37872,13438,51310,0,37872,13438,0,0
2026-03-04,9,Gaeta Spur FC,17519,33807,51326,0,17519,33807,0,0
2026-03-04,10,Rashid Shaheed Truthers,30320,15128,45448,0,30320,15128,0,0
2026-03-04,11,All You Need Is LOVE,27821,30501,58322,0,27821,30501,0,0
2026-03-04,12,Omar Comin,51181,3170,54351,0,51181,3170,0,0
2026-03-05,1,208 Ferrari Way,44022,4748,48770,0,44022,4748,0,0
2026-03-05,2,The Federal Reserve,56483,15774,72257,0,56483,15774,0,0
2026-03-05,3,Golden Hour,38729,9331,48060,0,38729,9331,0,1
2026-03-05,4,Lisan al-Caleb,22274,28598,50872,0,22274,28598,0,1
2026-03-05,5,Mommy Rainier,23561,13359,36920,0,23561,13359,0,0
2026-03-05,6,Mostly Washed,34748,9133,43881,0,34748,9133,0,1
2026-03-05,7,Cártel de Breece y Puka,39637,2105,41742,0,39637,2105,0,0
2026-03-05,8,Loading…,37872,13438,51310,0,37872,13438,0,0
2026-03-05,9,Gaeta Spur FC,17519,33807,51326,0,17519,33807,0,0
2026-03-05,10,Rashid Shaheed Truthers,30320,15128,45448,0,30320,15128,0,0
2026-03-05,11,All You Need Is LOVE,27821,30501,58322,0,27821,30501,0,0
2026-03-05,12,Omar Comin,51181,3170,54351,0,51181,3170,0,0
2026-03-06,1,208 Ferrari Way,44022,4748,48770,0,44022,4748,0,0
2026-03-06,2,The Federal Reserve,56483,15774,72257,0,56483,15774,0,0
2026-03-06,3,Golden Hour,38729,9331,48060,0,38729,9331,0,1
2026-03-06,4,Lisan al-Caleb,22266,28598,50864,0,22266,28598,0,1
2026-03-06,5,Mommy Rainier,23561,13359,36920,0,23561,13359,0,0
2026-03-06,6,Mostly Washed,34748,9133,43881,0,34748,9133,0,1
2026-03-06,7,Cártel de Breece y Puka,39637,2105,41742,0,39637,2105,0,0
2026-03-06,8,Loading…,37872,13438,51310,0,37872,13438,0,0
2026-03-06,9,Gaeta Spur FC,17519,33807,51326,0,17519,33807,0,0
2026-03-06,10,Rashid Shaheed Truthers,30320,15128,45448,0,30320,15128,0,0
2026-03-06,11,All You Need Is LOVE,27821,30501,58322,0,27821,30501,0,0
2026-03-06,12,Omar Comin,51181,3170,54351,0,51181,3170,0,0
2026-03-07,1,208 Ferrari Way,0,0,0,0,0,0,0,26
2026-03-07,2,The Federal Reserve,0,0,0,0,0,0,0,28
2026-03-07,3,Golden Hour,0,0,0,0,0,0,0,26
2026-03-07,4,Lisan al-Caleb,0,0,0,0,0,0,0,26
2026-03-07,5,Mommy Rainier,0,0,0,0,0,0,0,26
2026-03-07,6,Mostly Washed,0,0,0,0,0,0,0,27
2026-03-07,7,Cártel de Breece y Puka,0,0,0,0,0,0,0,28
2026-03-07,8,Loading…,0,0,0,0,0,0,0,26
2026-03-07,9,Gaeta Spur FC,0,0,0,0,0,0,0,28
2026-03-07,10,Rashid Shaheed Truthers,0,0,0,0,0,0,0,25
2026-03-07,11,All You Need Is LOVE,0,0,0,0,0,0,0,27
2026-03-07,12,Omar Comin,0,0,0,0,0,0,0,26
2026-03-08,1,208 Ferrari Way,0,0,0,0,0,0,0,26
2026-03-08,2,The Federal Reserve,0,0,0,0,0,0,0,28
2026-03-08,3,Golden Hour,0,0,0,0,0,0,0,26
2026-03-08,4,Lisan al-Caleb,0,0,0,0,0,0,0,27
2026-03-08,5,Mommy Rainier,0,0,0,0,0,0,0,26
2026-03-08,6,Mostly Washed,0,0,0,0,0,0,0,27
2026-03-08,7,Cártel de Breece y Puka,0,0,0,0,0,0,0,28
2026-03-08,8,Loading…,0,0,0,0,0,0,0,26
2026-03-08,9,Gaeta Spur FC,0,0,0,0,0,0,0,28
2026-03-08,10,Rashid Shaheed Truthers,0,0,0,0,0,0,0,25
2026-03-08,11,All You Need Is LOVE,0,0,0,0,0,0,0,27
2026-03-08,12,Omar Comin,0,0,0,0,0,0,0,25
2026-03-09,1,208 Ferrari Way,0,0,0,0,0,0,0,26
2026-03-09,2,The Federal Reserve,0,0,0,0,0,0,0,28
2026-03-09,3,Golden Hour,0,0,0,0,0,0,0,26
2026-03-09,4,Lisan al-Caleb,0,0,0,0,0,0,0,26
2026-03-09,5,Mommy Rainier,0,0,0,0,0,0,0,26
2026-03-09,6,Mostly Washed,0,0,0,0,0,0,0,27
2026-03-09,7,Cártel de Breece y Puka,0,0,0,0,0,0,0,28
2026-03-09,8,Loading…,0,0,0,0,0,0,0,26
2026-03-09,9,Gaeta Spur FC,0,0,0,0,0,0,0,27
2026-03-09,10,Rashid Shaheed Truthers,0,0,0,0,0,0,0,25
2026-03-09,11,All You Need Is LOVE,0,0,0,0,0,0,0,26
2026-03-09,12,Omar Comin,0,0,0,0,0,0,0,25
2026-03-10,1,208 Ferrari Way,0,0,0,0,0,0,0,26
2026-03-10,2,The Federal Reserve,0,0,0,0,0,0,0,28
2026-03-10,3,Golden Hour,0,0,0,0,0,0,0,26
2026-03-10,4,Lisan al-Caleb,0,0,0,0,0,0,0,26
2026-03-10,5,Mommy Rainier,0,0,0,0,0,0,0,26
2026-03-10,6,Mostly Washed,0,0,0,0,0,0,0,27
2026-03-10,7,Cártel de Breece y Puka,0,0,0,0,0,0,0,28
2026-03-10,8,Loading…,0,0,0,0,0,0,0,26
2026-03-10,9,Gaeta Spur FC,0,0,0,0,0,0,0,27
2026-03-10,10,Rashid Shaheed Truthers,0,0,0,0,0,0,0,25
2026-03-10,11,All You Need Is LOVE,0,0,0,0,0,0,0,26
2026-03-10,12,Omar Comin,0,0,0,0,0,0,0,25
2026-03-11,1,208 Ferrari Way,0,0,0,0,0,0,0,26
2026-03-11,2,The Federal Reserve,0,0,0,0,0,0,0,28
2026-03-11,3,Golden Hour,0,0,0,0,0,0,0,26
2026-03-11,4,Lisan al-Caleb,0,0,0,0,0,0,0,26
2026-03-11,5,Mommy Rainier,0,0,0,0,0,0,0,26
2026-03-11,6,Mostly Washed,0,0,0,0,0,0,0,27
2026-03-11,7,Cártel de Breece y Puka,0,0,0,0,0,0,0,27
2026-03-11,8,Loading…,0,0,0,0,0,0,0,26
2026-03-11,9,Gaeta Spur FC,0,0,0,0,0,0,0,27
2026-03-11,10,Rashid Shaheed Truthers,0,0,0,0,0,0,0,25
2026-03-11,11,All You Need Is LOVE,0,0,0,0,0,0,0,26
2026-03-11,12,Omar Comin,0,0,0,0,0,0,0,25
2026-03-12,1,208 Ferrari Way,0,0,0,0,0,0,0,26
2026-03-12,2,The Federal Reserve,0,0,0,0,0,0,0,28
2026-03-12,3,Golden Hour,0,0,0,0,0,0,0,26
2026-03-12,4,Lisan al-Caleb,0,0,0,0,0,0,0,26
2026-03-12,5,Mommy Rainier,0,0,0,0,0,0,0,26
2026-03-12,6,Mostly Washed,0,0,0,0,0,0,0,27
2026-03-12,7,Cártel de Breece y Puka,0,0,0,0,0,0,0,27
2026-03-12,8,Loading…,0,0,0,0,0,0,0,26
2026-03-12,9,Gaeta Spur FC,0,0,0,0,0,0,0,27
2026-03-12,10,Rashid Shaheed Truthers,0,0,0,0,0,0,0,25
2026-03-12,11,All You Need Is LOVE,0,0,0,0,0,0,0,26
2026-03-12,12,Omar Comin,0,0,0,0,0,0,0,25
2026-03-13,1,208 Ferrari Way,0,0,0,0,0,0,0,26
2026-03-13,2,The Federal Reserve,0,0,0,0,0,0,0,27
2026-03-13,3,Golden Hour,0,0,0,0,0,0,0,26
2026-03-13,4,Lisan al-Caleb,0,0,0,0,0,0,0,26
2026-03-13,5,Mommy Rainier,0,0,0,0,0,0,0,26
2026-03-13,6,Mostly Washed,0,0,0,0,0,0,0,27
2026-03-13,7,Cártel de Breece y Puka,0,0,0,0,0,0,0,27
2026-03-13,8,Loading…,0,0,0,0,0,0,0,26
2026-03-13,9,Gaeta Spur FC,0,0,0,0,0,0,0,27
2026-03-13,10,Rashid Shaheed Truthers,0,0,0,0,0,0,0,25
2026-03-13,11,All You Need Is LOVE,0,0,0,0,0,0,0,26
2026-03-13,12,Omar Comin,0,0,0,0,0,0,0,26
2026-03-14,1,208 Ferrari Way,0,0,0,0,0,0,0,26
2026-03-14,2,The Federal Reserve,0,0,0,0,0,0,0,27
2026-03-14,3,Golden Hour,0,0,0,0,0,0,0,26
2026-03-14,4,Lisan al-Caleb,0,0,0,0,0,0,0,26
2026-03-14,5,Mommy Rainier,0,0,0,0,0,0,0,26
2026-03-14,6,Mostly Washed,0,0,0,0,0,0,0,27
2026-03-14,7,Cártel de Breece y Puka,0,0,0,0,0,0,0,27
2026-03-14,8,Loading…,0,0,0,0,0,0,0,26
2026-03-14,9,Gaeta Spur FC,0,0,0,0,0,0,0,27
2026-03-14,10,Rashid Shaheed Truthers,0,0,0,0,0,0,0,25
2026-03-14,11,All You Need Is LOVE,0,0,0,0,0,0,0,26
2026-03-14,12,Omar Comin,0,0,0,0,0,0,0,26
2026-03-15,1,208 Ferrari Way,0,0,0,0,0,0,0,26
2026-03-15,2,The Federal Reserve,0,0,0,0,0,0,0,27
2026-03-15,3,Golden Hour,0,0,0,0,0,0,0,26
2026-03-15,4,Lisan al-Caleb,0,0,0,0,0,0,0,26
2026-03-15,5,Mommy Rainier,0,0,0,0,0,0,0,26
2026-03-15,6,Mostly Washed,0,0,0,0,0,0,0,27
2026-03-15,7,Cártel de Breece y Puka,0,0,0,0,0,0,0,27
2026-03-15,8,Loading…,0,0,0,0,0,0,0,26
2026-03-15,9,Gaeta Spur FC,0,0,0,0,0,0,0,27
2026-03-15,10,Rashid Shaheed Truthers,0,0,0,0,0,0,0,25
2026-03-15,11,All You Need Is LOVE,0,0,0,0,0,0,0,26
2026-03-15,12,Omar Comin,0,0,0,0,0,0,0,26
2026-03-16,1,208 Ferrari Way,0,0,0,0,0,0,0,26
2026-03-16,2,The Federal Reserve,0,0,0,0,0,0,0,27
2026-03-16,3,Golden Hour,0,0,0,0,0,0,0,26
2026-03-16,4,Lisan al-Caleb,0,0,0,0,0,0,0,26
2026-03-16,5,Mommy Rainier,0,0,0,0,0,0,0,26
2026-03-16,6,Mostly Washed,0,0,0,0,0,0,0,27
2026-03-16,7,Cártel de Breece y Puka,0,0,0,0,0,0,0,27
2026-03-16,8,Loading…,0,0,0,0,0,0,0,26
2026-03-16,9,Gaeta Spur FC,0,0,0,0,0,0,0,27
2026-03-16,10,Rashid Shaheed Truthers,0,0,0,0,0,0,0,25
2026-03-16,11,All You Need Is LOVE,0,0,0,0,0,0,0,26
2026-03-16,12,Omar Comin,0,0,0,0,0,0,0,26
2026-03-17,1,208 Ferrari Way,0,0,0,0,0,0,0,26
2026-03-17,2,The Federal Reserve,0,0,0,0,0,0,0,27
2026-03-17,3,Golden Hour,0,0,0,0,0,0,0,26
2026-03-17,4,Lisan al-Caleb,0,0,0,0,0,0,0,26
2026-03-17,5,Mommy Rainier,0,0,0,0,0,0,0,26
2026-03-17,6,Mostly Washed,0,0,0,0,0,0,0,27
2026-03-17,7,Cártel de Breece y Puka,0,0,0,0,0,0,0,27
2026-03-17,8,Loading…,0,0,0,0,0,0,0,26
2026-03-17,9,Gaeta Spur FC,0,0,0,0,0,0,0,27
2026-03-17,10,Rashid Shaheed Truthers,0,0,0,0,0,0,0,25
2026-03-17,11,All You Need Is LOVE,0,0,0,0,0,0,0,26
2026-03-17,12,Omar Comin,0,0,0,0,0,0,0,26
2026-03-18,1,208 Ferrari Way,0,0,0,0,0,0,0,26
2026-03-18,2,The Federal Reserve,0,0,0,0,0,0,0,27
2026-03-18,3,Golden Hour,0,0,0,0,0,0,0,26
2026-03-18,4,Lisan al-Caleb,0,0,0,0,0,0,0,26
2026-03-18,5,Mommy Rainier,0,0,0,0,0,0,0,26
2026-03-18,6,Mostly Washed,0,0,0,0,0,0,0,27
2026-03-18,7,Cártel de Breece y Puka,0,0,0,0,0,0,0,27
2026-03-18,8,Loading…,0,0,0,0,0,0,0,26
2026-03-18,9,Gaeta Spur FC,0,0,0,0,0,0,0,27
2026-03-18,10,Rashid Shaheed Truthers,0,0,0,0,0,0,0,25
2026-03-18,11,All You Need Is LOVE,0,0,0,0,0,0,0,26
2026-03-18,12,Omar Comin,0,0,0,0,0,0,0,26
2026-03-19,1,208 Ferrari Way,0,0,0,0,0,0,0,26
2026-03-19,2,The Federal Reserve,0,0,0,0,0,0,0,27
2026-03-19,3,Golden Hour,0,0,0,0,0,0,0,26
2026-03-19,4,Lisan al-Caleb,0,0,0,0,0,0,0,26
2026-03-19,5,Mommy Rainier,0,0,0,0,0,0,0,26
2026-03-19,6,Mostly Washed,0,0,0,0,0,0,0,27
2026-03-19,7,Cártel de Breece y Puka,0,0,0,0,0,0,0,27
2026-03-19,8,Loading…,0,0,0,0,0,0,0,26
2026-03-19,9,Gaeta Spur FC,0,0,0,0,0,0,0,27
2026-03-19,10,Rashid Shaheed Truthers,0,0,0,0,0,0,0,25
2026-03-19,11,All You Need Is LOVE,0,0,0,0,0,0,0,26
2026-03-19,12,Omar Comin,0,0,0,0,0,0,0,26
2026-03-20,1,208 Ferrari Way,0,0,0,0,0,0,0,26
2026-03-20,2,The Federal Reserve,0,0,0,0,0,0,0,27
2026-03-20,3,Golden Hour,0,0,0,0,0,0,0,26
2026-03-20,4,Lisan al-Caleb,0,0,0,0,0,0,0,26
2026-03-20,5,Mommy Rainier,0,0,0,0,0,0,0,26
2026-03-20,6,Mostly Washed,0,0,0,0,0,0,0,27
2026-03-20,7,Cártel de Breece y Puka,0,0,0,0,0,0,0,27
2026-03-20,8,Loading…,0,0,0,0,0,0,0,26
2026-03-20,9,Gaeta Spur FC,0,0,0,0,0,0,0,27
2026-03-20,10,Rashid Shaheed Truthers,0,0,0,0,0,0,0,25
2026-03-20,11,All You Need Is LOVE,0,0,0,0,0,0,0,26
2026-03-20,12,Omar Comin,0,0,0,0,0,0,0,26
2026-03-21,1,208 Ferrari Way,0,0,0,0,0,0,0,26
2026-03-21,2,The Federal Reserve,0,0,0,0,0,0,0,27
2026-03-21,3,Golden Hour,0,0,0,0,0,0,0,26
2026-03-21,4,Lisan al-Caleb,0,0,0,0,0,0,0,26
2026-03-21,5,Mommy Rainier,0,0,0,0,0,0,0,26
2026-03-21,6,Mostly Washed,0,0,0,0,0,0,0,27
2026-03-21,7,Cártel de Breece y Puka,0,0,0,0,0,0,0,27
2026-03-21,8,Loading…,0,0,0,0,0,0,0,26
2026-03-21,9,Gaeta Spur FC,0,0,0,0,0,0,0,27
2026-03-21,10,Rashid Shaheed Truthers,0,0,0,0,0,0,0,25
2026-03-21,11,All You Need Is LOVE,0,0,0,0,0,0,0,26
2026-03-21,12,Omar Comin,0,0,0,0,0,0,0,26
2026-03-22,1,208 Ferrari Way,0,0,0,0,0,0,0,26
2026-03-22,2,The Federal Reserve,0,0,0,0,0,0,0,27
2026-03-22,3,Golden Hour,0,0,0,0,0,0,0,26
2026-03-22,4,Lisan al-Caleb,0,0,0,0,0,0,0,26
2026-03-22,5,Mommy Rainier,0,0,0,0,0,0,0,26
2026-03-22,6,Mostly Washed,0,0,0,0,0,0,0,27
2026-03-22,7,Cártel de Breece y Puka,0,0,0,0,0,0,0,27
2026-03-22,8,Loading…,0,0,0,0,0,0,0,26
2026-03-22,9,Gaeta Spur FC,0,0,0,0,0,0,0,27
2026-03-22,10,Rashid Shaheed Truthers,0,0,0,0,0,0,0,25
2026-03-22,11,All You Need Is LOVE,0,0,0,0,0,0,0,26
2026-03-22,12,Omar Comin,0,0,0,0,0,0,0,26
2026-03-23,1,208 Ferrari Way,0,0,0,0,0,0,0,26
2026-03-23,2,The Federal Reserve,0,0,0,0,0,0,0,27
2026-03-23,3,Golden Hour,0,0,0,0,0,0,0,26
2026-03-23,4,Lisan al-Caleb,0,0,0,0,0,0,0,26
2026-03-23,5,Mommy Rainier,0,0,0,0,0,0,0,26
2026-03-23,6,Mostly Washed,0,0,0,0,0,0,0,27
2026-03-23,7,Cártel de Breece y Puka,0,0,0,0,0,0,0,27
2026-03-23,8,Loading…,0,0,0,0,0,0,0,26
2026-03-23,9,Gaeta Spur FC,0,0,0,0,0,0,0,27
2026-03-23,10,Rashid Shaheed Truthers,0,0,0,0,0,0,0,25
2026-03-23,11,All You Need Is LOVE,0,0,0,0,0,0,0,26
2026-03-23,12,Omar Comin,0,0,0,0,0,0,0,26
2026-03-24,1,208 Ferrari Way,0,0,0,0,0,0,0,26
2026-03-24,2,The Federal Reserve,0,0,0,0,0,0,0,27
2026-03-24,3,Golden Hour,0,0,0,0,0,0,0,25
2026-03-24,4,Lisan al-Caleb,0,0,0,0,0,0,0,26
2026-03-24,5,Mommy Rainier,0,0,0,0,0,0,0,26
2026-03-24,6,Mostly Washed,0,0,0,0,0,0,0,27
2026-03-24,7,Cártel de Breece y Puka,0,0,0,0,0,0,0,27
2026-03-24,8,Loading…,0,0,0,0,0,0,0,26
2026-03-24,9,Gaeta Spur FC,0,0,0,0,0,0,0,27
2026-03-24,10,Rashid Shaheed Truthers,0,0,0,0,0,0,0,25
2026-03-24,11,All You Need Is LOVE,0,0,0,0,0,0,0,26
2026-03-24,12,Omar Comin,0,0,0,0,0,0,0,26
2026-03-25,1,208 Ferrari Way,0,0,0,0,0,0,0,26
2026-03-25,2,The Federal Reserve,0,0,0,0,0,0,0,27
2026-03-25,3,Golden Hour,0,0,0,0,0,0,0,26
2026-03-25,4,Lisan al-Caleb,0,0,0,0,0,0,0,26
2026-03-25,5,Mommy Rainier,0,0,0,0,0,0,0,26
2026-03-25,6,Mostly Washed,0,0,0,0,0,0,0,27
2026-03-25,7,Cártel de Breece y Puka,0,0,0,0,0,0,0,27
2026-03-25,8,Loading…,0,0,0,0,0,0,0,26
2026-03-25,9,Gaeta Spur FC,0,0,0,0,0,0,0,27
2026-03-25,10,Rashid Shaheed Truthers,0,0,0,0,0,0,0,25
2026-03-25,11,All You Need Is LOVE,0,0,0,0,0,0,0,26
2026-03-25,12,Omar Comin,0,0,0,0,0,0,0,26
2026-03-26,1,208 Ferrari Way,0,0,0,0,0,0,0,26
2026-03-26,2,The Federal Reserve,0,0,0,0,0,0,0,27
2026-03-26,3,Golden Hour,0,0,0,0,0,0,0,26
2026-03-26,4,Lisan al-Caleb,0,0,0,0,0,0,0,26
2026-03-26,5,Mommy Rainier,0,0,0,0,0,0,0,26
2026-03-26,6,Mostly Washed,0,0,0,0,0,0,0,27
2026-03-26,7,Cártel de Breece y Puka,0,0,0,0,0,0,0,27
2026-03-26,8,Loading…,0,0,0,0,0,0,0,26
2026-03-26,9,Gaeta Spur FC,0,0,0,0,0,0,0,27
2026-03-26,10,Rashid Shaheed Truthers,0,0,0,0,0,0,0,25
2026-03-26,11,All You Need Is LOVE,0,0,0,0,0,0,0,26
2026-03-26,12,Omar Comin,0,0,0,0,0,0,0,26
2026-03-27,1,208 Ferrari Way,0,0,0,0,0,0,0,26
2026-03-27,2,The Federal Reserve,0,0,0,0,0,0,0,27
2026-03-27,3,Golden Hour,0,0,0,0,0,0,0,26
2026-03-27,4,Lisan al-Caleb,0,0,0,0,0,0,0,26
2026-03-27,5,Mommy Rainier,0,0,0,0,0,0,0,26
2026-03-27,6,Mostly Washed,0,0,0,0,0,0,0,27
2026-03-27,7,Cártel de Breece y Puka,0,0,0,0,0,0,0,27
2026-03-27,8,Loading…,0,0,0,0,0,0,0,26
2026-03-27,9,Gaeta Spur FC,0,0,0,0,0,0,0,27
2026-03-27,10,Rashid Shaheed Truthers,0,0,0,0,0,0,0,25
2026-03-27,11,All You Need Is LOVE,0,0,0,0,0,0,0,26
2026-03-27,12,Omar Comin,0,0,0,0,0,0,0,26
2026-03-28,1,208 Ferrari Way,0,0,0,0,0,0,0,26
2026-03-28,2,The Federal Reserve,0,0,0,0,0,0,0,27
2026-03-28,3,Golden Hour,0,0,0,0,0,0,0,26
2026-03-28,4,Lisan al-Caleb,0,0,0,0,0,0,0,26
2026-03-28,5,Mommy Rainier,0,0,0,0,0,0,0,26
2026-03-28,6,Mostly Washed,0,0,0,0,0,0,0,27
2026-03-28,7,Cártel de Breece y Puka,0,0,0,0,0,0,0,27
2026-03-28,8,Loading…,0,0,0,0,0,0,0,26
2026-03-28,9,Gaeta Spur FC,0,0,0,0,0,0,0,27
2026-03-28,10,Rashid Shaheed Truthers,0,0,0,0,0,0,0,25
2026-03-28,11,All You Need Is LOVE,0,0,0,0,0,0,0,26
2026-03-28,12,Omar Comin,0,0,0,0,0,0,0,26
2026-03-29,1,208 Ferrari Way,0,0,0,0,0,0,0,26
2026-03-29,2,The Federal Reserve,0,0,0,0,0,0,0,27
2026-03-29,3,Golden Hour,0,0,0,0,0,0,0,26
2026-03-29,4,Lisan al-Caleb,0,0,0,0,0,0,0,26
2026-03-29,5,Mommy Rainier,0,0,0,0,0,0,0,26
2026-03-29,6,Mostly Washed,0,0,0,0,0,0,0,27
2026-03-29,7,Cártel de Breece y Puka,0,0,0,0,0,0,0,27
2026-03-29,8,Loading…,0,0,0,0,0,0,0,26
2026-03-29,9,Gaeta Spur FC,0,0,0,0,0,0,0,27
2026-03-29,10,Rashid Shaheed Truthers,0,0,0,0,0,0,0,25
2026-03-29,11,All You Need Is LOVE,0,0,0,0,0,0,0,26
2026-03-29,12,Omar Comin,0,0,0,0,0,0,0,26
2026-03-30,1,208 Ferrari Way,0,0,0,0,0,0,0,26
2026-03-30,2,The Federal Reserve,0,0,0,0,0,0,0,27
2026-03-30,3,Golden Hour,0,0,0,0,0,0,0,26
2026-03-30,4,Lisan al-Caleb,0,0,0,0,0,0,0,26
2026-03-30,5,Mommy Rainier,0,0,0,0,0,0,0,26
2026-03-30,6,Mostly Washed,0,0,0,0,0,0,0,27
2026-03-30,7,Cártel de Breece y Puka,0,0,0,0,0,0,0,26
2026-03-30,8,Loading…,0,0,0,0,0,0,0,26
2026-03-30,9,Gaeta Spur FC,0,0,0,0,0,0,0,27
2026-03-30,10,Rashid Shaheed Truthers,0,0,0,0,0,0,0,25
2026-03-30,11,All You Need Is LOVE,0,0,0,0,0,0,0,26
2026-03-30,12,Omar Comin,0,0,0,0,0,0,0,26
2026-03-31,1,208 Ferrari Way,0,0,0,0,0,0,0,26
2026-03-31,2,The Federal Reserve,0,0,0,0,0,0,0,27
2026-03-31,3,Golden Hour,0,0,0,0,0,0,0,26
2026-03-31,4,Lisan al-Caleb,0,0,0,0,0,0,0,26
2026-03-31,5,Mommy Rainier,0,0,0,0,0,0,0,26
2026-03-31,6,Mostly Washed,0,0,0,0,0,0,0,27
2026-03-31,7,Cártel de Breece y Puka,0,0,0,0,0,0,0,26
2026-03-31,8,Loading…,0,0,0,0,0,0,0,26
2026-03-31,9,Gaeta Spur FC,0,0,0,0,0,0,0,27
2026-03-31,10,Rashid Shaheed Truthers,0,0,0,0,0,0,0,25
2026-03-31,11,All You Need Is LOVE,0,0,0,0,0,0,0,26
2026-03-31,12,Omar Comin,0,0,0,0,0,0,0,26
2026-04-01,1,208 Ferrari Way,0,0,0,0,0,0,0,26
2026-04-01,2,The Federal Reserve,0,0,0,0,0,0,0,27
2026-04-01,3,Golden Hour,0,0,0,0,0,0,0,26
2026-04-01,4,Lisan al-Caleb,0,0,0,0,0,0,0,26
2026-04-01,5,Mommy Rainier,0,0,0,0,0,0,0,26
2026-04-01,6,Mostly Washed,0,0,0,0,0,0,0,27
2026-04-01,7,Cártel de Breece y Puka,0,0,0,0,0,0,0,26
2026-04-01,8,Loading…,0,0,0,0,0,0,0,26
2026-04-01,9,Gaeta Spur FC,0,0,0,0,0,0,0,27
2026-04-01,10,Rashid Shaheed Truthers,0,0,0,0,0,0,0,25
2026-04-01,11,All You Need Is LOVE,0,0,0,0,0,0,0,26
2026-04-01,12,Omar Comin,0,0,0,0,0,0,0,26
2026-04-02,1,208 Ferrari Way,0,0,0,0,0,0,0,26
2026-04-02,2,The Federal Reserve,0,0,0,0,0,0,0,27
2026-04-02,3,Golden Hour,0,0,0,0,0,0,0,26
2026-04-02,4,Lisan al-Caleb,0,0,0,0,0,0,0,26
2026-04-02,5,Mommy Rainier,0,0,0,0,0,0,0,26
2026-04-02,6,Mostly Washed,0,0,0,0,0,0,0,27
2026-04-02,7,Cártel de Breece y Puka,0,0,0,0,0,0,0,26
2026-04-02,8,Loading…,0,0,0,0,0,0,0,26
2026-04-02,9,Gaeta Spur FC,0,0,0,0,0,0,0,27
2026-04-02,10,Rashid Shaheed Truthers,0,0,0,0,0,0,0,24
2026-04-02,11,All You Need Is LOVE,0,0,0,0,0,0,0,26
2026-04-02,12,Omar Comin,0,0,0,0,0,0,0,26
2026-04-03,1,208 Ferrari Way,0,0,0,0,0,0,0,26
2026-04-03,2,The Federal Reserve,0,0,0,0,0,0,0,27
2026-04-03,3,Golden Hour,0,0,0,0,0,0,0,26
2026-04-03,4,Lisan al-Caleb,0,0,0,0,0,0,0,26
2026-04-03,5,Mommy Rainier,0,0,0,0,0,0,0,26
2026-04-03,6,Mostly Washed,0,0,0,0,0,0,0,27
2026-04-03,7,Cártel de Breece y Puka,0,0,0,0,0,0,0,26
2026-04-03,8,Loading…,0,0,0,0,0,0,0,26
2026-04-03,9,Gaeta Spur FC,0,0,0,0,0,0,0,27
2026-04-03,10,Rashid Shaheed Truthers,0,0,0,0,0,0,0,24
2026-04-03,11,All You Need Is LOVE,0,0,0,0,0,0,0,26
2026-04-03,12,Omar Comin,0,0,0,0,0,0,0,26
2026-04-04,1,208 Ferrari Way,0,0,0,0,0,0,0,26
2026-04-04,2,The Federal Reserve,0,0,0,0,0,0,0,27
2026-04-04,3,Golden Hour,0,0,0,0,0,0,0,26
2026-04-04,4,Lisan al-Caleb,0,0,0,0,0,0,0,26
2026-04-04,5,Mommy Rainier,0,0,0,0,0,0,0,26
2026-04-04,6,Mostly Washed,0,0,0,0,0,0,0,27
2026-04-04,7,Cártel de Breece y Puka,0,0,0,0,0,0,0,26
2026-04-04,8,Loading…,0,0,0,0,0,0,0,26
2026-04-04,9,Gaeta Spur FC,0,0,0,0,0,0,0,27
2026-04-04,10,Rashid Shaheed Truthers,0,0,0,0,0,0,0,24
2026-04-04,11,All You Need Is LOVE,0,0,0,0,0,0,0,26
2026-04-04,12,Omar Comin,0,0,0,0,0,0,0,26
2026-04-05,1,208 Ferrari Way,0,0,0,0,0,0,0,26
2026-04-05,2,The Federal Reserve,0,0,0,0,0,0,0,27
2026-04-05,3,Golden Hour,0,0,0,0,0,0,0,26
2026-04-05,4,Lisan al-Caleb,0,0,0,0,0,0,0,26
2026-04-05,5,Mommy Rainier,0,0,0,0,0,0,0,26
2026-04-05,6,Mostly Washed,0,0,0,0,0,0,0,27
2026-04-05,7,Cártel de Breece y Puka,0,0,0,0,0,0,0,26
2026-04-05,8,Loading…,0,0,0,0,0,0,0,26
2026-04-05,9,Gaeta Spur FC,0,0,0,0,0,0,0,27
2026-04-05,10,Rashid Shaheed Truthers,0,0,0,0,0,0,0,24
2026-04-05,11,All You Need Is LOVE,0,0,0,0,0,0,0,26
2026-04-05,12,Omar Comin,0,0,0,0,0,0,0,26
2026-04-06,1,208 Ferrari Way,0,0,0,0,0,0,0,26
2026-04-06,2,The Federal Reserve,0,0,0,0,0,0,0,27
2026-04-06,3,Golden Hour,0,0,0,0,0,0,0,26
2026-04-06,4,Lisan al-Caleb,0,0,0,0,0,0,0,26
2026-04-06,5,Mommy Rainier,0,0,0,0,0,0,0,26
2026-04-06,6,Mostly Washed,0,0,0,0,0,0,0,27
2026-04-06,7,Cártel de Breece y Puka,0,0,0,0,0,0,0,26
2026-04-06,8,Loading…,0,0,0,0,0,0,0,26
2026-04-06,9,Gaeta Spur FC,0,0,0,0,0,0,0,27
2026-04-06,10,Rashid Shaheed Truthers,0,0,0,0,0,0,0,24
2026-04-06,11,All You Need Is LOVE,0,0,0,0,0,0,0,26
2026-04-06,12,Omar Comin,0,0,0,0,0,0,0,26
2026-04-07,1,208 Ferrari Way,0,0,0,0,0,0,0,26
2026-04-07,2,The Federal Reserve,0,0,0,0,0,0,0,27
2026-04-07,3,Golden Hour,0,0,0,0,0,0,0,26
2026-04-07,4,Lisan al-Caleb,0,0,0,0,0,0,0,26
2026-04-07,5,Mommy Rainier,0,0,0,0,0,0,0,26
2026-04-07,6,Mostly Washed,0,0,0,0,0,0,0,27
2026-04-07,7,Cártel de Breece y Puka,0,0,0,0,0,0,0,26
2026-04-07,8,Loading…,0,0,0,0,0,0,0,26
2026-04-07,9,Gaeta Spur FC,0,0,0,0,0,0,0,27
2026-04-07,10,Rashid Shaheed Truthers,0,0,0,0,0,0,0,24
2026-04-07,11,All You Need Is LOVE,0,0,0,0,0,0,0,26
2026-04-07,12,Omar Comin,0,0,0,0,0,0,0,26
2026-04-08,1,208 Ferrari Way,0,0,0,0,0,0,0,26
2026-04-08,2,The Federal Reserve,0,0,0,0,0,0,0,27
2026-04-08,3,Golden Hour,0,0,0,0,0,0,0,26
2026-04-08,4,Lisan al-Caleb,0,0,0,0,0,0,0,26
2026-04-08,5,Mommy Rainier,0,0,0,0,0,0,0,26
2026-04-08,6,Mostly Washed,0,0,0,0,0,0,0,27
2026-04-08,7,Cártel de Breece y Puka,0,0,0,0,0,0,0,26
2026-04-08,8,Loading…,0,0,0,0,0,0,0,26
2026-04-08,9,Gaeta Spur FC,0,0,0,0,0,0,0,27
2026-04-08,10,Rashid Shaheed Truthers,0,0,0,0,0,0,0,24
2026-04-08,11,All You Need Is LOVE,0,0,0,0,0,0,0,26
2026-04-08,12,Omar Comin,0,0,0,0,0,0,0,26
2026-04-09,1,208 Ferrari Way,0,0,0,0,0,0,0,26
2026-04-09,2,The Federal Reserve,0,0,0,0,0,0,0,27
2026-04-09,3,Golden Hour,0,0,0,0,0,0,0,26
2026-04-09,4,Lisan al-Caleb,0,0,0,0,0,0,0,26
2026-04-09,5,Mommy Rainier,0,0,0,0,0,0,0,26
2026-04-09,6,Mostly Washed,0,0,0,0,0,0,0,27
2026-04-09,7,Cártel de Breece y Puka,0,0,0,0,0,0,0,26
2026-04-09,8,Loading…,0,0,0,0,0,0,0,26
2026-04-09,9,Gaeta Spur FC,0,0,0,0,0,0,0,27
2026-04-09,10,Rashid Shaheed Truthers,0,0,0,0,0,0,0,24
2026-04-09,11,All You Need Is LOVE,0,0,0,0,0,0,0,26
2026-04-09,12,Omar Comin,0,0,0,0,0,0,0,26
2026-04-10,1,208 Ferrari Way,0,0,0,0,0,0,0,26
2026-04-10,2,The Federal Reserve,0,0,0,0,0,0,0,27
2026-04-10,3,Golden Hour,0,0,0,0,0,0,0,26
2026-04-10,4,Lisan al-Caleb,0,0,0,0,0,0,0,26
2026-04-10,5,Mommy Rainier,0,0,0,0,0,0,0,26
2026-04-10,6,Mostly Washed,0,0,0,0,0,0,0,27
2026-04-10,7,Cártel de Breece y Puka,0,0,0,0,0,0,0,26
2026-04-10,8,Loading…,0,0,0,0,0,0,0,26
2026-04-10,9,Gaeta Spur FC,0,0,0,0,0,0,0,27
2026-04-10,10,Rashid Shaheed Truthers,0,0,0,0,0,0,0,24
2026-04-10,11,All You Need Is LOVE,0,0,0,0,0,0,0,26
2026-04-10,12,Omar Comin,0,0,0,0,0,0,0,26
2026-04-11,1,208 Ferrari Way,0,0,0,0,0,0,0,26
2026-04-11,2,The Federal Reserve,0,0,0,0,0,0,0,27
2026-04-11,3,Golden Hour,0,0,0,0,0,0,0,26
2026-04-11,4,Lisan al-Caleb,0,0,0,0,0,0,0,26
2026-04-11,5,Mommy Rainier,0,0,0,0,0,0,0,26
2026-04-11,6,Mostly Washed,0,0,0,0,0,0,0,27
2026-04-11,7,Cártel de Breece y Puka,0,0,0,0,0,0,0,26
2026-04-11,8,Loading…,0,0,0,0,0,0,0,26
2026-04-11,9,Gaeta Spur FC,0,0,0,0,0,0,0,27
2026-04-11,10,Rashid Shaheed Truthers,0,0,0,0,0,0,0,24
2026-04-11,11,All You Need Is LOVE,0,0,0,0,0,0,0,26
2026-04-11,12,Omar Comin,0,0,0,0,0,0,0,26
2026-04-12,1,208 Ferrari Way,0,0,0,0,0,0,0,26
2026-04-12,2,The Federal Reserve,0,0,0,0,0,0,0,27
2026-04-12,3,Golden Hour,0,0,0,0,0,0,0,26
2026-04-12,4,Lisan al-Caleb,0,0,0,0,0,0,0,26
2026-04-12,5,Mommy Rainier,0,0,0,0,0,0,0,26
2026-04-12,6,Mostly Washed,0,0,0,0,0,0,0,27
2026-04-12,7,Cártel de Breece y Puka,0,0,0,0,0,0,0,26
2026-04-12,8,Loading…,0,0,0,0,0,0,0,26
2026-04-12,9,Gaeta Spur FC,0,0,0,0,0,0,0,27
2026-04-12,10,Rashid Shaheed Truthers,0,0,0,0,0,0,0,24
2026-04-12,11,All You Need Is LOVE,0,0,0,0,0,0,0,26
2026-04-12,12,Omar Comin,0,0,0,0,0,0,0,26
2026-04-13,1,208 Ferrari Way,0,0,0,0,0,0,0,26
2026-04-13,2,The Federal Reserve,0,0,0,0,0,0,0,27
2026-04-13,3,Golden Hour,0,0,0,0,0,0,0,26
2026-04-13,4,Lisan al-Caleb,0,0,0,0,0,0,0,26
2026-04-13,5,Mommy Rainier,0,0,0,0,0,0,0,26
2026-04-13,6,Mostly Washed,0,0,0,0,0,0,0,27
2026-04-13,7,Cártel de Breece y Puka,0,0,0,0,0,0,0,26
2026-04-13,8,Loading…,0,0,0,0,0,0,0,26
2026-04-13,9,Gaeta Spur FC,0,0,0,0,0,0,0,27
2026-04-13,10,Rashid Shaheed Truthers,0,0,0,0,0,0,0,24
2026-04-13,11,All You Need Is LOVE,0,0,0,0,0,0,0,26
2026-04-13,12,Omar Comin,0,0,0,0,0,0,0,26
2026-04-14,1,208 Ferrari Way,0,0,0,0,0,0,0,26
2026-04-14,2,The Federal Reserve,0,0,0,0,0,0,0,27
2026-04-14,3,Golden Hour,0,0,0,0,0,0,0,26
2026-04-14,4,Lisan al-Caleb,0,0,0,0,0,0,0,26
2026-04-14,5,Mommy Rainier,0,0,0,0,0,0,0,26
2026-04-14,6,Mostly Washed,0,0,0,0,0,0,0,27
2026-04-14,7,Cártel de Breece y Puka,0,0,0,0,0,0,0,26
2026-04-14,8,Loading…,0,0,0,0,0,0,0,26
2026-04-14,9,Gaeta Spur FC,0,0,0,0,0,0,0,27
2026-04-14,10,Rashid Shaheed Truthers,0,0,0,0,0,0,0,24
2026-04-14,11,All You Need Is LOVE,0,0,0,0,0,0,0,26
2026-04-14,12,Omar Comin,0,0,0,0,0,0,0,26
2026-04-15,1,208 Ferrari Way,0,0,0,0,0,0,0,26
2026-04-15,2,The Federal Reserve,0,0,0,0,0,0,0,27
2026-04-15,3,Golden Hour,0,0,0,0,0,0,0,26
2026-04-15,4,Lisan al-Caleb,0,0,0,0,0,0,0,26
2026-04-15,5,Mommy Rainier,0,0,0,0,0,0,0,26
2026-04-15,6,Mostly Washed,0,0,0,0,0,0,0,27
2026-04-15,7,Cártel de Breece y Puka,0,0,0,0,0,0,0,26
2026-04-15,8,Loading…,0,0,0,0,0,0,0,26
2026-04-15,9,Gaeta Spur FC,0,0,0,0,0,0,0,27
2026-04-15,10,Rashid Shaheed Truthers,0,0,0,0,0,0,0,24
2026-04-15,11,All You Need Is LOVE,0,0,0,0,0,0,0,26
2026-04-15,12,Omar Comin,0,0,0,0,0,0,0,26
2026-04-16,1,208 Ferrari Way,0,0,0,0,0,0,0,26
2026-04-16,2,The Federal Reserve,0,0,0,0,0,0,0,27
2026-04-16,3,Golden Hour,0,0,0,0,0,0,0,26
2026-04-16,4,Lisan al-Caleb,0,0,0,0,0,0,0,26
2026-04-16,5,Mommy Rainier,0,0,0,0,0,0,0,26
2026-04-16,6,Mostly Washed,0,0,0,0,0,0,0,27
2026-04-16,7,Cártel de Breece y Puka,0,0,0,0,0,0,0,26
2026-04-16,8,Loading…,0,0,0,0,0,0,0,26
2026-04-16,9,Gaeta Spur FC,0,0,0,0,0,0,0,27
2026-04-16,10,Rashid Shaheed Truthers,0,0,0,0,0,0,0,24
2026-04-16,11,All You Need Is LOVE,0,0,0,0,0,0,0,26
2026-04-16,12,Omar Comin,0,0,0,0,0,0,0,26
2026-04-17,1,208 Ferrari Way,0,0,0,0,0,0,0,26
2026-04-17,2,The Federal Reserve,0,0,0,0,0,0,0,27
2026-04-17,3,Golden Hour,0,0,0,0,0,0,0,26
2026-04-17,4,Lisan al-Caleb,0,0,0,0,0,0,0,26
2026-04-17,5,Mommy Rainier,0,0,0,0,0,0,0,26
2026-04-17,6,Mostly Washed,0,0,0,0,0,0,0,27
2026-04-17,7,Cártel de Breece y Puka,0,0,0,0,0,0,0,26
2026-04-17,8,Loading…,0,0,0,0,0,0,0,26
2026-04-17,9,Gaeta Spur FC,0,0,0,0,0,0,0,27
2026-04-17,10,Rashid Shaheed Truthers,0,0,0,0,0,0,0,24
2026-04-17,11,All You Need Is LOVE,0,0,0,0,0,0,0,26
2026-04-17,12,Omar Comin,0,0,0,0,0,0,0,26
2026-04-18,1,208 Ferrari Way,0,0,0,0,0,0,0,26
2026-04-18,2,The Federal Reserve,0,0,0,0,0,0,0,27
2026-04-18,3,Golden Hour,0,0,0,0,0,0,0,26
2026-04-18,4,Lisan al-Caleb,0,0,0,0,0,0,0,26
2026-04-18,5,Mommy Rainier,0,0,0,0,0,0,0,26
2026-04-18,6,Mostly Washed,0,0,0,0,0,0,0,27
2026-04-18,7,Cártel de Breece y Puka,0,0,0,0,0,0,0,26
2026-04-18,8,Loading…,0,0,0,0,0,0,0,26
2026-04-18,9,Gaeta Spur FC,0,0,0,0,0,0,0,27
2026-04-18,10,Rashid Shaheed Truthers,0,0,0,0,0,0,0,24
2026-04-18,11,All You Need Is LOVE,0,0,0,0,0,0,0,26
2026-04-18,12,Omar Comin,0,0,0,0,0,0,0,26
2026-04-19,1,208 Ferrari Way,0,0,0,0,0,0,0,26
2026-04-19,2,The Federal Reserve,0,0,0,0,0,0,0,27
2026-04-19,3,Golden Hour,0,0,0,0,0,0,0,26
2026-04-19,4,Lisan al-Caleb,0,0,0,0,0,0,0,26
2026-04-19,5,Mommy Rainier,0,0,0,0,0,0,0,26
2026-04-19,6,Mostly Washed,0,0,0,0,0,0,0,27
2026-04-19,7,Cártel de Breece y Puka,0,0,0,0,0,0,0,26
2026-04-19,8,Loading…,0,0,0,0,0,0,0,26
2026-04-19,9,Gaeta Spur FC,0,0,0,0,0,0,0,27
2026-04-19,10,Rashid Shaheed Truthers,0,0,0,0,0,0,0,24
2026-04-19,11,All You Need Is LOVE,0,0,0,0,0,0,0,26
2026-04-19,12,Omar Comin,0,0,0,0,0,0,0,26
2026-04-20,1,208 Ferrari Way,0,0,0,0,0,0,0,26
2026-04-20,2,The Federal Reserve,0,0,0,0,0,0,0,27
2026-04-20,3,Golden Hour,0,0,0,0,0,0,0,26
2026-04-20,4,Lisan al-Caleb,0,0,0,0,0,0,0,26
2026-04-20,5,Mommy Rainier,0,0,0,0,0,0,0,26
2026-04-20,6,Mostly Washed,0,0,0,0,0,0,0,27
2026-04-20,7,Cártel de Breece y Puka,0,0,0,0,0,0,0,26
2026-04-20,8,Loading…,0,0,0,0,0,0,0,26
2026-04-20,9,Gaeta Spur FC,0,0,0,0,0,0,0,25
2026-04-20,10,Rashid Shaheed Truthers,0,0,0,0,0,0,0,24
2026-04-20,11,All You Need Is LOVE,0,0,0,0,0,0,0,26
2026-04-20,12,Omar Comin,0,0,0,0,0,0,0,26
2026-04-21,1,208 Ferrari Way,0,0,0,0,0,0,0,26
2026-04-21,2,The Federal Reserve,0,0,0,0,0,0,0,27
2026-04-21,3,Golden Hour,0,0,0,0,0,0,0,26
2026-04-21,4,Lisan al-Caleb,0,0,0,0,0,0,0,26
2026-04-21,5,Mommy Rainier,0,0,0,0,0,0,0,26
2026-04-21,6,Mostly Washed,0,0,0,0,0,0,0,27
2026-04-21,7,Cártel de Breece y Puka,0,0,0,0,0,0,0,26
2026-04-21,8,Loading…,0,0,0,0,0,0,0,26
2026-04-21,9,Gaeta Spur FC,0,0,0,0,0,0,0,25
2026-04-21,10,Rashid Shaheed Truthers,0,0,0,0,0,0,0,24
2026-04-21,11,All You Need Is LOVE,0,0,0,0,0,0,0,26
2026-04-21,12,Omar Comin,0,0,0,0,0,0,0,26
2026-04-22,1,208 Ferrari Way,0,0,0,0,0,0,0,26
2026-04-22,2,The Federal Reserve,0,0,0,0,0,0,0,27
2026-04-22,3,Golden Hour,0,0,0,0,0,0,0,26
2026-04-22,4,Lisan al-Caleb,0,0,0,0,0,0,0,26
2026-04-22,5,Mommy Rainier,0,0,0,0,0,0,0,26
2026-04-22,6,Mostly Washed,0,0,0,0,0,0,0,27
2026-04-22,7,Cártel de Breece y Puka,0,0,0,0,0,0,0,26
2026-04-22,8,Loading…,0,0,0,0,0,0,0,26
2026-04-22,9,Gaeta Spur FC,0,0,0,0,0,0,0,25
2026-04-22,10,Rashid Shaheed Truthers,0,0,0,0,0,0,0,24
2026-04-22,11,All You Need Is LOVE,0,0,0,0,0,0,0,26
2026-04-22,12,Omar Comin,0,0,0,0,0,0,0,26
2026-04-23,1,208 Ferrari Way,0,0,0,0,0,0,0,26
2026-04-23,2,The Federal Reserve,0,0,0,0,0,0,0,27
2026-04-23,3,Golden Hour,0,0,0,0,0,0,0,26
2026-04-23,4,Lisan al-Caleb,0,0,0,0,0,0,0,26
2026-04-23,5,Mommy Rainier,0,0,0,0,0,0,0,26
2026-04-23,6,Mostly Washed,0,0,0,0,0,0,0,27
2026-04-23,7,Cártel de Breece y Puka,0,0,0,0,0,0,0,26
2026-04-23,8,Loading…,0,0,0,0,0,0,0,26
2026-04-23,9,Gaeta Spur FC,0,0,0,0,0,0,0,25
2026-04-23,10,Rashid Shaheed Truthers,0,0,0,0,0,0,0,24
2026-04-23,11,All You Need Is LOVE,0,0,0,0,0,0,0,26
2026-04-23,12,Omar Comin,0,0,0,0,0,0,0,26
2026-04-24,1,208 Ferrari Way,0,0,0,0,0,0,0,26
2026-04-24,2,The Federal Reserve,0,0,0,0,0,0,0,27
2026-04-24,3,Golden Hour,0,0,0,0,0,0,0,26
2026-04-24,4,Lisan al-Caleb,0,0,0,0,0,0,0,26
2026-04-24,5,Mommy Rainier,0,0,0,0,0,0,0,26
2026-04-24,6,Mostly Washed,0,0,0,0,0,0,0,27
2026-04-24,7,Cártel de Breece y Puka,0,0,0,0,0,0,0,26
2026-04-24,8,Loading…,0,0,0,0,0,0,0,26
2026-04-24,9,Gaeta Spur FC,0,0,0,0,0,0,0,25
2026-04-24,10,Rashid Shaheed Truthers,0,0,0,0,0,0,0,24
2026-04-24,11,All You Need Is LOVE,0,0,0,0,0,0,0,26
2026-04-24,12,Omar Comin,0,0,0,0,0,0,0,26
2026-04-25,1,208 Ferrari Way,0,0,0,0,0,0,0,26
2026-04-25,2,The Federal Reserve,0,0,0,0,0,0,0,27
2026-04-25,3,Golden Hour,0,0,0,0,0,0,0,26
2026-04-25,4,Lisan al-Caleb,0,0,0,0,0,0,0,23
2026-04-25,5,Mommy Rainier,0,0,0,0,0,0,0,26
2026-04-25,6,Mostly Washed,0,0,0,0,0,0,0,27
2026-04-25,7,Cártel de Breece y Puka,0,0,0,0,0,0,0,26
2026-04-25,8,Loading…,0,0,0,0,0,0,0,26
2026-04-25,9,Gaeta Spur FC,0,0,0,0,0,0,0,23
2026-04-25,10,Rashid Shaheed Truthers,0,0,0,0,0,0,0,25
2026-04-25,11,All You Need Is LOVE,0,0,0,0,0,0,0,26
2026-04-25,12,Omar Comin,0,0,0,0,0,0,0,26
2026-04-26,1,208 Ferrari Way,0,0,0,0,0,0,0,26
2026-04-26,2,The Federal Reserve,0,0,0,0,0,0,0,27
2026-04-26,3,Golden Hour,0,0,0,0,0,0,0,26
2026-04-26,4,Lisan al-Caleb,0,0,0,0,0,0,0,23
2026-04-26,5,Mommy Rainier,0,0,0,0,0,0,0,26
2026-04-26,6,Mostly Washed,0,0,0,0,0,0,0,25
2026-04-26,7,Cártel de Breece y Puka,0,0,0,0,0,0,0,26
2026-04-26,8,Loading…,0,0,0,0,0,0,0,26
2026-04-26,9,Gaeta Spur FC,0,0,0,0,0,0,0,23
2026-04-26,10,Rashid Shaheed Truthers,0,0,0,0,0,0,0,25
2026-04-26,11,All You Need Is LOVE,0,0,0,0,0,0,0,24
2026-04-26,12,Omar Comin,0,0,0,0,0,0,0,26
2026-04-27,1,208 Ferrari Way,0,0,0,0,0,0,0,27
2026-04-27,2,The Federal Reserve,0,0,0,0,0,0,0,29
2026-04-27,3,Golden Hour,0,0,0,0,0,0,0,28
2026-04-27,4,Lisan al-Caleb,0,0,0,0,0,0,0,28
2026-04-27,5,Mommy Rainier,0,0,0,0,0,0,0,33
2026-04-27,6,Mostly Washed,0,0,0,0,0,0,0,26
2026-04-27,7,Cártel de Breece y Puka,0,0,0,0,0,0,0,31
2026-04-27,8,Loading…,0,0,0,0,0,0,0,29
2026-04-27,9,Gaeta Spur FC,0,0,0,0,0,0,0,30
2026-04-27,10,Rashid Shaheed Truthers,0,0,0,0,0,0,0,28
2026-04-27,11,All You Need Is LOVE,0,0,0,0,0,0,0,24
2026-04-27,12,Omar Comin,0,0,0,0,0,0,0,29
2026-04-28,1,208 Ferrari Way,0,0,0,0,0,0,0,27
2026-04-28,2,The Federal Reserve,0,0,0,0,0,0,0,29
2026-04-28,3,Golden Hour,0,0,0,0,0,0,0,28
2026-04-28,4,Lisan al-Caleb,0,0,0,0,0,0,0,28
2026-04-28,5,Mommy Rainier,0,0,0,0,0,0,0,31
2026-04-28,6,Mostly Washed,0,0,0,0,0,0,0,26
2026-04-28,7,Cártel de Breece y Puka,0,0,0,0,0,0,0,31
2026-04-28,8,Loading…,0,0,0,0,0,0,0,29
2026-04-28,9,Gaeta Spur FC,0,0,0,0,0,0,0,30
2026-04-28,10,Rashid Shaheed Truthers,0,0,0,0,0,0,0,28
2026-04-28,11,All You Need Is LOVE,0,0,0,0,0,0,0,25
2026-04-28,12,Omar Comin,0,0,0,0,0,0,0,28
2026-04-29,1,208 Ferrari Way,0,0,0,0,0,0,0,27
2026-04-29,2,The Federal Reserve,0,0,0,0,0,0,0,29
2026-04-29,3,Golden Hour,0,0,0,0,0,0,0,28
2026-04-29,4,Lisan al-Caleb,0,0,0,0,0,0,0,28
2026-04-29,5,Mommy Rainier,0,0,0,0,0,0,0,27
2026-04-29,6,Mostly Washed,0,0,0,0,0,0,0,25
2026-04-29,7,Cártel de Breece y Puka,0,0,0,0,0,0,0,30
2026-04-29,8,Loading…,0,0,0,0,0,0,0,29
2026-04-29,9,Gaeta Spur FC,0,0,0,0,0,0,0,31
2026-04-29,10,Rashid Shaheed Truthers,0,0,0,0,0,0,0,28
2026-04-29,11,All You Need Is LOVE,0,0,0,0,0,0,0,26
2026-04-29,12,Omar Comin,0,0,0,0,0,0,0,27
2026-04-30,1,208 Ferrari Way,0,0,0,0,0,0,0,27
2026-04-30,2,The Federal Reserve,0,0,0,0,0,0,0,29
2026-04-30,3,Golden Hour,0,0,0,0,0,0,0,28
2026-04-30,4,Lisan al-Caleb,0,0,0,0,0,0,0,28
2026-04-30,5,Mommy Rainier,0,0,0,0,0,0,0,26
2026-04-30,6,Mostly Washed,0,0,0,0,0,0,0,26
2026-04-30,7,Cártel de Breece y Puka,0,0,0,0,0,0,0,28
2026-04-30,8,Loading…,0,0,0,0,0,0,0,28
2026-04-30,9,Gaeta Spur FC,0,0,0,0,0,0,0,31
2026-04-30,10,Rashid Shaheed Truthers,0,0,0,0,0,0,0,29
2026-04-30,11,All You Need Is LOVE,0,0,0,0,0,0,0,26
2026-04-30,12,Omar Comin,0,0,0,0,0,0,0,27
2026-05-01,1,208 Ferrari Way,44163,61,44224,44163,0,61,0,0
2026-05-01,2,The Federal Reserve,54928,8784,63712,54928,0,8784,0,0
2026-05-01,3,Golden Hour,38137,1240,39377,38137,0,1240,0,1
2026-05-01,4,Lisan al-Caleb,28724,12026,40750,28724,0,12026,0,1
2026-05-01,5,Mommy Rainier,21972,11,21983,21972,0,11,0,0
2026-05-01,6,Mostly Washed,33382,2636,36018,33382,0,2636,0,0
2026-05-01,7,Cártel de Breece y Puka,34736,11,34747,34736,0,11,0,0
2026-05-01,8,Loading…,41112,1650,42762,41112,0,1650,0,0
2026-05-01,9,Gaeta Spur FC,21938,3599,25537,21938,0,3599,0,0
2026-05-01,10,Rashid Shaheed Truthers,31113,2636,33749,31113,0,2636,0,0
2026-05-01,11,All You Need Is LOVE,36003,5930,41933,36003,0,5930,0,0
2026-05-01,12,Omar Comin,49361,20,49381,49361,0,20,0,1
2026-05-02,1,208 Ferrari Way,44163,61,44224,0,44163,61,0,0
2026-05-02,2,The Federal Reserve,54928,8784,63712,0,54928,8784,0,0
2026-05-02,3,Golden Hour,38136,1240,39376,0,38136,1240,0,1
2026-05-02,4,Lisan al-Caleb,28724,12026,40750,0,28724,12026,0,1
2026-05-02,5,Mommy Rainier,21972,11,21983,0,21972,11,0,0
2026-05-02,6,Mostly Washed,33382,2636,36018,0,33382,2636,0,0
2026-05-02,7,Cártel de Breece y Puka,34736,11,34747,0,34736,11,0,0
2026-05-02,8,Loading…,41065,1650,42715,0,41065,1650,0,0
2026-05-02,9,Gaeta Spur FC,21886,3599,25485,0,21886,3599,0,0
2026-05-02,10,Rashid Shaheed Truthers,31113,2636,33749,0,31113,2636,0,0
2026-05-02,11,All You Need Is LOVE,36003,5930,41933,0,36003,5930,0,0
2026-05-02,12,Omar Comin,49361,20,49381,0,49361,20,0,1
2026-05-03,1,208 Ferrari Way,44163,61,44224,0,44163,61,0,0
2026-05-03,2,The Federal Reserve,54928,8784,63712,0,54928,8784,0,0
2026-05-03,3,Golden Hour,38136,1240,39376,0,38136,1240,0,1
2026-05-03,4,Lisan al-Caleb,28724,12026,40750,0,28724,12026,0,1
2026-05-03,5,Mommy Rainier,21972,11,21983,0,21972,11,0,0
2026-05-03,6,Mostly Washed,33382,2636,36018,0,33382,2636,0,0
2026-05-03,7,Cártel de Breece y Puka,34639,11,34650,0,34639,11,0,0
2026-05-03,8,Loading…,41065,1650,42715,0,41065,1650,0,0
2026-05-03,9,Gaeta Spur FC,21886,3599,25485,0,21886,3599,0,0
2026-05-03,10,Rashid Shaheed Truthers,31103,2636,33739,0,31103,2636,0,0
2026-05-03,11,All You Need Is LOVE,36003,5930,41933,0,36003,5930,0,0
2026-05-03,12,Omar Comin,49303,20,49323,0,49303,20,0,0
2026-05-04,1,208 Ferrari Way,44163,61,44224,0,44163,61,0,0
2026-05-04,2,The Federal Reserve,54928,8784,63712,0,54928,8784,0,0
2026-05-04,3,Golden Hour,38136,1240,39376,0,38136,1240,0,1
2026-05-04,4,Lisan al-Caleb,28724,12026,40750,0,28724,12026,0,1
2026-05-04,5,Mommy Rainier,21972,11,21983,0,21972,11,0,0
2026-05-04,6,Mostly Washed,33382,2636,36018,0,33382,2636,0,1
2026-05-04,7,Cártel de Breece y Puka,34639,11,34650,0,34639,11,0,0
2026-05-04,8,Loading…,41065,1650,42715,0,41065,1650,0,0
2026-05-04,9,Gaeta Spur FC,21886,3599,25485,0,21886,3599,0,0
2026-05-04,10,Rashid Shaheed Truthers,31103,2636,33739,0,31103,2636,0,0
2026-05-04,11,All You Need Is LOVE,36003,5930,41933,0,36003,5930,0,0
2026-05-04,12,Omar Comin,49303,20,49323,0,49303,20,0,0
2026-05-05,1,208 Ferrari Way,44163,61,44224,0,44163,61,0,0
2026-05-05,2,The Federal Reserve,54920,8784,63704,0,54920,8784,0,0
2026-05-05,3,Golden Hour,38136,1240,39376,0,38136,1240,0,1
2026-05-05,4,Lisan al-Caleb,28724,12026,40750,0,28724,12026,0,1
2026-05-05,5,Mommy Rainier,21972,11,21983,0,21972,11,0,0
2026-05-05,6,Mostly Washed,33382,2636,36018,0,33382,2636,0,2
2026-05-05,7,Cártel de Breece y Puka,34655,11,34666,0,34655,11,0,0
2026-05-05,8,Loading…,41065,1650,42715,0,41065,1650,0,0
2026-05-05,9,Gaeta Spur FC,21886,3599,25485,0,21886,3599,0,0
2026-05-05,10,Rashid Shaheed Truthers,31083,2636,33719,0,31083,2636,0,0
2026-05-05,11,All You Need Is LOVE,36003,5930,41933,0,36003,5930,0,0
2026-05-05,12,Omar Comin,49303,20,49323,0,49303,20,0,0
2026-05-06,1,208 Ferrari Way,44163,61,44224,0,44163,61,0,0
2026-05-06,2,The Federal Reserve,55106,8765,63871,0,55106,8765,0,0
2026-05-06,3,Golden Hour,38136,1240,39376,0,38136,1240,0,1
2026-05-06,4,Lisan al-Caleb,28724,12026,40750,0,28724,12026,0,1
2026-05-06,5,Mommy Rainier,21972,11,21983,0,21972,11,0,0
2026-05-06,6,Mostly Washed,33382,2636,36018,0,33382,2636,0,2
2026-05-06,7,Cártel de Breece y Puka,34371,44,34415,0,34371,44,0,0
2026-05-06,8,Loading…,41065,1650,42715,0,41065,1650,0,0
2026-05-06,9,Gaeta Spur FC,21886,3599,25485,0,21886,3599,0,0
2026-05-06,10,Rashid Shaheed Truthers,31181,2622,33803,0,31181,2622,0,0
2026-05-06,11,All You Need Is LOVE,36003,5930,41933,0,36003,5930,0,0
2026-05-06,12,Omar Comin,49303,20,49323,0,49303,20,0,0
2026-05-07,1,208 Ferrari Way,44163,61,44224,0,44163,61,0,0
2026-05-07,2,The Federal Reserve,55106,8765,63871,0,55106,8765,0,0
2026-05-07,3,Golden Hour,38136,1240,39376,0,38136,1240,0,1
2026-05-07,4,Lisan al-Caleb,28724,12026,40750,0,28724,12026,0,1
2026-05-07,5,Mommy Rainier,21972,11,21983,0,21972,11,0,0
2026-05-07,6,Mostly Washed,33382,2636,36018,0,33382,2636,0,2
2026-05-07,7,Cártel de Breece y Puka,34399,44,34443,0,34399,44,0,0
2026-05-07,8,Loading…,41065,1650,42715,0,41065,1650,0,0
2026-05-07,9,Gaeta Spur FC,21886,3599,25485,0,21886,3599,0,0
2026-05-07,10,Rashid Shaheed Truthers,31181,2622,33803,0,31181,2622,0,0
2026-05-07,11,All You Need Is LOVE,36003,5930,41933,0,36003,5930,0,0
2026-05-07,12,Omar Comin,49310,20,49330,0,49310,20,0,0
2026-05-08,1,208 Ferrari Way,44244,63,44307,44244,0,63,0,0
2026-05-08,2,The Federal Reserve,55129,8754,63883,55129,0,8754,0,0
2026-05-08,3,Golden Hour,37772,1249,39021,37772,0,1249,0,1
2026-05-08,4,Lisan al-Caleb,28323,11996,40319,28323,0,11996,0,1
2026-05-08,5,Mommy Rainier,22342,11,22353,22342,0,11,0,0
2026-05-08,6,Mostly Washed,33045,2643,35688,33045,0,2643,0,2
2026-05-08,7,Cártel de Breece y Puka,34446,46,34492,34446,0,46,0,0
2026-05-08,8,Loading…,41743,1662,43405,41743,0,1662,0,0
2026-05-08,9,Gaeta Spur FC,21996,3617,25613,21996,0,3617,0,0
2026-05-08,10,Rashid Shaheed Truthers,30848,2628,33476,30848,0,2628,0,0
2026-05-08,11,All You Need Is LOVE,36566,5918,42484,36566,0,5918,0,0
2026-05-08,12,Omar Comin,48772,21,48793,48772,0,21,0,0
2026-05-09,1,208 Ferrari Way,44244,63,44307,0,44244,63,0,0
2026-05-09,2,The Federal Reserve,55129,8754,63883,0,55129,8754,0,0
2026-05-09,3,Golden Hour,37772,1249,39021,0,37772,1249,0,1
2026-05-09,4,Lisan al-Caleb,28323,11996,40319,0,28323,11996,0,1
2026-05-09,5,Mommy Rainier,22342,11,22353,0,22342,11,0,0
2026-05-09,6,Mostly Washed,33045,2643,35688,0,33045,2643,0,2
2026-05-09,7,Cártel de Breece y Puka,34446,46,34492,0,34446,46,0,0
2026-05-09,8,Loading…,41743,1662,43405,0,41743,1662,0,0
2026-05-09,9,Gaeta Spur FC,21996,3617,25613,0,21996,3617,0,0
2026-05-09,10,Rashid Shaheed Truthers,30848,2628,33476,0,30848,2628,0,0
2026-05-09,11,All You Need Is LOVE,36566,5918,42484,0,36566,5918,0,0
2026-05-09,12,Omar Comin,48772,21,48793,0,48772,21,0,0
2026-05-10,1,208 Ferrari Way,44244,63,44307,0,44244,63,0,0
2026-05-10,2,The Federal Reserve,55129,8754,63883,0,55129,8754,0,0
2026-05-10,3,Golden Hour,37772,1249,39021,0,37772,1249,0,1
2026-05-10,4,Lisan al-Caleb,28323,11996,40319,0,28323,11996,0,1
2026-05-10,5,Mommy Rainier,22342,11,22353,0,22342,11,0,0
2026-05-10,6,Mostly Washed,33045,2643,35688,0,33045,2643,0,2
2026-05-10,7,Cártel de Breece y Puka,34446,46,34492,0,34446,46,0,0
2026-05-10,8,Loading…,41743,1662,43405,0,41743,1662,0,0
2026-05-10,9,Gaeta Spur FC,21996,3617,25613,0,21996,3617,0,0
2026-05-10,10,Rashid Shaheed Truthers,30848,2628,33476,0,30848,2628,0,0
2026-05-10,11,All You Need Is LOVE,36566,5918,42484,0,36566,5918,0,0
2026-05-10,12,Omar Comin,48772,21,48793,0,48772,21,0,0
2026-05-11,1,208 Ferrari Way,44244,63,44307,0,44244,63,0,0
2026-05-11,2,The Federal Reserve,55129,8754,63883,0,55129,8754,0,0
2026-05-11,3,Golden Hour,37772,1249,39021,0,37772,1249,0,1
2026-05-11,4,Lisan al-Caleb,28323,11996,40319,0,28323,11996,0,1
2026-05-11,5,Mommy Rainier,22342,11,22353,0,22342,11,0,0
2026-05-11,6,Mostly Washed,33045,2643,35688,0,33045,2643,0,2
2026-05-11,7,Cártel de Breece y Puka,34446,46,34492,0,34446,46,0,0
2026-05-11,8,Loading…,41743,1662,43405,0,41743,1662,0,0
2026-05-11,9,Gaeta Spur FC,21996,3617,25613,0,21996,3617,0,0
2026-05-11,10,Rashid Shaheed Truthers,30848,2628,33476,0,30848,2628,0,0
2026-05-11,11,All You Need Is LOVE,36566,5918,42484,0,36566,5918,0,0
2026-05-11,12,Omar Comin,48772,21,48793,0,48772,21,0,0
2026-05-12,1,208 Ferrari Way,44244,63,44307,0,44244,63,0,0
2026-05-12,2,The Federal Reserve,55129,8754,63883,0,55129,8754,0,0
2026-05-12,3,Golden Hour,37772,1249,39021,0,37772,1249,0,1
2026-05-12,4,Lisan al-Caleb,28323,11996,40319,0,28323,11996,0,1
2026-05-12,5,Mommy Rainier,22342,11,22353,0,22342,11,0,0
2026-05-12,6,Mostly Washed,33045,2643,35688,0,33045,2643,0,1
2026-05-12,7,Cártel de Breece y Puka,34446,46,34492,0,34446,46,0,0
2026-05-12,8,Loading…,41743,1662,43405,0,41743,1662,0,0
2026-05-12,9,Gaeta Spur FC,21996,3617,25613,0,21996,3617,0,0
2026-05-12,10,Rashid Shaheed Truthers,30848,2628,33476,0,30848,2628,0,0
2026-05-12,11,All You Need Is LOVE,36566,5918,42484,0,36566,5918,0,0
2026-05-12,12,Omar Comin,48772,21,48793,0,48772,21,0,0
2026-05-13,1,208 Ferrari Way,44244,63,44307,0,44244,63,0,0
2026-05-13,2,The Federal Reserve,55129,8754,63883,0,55129,8754,0,0
2026-05-13,3,Golden Hour,37772,1249,39021,0,37772,1249,0,1
2026-05-13,4,Lisan al-Caleb,28323,11996,40319,0,28323,11996,0,1
2026-05-13,5,Mommy Rainier,22342,11,22353,0,22342,11,0,0
2026-05-13,6,Mostly Washed,33069,2643,35712,0,33069,2643,0,1
2026-05-13,7,Cártel de Breece y Puka,34446,46,34492,0,34446,46,0,0
2026-05-13,8,Loading…,41743,1662,43405,0,41743,1662,0,0
2026-05-13,9,Gaeta Spur FC,21996,3617,25613,0,21996,3617,0,0
2026-05-13,10,Rashid Shaheed Truthers,30848,2628,33476,0,30848,2628,0,0
2026-05-13,11,All You Need Is LOVE,36566,5918,42484,0,36566,5918,0,0
2026-05-13,12,Omar Comin,48772,21,48793,0,48772,21,0,0
2026-05-14,1,208 Ferrari Way,44244,63,44307,0,44244,63,0,0
2026-05-14,2,The Federal Reserve,55129,8754,63883,0,55129,8754,0,0
2026-05-14,3,Golden Hour,37772,1249,39021,0,37772,1249,0,1
2026-05-14,4,Lisan al-Caleb,28323,11996,40319,0,28323,11996,0,1
2026-05-14,5,Mommy Rainier,22342,11,22353,0,22342,11,0,0
2026-05-14,6,Mostly Washed,33069,2643,35712,0,33069,2643,0,1
2026-05-14,7,Cártel de Breece y Puka,34446,46,34492,0,34446,46,0,0
2026-05-14,8,Loading…,41743,1662,43405,0,41743,1662,0,0
2026-05-14,9,Gaeta Spur FC,21996,3617,25613,0,21996,3617,0,0
2026-05-14,10,Rashid Shaheed Truthers,30848,2628,33476,0,30848,2628,0,0
2026-05-14,11,All You Need Is LOVE,36566,5918,42484,0,36566,5918,0,0
2026-05-14,12,Omar Comin,48772,21,48793,0,48772,21,0,0
2026-05-15,1,208 Ferrari Way,44378,65,44443,44378,0,65,0,0
2026-05-15,2,The Federal Reserve,55268,8681,63949,55268,0,8681,0,0
2026-05-15,3,Golden Hour,37626,1255,38881,37626,0,1255,0,1
2026-05-15,4,Lisan al-Caleb,28185,11875,40060,28185,0,11875,0,1
2026-05-15,5,Mommy Rainier,22412,11,22423,22412,0,11,0,0
2026-05-15,6,Mostly Washed,32804,2634,35438,32804,0,2634,0,1
2026-05-15,7,Cártel de Breece y Puka,34798,47,34845,34798,0,47,0,0
2026-05-15,8,Loading…,41169,1671,42840,41169,0,1671,0,0
2026-05-15,9,Gaeta Spur FC,21966,3621,25587,21966,0,3621,0,0
2026-05-15,10,Rashid Shaheed Truthers,30603,2619,33222,30603,0,2619,0,0
2026-05-15,11,All You Need Is LOVE,36703,5863,42566,36703,0,5863,0,0
2026-05-15,12,Omar Comin,48549,22,48571,48549,0,22,0,0
2026-05-16,1,208 Ferrari Way,44378,65,44443,0,44378,65,0,0
2026-05-16,2,The Federal Reserve,55268,8681,63949,0,55268,8681,0,0
2026-05-16,3,Golden Hour,37626,1255,38881,0,37626,1255,0,1
2026-05-16,4,Lisan al-Caleb,28185,11875,40060,0,28185,11875,0,1
2026-05-16,5,Mommy Rainier,22412,11,22423,0,22412,11,0,0
2026-05-16,6,Mostly Washed,32804,2634,35438,0,32804,2634,0,1
2026-05-16,7,Cártel de Breece y Puka,34798,47,34845,0,34798,47,0,0
2026-05-16,8,Loading…,41169,1671,42840,0,41169,1671,0,0
2026-05-16,9,Gaeta Spur FC,21966,3621,25587,0,21966,3621,0,0
2026-05-16,10,Rashid Shaheed Truthers,30603,2619,33222,0,30603,2619,0,0
2026-05-16,11,All You Need Is LOVE,36703,5863,42566,0,36703,5863,0,0
2026-05-16,12,Omar Comin,48549,22,48571,0,48549,22,0,0
2026-05-17,1,208 Ferrari Way,44378,65,44443,0,44378,65,0,0
2026-05-17,2,The Federal Reserve,55268,8681,63949,0,55268,8681,0,0
2026-05-17,3,Golden Hour,37626,1255,38881,0,37626,1255,0,1
2026-05-17,4,Lisan al-Caleb,28185,11875,40060,0,28185,11875,0,1
2026-05-17,5,Mommy Rainier,22412,11,22423,0,22412,11,0,0
2026-05-17,6,Mostly Washed,32804,2634,35438,0,32804,2634,0,1
2026-05-17,7,Cártel de Breece y Puka,34798,47,34845,0,34798,47,0,0
2026-05-17,8,Loading…,41169,1671,42840,0,41169,1671,0,0
2026-05-17,9,Gaeta Spur FC,21966,3621,25587,0,21966,3621,0,0
2026-05-17,10,Rashid Shaheed Truthers,30603,2619,33222,0,30603,2619,0,0
2026-05-17,11,All You Need Is LOVE,36703,5863,42566,0,36703,5863,0,0
2026-05-17,12,Omar Comin,48549,22,48571,0,48549,22,0,0
2026-05-18,1,208 Ferrari Way,44378,65,44443,0,44378,65,0,0
2026-05-18,2,The Federal Reserve,55268,8681,63949,0,55268,8681,0,0
2026-05-18,3,Golden Hour,37626,1255,38881,0,37626,1255,0,1
2026-05-18,4,Lisan al-Caleb,28185,11875,40060,0,28185,11875,0,1
2026-05-18,5,Mommy Rainier,22412,11,22423,0,22412,11,0,0
2026-05-18,6,Mostly Washed,32804,2634,35438,0,32804,2634,0,1
2026-05-18,7,Cártel de Breece y Puka,34798,47,34845,0,34798,47,0,0
2026-05-18,8,Loading…,41169,1671,42840,0,41169,1671,0,0
2026-05-18,9,Gaeta Spur FC,21966,3621,25587,0,21966,3621,0,0
2026-05-18,10,Rashid Shaheed Truthers,30603,2619,33222,0,30603,2619,0,0
2026-05-18,11,All You Need Is LOVE,36703,5863,42566,0,36703,5863,0,0
2026-05-18,12,Omar Comin,48549,22,48571,0,48549,22,0,0
2026-05-19,1,208 Ferrari Way,44378,65,44443,0,44378,65,0,0
2026-05-19,2,The Federal Reserve,55268,8681,63949,0,55268,8681,0,0
2026-05-19,3,Golden Hour,37626,1255,38881,0,37626,1255,0,1
2026-05-19,4,Lisan al-Caleb,28185,11875,40060,0,28185,11875,0,1
2026-05-19,5,Mommy Rainier,22412,11,22423,0,22412,11,0,0
2026-05-19,6,Mostly Washed,32804,2634,35438,0,32804,2634,0,1
2026-05-19,7,Cártel de Breece y Puka,34798,47,34845,0,34798,47,0,0
2026-05-19,8,Loading…,41169,1671,42840,0,41169,1671,0,0
2026-05-19,9,Gaeta Spur FC,21966,3621,25587,0,21966,3621,0,0
2026-05-19,10,Rashid Shaheed Truthers,30603,2619,33222,0,30603,2619,0,0
2026-05-19,11,All You Need Is LOVE,36703,5863,42566,0,36703,5863,0,0
2026-05-19,12,Omar Comin,48549,22,48571,0,48549,22,0,0
2026-05-20,1,208 Ferrari Way,44378,65,44443,0,44378,65,0,0
2026-05-20,2,The Federal Reserve,55268,8681,63949,0,55268,8681,0,0
2026-05-20,3,Golden Hour,37623,1255,38878,0,37623,1255,0,0
2026-05-20,4,Lisan al-Caleb,28185,11875,40060,0,28185,11875,0,1
2026-05-20,5,Mommy Rainier,22412,11,22423,0,22412,11,0,0
2026-05-20,6,Mostly Washed,32804,2634,35438,0,32804,2634,0,1
2026-05-20,7,Cártel de Breece y Puka,34798,47,34845,0,34798,47,0,0
2026-05-20,8,Loading…,41169,1671,42840,0,41169,1671,0,0
2026-05-20,9,Gaeta Spur FC,21966,3621,25587,0,21966,3621,0,0
2026-05-20,10,Rashid Shaheed Truthers,30603,2619,33222,0,30603,2619,0,0
2026-05-20,11,All You Need Is LOVE,36703,5863,42566,0,36703,5863,0,0
2026-05-20,12,Omar Comin,48549,22,48571,0,48549,22,0,0
2026-05-21,1,208 Ferrari Way,44378,65,44443,0,44378,65,0,0
2026-05-21,2,The Federal Reserve,55268,8681,63949,0,55268,8681,0,0
2026-05-21,3,Golden Hour,37662,1255,38917,0,37662,1255,0,0
2026-05-21,4,Lisan al-Caleb,28185,11875,40060,0,28185,11875,0,1
2026-05-21,5,Mommy Rainier,22412,11,22423,0,22412,11,0,0
2026-05-21,6,Mostly Washed,32804,2634,35438,0,32804,2634,0,1
2026-05-21,7,Cártel de Breece y Puka,34798,47,34845,0,34798,47,0,0
2026-05-21,8,Loading…,41169,1671,42840,0,41169,1671,0,0
2026-05-21,9,Gaeta Spur FC,21966,3621,25587,0,21966,3621,0,0
2026-05-21,10,Rashid Shaheed Truthers,30603,2619,33222,0,30603,2619,0,0
2026-05-21,11,All You Need Is LOVE,36703,5863,42566,0,36703,5863,0,0
2026-05-21,12,Omar Comin,48549,22,48571,0,48549,22,0,0
2026-05-22,1,208 Ferrari Way,44278,65,44343,44278,0,65,0,0
2026-05-22,2,The Federal Reserve,55172,8644,63816,55172,0,8644,0,0
2026-05-22,3,Golden Hour,37518,1248,38766,37518,0,1248,0,0
2026-05-22,4,Lisan al-Caleb,28574,11830,40404,28574,0,11830,0,1
2026-05-22,5,Mommy Rainier,22261,11,22272,22261,0,11,0,0
2026-05-22,6,Mostly Washed,32456,2621,35077,32456,0,2621,0,1
2026-05-22,7,Cártel de Breece y Puka,34820,47,34867,34820,0,47,0,0
2026-05-22,8,Loading…,41213,1662,42875,41213,0,1662,0,0
2026-05-22,9,Gaeta Spur FC,22264,3603,25867,22264,0,3603,0,0
2026-05-22,10,Rashid Shaheed Truthers,30596,2606,33202,30596,0,2606,0,0
2026-05-22,11,All You Need Is LOVE,36964,5841,42805,36964,0,5841,0,0
2026-05-22,12,Omar Comin,48243,22,48265,48243,0,22,0,0
2026-05-23,1,208 Ferrari Way,44278,65,44343,0,44278,65,0,0
2026-05-23,2,The Federal Reserve,55172,8644,63816,0,55172,8644,0,0
2026-05-23,3,Golden Hour,37518,1248,38766,0,37518,1248,0,0
2026-05-23,4,Lisan al-Caleb,28574,11830,40404,0,28574,11830,0,1
2026-05-23,5,Mommy Rainier,22261,11,22272,0,22261,11,0,0
2026-05-23,6,Mostly Washed,32456,2621,35077,0,32456,2621,0,1
2026-05-23,7,Cártel de Breece y Puka,34820,47,34867,0,34820,47,0,0
2026-05-23,8,Loading…,41213,1662,42875,0,41213,1662,0,0
2026-05-23,9,Gaeta Spur FC,22264,3603,25867,0,22264,3603,0,0
2026-05-23,10,Rashid Shaheed Truthers,30596,2606,33202,0,30596,2606,0,0
2026-05-23,11,All You Need Is LOVE,36964,5841,42805,0,36964,5841,0,0
2026-05-23,12,Omar Comin,48243,22,48265,0,48243,22,0,0
2026-05-24,1,208 Ferrari Way,44278,65,44343,0,44278,65,0,0
2026-05-24,2,The Federal Reserve,55172,8644,63816,0,55172,8644,0,0
2026-05-24,3,Golden Hour,37518,1248,38766,0,37518,1248,0,0
2026-05-24,4,Lisan al-Caleb,28574,11830,40404,0,28574,11830,0,1
2026-05-24,5,Mommy Rainier,22261,11,22272,0,22261,11,0,0
2026-05-24,6,Mostly Washed,32456,2621,35077,0,32456,2621,0,1
2026-05-24,7,Cártel de Breece y Puka,34820,47,34867,0,34820,47,0,0
2026-05-24,8,Loading…,41213,1662,42875,0,41213,1662,0,0
2026-05-24,9,Gaeta Spur FC,22264,3603,25867,0,22264,3603,0,0
2026-05-24,10,Rashid Shaheed Truthers,30596,2606,33202,0,30596,2606,0,0
2026-05-24,11,All You Need Is LOVE,36964,5841,42805,0,36964,5841,0,0
2026-05-24,12,Omar Comin,48243,22,48265,0,48243,22,0,0
2026-05-25,1,208 Ferrari Way,44278,65,44343,0,44278,65,0,0
2026-05-25,2,The Federal Reserve,55172,8644,63816,0,55172,8644,0,0
2026-05-25,3,Golden Hour,37518,1248,38766,0,37518,1248,0,0
2026-05-25,4,Lisan al-Caleb,28574,11830,40404,0,28574,11830,0,1
2026-05-25,5,Mommy Rainier,22261,11,22272,0,22261,11,0,0
2026-05-25,6,Mostly Washed,32456,2621,35077,0,32456,2621,0,1
2026-05-25,7,Cártel de Breece y Puka,34820,47,34867,0,34820,47,0,0
2026-05-25,8,Loading…,41213,1662,42875,0,41213,1662,0,0
2026-05-25,9,Gaeta Spur FC,22264,3603,25867,0,22264,3603,0,0
2026-05-25,10,Rashid Shaheed Truthers,30596,2606,33202,0,30596,2606,0,0
2026-05-25,11,All You Need Is LOVE,36964,5841,42805,0,36964,5841,0,0
2026-05-25,12,Omar Comin,48243,22,48265,0,48243,22,0,0
2026-05-26,1,208 Ferrari Way,44278,65,44343,0,44278,65,0,0
2026-05-26,2,The Federal Reserve,55172,8644,63816,0,55172,8644,0,0
2026-05-26,3,Golden Hour,37518,1248,38766,0,37518,1248,0,0
2026-05-26,4,Lisan al-Caleb,28574,11830,40404,0,28574,11830,0,1
2026-05-26,5,Mommy Rainier,22261,11,22272,0,22261,11,0,0
2026-05-26,6,Mostly Washed,32456,2621,35077,0,32456,2621,0,1
2026-05-26,7,Cártel de Breece y Puka,34820,47,34867,0,34820,47,0,0
2026-05-26,8,Loading…,41213,1662,42875,0,41213,1662,0,0
2026-05-26,9,Gaeta Spur FC,22264,3603,25867,0,22264,3603,0,0
2026-05-26,10,Rashid Shaheed Truthers,30596,2606,33202,0,30596,2606,0,0
2026-05-26,11,All You Need Is LOVE,36964,5841,42805,0,36964,5841,0,0
2026-05-26,12,Omar Comin,48243,22,48265,0,48243,22,0,0
2026-05-27,1,208 Ferrari Way,44278,65,44343,0,44278,65,0,0
2026-05-27,2,The Federal Reserve,55172,8644,63816,0,55172,8644,0,0
2026-05-27,3,Golden Hour,37518,1248,38766,0,37518,1248,0,0
2026-05-27,4,Lisan al-Caleb,28574,11830,40404,0,28574,11830,0,1
2026-05-27,5,Mommy Rainier,22261,11,22272,0,22261,11,0,0
2026-05-27,6,Mostly Washed,32456,2621,35077,0,32456,2621,0,1
2026-05-27,7,Cártel de Breece y Puka,34820,47,34867,0,34820,47,0,0
2026-05-27,8,Loading…,41213,1662,42875,0,41213,1662,0,0
2026-05-27,9,Gaeta Spur FC,22264,3603,25867,0,22264,3603,0,0
2026-05-27,10,Rashid Shaheed Truthers,30596,2606,33202,0,30596,2606,0,0
2026-05-27,11,All You Need Is LOVE,36964,5841,42805,0,36964,5841,0,0
2026-05-27,12,Omar Comin,48243,22,48265,0,48243,22,0,0
2026-05-28,1,208 Ferrari Way,44278,65,44343,0,44278,65,0,0
2026-05-28,2,The Federal Reserve,55172,8644,63816,0,55172,8644,0,0
2026-05-28,3,Golden Hour,37518,1248,38766,0,37518,1248,0,0
2026-05-28,4,Lisan al-Caleb,28574,11830,40404,0,28574,11830,0,1
2026-05-28,5,Mommy Rainier,22261,11,22272,0,22261,11,0,0
2026-05-28,6,Mostly Washed,32456,2621,35077,0,32456,2621,0,1
2026-05-28,7,Cártel de Breece y Puka,34820,47,34867,0,34820,47,0,0
2026-05-28,8,Loading…,41213,1662,42875,0,41213,1662,0,0
2026-05-28,9,Gaeta Spur FC,22264,3603,25867,0,22264,3603,0,0
2026-05-28,10,Rashid Shaheed Truthers,30596,2606,33202,0,30596,2606,0,0
2026-05-28,11,All You Need Is LOVE,36964,5841,42805,0,36964,5841,0,0
2026-05-28,12,Omar Comin,48235,22,48257,0,48235,22,0,0
2026-05-29,1,208 Ferrari Way,44172,63,44235,44172,0,63,0,0
2026-05-29,2,The Federal Reserve,55207,8780,63987,55207,0,8780,0,0
2026-05-29,3,Golden Hour,37497,1252,38749,37497,0,1252,0,0
2026-05-29,4,Lisan al-Caleb,29397,12034,41431,29397,0,12034,0,1
2026-05-29,5,Mommy Rainier,22520,11,22531,22520,0,11,0,0
2026-05-29,6,Mostly Washed,32087,2649,34736,32087,0,2649,0,1
2026-05-29,7,Cártel de Breece y Puka,34953,46,34999,34953,0,46,0,0
2026-05-29,8,Loading…,41660,1666,43326,41660,0,1666,0,0
2026-05-29,9,Gaeta Spur FC,22642,3626,26268,22642,0,3626,0,0
2026-05-29,10,Rashid Shaheed Truthers,30823,2634,33457,30823,0,2634,0,0
2026-05-29,11,All You Need Is LOVE,37941,5938,43879,37941,0,5938,0,0
2026-05-29,12,Omar Comin,47905,21,47926,47905,0,21,0,0
2026-05-30,1,208 Ferrari Way,44172,63,44235,0,44172,63,0,0
2026-05-30,2,The Federal Reserve,55207,8780,63987,0,55207,8780,0,0
2026-05-30,3,Golden Hour,37497,1252,38749,0,37497,1252,0,0
2026-05-30,4,Lisan al-Caleb,29397,12034,41431,0,29397,12034,0,1
2026-05-30,5,Mommy Rainier,22520,11,22531,0,22520,11,0,0
2026-05-30,6,Mostly Washed,32087,2649,34736,0,32087,2649,0,1
2026-05-30,7,Cártel de Breece y Puka,34953,46,34999,0,34953,46,0,0
2026-05-30,8,Loading…,41660,1666,43326,0,41660,1666,0,0
2026-05-30,9,Gaeta Spur FC,22642,3626,26268,0,22642,3626,0,0
2026-05-30,10,Rashid Shaheed Truthers,30823,2634,33457,0,30823,2634,0,0
2026-05-30,11,All You Need Is LOVE,37941,5938,43879,0,37941,5938,0,0
2026-05-30,12,Omar Comin,47905,21,47926,0,47905,21,0,0
2026-05-31,1,208 Ferrari Way,44172,63,44235,0,44172,63,0,0
2026-05-31,2,The Federal Reserve,55207,8780,63987,0,55207,8780,0,0
2026-05-31,3,Golden Hour,37497,1252,38749,0,37497,1252,0,0
2026-05-31,4,Lisan al-Caleb,29397,12034,41431,0,29397,12034,0,1
2026-05-31,5,Mommy Rainier,22520,11,22531,0,22520,11,0,0
2026-05-31,6,Mostly Washed,32087,2649,34736,0,32087,2649,0,1
2026-05-31,7,Cártel de Breece y Puka,34953,46,34999,0,34953,46,0,0
2026-05-31,8,Loading…,41660,1666,43326,0,41660,1666,0,0
2026-05-31,9,Gaeta Spur FC,22642,3626,26268,0,22642,3626,0,0
2026-05-31,10,Rashid Shaheed Truthers,30823,2634,33457,0,30823,2634,0,0
2026-05-31,11,All You Need Is LOVE,37941,5938,43879,0,37941,5938,0,0
2026-05-31,12,Omar Comin,47905,21,47926,0,47905,21,0,0
2026-06-01,1,208 Ferrari Way,44172,63,44235,0,44172,63,0,0
2026-06-01,2,The Federal Reserve,55207,8780,63987,0,55207,8780,0,0
2026-06-01,3,Golden Hour,37497,1252,38749,0,37497,1252,0,0
2026-06-01,4,Lisan al-Caleb,29397,12034,41431,0,29397,12034,0,1
2026-06-01,5,Mommy Rainier,22520,11,22531,0,22520,11,0,0
2026-06-01,6,Mostly Washed,32087,2649,34736,0,32087,2649,0,1
2026-06-01,7,Cártel de Breece y Puka,34965,46,35011,0,34965,46,0,0
2026-06-01,8,Loading…,41660,1666,43326,0,41660,1666,0,0
2026-06-01,9,Gaeta Spur FC,22642,3626,26268,0,22642,3626,0,0
2026-06-01,10,Rashid Shaheed Truthers,30823,2634,33457,0,30823,2634,0,0
2026-06-01,11,All You Need Is LOVE,37941,5938,43879,0,37941,5938,0,0
2026-06-01,12,Omar Comin,47905,21,47926,0,47905,21,0,0
2026-06-02,1,208 Ferrari Way,44172,63,44235,0,44172,63,0,0
2026-06-02,2,The Federal Reserve,55201,8780,63981,0,55201,8780,0,0
2026-06-02,3,Golden Hour,37497,1252,38749,0,37497,1252,0,0
2026-06-02,4,Lisan al-Caleb,29397,12034,41431,0,29397,12034,0,1
2026-06-02,5,Mommy Rainier,22520,11,22531,0,22520,11,0,0
2026-06-02,6,Mostly Washed,32087,2649,34736,0,32087,2649,0,1
2026-06-02,7,Cártel de Breece y Puka,34965,46,35011,0,34965,46,0,0
2026-06-02,8,Loading…,41660,1666,43326,0,41660,1666,0,0
2026-06-02,9,Gaeta Spur FC,22642,3626,26268,0,22642,3626,0,0
2026-06-02,10,Rashid Shaheed Truthers,30823,2634,33457,0,30823,2634,0,0
2026-06-02,11,All You Need Is LOVE,37941,5938,43879,0,37941,5938,0,0
2026-06-02,12,Omar Comin,47905,21,47926,0,47905,21,0,0
2026-06-03,1,208 Ferrari Way,44172,63,44235,0,44172,63,0,0
2026-06-03,2,The Federal Reserve,55201,8780,63981,0,55201,8780,0,0
2026-06-03,3,Golden Hour,37497,1252,38749,0,37497,1252,0,0
2026-06-03,4,Lisan al-Caleb,29397,12034,41431,0,29397,12034,0,1
2026-06-03,5,Mommy Rainier,22520,11,22531,0,22520,11,0,0
2026-06-03,6,Mostly Washed,32087,2649,34736,0,32087,2649,0,1
2026-06-03,7,Cártel de Breece y Puka,34965,46,35011,0,34965,46,0,0
2026-06-03,8,Loading…,41660,1666,43326,0,41660,1666,0,0
2026-06-03,9,Gaeta Spur FC,22642,3626,26268,0,22642,3626,0,0
2026-06-03,10,Rashid Shaheed Truthers,30823,2634,33457,0,30823,2634,0,0
2026-06-03,11,All You Need Is LOVE,37941,5938,43879,0,37941,5938,0,0
2026-06-03,12,Omar Comin,47905,21,47926,0,47905,21,0,0
2026-06-04,1,208 Ferrari Way,44172,63,44235,0,44172,63,0,0
2026-06-04,2,The Federal Reserve,55201,8780,63981,0,55201,8780,0,0
2026-06-04,3,Golden Hour,37497,1252,38749,0,37497,1252,0,0
2026-06-04,4,Lisan al-Caleb,29397,12034,41431,0,29397,12034,0,1
2026-06-04,5,Mommy Rainier,22520,11,22531,0,22520,11,0,0
2026-06-04,6,Mostly Washed,32087,2649,34736,0,32087,2649,0,1
2026-06-04,7,Cártel de Breece y Puka,34965,46,35011,0,34965,46,0,0
2026-06-04,8,Loading…,41660,1666,43326,0,41660,1666,0,0
2026-06-04,9,Gaeta Spur FC,22642,3626,26268,0,22642,3626,0,0
2026-06-04,10,Rashid Shaheed Truthers,30823,2634,33457,0,30823,2634,0,0
2026-06-04,11,All You Need Is LOVE,37941,5938,43879,0,37941,5938,0,0
2026-06-04,12,Omar Comin,47905,21,47926,0,47905,21,0,0
2026-06-05,1,208 Ferrari Way,44112,63,44175,44112,0,63,0,0
2026-06-05,2,The Federal Reserve,55239,8752,63991,55239,0,8752,0,0
2026-06-05,3,Golden Hour,37140,1248,38388,37140,0,1248,0,0
2026-06-05,4,Lisan al-Caleb,29694,11999,41693,29694,0,11999,0,1
2026-06-05,5,Mommy Rainier,22104,11,22115,22104,0,11,0,0
2026-06-05,6,Mostly Washed,31930,2640,34570,31930,0,2640,0,1
2026-06-05,7,Cártel de Breece y Puka,35172,46,35218,35172,0,46,0,0
2026-06-05,8,Loading…,40973,1661,42634,40973,0,1661,0,0
2026-06-05,9,Gaeta Spur FC,22763,3614,26377,22763,0,3614,0,0
2026-06-05,10,Rashid Shaheed Truthers,30491,2625,33116,30491,0,2625,0,0
2026-06-05,11,All You Need Is LOVE,37393,5920,43313,37393,0,5920,0,0
2026-06-05,12,Omar Comin,47801,21,47822,47801,0,21,0,0
2026-06-06,1,208 Ferrari Way,44112,63,44175,0,44112,63,0,0
2026-06-06,2,The Federal Reserve,55239,8752,63991,0,55239,8752,0,0
2026-06-06,3,Golden Hour,37140,1248,38388,0,37140,1248,0,0
2026-06-06,4,Lisan al-Caleb,29694,11999,41693,0,29694,11999,0,1
2026-06-06,5,Mommy Rainier,22104,11,22115,0,22104,11,0,0
2026-06-06,6,Mostly Washed,31930,2640,34570,0,31930,2640,0,1
2026-06-06,7,Cártel de Breece y Puka,35172,46,35218,0,35172,46,0,0
2026-06-06,8,Loading…,40973,1661,42634,0,40973,1661,0,0
2026-06-06,9,Gaeta Spur FC,22763,3614,26377,0,22763,3614,0,0
2026-06-06,10,Rashid Shaheed Truthers,30491,2625,33116,0,30491,2625,0,0
2026-06-06,11,All You Need Is LOVE,37393,5920,43313,0,37393,5920,0,0
2026-06-06,12,Omar Comin,47801,21,47822,0,47801,21,0,0
2026-06-07,1,208 Ferrari Way,44112,63,44175,0,44112,63,0,0
2026-06-07,2,The Federal Reserve,55239,8752,63991,0,55239,8752,0,0
2026-06-07,3,Golden Hour,37140,1248,38388,0,37140,1248,0,0
2026-06-07,4,Lisan al-Caleb,29694,11999,41693,0,29694,11999,0,1
2026-06-07,5,Mommy Rainier,22104,11,22115,0,22104,11,0,0
2026-06-07,6,Mostly Washed,31930,2640,34570,0,31930,2640,0,1
2026-06-07,7,Cártel de Breece y Puka,35172,46,35218,0,35172,46,0,0
2026-06-07,8,Loading…,40973,1661,42634,0,40973,1661,0,0
2026-06-07,9,Gaeta Spur FC,22763,3614,26377,0,22763,3614,0,0
2026-06-07,10,Rashid Shaheed Truthers,30491,2625,33116,0,30491,2625,0,0
2026-06-07,11,All You Need Is LOVE,37393,5920,43313,0,37393,5920,0,0
2026-06-07,12,Omar Comin,47801,21,47822,0,47801,21,0,0
2026-06-08,1,208 Ferrari Way,44112,63,44175,0,44112,63,0,0
2026-06-08,2,The Federal Reserve,55239,8752,63991,0,55239,8752,0,0
2026-06-08,3,Golden Hour,37140,1248,38388,0,37140,1248,0,0
2026-06-08,4,Lisan al-Caleb,29694,11999,41693,0,29694,11999,0,1
2026-06-08,5,Mommy Rainier,22104,11,22115,0,22104,11,0,0
2026-06-08,6,Mostly Washed,31930,2640,34570,0,31930,2640,0,1
2026-06-08,7,Cártel de Breece y Puka,35172,46,35218,0,35172,46,0,0
2026-06-08,8,Loading…,40973,1661,42634,0,40973,1661,0,0
2026-06-08,9,Gaeta Spur FC,22763,3614,26377,0,22763,3614,0,0
2026-06-08,10,Rashid Shaheed Truthers,30491,2625,33116,0,30491,2625,0,0
2026-06-08,11,All You Need Is LOVE,37393,5920,43313,0,37393,5920,0,0
2026-06-08,12,Omar Comin,47801,21,47822,0,47801,21,0,0
2026-06-09,1,208 Ferrari Way,44112,63,44175,0,44112,63,0,0
2026-06-09,2,The Federal Reserve,55239,8752,63991,0,55239,8752,0,0
2026-06-09,3,Golden Hour,37140,1248,38388,0,37140,1248,0,0
2026-06-09,4,Lisan al-Caleb,29694,11999,41693,0,29694,11999,0,1
2026-06-09,5,Mommy Rainier,22104,11,22115,0,22104,11,0,0
2026-06-09,6,Mostly Washed,31930,2640,34570,0,31930,2640,0,1
2026-06-09,7,Cártel de Breece y Puka,35172,46,35218,0,35172,46,0,0
2026-06-09,8,Loading…,40973,1661,42634,0,40973,1661,0,0
2026-06-09,9,Gaeta Spur FC,22763,3614,26377,0,22763,3614,0,0
2026-06-09,10,Rashid Shaheed Truthers,30491,2625,33116,0,30491,2625,0,0
2026-06-09,11,All You Need Is LOVE,37393,5920,43313,0,37393,5920,0,0
2026-06-09,12,Omar Comin,47801,21,47822,0,47801,21,0,0
2026-06-10,1,208 Ferrari Way,44112,63,44175,0,44112,63,0,0
2026-06-10,2,The Federal Reserve,55239,8752,63991,0,55239,8752,0,0
2026-06-10,3,Golden Hour,37140,1248,38388,0,37140,1248,0,0
2026-06-10,4,Lisan al-Caleb,29694,11999,41693,0,29694,11999,0,1
2026-06-10,5,Mommy Rainier,22104,11,22115,0,22104,11,0,0
2026-06-10,6,Mostly Washed,31930,2640,34570,0,31930,2640,0,1
2026-06-10,7,Cártel de Breece y Puka,35172,46,35218,0,35172,46,0,0
2026-06-10,8,Loading…,40973,1661,42634,0,40973,1661,0,0
2026-06-10,9,Gaeta Spur FC,22763,3614,26377,0,22763,3614,0,0
2026-06-10,10,Rashid Shaheed Truthers,30491,2625,33116,0,30491,2625,0,0
2026-06-10,11,All You Need Is LOVE,37393,5920,43313,0,37393,5920,0,0
2026-06-10,12,Omar Comin,47801,21,47822,0,47801,21,0,0
2026-06-11,1,208 Ferrari Way,44112,63,44175,0,44112,63,0,0
2026-06-11,2,The Federal Reserve,55239,8752,63991,0,55239,8752,0,0
2026-06-11,3,Golden Hour,37140,1248,38388,0,37140,1248,0,0
2026-06-11,4,Lisan al-Caleb,29694,11999,41693,0,29694,11999,0,1
2026-06-11,5,Mommy Rainier,22104,11,22115,0,22104,11,0,0
2026-06-11,6,Mostly Washed,31930,2640,34570,0,31930,2640,0,1
2026-06-11,7,Cártel de Breece y Puka,35172,46,35218,0,35172,46,0,0
2026-06-11,8,Loading…,40973,1661,42634,0,40973,1661,0,0
2026-06-11,9,Gaeta Spur FC,22763,3614,26377,0,22763,3614,0,0
2026-06-11,10,Rashid Shaheed Truthers,30491,2625,33116,0,30491,2625,0,0
2026-06-11,11,All You Need Is LOVE,37393,5920,43313,0,37393,5920,0,0
2026-06-11,12,Omar Comin,47801,21,47822,0,47801,21,0,0
2026-06-12,1,208 Ferrari Way,44086,60,44146,44086,0,60,0,0
2026-06-12,2,The Federal Reserve,55027,8806,63833,55027,0,8806,0,0
2026-06-12,3,Golden Hour,37062,1234,38296,37062,0,1234,0,0
2026-06-12,4,Lisan al-Caleb,29817,12105,41922,29817,0,12105,0,1
2026-06-12,5,Mommy Rainier,22242,10,22252,22242,0,10,0,0
2026-06-12,6,Mostly Washed,31965,2637,34602,31965,0,2637,0,1
2026-06-12,7,Cártel de Breece y Puka,35426,44,35470,35426,0,44,0,0
2026-06-12,8,Loading…,40576,1643,42219,40576,0,1643,0,0
2026-06-12,9,Gaeta Spur FC,23019,3591,26610,23019,0,3591,0,0
2026-06-12,10,Rashid Shaheed Truthers,30581,2623,33204,30581,0,2623,0,0
2026-06-12,11,All You Need Is LOVE,37403,5967,43370,37403,0,5967,0,0
2026-06-12,12,Omar Comin,47641,20,47661,47641,0,20,0,0
2026-06-13,1,208 Ferrari Way,44086,60,44146,0,44086,60,0,0
2026-06-13,2,The Federal Reserve,55027,8806,63833,0,55027,8806,0,0
2026-06-13,3,Golden Hour,37062,1234,38296,0,37062,1234,0,0
2026-06-13,4,Lisan al-Caleb,29817,12105,41922,0,29817,12105,0,1
2026-06-13,5,Mommy Rainier,22242,10,22252,0,22242,10,0,0
2026-06-13,6,Mostly Washed,31965,2637,34602,0,31965,2637,0,1
2026-06-13,7,Cártel de Breece y Puka,35426,44,35470,0,35426,44,0,0
2026-06-13,8,Loading…,40576,1643,42219,0,40576,1643,0,0
2026-06-13,9,Gaeta Spur FC,23019,3591,26610,0,23019,3591,0,0
2026-06-13,10,Rashid Shaheed Truthers,30581,2623,33204,0,30581,2623,0,0
2026-06-13,11,All You Need Is LOVE,37403,5967,43370,0,37403,5967,0,0
2026-06-13,12,Omar Comin,47641,20,47661,0,47641,20,0,0
2026-06-14,1,208 Ferrari Way,44086,60,44146,0,44086,60,0,0
2026-06-14,2,The Federal Reserve,55027,8806,63833,0,55027,8806,0,0
2026-06-14,3,Golden Hour,37062,1234,38296,0,37062,1234,0,0
2026-06-14,4,Lisan al-Caleb,29817,12105,41922,0,29817,12105,0,1
2026-06-14,5,Mommy Rainier,22242,10,22252,0,22242,10,0,0
2026-06-14,6,Mostly Washed,31965,2637,34602,0,31965,2637,0,1
2026-06-14,7,Cártel de Breece y Puka,35426,44,35470,0,35426,44,0,0
2026-06-14,8,Loading…,40576,1643,42219,0,40576,1643,0,0
2026-06-14,9,Gaeta Spur FC,23019,3591,26610,0,23019,3591,0,0
2026-06-14,10,Rashid Shaheed Truthers,30581,2623,33204,0,30581,2623,0,0
2026-06-14,11,All You Need Is LOVE,37403,5967,43370,0,37403,5967,0,0
2026-06-14,12,Omar Comin,47641,20,47661,0,47641,20,0,0
2026-06-15,1,208 Ferrari Way,44086,60,44146,0,44086,60,0,0
2026-06-15,2,The Federal Reserve,55027,8806,63833,0,55027,8806,0,0
2026-06-15,3,Golden Hour,37062,1234,38296,0,37062,1234,0,0
2026-06-15,4,Lisan al-Caleb,29817,12105,41922,0,29817,12105,0,1
2026-06-15,5,Mommy Rainier,22242,10,22252,0,22242,10,0,0
2026-06-15,6,Mostly Washed,31965,2637,34602,0,31965,2637,0,1
2026-06-15,7,Cártel de Breece y Puka,35426,44,35470,0,35426,44,0,0
2026-06-15,8,Loading…,40576,1643,42219,0,40576,1643,0,0
2026-06-15,9,Gaeta Spur FC,23019,3591,26610,0,23019,3591,0,0
2026-06-15,10,Rashid Shaheed Truthers,30581,2623,33204,0,30581,2623,0,0
2026-06-15,11,All You Need Is LOVE,37403,5967,43370,0,37403,5967,0,0
2026-06-15,12,Omar Comin,47641,20,47661,0,47641,20,0,0
2026-06-16,1,208 Ferrari Way,44086,60,44146,0,44086,60,0,0
2026-06-16,2,The Federal Reserve,55027,8806,63833,0,55027,8806,0,0
2026-06-16,3,Golden Hour,37062,1234,38296,0,37062,1234,0,0
2026-06-16,4,Lisan al-Caleb,29817,12105,41922,0,29817,12105,0,1
2026-06-16,5,Mommy Rainier,22242,10,22252,0,22242,10,0,0
2026-06-16,6,Mostly Washed,31965,2637,34602,0,31965,2637,0,1
2026-06-16,7,Cártel de Breece y Puka,35426,44,35470,0,35426,44,0,0
2026-06-16,8,Loading…,40576,1643,42219,0,40576,1643,0,0
2026-06-16,9,Gaeta Spur FC,23019,3591,26610,0,23019,3591,0,0
2026-06-16,10,Rashid Shaheed Truthers,30581,2623,33204,0,30581,2623,0,0
2026-06-16,11,All You Need Is LOVE,37403,5967,43370,0,37403,5967,0,0
2026-06-16,12,Omar Comin,47641,20,47661,0,47641,20,0,0
2026-06-17,1,208 Ferrari Way,44086,60,44146,0,44086,60,0,0
2026-06-17,2,The Federal Reserve,55027,8806,63833,0,55027,8806,0,0
2026-06-17,3,Golden Hour,37062,1234,38296,0,37062,1234,0,0
2026-06-17,4,Lisan al-Caleb,29817,12105,41922,0,29817,12105,0,1
2026-06-17,5,Mommy Rainier,22242,10,22252,0,22242,10,0,0
2026-06-17,6,Mostly Washed,31965,2637,34602,0,31965,2637,0,1
2026-06-17,7,Cártel de Breece y Puka,35426,44,35470,0,35426,44,0,0
2026-06-17,8,Loading…,40576,1643,42219,0,40576,1643,0,0
2026-06-17,9,Gaeta Spur FC,23019,3591,26610,0,23019,3591,0,0
2026-06-17,10,Rashid Shaheed Truthers,30581,2623,33204,0,30581,2623,0,0
2026-06-17,11,All You Need Is LOVE,37403,5967,43370,0,37403,5967,0,0
2026-06-17,12,Omar Comin,47641,20,47661,0,47641,20,0,0
2026-06-18,1,208 Ferrari Way,44086,60,44146,0,44086,60,0,0
2026-06-18,2,The Federal Reserve,55027,8806,63833,0,55027,8806,0,0
2026-06-18,3,Golden Hour,37062,1234,38296,0,37062,1234,0,0
2026-06-18,4,Lisan al-Caleb,29817,12105,41922,0,29817,12105,0,1
2026-06-18,5,Mommy Rainier,22242,10,22252,0,22242,10,0,0
2026-06-18,6,Mostly Washed,31965,2637,34602,0,31965,2637,0,1
2026-06-18,7,Cártel de Breece y Puka,35426,44,35470,0,35426,44,0,0
2026-06-18,8,Loading…,40576,1643,42219,0,40576,1643,0,0
2026-06-18,9,Gaeta Spur FC,23019,3591,26610,0,23019,3591,0,0
2026-06-18,10,Rashid Shaheed Truthers,30581,2623,33204,0,30581,2623,0,0
2026-06-18,11,All You Need Is LOVE,37403,5967,43370,0,37403,5967,0,0
2026-06-18,12,Omar Comin,47641,20,47661,0,47641,20,0,0
2026-06-19,1,208 Ferrari Way,44692,58,44750,44692,0,58,0,0
2026-06-19,2,The Federal Reserve,55083,8805,63888,55083,0,8805,0,0
2026-06-19,3,Golden Hour,36909,1223,38132,36909,0,1223,0,0
2026-06-19,4,Lisan al-Caleb,29224,12118,41342,29224,0,12118,0,1
2026-06-19,5,Mommy Rainier,22196,10,22206,22196,0,10,0,0
2026-06-19,6,Mostly Washed,32204,2628,34832,32204,0,2628,0,1
2026-06-19,7,Cártel de Breece y Puka,35698,43,35741,35698,0,43,0,0
2026-06-19,8,Loading…,40563,1628,42191,40563,0,1628,0,0
2026-06-19,9,Gaeta Spur FC,23240,3568,26808,23240,0,3568,0,0
2026-06-19,10,Rashid Shaheed Truthers,30887,2614,33501,30887,0,2614,0,0
2026-06-19,11,All You Need Is LOVE,36884,5970,42854,36884,0,5970,0,0
2026-06-19,12,Omar Comin,47193,19,47212,47193,0,19,0,0
2026-06-20,1,208 Ferrari Way,44692,58,44750,0,44692,58,0,0
2026-06-20,2,The Federal Reserve,55083,8805,63888,0,55083,8805,0,0
2026-06-20,3,Golden Hour,36909,1223,38132,0,36909,1223,0,0
2026-06-20,4,Lisan al-Caleb,29224,12118,41342,0,29224,12118,0,1
2026-06-20,5,Mommy Rainier,22196,10,22206,0,22196,10,0,0
2026-06-20,6,Mostly Washed,32204,2628,34832,0,32204,2628,0,1
2026-06-20,7,Cártel de Breece y Puka,35698,43,35741,0,35698,43,0,0
2026-06-20,8,Loading…,40563,1628,42191,0,40563,1628,0,0
2026-06-20,9,Gaeta Spur FC,23240,3568,26808,0,23240,3568,0,0
2026-06-20,10,Rashid Shaheed Truthers,30887,2614,33501,0,30887,2614,0,0
2026-06-20,11,All You Need Is LOVE,36884,5970,42854,0,36884,5970,0,0
2026-06-20,12,Omar Comin,47193,19,47212,0,47193,19,0,0
2026-06-21,1,208 Ferrari Way,44692,58,44750,0,44692,58,0,0
2026-06-21,2,The Federal Reserve,55083,8805,63888,0,55083,8805,0,0
2026-06-21,3,Golden Hour,36909,1223,38132,0,36909,1223,0,0
2026-06-21,4,Lisan al-Caleb,29224,12118,41342,0,29224,12118,0,1
2026-06-21,5,Mommy Rainier,22196,10,22206,0,22196,10,0,0
2026-06-21,6,Mostly Washed,32204,2628,34832,0,32204,2628,0,1
2026-06-21,7,Cártel de Breece y Puka,35698,43,35741,0,35698,43,0,0
2026-06-21,8,Loading…,40563,1628,42191,0,40563,1628,0,0
2026-06-21,9,Gaeta Spur FC,23240,3568,26808,0,23240,3568,0,0
2026-06-21,10,Rashid Shaheed Truthers,30887,2614,33501,0,30887,2614,0,0
2026-06-21,11,All You Need Is LOVE,36884,5970,42854,0,36884,5970,0,0
2026-06-21,12,Omar Comin,47193,19,47212,0,47193,19,0,0
2026-06-22,1,208 Ferrari Way,44692,58,44750,0,44692,58,0,0
2026-06-22,2,The Federal Reserve,55083,8805,63888,0,55083,8805,0,0
2026-06-22,3,Golden Hour,36909,1223,38132,0,36909,1223,0,0
2026-06-22,4,Lisan al-Caleb,29224,12118,41342,0,29224,12118,0,1
2026-06-22,5,Mommy Rainier,22196,10,22206,0,22196,10,0,0
2026-06-22,6,Mostly Washed,32204,2628,34832,0,32204,2628,0,1
2026-06-22,7,Cártel de Breece y Puka,35698,43,35741,0,35698,43,0,0
2026-06-22,8,Loading…,40563,1628,42191,0,40563,1628,0,0
2026-06-22,9,Gaeta Spur FC,23240,3568,26808,0,23240,3568,0,0
2026-06-22,10,Rashid Shaheed Truthers,30887,2614,33501,0,30887,2614,0,0
2026-06-22,11,All You Need Is LOVE,36884,5970,42854,0,36884,5970,0,0
2026-06-22,12,Omar Comin,47193,19,47212,0,47193,19,0,0
2026-06-23,1,208 Ferrari Way,44692,58,44750,0,44692,58,0,0
2026-06-23,2,The Federal Reserve,55083,8805,63888,0,55083,8805,0,0
2026-06-23,3,Golden Hour,36909,1223,38132,0,36909,1223,0,0
2026-06-23,4,Lisan al-Caleb,29224,12118,41342,0,29224,12118,0,1
2026-06-23,5,Mommy Rainier,22196,10,22206,0,22196,10,0,0
2026-06-23,6,Mostly Washed,32204,2628,34832,0,32204,2628,0,1
2026-06-23,7,Cártel de Breece y Puka,35698,43,35741,0,35698,43,0,0
2026-06-23,8,Loading…,40563,1628,42191,0,40563,1628,0,0
2026-06-23,9,Gaeta Spur FC,23240,3568,26808,0,23240,3568,0,0
2026-06-23,10,Rashid Shaheed Truthers,30887,2614,33501,0,30887,2614,0,0
2026-06-23,11,All You Need Is LOVE,36884,5970,42854,0,36884,5970,0,0
2026-06-23,12,Omar Comin,47193,19,47212,0,47193,19,0,0
2026-06-24,1,208 Ferrari Way,44692,58,44750,0,44692,58,0,0
2026-06-24,2,The Federal Reserve,55083,8805,63888,0,55083,8805,0,0
2026-06-24,3,Golden Hour,36909,1223,38132,0,36909,1223,0,0
2026-06-24,4,Lisan al-Caleb,29224,12118,41342,0,29224,12118,0,1
2026-06-24,5,Mommy Rainier,22196,10,22206,0,22196,10,0,0
2026-06-24,6,Mostly Washed,32204,2628,34832,0,32204,2628,0,1
2026-06-24,7,Cártel de Breece y Puka,35698,43,35741,0,35698,43,0,0
2026-06-24,8,Loading…,40563,1628,42191,0,40563,1628,0,0
2026-06-24,9,Gaeta Spur FC,23240,3568,26808,0,23240,3568,0,0
2026-06-24,10,Rashid Shaheed Truthers,30887,2614,33501,0,30887,2614,0,0
2026-06-24,11,All You Need Is LOVE,36884,5970,42854,0,36884,5970,0,0
2026-06-24,12,Omar Comin,47193,19,47212,0,47193,19,0,0
2026-06-25,1,208 Ferrari Way,44692,58,44750,0,44692,58,0,0
2026-06-25,2,The Federal Reserve,55083,8805,63888,0,55083,8805,0,0
2026-06-25,3,Golden Hour,36909,1223,38132,0,36909,1223,0,0
2026-06-25,4,Lisan al-Caleb,29224,12118,41342,0,29224,12118,0,1
2026-06-25,5,Mommy Rainier,22196,10,22206,0,22196,10,0,0
2026-06-25,6,Mostly Washed,32204,2628,34832,0,32204,2628,0,1
2026-06-25,7,Cártel de Breece y Puka,35698,43,35741,0,35698,43,0,0
2026-06-25,8,Loading…,40563,1628,42191,0,40563,1628,0,0
2026-06-25,9,Gaeta Spur FC,23240,3568,26808,0,23240,3568,0,0
2026-06-25,10,Rashid Shaheed Truthers,30887,2614,33501,0,30887,2614,0,0
2026-06-25,11,All You Need Is LOVE,36884,5970,42854,0,36884,5970,0,0
2026-06-25,12,Omar Comin,47193,19,47212,0,47193,19,0,0
2026-06-26,1,208 Ferrari Way,44609,58,44667,44609,0,58,0,0
2026-06-26,2,The Federal Reserve,55054,8791,63845,55054,0,8791,0,0
2026-06-26,3,Golden Hour,36837,1229,38066,36837,0,1229,0,0
2026-06-26,4,Lisan al-Caleb,29068,12084,41152,29068,0,12084,0,1
2026-06-26,5,Mommy Rainier,22316,10,22326,22316,0,10,0,0
2026-06-26,6,Mostly Washed,32176,2630,34806,32176,0,2630,0,1
2026-06-26,7,Cártel de Breece y Puka,35378,43,35421,35378,0,43,0,0
2026-06-26,8,Loading…,40732,1636,42368,40732,0,1636,0,0
2026-06-26,9,Gaeta Spur FC,23291,3577,26868,23291,0,3577,0,0
2026-06-26,10,Rashid Shaheed Truthers,31266,2616,33882,31266,0,2616,0,0
2026-06-26,11,All You Need Is LOVE,36285,5955,42240,36285,0,5955,0,0
2026-06-26,12,Omar Comin,47072,19,47091,47072,0,19,0,0
2026-06-27,1,208 Ferrari Way,44609,58,44667,0,44609,58,0,0
2026-06-27,2,The Federal Reserve,55054,8791,63845,0,55054,8791,0,0
2026-06-27,3,Golden Hour,36837,1229,38066,0,36837,1229,0,0
2026-06-27,4,Lisan al-Caleb,29068,12084,41152,0,29068,12084,0,1
2026-06-27,5,Mommy Rainier,22316,10,22326,0,22316,10,0,0
2026-06-27,6,Mostly Washed,32176,2630,34806,0,32176,2630,0,1
2026-06-27,7,Cártel de Breece y Puka,35378,43,35421,0,35378,43,0,0
2026-06-27,8,Loading…,40732,1636,42368,0,40732,1636,0,0
2026-06-27,9,Gaeta Spur FC,23291,3577,26868,0,23291,3577,0,0
2026-06-27,10,Rashid Shaheed Truthers,31266,2616,33882,0,31266,2616,0,0
2026-06-27,11,All You Need Is LOVE,36285,5955,42240,0,36285,5955,0,0
2026-06-27,12,Omar Comin,47072,19,47091,0,47072,19,0,0
2026-06-28,1,208 Ferrari Way,44609,58,44667,0,44609,58,0,0
2026-06-28,2,The Federal Reserve,55054,8791,63845,0,55054,8791,0,0
2026-06-28,3,Golden Hour,36837,1229,38066,0,36837,1229,0,0
2026-06-28,4,Lisan al-Caleb,29068,12084,41152,0,29068,12084,0,1
2026-06-28,5,Mommy Rainier,22316,10,22326,0,22316,10,0,0
2026-06-28,6,Mostly Washed,32176,2630,34806,0,32176,2630,0,1
2026-06-28,7,Cártel de Breece y Puka,35378,43,35421,0,35378,43,0,0
2026-06-28,8,Loading…,40732,1636,42368,0,40732,1636,0,0
2026-06-28,9,Gaeta Spur FC,23291,3577,26868,0,23291,3577,0,0
2026-06-28,10,Rashid Shaheed Truthers,31266,2616,33882,0,31266,2616,0,0
2026-06-28,11,All You Need Is LOVE,36285,5955,42240,0,36285,5955,0,0
2026-06-28,12,Omar Comin,47072,19,47091,0,47072,19,0,0
2026-06-29,1,208 Ferrari Way,44609,58,44667,0,44609,58,0,0
2026-06-29,2,The Federal Reserve,55054,8791,63845,0,55054,8791,0,0
2026-06-29,3,Golden Hour,36837,1229,38066,0,36837,1229,0,0
2026-06-29,4,Lisan al-Caleb,29068,12084,41152,0,29068,12084,0,1
2026-06-29,5,Mommy Rainier,22316,10,22326,0,22316,10,0,0
2026-06-29,6,Mostly Washed,32176,2630,34806,0,32176,2630,0,1
2026-06-29,7,Cártel de Breece y Puka,35378,43,35421,0,35378,43,0,0
2026-06-29,8,Loading…,40732,1636,42368,0,40732,1636,0,0
2026-06-29,9,Gaeta Spur FC,23291,3577,26868,0,23291,3577,0,0
2026-06-29,10,Rashid Shaheed Truthers,31266,2616,33882,0,31266,2616,0,0
2026-06-29,11,All You Need Is LOVE,36285,5955,42240,0,36285,5955,0,0
2026-06-29,12,Omar Comin,47072,19,47091,0,47072,19,0,0
2026-06-30,1,208 Ferrari Way,44609,58,44667,0,44609,58,0,0
2026-06-30,2,The Federal Reserve,55054,8791,63845,0,55054,8791,0,0
2026-06-30,3,Golden Hour,36837,1229,38066,0,36837,1229,0,0
2026-06-30,4,Lisan al-Caleb,29068,12084,41152,0,29068,12084,0,1
2026-06-30,5,Mommy Rainier,22316,10,22326,0,22316,10,0,0
2026-06-30,6,Mostly Washed,32176,2630,34806,0,32176,2630,0,1
2026-06-30,7,Cártel de Breece y Puka,35378,43,35421,0,35378,43,0,0
2026-06-30,8,Loading…,40732,1636,42368,0,40732,1636,0,0
2026-06-30,9,Gaeta Spur FC,23291,3577,26868,0,23291,3577,0,0
2026-06-30,10,Rashid Shaheed Truthers,31266,2616,33882,0,31266,2616,0,0
2026-06-30,11,All You Need Is LOVE,36285,5955,42240,0,36285,5955,0,0
2026-06-30,12,Omar Comin,47072,19,47091,0,47072,19,0,0
2026-07-01,1,208 Ferrari Way,44609,58,44667,0,44609,58,0,0
2026-07-01,2,The Federal Reserve,55054,8791,63845,0,55054,8791,0,0
2026-07-01,3,Golden Hour,36837,1229,38066,0,36837,1229,0,0
2026-07-01,4,Lisan al-Caleb,29068,12084,41152,0,29068,12084,0,1
2026-07-01,5,Mommy Rainier,22316,10,22326,0,22316,10,0,0
2026-07-01,6,Mostly Washed,32176,2630,34806,0,32176,2630,0,1
2026-07-01,7,Cártel de Breece y Puka,35378,43,35421,0,35378,43,0,0
2026-07-01,8,Loading…,40732,1636,42368,0,40732,1636,0,0
2026-07-01,9,Gaeta Spur FC,23291,3577,26868,0,23291,3577,0,0
2026-07-01,10,Rashid Shaheed Truthers,31266,2616,33882,0,31266,2616,0,0
2026-07-01,11,All You Need Is LOVE,36285,5955,42240,0,36285,5955,0,0
2026-07-01,12,Omar Comin,47072,19,47091,0,47072,19,0,0
2026-07-02,1,208 Ferrari Way,44609,58,44667,0,44609,58,0,0
2026-07-02,2,The Federal Reserve,55054,8791,63845,0,55054,8791,0,0
2026-07-02,3,Golden Hour,36837,1229,38066,0,36837,1229,0,0
2026-07-02,4,Lisan al-Caleb,29068,12084,41152,0,29068,12084,0,1
2026-07-02,5,Mommy Rainier,22316,10,22326,0,22316,10,0,0
2026-07-02,6,Mostly Washed,32176,2630,34806,0,32176,2630,0,1
2026-07-02,7,Cártel de Breece y Puka,35378,43,35421,0,35378,43,0,0
2026-07-02,8,Loading…,40732,1636,42368,0,40732,1636,0,0
2026-07-02,9,Gaeta Spur FC,23291,3577,26868,0,23291,3577,0,0
2026-07-02,10,Rashid Shaheed Truthers,31266,2616,33882,0,31266,2616,0,0
2026-07-02,11,All You Need Is LOVE,36285,5955,42240,0,36285,5955,0,0
2026-07-02,12,Omar Comin,47072,19,47091,0,47072,19,0,0
2026-07-03,1,208 Ferrari Way,44825,57,44882,44825,0,57,0,0
2026-07-03,2,The Federal Reserve,55014,8836,63850,55014,0,8836,0,0
2026-07-03,3,Golden Hour,37035,1223,38258,37035,0,1223,0,0
2026-07-03,4,Lisan al-Caleb,28983,12162,41145,28983,0,12162,0,1
2026-07-03,5,Mommy Rainier,22628,10,22638,22628,0,10,0,0
2026-07-03,6,Mostly Washed,31953,2633,34586,31953,0,2633,0,1
2026-07-03,7,Cártel de Breece y Puka,35035,41,35076,35035,0,41,0,0
2026-07-03,8,Loading…,40942,1627,42569,40942,0,1627,0,0
2026-07-03,9,Gaeta Spur FC,23189,3570,26759,23189,0,3570,0,0
2026-07-03,10,Rashid Shaheed Truthers,31539,2620,34159,31539,0,2620,0,0
2026-07-03,11,All You Need Is LOVE,36380,5990,42370,36380,0,5990,0,0
2026-07-03,12,Omar Comin,46443,19,46462,46443,0,19,0,0
2026-07-04,1,208 Ferrari Way,44825,57,44882,0,44825,57,0,0
2026-07-04,2,The Federal Reserve,55014,8836,63850,0,55014,8836,0,0
2026-07-04,3,Golden Hour,37035,1223,38258,0,37035,1223,0,0
2026-07-04,4,Lisan al-Caleb,28983,12162,41145,0,28983,12162,0,1
2026-07-04,5,Mommy Rainier,22628,10,22638,0,22628,10,0,0
2026-07-04,6,Mostly Washed,31953,2633,34586,0,31953,2633,0,1
2026-07-04,7,Cártel de Breece y Puka,35035,41,35076,0,35035,41,0,0
2026-07-04,8,Loading…,40942,1627,42569,0,40942,1627,0,0
2026-07-04,9,Gaeta Spur FC,23189,3570,26759,0,23189,3570,0,0
2026-07-04,10,Rashid Shaheed Truthers,31539,2620,34159,0,31539,2620,0,0
2026-07-04,11,All You Need Is LOVE,36380,5990,42370,0,36380,5990,0,0
2026-07-04,12,Omar Comin,46443,19,46462,0,46443,19,0,0
2026-07-05,1,208 Ferrari Way,44825,57,44882,0,44825,57,0,0
2026-07-05,2,The Federal Reserve,55014,8836,63850,0,55014,8836,0,0
2026-07-05,3,Golden Hour,37035,1223,38258,0,37035,1223,0,0
2026-07-05,4,Lisan al-Caleb,28983,12162,41145,0,28983,12162,0,1
2026-07-05,5,Mommy Rainier,22628,10,22638,0,22628,10,0,0
2026-07-05,6,Mostly Washed,31953,2633,34586,0,31953,2633,0,1
2026-07-05,7,Cártel de Breece y Puka,35035,41,35076,0,35035,41,0,0
2026-07-05,8,Loading…,40942,1627,42569,0,40942,1627,0,0
2026-07-05,9,Gaeta Spur FC,23189,3570,26759,0,23189,3570,0,0
2026-07-05,10,Rashid Shaheed Truthers,31539,2620,34159,0,31539,2620,0,0
2026-07-05,11,All You Need Is LOVE,36380,5990,42370,0,36380,5990,0,0
2026-07-05,12,Omar Comin,46443,19,46462,0,46443,19,0,0
2026-07-06,1,208 Ferrari Way,44825,57,44882,0,44825,57,0,0
2026-07-06,2,The Federal Reserve,55014,8836,63850,0,55014,8836,0,0
2026-07-06,3,Golden Hour,37035,1223,38258,0,37035,1223,0,0
2026-07-06,4,Lisan al-Caleb,28983,12162,41145,0,28983,12162,0,1
2026-07-06,5,Mommy Rainier,22628,10,22638,0,22628,10,0,0
2026-07-06,6,Mostly Washed,31953,2633,34586,0,31953,2633,0,1
2026-07-06,7,Cártel de Breece y Puka,35035,41,35076,0,35035,41,0,0
2026-07-06,8,Loading…,40942,1627,42569,0,40942,1627,0,0
2026-07-06,9,Gaeta Spur FC,23189,3570,26759,0,23189,3570,0,0
2026-07-06,10,Rashid Shaheed Truthers,31539,2620,34159,0,31539,2620,0,0
2026-07-06,11,All You Need Is LOVE,36380,5990,42370,0,36380,5990,0,0
2026-07-06,12,Omar Comin,46443,19,46462,0,46443,19,0,0
2026-07-07,1,208 Ferrari Way,44825,57,44882,0,44825,57,0,0
2026-07-07,2,The Federal Reserve,55014,8836,63850,0,55014,8836,0,0
2026-07-07,3,Golden Hour,37035,1223,38258,0,37035,1223,0,0
2026-07-07,4,Lisan al-Caleb,28983,12162,41145,0,28983,12162,0,1
2026-07-07,5,Mommy Rainier,22628,10,22638,0,22628,10,0,0
2026-07-07,6,Mostly Washed,31953,2633,34586,0,31953,2633,0,1
2026-07-07,7,Cártel de Breece y Puka,35035,41,35076,0,35035,41,0,0
2026-07-07,8,Loading…,40942,1627,42569,0,40942,1627,0,0
2026-07-07,9,Gaeta Spur FC,23189,3570,26759,0,23189,3570,0,0
2026-07-07,10,Rashid Shaheed Truthers,31539,2620,34159,0,31539,2620,0,0
2026-07-07,11,All You Need Is LOVE,36380,5990,42370,0,36380,5990,0,0
2026-07-07,12,Omar Comin,46443,19,46462,0,46443,19,0,0
2026-07-08,1,208 Ferrari Way,44825,57,44882,0,44825,57,0,0
2026-07-08,2,The Federal Reserve,55014,8836,63850,0,55014,8836,0,0
2026-07-08,3,Golden Hour,37035,1223,38258,0,37035,1223,0,0
2026-07-08,4,Lisan al-Caleb,28983,12162,41145,0,28983,12162,0,1
2026-07-08,5,Mommy Rainier,22628,10,22638,0,22628,10,0,0
2026-07-08,6,Mostly Washed,31953,2633,34586,0,31953,2633,0,1
2026-07-08,7,Cártel de Breece y Puka,35035,41,35076,0,35035,41,0,0
2026-07-08,8,Loading…,40942,1627,42569,0,40942,1627,0,0
2026-07-08,9,Gaeta Spur FC,23189,3570,26759,0,23189,3570,0,0
2026-07-08,10,Rashid Shaheed Truthers,31539,2620,34159,0,31539,2620,0,0
2026-07-08,11,All You Need Is LOVE,36380,5990,42370,0,36380,5990,0,0
2026-07-08,12,Omar Comin,46443,19,46462,0,46443,19,0,0
2026-07-09,1,208 Ferrari Way,44825,57,44882,0,44825,57,0,0
2026-07-09,2,The Federal Reserve,55014,8836,63850,0,55014,8836,0,0
2026-07-09,3,Golden Hour,37035,1223,38258,0,37035,1223,0,0
2026-07-09,4,Lisan al-Caleb,28983,12162,41145,0,28983,12162,0,1
2026-07-09,5,Mommy Rainier,22628,10,22638,0,22628,10,0,0
2026-07-09,6,Mostly Washed,31953,2633,34586,0,31953,2633,0,1
2026-07-09,7,Cártel de Breece y Puka,35035,41,35076,0,35035,41,0,0
2026-07-09,8,Loading…,40942,1627,42569,0,40942,1627,0,0
2026-07-09,9,Gaeta Spur FC,23189,3570,26759,0,23189,3570,0,0
2026-07-09,10,Rashid Shaheed Truthers,31539,2620,34159,0,31539,2620,0,0
2026-07-09,11,All You Need Is LOVE,36380,5990,42370,0,36380,5990,0,0
2026-07-09,12,Omar Comin,46443,19,46462,0,46443,19,0,0
2026-07-10,1,208 Ferrari Way,44778,57,44835,44776,2,57,0,0
2026-07-10,2,The Federal Reserve,55255,8903,64158,55255,0,8903,0,0
2026-07-10,3,Golden Hour,37262,1223,38485,37262,0,1223,0,0
2026-07-10,4,Lisan al-Caleb,29451,12270,41721,29451,0,12270,0,1
2026-07-10,5,Mommy Rainier,22528,10,22538,22528,0,10,0,0
2026-07-10,6,Mostly Washed,32087,2645,34732,32087,0,2645,0,1
2026-07-10,7,Cártel de Breece y Puka,35051,41,35092,35051,0,41,0,0
2026-07-10,8,Loading…,41137,1627,42764,41137,0,1627,0,0
2026-07-10,9,Gaeta Spur FC,23093,3579,26672,23093,0,3579,0,0
2026-07-10,10,Rashid Shaheed Truthers,31715,2632,34347,31715,0,2632,0,0
2026-07-10,11,All You Need Is LOVE,36733,6042,42775,36733,0,6042,0,0
2026-07-10,12,Omar Comin,46423,19,46442,46423,0,19,0,0
2026-07-11,1,208 Ferrari Way,44776,57,44833,0,44776,57,0,1
2026-07-11,2,The Federal Reserve,55255,8903,64158,0,55255,8903,0,0
2026-07-11,3,Golden Hour,37262,1223,38485,0,37262,1223,0,0
2026-07-11,4,Lisan al-Caleb,29451,12270,41721,0,29451,12270,0,1
2026-07-11,5,Mommy Rainier,22528,10,22538,0,22528,10,0,0
2026-07-11,6,Mostly Washed,32087,2645,34732,0,32087,2645,0,1
2026-07-11,7,Cártel de Breece y Puka,35051,41,35092,0,35051,41,0,0
2026-07-11,8,Loading…,41137,1627,42764,0,41137,1627,0,0
2026-07-11,9,Gaeta Spur FC,23093,3579,26672,0,23093,3579,0,0
2026-07-11,10,Rashid Shaheed Truthers,31715,2632,34347,0,31715,2632,0,0
2026-07-11,11,All You Need Is LOVE,36733,6042,42775,0,36733,6042,0,0
2026-07-11,12,Omar Comin,46423,19,46442,0,46423,19,0,0
2026-07-12,1,208 Ferrari Way,44776,57,44833,0,44776,57,0,1
2026-07-12,2,The Federal Reserve,55255,8903,64158,0,55255,8903,0,0
2026-07-12,3,Golden Hour,37262,1223,38485,0,37262,1223,0,0
2026-07-12,4,Lisan al-Caleb,29451,12270,41721,0,29451,12270,0,1
2026-07-12,5,Mommy Rainier,22528,10,22538,0,22528,10,0,0
2026-07-12,6,Mostly Washed,32087,2645,34732,0,32087,2645,0,1
2026-07-12,7,Cártel de Breece y Puka,35051,41,35092,0,35051,41,0,0
2026-07-12,8,Loading…,41137,1627,42764,0,41137,1627,0,0
2026-07-12,9,Gaeta Spur FC,23093,3579,26672,0,23093,3579,0,0
2026-07-12,10,Rashid Shaheed Truthers,31715,2632,34347,0,31715,2632,0,0
2026-07-12,11,All You Need Is LOVE,36733,6042,42775,0,36733,6042,0,0
2026-07-12,12,Omar Comin,46423,19,46442,0,46423,19,0,0
2026-07-13,1,208 Ferrari Way,44776,57,44833,0,44776,57,0,1
2026-07-13,2,The Federal Reserve,55255,8903,64158,0,55255,8903,0,0
2026-07-13,3,Golden Hour,37262,1223,38485,0,37262,1223,0,0
2026-07-13,4,Lisan al-Caleb,29451,12270,41721,0,29451,12270,0,1
2026-07-13,5,Mommy Rainier,22528,10,22538,0,22528,10,0,0
2026-07-13,6,Mostly Washed,32087,2645,34732,0,32087,2645,0,1
2026-07-13,7,Cártel de Breece y Puka,35051,41,35092,0,35051,41,0,0
2026-07-13,8,Loading…,41137,1627,42764,0,41137,1627,0,0
2026-07-13,9,Gaeta Spur FC,23093,3579,26672,0,23093,3579,0,0
2026-07-13,10,Rashid Shaheed Truthers,31715,2632,34347,0,31715,2632,0,0
2026-07-13,11,All You Need Is LOVE,36733,6042,42775,0,36733,6042,0,0
2026-07-13,12,Omar Comin,46423,19,46442,0,46423,19,0,0
2026-07-14,1,208 Ferrari Way,44776,57,44833,0,44776,57,0,1
2026-07-14,2,The Federal Reserve,55255,8903,64158,0,55255,8903,0,0
2026-07-14,3,Golden Hour,37262,1223,38485,0,37262,1223,0,0
2026-07-14,4,Lisan al-Caleb,29451,12270,41721,0,29451,12270,0,1
2026-07-14,5,Mommy Rainier,22528,10,22538,0,22528,10,0,0
2026-07-14,6,Mostly Washed,32087,2645,34732,0,32087,2645,0,1
2026-07-14,7,Cártel de Breece y Puka,35051,41,35092,0,35051,41,0,0
2026-07-14,8,Loading…,41137,1627,42764,0,41137,1627,0,0
2026-07-14,9,Gaeta Spur FC,23093,3579,26672,0,23093,3579,0,0
2026-07-14,10,Rashid Shaheed Truthers,31715,2632,34347,0,31715,2632,0,0
2026-07-14,11,All You Need Is LOVE,36733,6042,42775,0,36733,6042,0,0
2026-07-14,12,Omar Comin,46423,19,46442,0,46423,19,0,0
2026-07-15,1,208 Ferrari Way,44776,57,44833,0,44776,57,0,1
2026-07-15,2,The Federal Reserve,55255,8903,64158,0,55255,8903,0,0
2026-07-15,3,Golden Hour,37262,1223,38485,0,37262,1223,0,0
2026-07-15,4,Lisan al-Caleb,29451,12270,41721,0,29451,12270,0,1
2026-07-15,5,Mommy Rainier,22528,10,22538,0,22528,10,0,0
2026-07-15,6,Mostly Washed,32087,2645,34732,0,32087,2645,0,1
2026-07-15,7,Cártel de Breece y Puka,35051,41,35092,0,35051,41,0,0
2026-07-15,8,Loading…,41137,1627,42764,0,41137,1627,0,0
2026-07-15,9,Gaeta Spur FC,23093,3579,26672,0,23093,3579,0,0
2026-07-15,10,Rashid Shaheed Truthers,31715,2632,34347,0,31715,2632,0,0
2026-07-15,11,All You Need Is LOVE,36733,6042,42775,0,36733,6042,0,0
2026-07-15,12,Omar Comin,46423,19,46442,0,46423,19,0,0
2026-07-16,1,208 Ferrari Way,44776,57,44833,0,44776,57,0,1
2026-07-16,2,The Federal Reserve,55255,8903,64158,0,55255,8903,0,0
2026-07-16,3,Golden Hour,37262,1223,38485,0,37262,1223,0,0
2026-07-16,4,Lisan al-Caleb,29451,12270,41721,0,29451,12270,0,1
2026-07-16,5,Mommy Rainier,22528,10,22538,0,22528,10,0,0
2026-07-16,6,Mostly Washed,32087,2645,34732,0,32087,2645,0,1
2026-07-16,7,Cártel de Breece y Puka,35051,41,35092,0,35051,41,0,0
2026-07-16,8,Loading…,41137,1627,42764,0,41137,1627,0,0
2026-07-16,9,Gaeta Spur FC,23093,3579,26672,0,23093,3579,0,0
2026-07-16,10,Rashid Shaheed Truthers,31715,2632,34347,0,31715,2632,0,0
2026-07-16,11,All You Need Is LOVE,36733,6042,42775,0,36733,6042,0,0
2026-07-16,12,Omar Comin,46423,19,46442,0,46423,19,0,0
2026-07-17,1,208 Ferrari Way,44975,56,45031,44975,0,56,0,1
2026-07-17,2,The Federal Reserve,55216,8937,64153,55216,0,8937,0,0
2026-07-17,3,Golden Hour,37511,1216,38727,37511,0,1216,0,0
2026-07-17,4,Lisan al-Caleb,30197,12337,42534,30197,0,12337,0,1
2026-07-17,5,Mommy Rainier,22602,10,22612,22602,0,10,0,0
2026-07-17,6,Mostly Washed,32266,2643,34909,32266,0,2643,0,1
2026-07-17,7,Cártel de Breece y Puka,35041,41,35082,35041,0,41,0,0
2026-07-17,8,Loading…,41529,1615,43144,41529,0,1615,0,0
2026-07-17,9,Gaeta Spur FC,23169,3565,26734,23169,0,3565,0,0
2026-07-17,10,Rashid Shaheed Truthers,31775,2630,34405,31775,0,2630,0,0
2026-07-17,11,All You Need Is LOVE,37547,6072,43619,37547,0,6072,0,0
2026-07-17,12,Omar Comin,46024,18,46042,46024,0,18,0,0
2026-07-18,1,208 Ferrari Way,44975,56,45031,0,44975,56,0,1
2026-07-18,2,The Federal Reserve,55216,8937,64153,0,55216,8937,0,0
2026-07-18,3,Golden Hour,37511,1216,38727,0,37511,1216,0,0
2026-07-18,4,Lisan al-Caleb,30197,12337,42534,0,30197,12337,0,1
2026-07-18,5,Mommy Rainier,22602,10,22612,0,22602,10,0,0
2026-07-18,6,Mostly Washed,32266,2643,34909,0,32266,2643,0,1
2026-07-18,7,Cártel de Breece y Puka,35041,41,35082,0,35041,41,0,0
2026-07-18,8,Loading…,41529,1615,43144,0,41529,1615,0,0
2026-07-18,9,Gaeta Spur FC,23169,3565,26734,0,23169,3565,0,0
2026-07-18,10,Rashid Shaheed Truthers,31775,2630,34405,0,31775,2630,0,0
2026-07-18,11,All You Need Is LOVE,37547,6072,43619,0,37547,6072,0,0
2026-07-18,12,Omar Comin,46024,18,46042,0,46024,18,0,0
2026-07-19,1,208 Ferrari Way,44975,56,45031,0,44975,56,0,1
2026-07-19,2,The Federal Reserve,55216,8937,64153,0,55216,8937,0,0
2026-07-19,3,Golden Hour,37511,1216,38727,0,37511,1216,0,0
2026-07-19,4,Lisan al-Caleb,30197,12337,42534,0,30197,12337,0,1
2026-07-19,5,Mommy Rainier,22602,10,22612,0,22602,10,0,0
2026-07-19,6,Mostly Washed,32266,2643,34909,0,32266,2643,0,1
2026-07-19,7,Cártel de Breece y Puka,35041,41,35082,0,35041,41,0,0
2026-07-19,8,Loading…,41529,1615,43144,0,41529,1615,0,0
2026-07-19,9,Gaeta Spur FC,23169,3565,26734,0,23169,3565,0,0
2026-07-19,10,Rashid Shaheed Truthers,31775,2630,34405,0,31775,2630,0,0
2026-07-19,11,All You Need Is LOVE,37547,6072,43619,0,37547,6072,0,0
2026-07-19,12,Omar Comin,46024,18,46042,0,46024,18,0,0
2026-07-20,1,208 Ferrari Way,44975,56,45031,0,44975,56,0,1
2026-07-20,2,The Federal Reserve,55216,8937,64153,0,55216,8937,0,0
2026-07-20,3,Golden Hour,37511,1216,38727,0,37511,1216,0,0
2026-07-20,4,Lisan al-Caleb,30197,12337,42534,0,30197,12337,0,1
2026-07-20,5,Mommy Rainier,22602,10,22612,0,22602,10,0,0
2026-07-20,6,Mostly Washed,32266,2643,34909,0,32266,2643,0,1
2026-07-20,7,Cártel de Breece y Puka,35041,41,35082,0,35041,41,0,0
2026-07-20,8,Loading…,41529,1615,43144,0,41529,1615,0,0
2026-07-20,9,Gaeta Spur FC,23169,3565,26734,0,23169,3565,0,0
2026-07-20,10,Rashid Shaheed Truthers,31775,2630,34405,0,31775,2630,0,0
2026-07-20,11,All You Need Is LOVE,37547,6072,43619,0,37547,6072,0,0
2026-07-20,12,Omar Comin,46024,18,46042,0,46024,18,0,0
2026-07-21,1,208 Ferrari Way,44975,56,45031,0,44975,56,0,1
2026-07-21,2,The Federal Reserve,55216,8937,64153,0,55216,8937,0,0
2026-07-21,3,Golden Hour,37511,1216,38727,0,37511,1216,0,0
2026-07-21,4,Lisan al-Caleb,30197,12337,42534,0,30197,12337,0,1
2026-07-21,5,Mommy Rainier,22602,10,22612,0,22602,10,0,0
2026-07-21,6,Mostly Washed,32266,2643,34909,0,32266,2643,0,1
2026-07-21,7,Cártel de Breece y Puka,35041,41,35082,0,35041,41,0,0
2026-07-21,8,Loading…,41529,1615,43144,0,41529,1615,0,0
2026-07-21,9,Gaeta Spur FC,23169,3565,26734,0,23169,3565,0,0
2026-07-21,10,Rashid Shaheed Truthers,31775,2630,34405,0,31775,2630,0,0
2026-07-21,11,All You Need Is LOVE,37547,6072,43619,0,37547,6072,0,0
2026-07-21,12,Omar Comin,46024,18,46042,0,46024,18,0,0
2026-07-22,1,208 Ferrari Way,44975,56,45031,0,44975,56,0,1
2026-07-22,2,The Federal Reserve,55216,8937,64153,0,55216,8937,0,0
2026-07-22,3,Golden Hour,37511,1216,38727,0,37511,1216,0,0
2026-07-22,4,Lisan al-Caleb,30197,12337,42534,0,30197,12337,0,1
2026-07-22,5,Mommy Rainier,22602,10,22612,0,22602,10,0,0
2026-07-22,6,Mostly Washed,32266,2643,34909,0,32266,2643,0,1
2026-07-22,7,Cártel de Breece y Puka,35041,41,35082,0,35041,41,0,0
2026-07-22,8,Loading…,41551,1615,43166,0,41551,1615,0,0
2026-07-22,9,Gaeta Spur FC,23169,3565,26734,0,23169,3565,0,0
2026-07-22,10,Rashid Shaheed Truthers,31775,2630,34405,0,31775,2630,0,0
2026-07-22,11,All You Need Is LOVE,37547,6072,43619,0,37547,6072,0,0
2026-07-22,12,Omar Comin,46024,18,46042,0,46024,18,0,0
2026-07-23,1,208 Ferrari Way,44975,56,45031,0,44975,56,0,1
2026-07-23,2,The Federal Reserve,55216,8937,64153,0,55216,8937,0,0
2026-07-23,3,Golden Hour,37511,1216,38727,0,37511,1216,0,0
2026-07-23,4,Lisan al-Caleb,30197,12337,42534,0,30197,12337,0,1
2026-07-23,5,Mommy Rainier,22602,10,22612,0,22602,10,0,0
2026-07-23,6,Mostly Washed,32266,2643,34909,0,32266,2643,0,1
2026-07-23,7,Cártel de Breece y Puka,35041,41,35082,0,35041,41,0,0
2026-07-23,8,Loading…,41551,1615,43166,0,41551,1615,0,0
2026-07-23,9,Gaeta Spur FC,23160,3565,26725,0,23160,3565,0,0
2026-07-23,10,Rashid Shaheed Truthers,31775,2630,34405,0,31775,2630,0,0
2026-07-23,11,All You Need Is LOVE,37547,6072,43619,0,37547,6072,0,0
2026-07-23,12,Omar Comin,46024,18,46042,0,46024,18,0,0
2026-07-24,1,208 Ferrari Way,44945,57,45002,44945,0,57,0,0
2026-07-24,2,The Federal Reserve,55039,8892,63931,55039,0,8892,0,0
2026-07-24,3,Golden Hour,37450,1216,38666,37450,0,1216,0,0
2026-07-24,4,Lisan al-Caleb,30034,12264,42298,30034,0,12264,0,1
2026-07-24,5,Mommy Rainier,22385,10,22395,22385,0,10,0,0
2026-07-24,6,Mostly Washed,32272,2637,34909,32272,0,2637,0,1
2026-07-24,7,Cártel de Breece y Puka,34971,41,35012,34971,0,41,0,0
2026-07-24,8,Loading…,41515,1617,43132,41515,0,1617,0,0
2026-07-24,9,Gaeta Spur FC,23600,3562,27162,23600,0,3562,0,0
2026-07-24,10,Rashid Shaheed Truthers,31707,2624,34331,31707,0,2624,0,0
2026-07-24,11,All You Need Is LOVE,37593,6037,43630,37593,0,6037,0,0
2026-07-24,12,Omar Comin,46311,19,46330,46311,0,19,0,0
2026-07-25,1,208 Ferrari Way,44945,57,45002,0,44945,57,0,0
2026-07-25,2,The Federal Reserve,55039,8892,63931,0,55039,8892,0,0
2026-07-25,3,Golden Hour,37450,1216,38666,0,37450,1216,0,0
2026-07-25,4,Lisan al-Caleb,30034,12264,42298,0,30034,12264,0,1
2026-07-25,5,Mommy Rainier,22385,10,22395,0,22385,10,0,0
2026-07-25,6,Mostly Washed,32272,2637,34909,0,32272,2637,0,1
2026-07-25,7,Cártel de Breece y Puka,34971,41,35012,0,34971,41,0,0
2026-07-25,8,Loading…,41515,1617,43132,0,41515,1617,0,0
2026-07-25,9,Gaeta Spur FC,23600,3562,27162,0,23600,3562,0,0
2026-07-25,10,Rashid Shaheed Truthers,31707,2624,34331,0,31707,2624,0,0
2026-07-25,11,All You Need Is LOVE,37593,6037,43630,0,37593,6037,0,0
2026-07-25,12,Omar Comin,46311,19,46330,0,46311,19,0,0
2026-07-26,1,208 Ferrari Way,44945,57,45002,0,44945,57,0,0
2026-07-26,2,The Federal Reserve,55039,8892,63931,0,55039,8892,0,0
2026-07-26,3,Golden Hour,37450,1216,38666,0,37450,1216,0,0
2026-07-26,4,Lisan al-Caleb,30034,12264,42298,0,30034,12264,0,1
2026-07-26,5,Mommy Rainier,22385,10,22395,0,22385,10,0,0
2026-07-26,6,Mostly Washed,32272,2637,34909,0,32272,2637,0,1
2026-07-26,7,Cártel de Breece y Puka,34971,41,35012,0,34971,41,0,0
2026-07-26,8,Loading…,41515,1617,43132,0,41515,1617,0,0
2026-07-26,9,Gaeta Spur FC,23600,3562,27162,0,23600,3562,0,0
2026-07-26,10,Rashid Shaheed Truthers,31707,2624,34331,0,31707,2624,0,0
2026-07-26,11,All You Need Is LOVE,37593,6037,43630,0,37593,6037,0,0
2026-07-26,12,Omar Comin,46311,19,46330,0,46311,19,0,0
2026-07-27,1,208 Ferrari Way,44945,57,45002,0,44945,57,0,0
2026-07-27,2,The Federal Reserve,55039,8892,63931,0,55039,8892,0,0
2026-07-27,3,Golden Hour,37471,1216,38687,0,37471,1216,0,0
2026-07-27,4,Lisan al-Caleb,30034,12264,42298,0,30034,12264,0,1
2026-07-27,5,Mommy Rainier,22385,10,22395,0,22385,10,0,0
2026-07-27,6,Mostly Washed,32272,2637,34909,0,32272,2637,0,1
2026-07-27,7,Cártel de Breece y Puka,34971,41,35012,0,34971,41,0,0
2026-07-27,8,Loading…,41515,1617,43132,0,41515,1617,0,0
2026-07-27,9,Gaeta Spur FC,23600,3562,27162,0,23600,3562,0,0
2026-07-27,10,Rashid Shaheed Truthers,31707,2624,34331,0,31707,2624,0,0
2026-07-27,11,All You Need Is LOVE,37593,6037,43630,0,37593,6037,0,0
2026-07-27,12,Omar Comin,46311,19,46330,0,46311,19,0,0
2026-07-28,1,208 Ferrari Way,44945,57,45002,0,44945,57,0,0
2026-07-28,2,The Federal Reserve,55039,8892,63931,0,55039,8892,0,0
2026-07-28,3,Golden Hour,37471,1216,38687,0,37471,1216,0,0
2026-07-28,4,Lisan al-Caleb,30034,12264,42298,0,30034,12264,0,1
2026-07-28,5,Mommy Rainier,22385,10,22395,0,22385,10,0,0
2026-07-28,6,Mostly Washed,32272,2637,34909,0,32272,2637,0,1
2026-07-28,7,Cártel de Breece y Puka,34971,41,35012,0,34971,41,0,0
2026-07-28,8,Loading…,41515,1617,43132,0,41515,1617,0,0
2026-07-28,9,Gaeta Spur FC,23600,3562,27162,0,23600,3562,0,0
2026-07-28,10,Rashid Shaheed Truthers,31707,2624,34331,0,31707,2624,0,0
2026-07-28,11,All You Need Is LOVE,37593,6037,43630,0,37593,6037,0,0
2026-07-28,12,Omar Comin,46324,19,46343,0,46324,19,0,0
2026-07-29,1,208 Ferrari Way,44945,57,45002,0,44945,57,0,0
2026-07-29,2,The Federal Reserve,55039,8892,63931,0,55039,8892,0,0
2026-07-29,3,Golden Hour,37471,1216,38687,0,37471,1216,0,0
2026-07-29,4,Lisan al-Caleb,30034,12264,42298,0,30034,12264,0,1
2026-07-29,5,Mommy Rainier,22385,10,22395,0,22385,10,0,0
2026-07-29,6,Mostly Washed,32272,2637,34909,0,32272,2637,0,1
2026-07-29,7,Cártel de Breece y Puka,34971,41,35012,0,34971,41,0,0
2026-07-29,8,Loading…,41515,1617,43132,0,41515,1617,0,0
2026-07-29,9,Gaeta Spur FC,23600,3562,27162,0,23600,3562,0,0
2026-07-29,10,Rashid Shaheed Truthers,31707,2624,34331,0,31707,2624,0,0
2026-07-29,11,All You Need Is LOVE,37593,6037,43630,0,37593,6037,0,0
2026-07-29,12,Omar Comin,46324,19,46343,0,46324,19,0,0
2026-07-30,1,208 Ferrari Way,44576,57,44633,0,44576,57,0,0
2026-07-30,2,The Federal Reserve,55039,8892,63931,0,55039,8892,0,0
2026-07-30,3,Golden Hour,36969,1216,38185,0,36969,1216,0,0
2026-07-30,4,Lisan al-Caleb,30034,12264,42298,0,30034,12264,0,1
2026-07-30,5,Mommy Rainier,22385,10,22395,0,22385,10,0,0
2026-07-30,6,Mostly Washed,32272,2637,34909,0,32272,2637,0,1
2026-07-30,7,Cártel de Breece y Puka,34971,41,35012,0,34971,41,0,0
2026-07-30,8,Loading…,42356,1617,43973,0,42356,1617,0,0
2026-07-30,9,Gaeta Spur FC,23600,3562,27162,0,23600,3562,0,0
2026-07-30,10,Rashid Shaheed Truthers,31707,2624,34331,0,31707,2624,0,0
2026-07-30,11,All You Need Is LOVE,37593,6037,43630,0,37593,6037,0,0
2026-07-30,12,Omar Comin,46324,19,46343,0,46324,19,0,0
2026-07-31,1,208 Ferrari Way,44658,57,44715,44655,3,57,0,0
2026-07-31,2,The Federal Reserve,55296,7330,62626,55296,0,7330,0,0
2026-07-31,3,Golden Hour,37066,1092,38158,37066,0,1092,0,0
2026-07-31,4,Lisan al-Caleb,30329,10017,40346,30329,0,10017,0,1
2026-07-31,5,Mommy Rainier,22414,10,22424,22414,0,10,0,0
2026-07-31,6,Mostly Washed,32351,2233,34584,32351,0,2233,0,1
2026-07-31,7,Cártel de Breece y Puka,34230,564,34794,34230,0,564,0,0
2026-07-31,8,Loading…,43032,935,43967,43032,0,935,0,0
2026-07-31,9,Gaeta Spur FC,23603,3111,26714,23603,0,3111,0,0
2026-07-31,10,Rashid Shaheed Truthers,31843,2220,34063,31843,0,2220,0,0
2026-07-31,11,All You Need Is LOVE,37761,4956,42717,37761,0,4956,0,0
2026-07-31,12,Omar Comin,46363,19,46382,46363,0,19,0,0
2026-08-01,1,208 Ferrari Way,44655,57,44712,0,44655,57,0,1
2026-08-01,2,The Federal Reserve,55296,7330,62626,0,55296,7330,0,0
2026-08-01,3,Golden Hour,37066,1092,38158,0,37066,1092,0,0
2026-08-01,4,Lisan al-Caleb,30329,10017,40346,0,30329,10017,0,1
2026-08-01,5,Mommy Rainier,22414,10,22424,0,22414,10,0,0
2026-08-01,6,Mostly Washed,32351,2233,34584,0,32351,2233,0,1
2026-08-01,7,Cártel de Breece y Puka,34230,564,34794,0,34230,564,0,0
2026-08-01,8,Loading…,43032,935,43967,0,43032,935,0,0
2026-08-01,9,Gaeta Spur FC,23603,3111,26714,0,23603,3111,0,0
2026-08-01,10,Rashid Shaheed Truthers,31843,2220,34063,0,31843,2220,0,0
2026-08-01,11,All You Need Is LOVE,37761,4956,42717,0,37761,4956,0,0
2026-08-01,12,Omar Comin,46363,19,46382,0,46363,19,0,0
2026-08-02,1,208 Ferrari Way,44655,57,44712,0,44655,57,0,1
2026-08-02,2,The Federal Reserve,55296,7330,62626,0,55296,7330,0,0
2026-08-02,3,Golden Hour,37066,1092,38158,0,37066,1092,0,0
2026-08-02,4,Lisan al-Caleb,30329,10017,40346,0,30329,10017,0,1
2026-08-02,5,Mommy Rainier,22414,10,22424,0,22414,10,0,0
2026-08-02,6,Mostly Washed,32351,2233,34584,0,32351,2233,0,1
2026-08-02,7,Cártel de Breece y Puka,34251,564,34815,0,34251,564,0,0
2026-08-02,8,Loading…,43032,935,43967,0,43032,935,0,0
2026-08-02,9,Gaeta Spur FC,23603,3111,26714,0,23603,3111,0,0
2026-08-02,10,Rashid Shaheed Truthers,31843,2220,34063,0,31843,2220,0,0
2026-08-02,11,All You Need Is LOVE,37761,4956,42717,0,37761,4956,0,0
2026-08-02,12,Omar Comin,46363,19,46382,0,46363,19,0,0
2026-08-03,1,208 Ferrari Way,44655,57,44712,0,44655,57,0,1
2026-08-03,2,The Federal Reserve,55296,7330,62626,0,55296,7330,0,0
2026-08-03,3,Golden Hour,37066,1092,38158,0,37066,1092,0,0
2026-08-03,4,Lisan al-Caleb,30329,10017,40346,0,30329,10017,0,1
2026-08-03,5,Mommy Rainier,22414,10,22424,0,22414,10,0,0
2026-08-03,6,Mostly Washed,32351,2233,34584,0,32351,2233,0,1
2026-08-03,7,Cártel de Breece y Puka,34251,564,34815,0,34251,564,0,0
2026-08-03,8,Loading…,43032,935,43967,0,43032,935,0,0
2026-08-03,9,Gaeta Spur FC,23603,3111,26714,0,23603,3111,0,0
2026-08-03,10,Rashid Shaheed Truthers,31843,2220,34063,0,31843,2220,0,0
2026-08-03,11,All You Need Is LOVE,37761,4956,42717,0,37761,4956,0,0
2026-08-03,12,Omar Comin,46363,19,46382,0,46363,19,0,0
2026-08-04,1,208 Ferrari Way,44655,57,44712,0,44655,57,0,1
2026-08-04,2,The Federal Reserve,55296,7330,62626,0,55296,7330,0,0
2026-08-04,3,Golden Hour,37066,1092,38158,0,37066,1092,0,0
2026-08-04,4,Lisan al-Caleb,30329,10017,40346,0,30329,10017,0,1
2026-08-04,5,Mommy Rainier,22414,10,22424,0,22414,10,0,0
2026-08-04,6,Mostly Washed,32351,2233,34584,0,32351,2233,0,1
2026-08-04,7,Cártel de Breece y Puka,34251,564,34815,0,34251,564,0,0
2026-08-04,8,Loading…,43032,935,43967,0,43032,935,0,0
2026-08-04,9,Gaeta Spur FC,23603,3111,26714,0,23603,3111,0,0
2026-08-04,10,Rashid Shaheed Truthers,31843,2220,34063,0,31843,2220,0,0
2026-08-04,11,All You Need Is LOVE,37761,4956,42717,0,37761,4956,0,0
2026-08-04,12,Omar Comin,46363,19,46382,0,46363,19,0,0
2026-08-05,1,208 Ferrari Way,44655,57,44712,0,44655,57,0,1
2026-08-05,2,The Federal Reserve,60762,3074,63836,0,60762,3074,0,0
2026-08-05,3,Golden Hour,37066,1092,38158,0,37066,1092,0,0
2026-08-05,4,Lisan al-Caleb,30329,10017,40346,0,30329,10017,0,1
2026-08-05,5,Mommy Rainier,16948,4266,21214,0,16948,4266,0,0
2026-08-05,6,Mostly Washed,32272,2308,34580,0,32272,2308,0,1
2026-08-05,7,Cártel de Breece y Puka,34974,489,35463,0,34974,489,0,0
2026-08-05,8,Loading…,43032,935,43967,0,43032,935,0,0
2026-08-05,9,Gaeta Spur FC,23603,3111,26714,0,23603,3111,0,0
2026-08-05,10,Rashid Shaheed Truthers,31843,2220,34063,0,31843,2220,0,0
2026-08-05,11,All You Need Is LOVE,37761,4956,42717,0,37761,4956,0,0
2026-08-05,12,Omar Comin,45715,19,45734,0,45715,19,0,0
2026-08-06,1,208 Ferrari Way,44655,57,44712,0,44655,57,0,1
2026-08-06,2,The Federal Reserve,60762,3074,63836,0,60762,3074,0,0
2026-08-06,3,Golden Hour,37066,1092,38158,0,37066,1092,0,0
2026-08-06,4,Lisan al-Caleb,30329,10017,40346,0,30329,10017,0,1
2026-08-06,5,Mommy Rainier,14125,6201,20326,0,14125,6201,0,0
2026-08-06,6,Mostly Washed,32272,2308,34580,0,32272,2308,0,1
2026-08-06,7,Cártel de Breece y Puka,34974,489,35463,0,34974,489,0,0
2026-08-06,8,Loading…,43020,935,43955,0,43020,935,0,0
2026-08-06,9,Gaeta Spur FC,23603,3111,26714,0,23603,3111,0,0
2026-08-06,10,Rashid Shaheed Truthers,34662,285,34947,0,34662,285,0,0
2026-08-06,11,All You Need Is LOVE,37761,4956,42717,0,37761,4956,0,0
2026-08-06,12,Omar Comin,45715,19,45734,0,45715,19,0,1
2026-08-07,1,208 Ferrari Way,44719,55,44774,44719,0,55,0,1
2026-08-07,2,The Federal Reserve,60058,3069,63127,60058,0,3069,0,0
2026-08-07,3,Golden Hour,37108,1086,38194,37108,0,1086,0,0
2026-08-07,4,Lisan al-Caleb,30569,10052,40621,30569,0,10052,0,1
2026-08-07,5,Mommy Rainier,13984,6224,20208,13984,0,6224,0,0
2026-08-07,6,Mostly Washed,32601,2306,34907,32601,0,2306,0,1
2026-08-07,7,Cártel de Breece y Puka,34743,485,35228,34743,0,485,0,0
2026-08-07,8,Loading…,42602,932,43534,42602,0,932,0,0
2026-08-07,9,Gaeta Spur FC,24346,3103,27449,24346,0,3103,0,0
2026-08-07,10,Rashid Shaheed Truthers,35119,283,35402,35119,0,283,0,0
2026-08-07,11,All You Need Is LOVE,37694,4971,42665,37694,0,4971,0,0
2026-08-07,12,Omar Comin,45723,18,45741,45723,0,18,0,1
2026-08-08,1,208 Ferrari Way,44719,55,44774,0,44719,55,0,1
2026-08-08,2,The Federal Reserve,60058,3069,63127,0,60058,3069,0,0
2026-08-08,3,Golden Hour,37108,1086,38194,0,37108,1086,0,0
2026-08-08,4,Lisan al-Caleb,30569,10052,40621,0,30569,10052,0,1
2026-08-08,5,Mommy Rainier,13984,6224,20208,0,13984,6224,0,0
2026-08-08,6,Mostly Washed,32565,2306,34871,0,32565,2306,0,2
2026-08-08,7,Cártel de Breece y Puka,34743,485,35228,0,34743,485,0,0
2026-08-08,8,Loading…,42602,932,43534,0,42602,932,0,0
2026-08-08,9,Gaeta Spur FC,24346,3103,27449,0,24346,3103,0,0
2026-08-08,10,Rashid Shaheed Truthers,35119,283,35402,0,35119,283,0,0
2026-08-08,11,All You Need Is LOVE,37694,4971,42665,0,37694,4971,0,0
2026-08-08,12,Omar Comin,45759,18,45777,0,45759,18,0,0
2026-08-09,1,208 Ferrari Way,44719,55,44774,0,44719,55,0,1
2026-08-09,2,The Federal Reserve,60058,3069,63127,0,60058,3069,0,0
2026-08-09,3,Golden Hour,37108,1086,38194,0,37108,1086,0,0
2026-08-09,4,Lisan al-Caleb,30569,10052,40621,0,30569,10052,0,1
2026-08-09,5,Mommy Rainier,13984,6224,20208,0,13984,6224,0,0
2026-08-09,6,Mostly Washed,32565,2306,34871,0,32565,2306,0,2
2026-08-09,7,Cártel de Breece y Puka,34746,485,35231,0,34746,485,0,0
2026-08-09,8,Loading…,42602,932,43534,0,42602,932,0,0
2026-08-09,9,Gaeta Spur FC,24346,3103,27449,0,24346,3103,0,0
2026-08-09,10,Rashid Shaheed Truthers,35119,283,35402,0,35119,283,0,0
2026-08-09,11,All You Need Is LOVE,37694,4971,42665,0,37694,4971,0,0
2026-08-09,12,Omar Comin,45744,18,45762,0,45744,18,0,0
2026-08-10,1,208 Ferrari Way,44719,55,44774,0,44719,55,0,1
2026-08-10,2,The Federal Reserve,60058,3069,63127,0,60058,3069,0,0
2026-08-10,3,Golden Hour,37108,1086,38194,0,37108,1086,0,0
2026-08-10,4,Lisan al-Caleb,30569,10052,40621,0,30569,10052,0,1
2026-08-10,5,Mommy Rainier,13984,6224,20208,0,13984,6224,0,0
2026-08-10,6,Mostly Washed,32565,2306,34871,0,32565,2306,0,2
2026-08-10,7,Cártel de Breece y Puka,34746,485,35231,0,34746,485,0,0
2026-08-10,8,Loading…,42602,932,43534,0,42602,932,0,0
2026-08-10,9,Gaeta Spur FC,24346,3103,27449,0,24346,3103,0,0
2026-08-10,10,Rashid Shaheed Truthers,35119,283,35402,0,35119,283,0,0
2026-08-10,11,All You Need Is LOVE,37694,4971,42665,0,37694,4971,0,0
2026-08-10,12,Omar Comin,45744,18,45762,0,45744,18,0,0
2026-08-11,1,208 Ferrari Way,44719,55,44774,0,44719,55,0,1
2026-08-11,2,The Federal Reserve,60058,3069,63127,0,60058,3069,0,0
2026-08-11,3,Golden Hour,37108,1086,38194,0,37108,1086,0,0
2026-08-11,4,Lisan al-Caleb,30569,10052,40621,0,30569,10052,0,1
2026-08-11,5,Mommy Rainier,13984,6224,20208,0,13984,6224,0,0
2026-08-11,6,Mostly Washed,32565,2306,34871,0,32565,2306,0,2
2026-08-11,7,Cártel de Breece y Puka,34746,485,35231,0,34746,485,0,0
2026-08-11,8,Loading…,42602,932,43534,0,42602,932,0,0
2026-08-11,9,Gaeta Spur FC,24346,3103,27449,0,24346,3103,0,0
2026-08-11,10,Rashid Shaheed Truthers,35119,283,35402,0,35119,283,0,0
2026-08-11,11,All You Need Is LOVE,37694,4971,42665,0,37694,4971,0,0
2026-08-11,12,Omar Comin,45744,18,45762,0,45744,18,0,0
2026-08-12,1,208 Ferrari Way,44719,55,44774,0,44719,55,0,1
2026-08-12,2,The Federal Reserve,59612,3069,62681,0,59612,3069,0,0
2026-08-12,3,Golden Hour,37108,1086,38194,0,37108,1086,0,0
2026-08-12,4,Lisan al-Caleb,31028,5774,36802,0,31028,5774,0,1
2026-08-12,5,Mommy Rainier,13960,10502,24462,0,13960,10502,0,0
2026-08-12,6,Mostly Washed,32565,2306,34871,0,32565,2306,0,2
2026-08-12,7,Cártel de Breece y Puka,34746,485,35231,0,34746,485,0,0
2026-08-12,8,Loading…,42602,932,43534,0,42602,932,0,0
2026-08-12,9,Gaeta Spur FC,24346,3103,27449,0,24346,3103,0,0
2026-08-12,10,Rashid Shaheed Truthers,35119,283,35402,0,35119,283,0,0
2026-08-12,11,All You Need Is LOVE,37694,4971,42665,0,37694,4971,0,0
2026-08-12,12,Omar Comin,45744,18,45762,0,45744,18,0,0
2026-08-13,1,208 Ferrari Way,44719,55,44774,0,44719,55,0,1
2026-08-13,2,The Federal Reserve,59612,3069,62681,0,59612,3069,0,0
2026-08-13,3,Golden Hour,37108,1086,38194,0,37108,1086,0,0
2026-08-13,4,Lisan al-Caleb,31028,5774,36802,0,31028,5774,0,1
2026-08-13,5,Mommy Rainier,13960,10502,24462,0,13960,10502,0,0
2026-08-13,6,Mostly Washed,32565,2306,34871,0,32565,2306,0,2
2026-08-13,7,Cártel de Breece y Puka,34746,485,35231,0,34746,485,0,0
2026-08-13,8,Loading…,42602,932,43534,0,42602,932,0,0
2026-08-13,9,Gaeta Spur FC,24346,3103,27449,0,24346,3103,0,0
2026-08-13,10,Rashid Shaheed Truthers,35119,283,35402,0,35119,283,0,0
2026-08-13,11,All You Need Is LOVE,37694,4971,42665,0,37694,4971,0,0
2026-08-13,12,Omar Comin,45744,18,45762,0,45744,18,0,0
2026-08-14,1,208 Ferrari Way,45016,62,45078,45016,0,62,0,0
2026-08-14,2,The Federal Reserve,59273,3312,62585,59273,0,3312,0,0
2026-08-14,3,Golden Hour,36992,1156,38148,36992,0,1156,0,0
2026-08-14,4,Lisan al-Caleb,30522,6398,36920,30522,0,6398,0,1
2026-08-14,5,Mommy Rainier,13885,11737,25622,13885,0,11737,0,0
2026-08-14,6,Mostly Washed,33605,2498,36103,33605,0,2498,0,2
2026-08-14,7,Cártel de Breece y Puka,34624,511,35135,34624,0,511,0,0
2026-08-14,8,Loading…,42525,994,43519,42525,0,994,0,0
2026-08-14,9,Gaeta Spur FC,24222,3334,27556,24222,0,3334,0,0
2026-08-14,10,Rashid Shaheed Truthers,35122,297,35419,35122,0,297,0,0
2026-08-14,11,All You Need Is LOVE,37737,5540,43277,37737,0,5540,0,0
2026-08-14,12,Omar Comin,46144,21,46165,46144,0,21,0,0
2026-08-15,1,208 Ferrari Way,45016,62,45078,0,45016,62,0,0
2026-08-15,2,The Federal Reserve,59273,3312,62585,0,59273,3312,0,0
2026-08-15,3,Golden Hour,36992,1156,38148,0,36992,1156,0,0
2026-08-15,4,Lisan al-Caleb,30522,6398,36920,0,30522,6398,0,1
2026-08-15,5,Mommy Rainier,13885,11737,25622,0,13885,11737,0,0
2026-08-15,6,Mostly Washed,33605,2498,36103,0,33605,2498,0,2
2026-08-15,7,Cártel de Breece y Puka,34624,511,35135,0,34624,511,0,0
2026-08-15,8,Loading…,42525,994,43519,0,42525,994,0,0
2026-08-15,9,Gaeta Spur FC,24222,3334,27556,0,24222,3334,0,0
2026-08-15,10,Rashid Shaheed Truthers,35122,297,35419,0,35122,297,0,0
2026-08-15,11,All You Need Is LOVE,37737,5540,43277,0,37737,5540,0,0
2026-08-15,12,Omar Comin,46144,21,46165,0,46144,21,0,0
2026-08-16,1,208 Ferrari Way,45016,62,45078,0,45016,62,0,0
2026-08-16,2,The Federal Reserve,59273,3312,62585,0,59273,3312,0,0
2026-08-16,3,Golden Hour,36992,1156,38148,0,36992,1156,0,0
2026-08-16,4,Lisan al-Caleb,30522,6398,36920,0,30522,6398,0,1
2026-08-16,5,Mommy Rainier,13885,11737,25622,0,13885,11737,0,0
2026-08-16,6,Mostly Washed,33605,2498,36103,0,33605,2498,0,2
2026-08-16,7,Cártel de Breece y Puka,34624,511,35135,0,34624,511,0,0
2026-08-16,8,Loading…,42525,994,43519,0,42525,994,0,0
2026-08-16,9,Gaeta Spur FC,24222,3334,27556,0,24222,3334,0,0
2026-08-16,10,Rashid Shaheed Truthers,35122,297,35419,0,35122,297,0,0
2026-08-16,11,All You Need Is LOVE,37737,5540,43277,0,37737,5540,0,0
2026-08-16,12,Omar Comin,46144,21,46165,0,46144,21,0,0
2026-08-17,1,208 Ferrari Way,45016,62,45078,0,45016,62,0,0
2026-08-17,2,The Federal Reserve,59273,3312,62585,0,59273,3312,0,0
2026-08-17,3,Golden Hour,36992,1156,38148,0,36992,1156,0,0
2026-08-17,4,Lisan al-Caleb,30522,6398,36920,0,30522,6398,0,1
2026-08-17,5,Mommy Rainier,13885,11737,25622,0,13885,11737,0,0
2026-08-17,6,Mostly Washed,33605,2498,36103,0,33605,2498,0,2
2026-08-17,7,Cártel de Breece y Puka,34624,511,35135,0,34624,511,0,0
2026-08-17,8,Loading…,42525,994,43519,0,42525,994,0,0
2026-08-17,9,Gaeta Spur FC,24112,3319,27431,0,24112,3319,0,0
2026-08-17,10,Rashid Shaheed Truthers,35122,297,35419,0,35122,297,0,0
2026-08-17,11,All You Need Is LOVE,37737,5540,43277,0,37737,5540,0,0
2026-08-17,12,Omar Comin,46254,36,46290,0,46254,36,0,0
2026-08-18,1,208 Ferrari Way,45016,62,45078,0,45016,62,0,0
2026-08-18,2,The Federal Reserve,59273,3312,62585,0,59273,3312,0,0
2026-08-18,3,Golden Hour,36992,1156,38148,0,36992,1156,0,0
2026-08-18,4,Lisan al-Caleb,30522,6398,36920,0,30522,6398,0,1
2026-08-18,5,Mommy Rainier,13904,11737,25641,0,13904,11737,0,0
2026-08-18,6,Mostly Washed,33605,2498,36103,0,33605,2498,0,2
2026-08-18,7,Cártel de Breece y Puka,34624,511,35135,0,34624,511,0,0
2026-08-18,8,Loading…,42525,994,43519,0,42525,994,0,0
2026-08-18,9,Gaeta Spur FC,24112,3319,27431,0,24112,3319,0,0
2026-08-18,10,Rashid Shaheed Truthers,35122,297,35419,0,35122,297,0,0
2026-08-18,11,All You Need Is LOVE,37737,5540,43277,0,37737,5540,0,0
2026-08-18,12,Omar Comin,46254,36,46290,0,46254,36,0,0
2026-08-19,1,208 Ferrari Way,45016,62,45078,0,45016,62,0,0
2026-08-19,2,The Federal Reserve,59273,3312,62585,0,59273,3312,0,0
2026-08-19,3,Golden Hour,37705,1156,38861,0,37705,1156,0,0
2026-08-19,4,Lisan al-Caleb,30522,6398,36920,0,30522,6398,0,1
2026-08-19,5,Mommy Rainier,13904,11737,25641,0,13904,11737,0,0
2026-08-19,6,Mostly Washed,33605,2498,36103,0,33605,2498,0,2
2026-08-19,7,Cártel de Breece y Puka,33897,511,34408,0,33897,511,0,0
2026-08-19,8,Loading…,42525,994,43519,0,42525,994,0,0
2026-08-19,9,Gaeta Spur FC,24112,3319,27431,0,24112,3319,0,0
2026-08-19,10,Rashid Shaheed Truthers,35122,297,35419,0,35122,297,0,0
2026-08-19,11,All You Need Is LOVE,37737,5540,43277,0,37737,5540,0,0
2026-08-19,12,Omar Comin,46254,36,46290,0,46254,36,0,0
2026-08-20,1,208 Ferrari Way,45016,62,45078,0,45016,62,0,0
2026-08-20,2,The Federal Reserve,59273,3312,62585,0,59273,3312,0,0
2026-08-20,3,Golden Hour,37705,1156,38861,0,37705,1156,0,0
2026-08-20,4,Lisan al-Caleb,30522,6398,36920,0,30522,6398,0,1
2026-08-20,5,Mommy Rainier,13904,11737,25641,0,13904,11737,0,0
2026-08-20,6,Mostly Washed,33605,2498,36103,0,33605,2498,0,2
2026-08-20,7,Cártel de Breece y Puka,33900,511,34411,0,33900,511,0,0
2026-08-20,8,Loading…,42525,994,43519,0,42525,994,0,0
2026-08-20,9,Gaeta Spur FC,24112,3319,27431,0,24112,3319,0,0
2026-08-20,10,Rashid Shaheed Truthers,35122,297,35419,0,35122,297,0,0
2026-08-20,11,All You Need Is LOVE,37744,5540,43284,0,37744,5540,0,0
2026-08-20,12,Omar Comin,46254,36,46290,0,46254,36,0,0
2026-08-21,1,208 Ferrari Way,44864,89,44953,44864,0,89,0,0
2026-08-21,2,The Federal Reserve,59330,3297,62627,59330,0,3297,0,0
2026-08-21,3,Golden Hour,37877,1154,39031,37877,0,1154,0,0
2026-08-21,4,Lisan al-Caleb,30107,6340,36447,30107,0,6340,0,1
2026-08-21,5,Mommy Rainier,13941,11611,25552,13941,0,11611,0,0
2026-08-21,6,Mostly Washed,32963,2486,35449,32963,0,2486,0,2
2026-08-21,7,Cártel de Breece y Puka,34338,511,34849,34338,0,511,0,0
2026-08-21,8,Loading…,45292,173,45465,45292,0,173,0,0
2026-08-21,9,Gaeta Spur FC,21209,4099,25308,21209,0,4099,0,0
2026-08-21,10,Rashid Shaheed Truthers,35108,298,35406,35108,0,298,0,0
2026-08-21,11,All You Need Is LOVE,37878,5486,43364,37878,0,5486,0,0
2026-08-21,12,Omar Comin,45997,36,46033,45997,0,36,0,0
